STT,Nhóm tương tác,Thuốc 1,Thuốc 2,Mức độ,Cơ chế,Hậu quả,Xử trí,Nguồn
1,Dược lực học,Aceclofenac,Ketorolac,Chống chỉ định,Hiệp đồng tác dụng kích ứng đường tiêu hóa,Tăng  nguy  cơ  xuất huyết tiêu hóa nghiêm trọng  (sử dụng đồng thời ketorolac với 1 NSAID khác làm tăng nguy cơ xuất huyết tiêu hóa gấp 5 lần so với phối hợp 2 NSAID khác),Chống chỉ định phối hợp. Cần đặc biệt lưu ý nguy cơ tương tác trong trường hợp giảm đau hậu phẫu.,Quyết định 5948/BYT
2,Dược động học,Acenocoumarol,Tamoxifen,Chống chỉ định có điều kiện,Tamoxifen ức chế CYP2C9 làm giảm  chuyển  hóa của acenocoumarol,Tăng  nguy cơ xuất huyết,"1. Chống chỉ định phối hợp ở bệnh nhân sử dụng tamoxifen dự phòng tiên phát ung thư vú.
2.  Ở  bệnh  nhân  ung  thư  vú, nên cân nhắc sử dụng heparin trọng   lượng   phân   tử   thấp (LMWH) hoặc các thuốc chống  đông đường uống tác động trực tiếp  (DOAC)  thay thế  cho  warfarin  để  điều  trị thuyên tắc tĩnh mạch do huyết khối.  Trong  trường  hợp  bắt buộc    sử    dụng    đồng    thời tamoxifen  với warfarin,  cần giảm 1/2 đến 2/3 liều warfarin và  theo dõi chặt chẽ bệnh nhân.",Quyết định 5948/BYT
3,Dược lực học,Acid mefenamic,Ketorolac,Chống chỉ định,Hiệp    đồng    tác dụng    kích    ứng đường tiêu hóa,Tăng  nguy  cơ  xuất huyết tiêu hóa nghiêm   trọng   (sử dụng đồng     thời ketorolac với 1 NSAID khác   làm tăng  nguy  cơ  xuất huyết tiêu hóa gấp 5 lần so với phối hợp 2 NSAID khác),Chống chỉ định phối hợp. Cần đặc biệt lưu ý nguy cơ tương tác trong trường hợp giảm đau hậu phẫu.,Quyết định 5948/BYT
4,Dược lực học,Acid tranexamic,Ethinyl estradiol,Chống chỉ định có điều kiện,Nguy cơ huyết khối  khi  sử  dụng ethinyl estradiol tăng  lên  khi  phối hợp với acid tranexamic,Tăng  nguy  cơ  biến cố huyết khối,"1.  Chống  chỉ  định  sử  dụng acid tranexamic điều trị rong kinh ở bệnh nhân đang  dùng thuốc  tránh  thai  chứa  ethinyl estradiol.
2. Với các chỉ định khác của acid   tranexamic,   có   thể   sử dung ở người đang dùng thuốc tránh thai nhưng cần đặc biệt thận trọng. Lưu ý các yếu tố tăng nguy cơ: béo phì, hút thuốc lá, đặc biệt ở người trên 35 tuổi.",Quyết định 5948/BYT
5,Dược lực học,Acid tranexamic,Estradiol valerat,Chống chỉ định có điều kiện,Nguy    cơ    huyết khối  khi  sử  dụng estradiol    valerat tăng  lên  khi  phối hợp     với     acid tranexamic,Tăng nguy cơ biến cố huyết khối,"1.  Chống  chỉ  định  sử  dụng acid tranexamic điều trị rong kinh ở bệnh nhân đang  dùng thuốc tránh thai chứa estradiol valerat.
2. Với các chỉ định khác của acid   tranexamic,   có   thể   sử dung ở người đang dùng thuốc tránh thai nhưng cần đặc biệt thận trọng.
Lưu ý các yếu tố tăng nguy cơ: béo phì, hút thuốc lá, đặc biệt ở người trên 35 tuổi.",Quyết định 5948/BYT
6,Dược lực học,Acid tranexamic,Estriol,Chống chỉ định có điều kiện,Nguy cơ huyết khối  khi  sử  dụng estriol tăng lên khi  phối  hợp  với acid tranexamic,Tăng nguy cơ biến cố huyết khối,"1.  Chống  chỉ  định  sử  dụng acid tranexamic điều trị rong kinh ở bệnh nhân đang  dùng thuốc  tránh  thai  chứa  estriol.
2. Với các chỉ định khác của acid   tranexamic,   có   thể   sử dung ở người đang dùng thuốc tránh thai nhưng cần đặc biệt thận trọng.
Lưu ý các yếu tố tăng nguy cơ: béo phì, hút thuốc lá, đặc biệt ở người trên 35 tuổi.",Quyết định 5948/BYT
7,Dược lực học,Acid tranexamic,Clormadino n,Chống chỉ định có điều kiện,Nguy    cơ    huyết khối  khi  sử  dụng clormadinon  tăng lên  khi  phối  hợp với acid tranexamic,Tăng nguy cơ biến cố huyết khối,"1.  Chống  chỉ  định  sử  dụng acid tranexamic điều trị rong kinh ở bệnh nhân đang  dùng thuốc      tránh      thai      chứa clormadinon.
2. Với các chỉ định khác của acid   tranexamic,   có   thể   sử dung ở người đang dùng thuốc tránh thai nhưng cần đặc biệt thận                                trọng.
Lưu ý các yếu tố tăng nguy cơ: béo phì, hút thuốc lá, đặc biệt ở người trên 35 tuổi.",Quyết định 5948/BYT
8,Dược lực học,Acid tranexamic,Desogestrel,Chống chỉ định có điều kiện,Nguy cơ huyết khối  khi  sử  dụng desogestrel tăng lên  khi  phối  hợp với acid tranexamic,Tăng nguy cơ biến cố huyết khối,"1.  Chống  chỉ  định  sử  dụng acid tranexamic điều trị rong kinh ở bệnh nhân đang  dùng thuốc      tránh      thai      chứa desogestrel.
2. Với các chỉ định khác của acid   tranexamic,   có   thể   sử dung ở người đang dùng thuốc tránh thai nhưng cần đặc biệt thận trọng.
Lưu ý các yếu tố tăng nguy cơ: béo phì, hút thuốc lá, đặc biệt ở người trên 35 tuổi.",Quyết định 5948/BYT
9,Dược lực học,Acid tranexamic,Dienogest,Chống chỉ định có điều kiện,,Tăng nguy cơ biến cố huyết khối,"1.  Chống  chỉ  định  sử  dụng acid tranexamic điều trị rong kinh ở bệnh nhân đang  dùng thuốc tránh thai chứa dienogest.
2. Với các chỉ định khác của acid tranexamic, có thể sử dung ở người đang dùng thuốc tránh thai nhưng cần đặc biệt thận trọng.
Lưu ý các yếu tố tăng nguy cơ: béo phì, hút thuốc lá, đặc biệt ở người trên 35 tuổi.",Quyết định 5948/BYT
10,Dược lực học,Acid tranexamic,Drospirenon,Chống chỉ định có điều kiện,"Nguy    cơ    huyết khối  khi  sử  dụng drospirenon   tăng lên  khi  phối  hợp với                 acid
tranexamic",Tăng nguy cơ biến cố huyết khối,"1.  Chống  chỉ  định  sử  dụng acid tranexamic điều trị rong kinh ở bệnh nhân đang  dùng thuốc      tránh      thai      chứa drospirenon.
2. Với các chỉ định khác của acid   tranexamic,   có   thể   sử dung ở người đang dùng thuốc tránh thai nhưng cần đặc biệt thận                                trọng.
Lưu ý các yếu tố tăng nguy cơ: béo phì, hút thuốc lá, đặc biệt ở người trên 35 tuổi.",Quyết định 5948/BYT
11,Dược lực học,Acid tranexamic,Etonogestrel,Chống chỉ định có điều kiện,Nguy cơ huyết khối  khi  sử  dụng etonogestrel  tăng lên  khi  phối  hợp với acid tranexamic,Tăng nguy cơ biến cố huyết khối,"1.  Chống  chỉ  định  sử  dụng acid tranexamic điều trị rong kinh ở bệnh nhân đang  dùng thuốc      tránh      thai      chứa etonogestrel.
2. Với các chỉ định khác của acid   tranexamic,   có   thể   sử dung ở người đang dùng thuốc tránh thai nhưng cần đặc biệt thận trọng.
Lưu ý các yếu tố tăng nguy cơ: béo phì, hút thuốc lá, đặc biệt ở người trên 35 tuổi.",Quyết định 5948/BYT
12,Dược lực học,Acid tranexamic,Gestoden,Chống chỉ định có điều kiện,Nguy    cơ    huyết khối  khi  sử  dụng gestoden tăng lên khi  phối  hợp  với acid tranexamic,Tăng nguy cơ biến cố huyết khối,"1.  Chống  chỉ  định  sử  dụng acid tranexamic điều trị rong kinh ở bệnh nhân đang  dùng thuốc tránh thai chứa gestoden.
2. Với các chỉ định khác của acid   tranexamic,   có   thể   sử dung ở người đang dùng thuốc tránh thai nhưng cần đặc biệt thận trọng.
Lưu ý các yếu tố tăng nguy cơ: béo phì, hút thuốc lá, đặc biệt ở người trên 35 tuổi.",Quyết định 5948/BYT
13,Dược lực học,Acid tranexamic,Levonorgestrel,Chống chỉ định có điều kiện,Nguy    cơ    huyết khối  khi  sử  dụng levonorgestrel tăng  lên  khi  phối hợp với acid tranexamic,Tăng nguy cơ biến cố huyết khối,"1.  Chống  chỉ  định  sử  dụng acid tranexamic điều trị rong kinh ở bệnh nhân đang  dùng thuốc      tránh      thai      chứa levonorgestrel.
2. Với các chỉ định khác của acid   tranexamic,   có   thể   sử dung ở người đang dùng thuốc tránh thai nhưng cần đặc biệt thận                                trọng.
Lưu ý các yếu tố tăng nguy cơ: béo phì, hút thuốc lá, đặc biệt ở người trên 35 tuổi.",Quyết định 5948/BYT
14,Dược lực học,Acid tranexamic,Lynestrenol,Chống chỉ định có điều kiện,Nguy    cơ    huyết khối  khi  sử  dụng lynestrenol    tăng lên  khi  phối  hợp với  acid tranexamic,Tăng nguy cơ biến cố huyết khối,"1.  Chống  chỉ  định  sử  dụng acid tranexamic điều trị rong kinh ở bệnh nhân đang  dùng thuốc      tránh      thai      chứa lynestrenol.
2. Với các chỉ định khác của acid   tranexamic,   có   thể   sử dung ở người đang dùng thuốc tránh thai nhưng cần đặc biệt thận                                trọng.
Lưu ý các yếu tố tăng nguy cơ: béo phì, hút thuốc lá, đặc biệt ở người trên 35 tuổi.",Quyết định 5948/BYT
15,Dược lực học,Acid tranexamic,Medroxyprogesteron,Chống chỉ định có điều kiện,Nguy    cơ    huyết khối  khi  sử  dụng medroxyprogeste ron  tăng  lên  khi phối hợp với acid tranexamic,Tăng nguy cơ biến cố huyết khối,"1.  Chống  chỉ  định  sử  dụng acid tranexamic điều trị rong kinh ở bệnh nhân đang  dùng thuốc tránh thai chứa medroxyprogesteron.
2. Với các chỉ định khác của acid   tranexamic,   có   thể   sử dung ở người đang dùng thuốc tránh thai nhưng cần đặc biệt thận trọng.
Lưu ý các yếu tố tăng nguy cơ: béo phì, hút thuốc lá, đặc biệt ở người trên 35 tuổi.",Quyết định 5948/BYT
16,Dược lực học,Acid tranexamic,Norelgestromin,Chống chỉ định có điều kiện,"Nguy    cơ    huyết khối  khi  sử  dụng norelgestromin
tăng  lên  khi  phối hợp     với     acid tranexamic",Tăng nguy cơ biến cố huyết khối,"1.  Chống  chỉ  định  sử  dụng acid tranexamic điều trị rong kinh ở bệnh nhân đang  dùng thuốc tránh thai chứa norelgestromin.
2. Với các chỉ định khác của acid   tranexamic,   có   thể   sử dung ở người đang dùng thuốc tránh thai nhưng cần đặc biệt thận trọng.
Lưu ý các yếu tố tăng nguy cơ: béo phì, hút thuốc lá, đặc biệt ở người trên 35 tuổi.",Quyết định 5948/BYT
17,Dược lực học,Acid tranexamic,Norethindron,Chống chỉ định có điều kiện,"Nguy    cơ    huyết khối  khi  sử  dụng norethindron tăng lên  khi  phối  hợp với                 acid
tranexamic",Tăng nguy cơ biến cố huyết khối,"1.  Chống  chỉ  định  sử  dụng acid tranexamic điều trị rong kinh ở bệnh nhân đang  dùng thuốc      tránh      thai      chứa norethindron.
2. Với các chỉ định khác của acid   tranexamic,   có   thể   sử dung ở người đang dùng thuốc tránh thai nhưng cần đặc biệt thận                                trọng.
Lưu ý các yếu tố tăng nguy cơ: béo phì, hút thuốc lá, đặc biệt ở người trên 35 tuổi.",Quyết định 5948/BYT
18,Dược lực học,Acid tranexamic,Norgestrel,Chống chỉ định có điều kiện,Nguy cơ huyết khối  khi  sử  dụng norgestrel tăng lên  khi  phối  hợp với acid tranexamic,Tăng  nguy cơ biến cố huyết khối,"1.  Chống  chỉ  định  sử  dụng acid tranexamic điều trị rong kinh ở bệnh nhân đang  dùng thuốc      tránh      thai      chứa noregestrel.
2. Với các chỉ định khác của acid   tranexamic,   có   thể   sử dung ở người đang dùng thuốc tránh thai nhưng cần đặc biệt thận                                trọng.
Lưu ý các yếu tố tăng nguy cơ: béo phì, hút thuốc lá, đặc biệt ở người trên 35 tuổi.",Quyết định 5948/BYT
19,Dược lực học,Acitretin,Doxycyclin,Chống chỉ định,Hiệp đồng tăng độc tính,"Tăng  nguy  cơ  tăng áp  nội  sọ  lành  tính (phù   gai   thị,   đau đầu,  buồn  nôn  và nôn, và rối loạn thị giác)",Chống chỉ định phối hợp,Quyết định 5948/BYT
20,Dược lực học,Acitretin,Minocyclin,Chống chỉ định,Hiệp đồng tăng độc tính,"Tăng  nguy  cơ  tăng áp  nội  sọ  lành  tính (phù   gai   thị,   đau đầu,  buồn  nôn  và nôn, và rối loạn thị giác)",Chống chỉ định phối hợp,Quyết định 5948/BYT
21,Dược lực học,Acitretin,Tetracyclin,Chống chỉ định,Hiệp đồng tăng độc tính,"Tăng  nguy  cơ  tăng áp  nội  sọ  lành  tính (phù   gai   thị,   đau đầu,  buồn  nôn  và nôn, và rối loạn thị giác)",Chống chỉ định phối hợp,Quyết định 5948/BYT
22,Dược lực học,Acitretin,Tigecyclin,Chống chỉ định,Hiệp đồng tăng độc tính,"Tăng  nguy  cơ  tăng áp  nội  sọ  lành  tính (phù   gai   thị,   đau đầu,  buồn  nôn  và nôn, và rối loạn thị giác)",Chống chỉ định phối hợp,Quyết định 5948/BYT
23,Dược lực học,Adipiodon,Metformin,Chống chỉ định có điều kiện,Nguy cơ suy thận cấp liên quan đến cả  metformin  và thuốc  cản  quang iod. Suy thận cấp làm tăng nguy cơ nhiễm toan lactic.,Tăng      nguy      cơ nhiễm toan lactic và suy thận cấp,"1. Bệnh nhân có MLCT > 30 ml/phút/1,73m²  và  không  có bằng  chứng  tổn  thương  thận cấp, được chỉ định tiêm thuốc cản  quang  đường  tĩnh  mạch hoặc  tiêm  thuốc  cản  quang đường động mạch tiếp xúc với thận thứ cấp (ví dụ: bơm thuốc vào tim phải, động mạch phổi, động  mạch  cảnh,  động  mạch dưới  đòn,  động  mạch  vành, động mạch mạc treo hay động mạch dưới động mạch thận): tiếp  tục  sử  dụng  metformin như           bình           thường.
2. Bệnh nhân (1) MLCT < 30 ml/phút/1,73m²    tiêm    thuốc cản  quang  đường  tĩnh  mạch, đường động mạch tiếp xúc với thận  thứ  cấp,  hoặc  (2)  Bệnh nhân  tiêm  thuốc  cản  quang đường động mạch tiếp xúc với thận   đầu   tiên   (ví   dụ:  bơm thuốc vào tim trái, động mạch chủ   ngực,   động   mạch   chủ bụng   trên   động   mạch   thận hoặc  động  mạch  thận)  hoặc
(3)    Có    tổn    thương    thận: Ngừng metformin trước hoặc tại  thời  điểm  tiến  hành  thủ thuật  chẩn  đoán  hình  ảnh  và không được dùng lại cho đến ít nhất 48 giờ sau đó. Sau 48 giờ, chỉ sử dụng lại metformin sau khi chức năng thận được đánh  giá  lại  và  cho  thấy  ổn định.
*                  Lưu                  ý:
-  Các  yếu  tố  nguy  cơ:  suy thận, suy tim, không đủ dịch hoặc thiếu dịch, sử dụng liều
cao thuốc cản quang hoặc sử dụng đồng thời các thuốc độc tính       trên       thận       khác.
- Khuyến cáo về tương tác này không  áp  dụng  trong  trường hợp bơm thuốc cản quang iod để chụp X-quang tử cung - vòi trứng.",Quyết định 5948/BYT
24,Dược động học,Agomelatin,Ciprofloxacin,Chống chỉ định,Ciprofloxacin   ức chế         CYP1A2 mạnh   làm   giảm chuyển   hóa   của agomelatin,"Tăng  nồng  độ  của agomelatin trong huyết thanh, tăng nguy  cơ  tác  dụng không mong muốn (đau đầu, buồn ngủ, mệt mỏi, kích  động,  lo  lắng, căng  thẳng,  chóng mặt, tím tái...)",Chống chỉ định phối hợp,Quyết định 5948/BYT
25,Dược động học,Agomelatin,Fluvoxamin,Chống chỉ định,Fluvoxamin ức chế CYP1A2 mạnh làm giảm chuyển hóa của agomelatin,"Tăng  nồng  độ  của agomelatin trong huyết   thanh,   tăng nguy  cơ  tác  dụng không mong muốn(đau đầu, buồn ngủ, mệt mỏi, kích  động,  lo  lắng, căng  thẳng,  chóng mặt, tím tái...)",Chống chỉ định phối hợp,Quyết định 5948/BYT
26,Dược động học,Alfuzosin,Boceprevir,Chống chỉ định,Boceprevir ức chế CYP3A4        làm giảm  chuyển  hóa của alfuzosin,"Tăng nồng độ alfuzosin trong huyết thanh, tăng nguy cơ hạ huyết áp nghiêm trọng",Chống chỉ định phối hợp,Quyết định 5948/BYT
27,Dược động học,Alfuzosin,Lopinavir/ritonavir,Chống chỉ định,Lopinavir/ritonavir ức chế CYP3A4 làm giảm  chuyển  hóa của alfuzosin,"Tăng nồng độ alfuzosin trong huyết thanh, tăng nguy cơ hạ huyết áp nghiêm trọng",Chống chỉ định phối hợp,Quyết định 5948/BYT
28,Dược động học,Alfuzosin,Atazanavir/ritonavir,Chống chỉ định,Atazanavir/ritona vir       ức       chế CYP3A4 làm giảm  chuyển  hóa của alfuzosin,"Tăng nồng độ alfuzosin trong huyết thanh, tăng nguy cơ hạ huyết áp nghiêm trọng",Chống chỉ định phối hợp,Quyết định 5948/BYT
29,Dược động học,Alfuzosin,Darunavir/ritonavir,Chống chỉ định,Darunavir/ritonavir ức chế CYP3A4 làm giảm  chuyển  hóa của alfuzosin,"Tăng nồng độ alfuzosin trong huyết thanh, tăng nguy cơ hạ huyết áp nghiêm trọng",Chống chỉ định phối hợp,Quyết định 5948/BYT
30,Dược động học,Alfuzosin,Indinavir +/- ritonavir,Chống chỉ định,Indinavir  ức  chế CYP3A4 làm giảm  chuyển  hóa của alfuzosin,"Tăng nồng độ alfuzosin trong huyết thanh, tăng nguy cơ hạ huyết áp nghiêm trọng",Chống chỉ định phối hợp,Quyết định 5948/BYT
31,Dược động học,Alfuzosin,Saquinavir +/- ritonavir,Chống chỉ định,Saquinavir ức chế CYP3A4 làm giảm  chuyển  hóa của alfuzosin,"Tăng nồng độ alfuzosin trong huyết thanh, tăng nguy cơ hạ huyết áp nghiêm trọng",Chống chỉ định phối hợp,Quyết định 5948/BYT
32,Dược lực học,Aliskiren,Benazepril,Chống chỉ định có điều kiện,Hiệp đồng tăng tác dụng,"Tăng nguy cơ tăng kali máu, suy thận và hạ huyết áp","1. Chống chỉ định ở bệnh nhân đái tháo đường hoặc suy thận (MLCT < 60 ml/ph/1,73 m²).
2. Ở các đối tượng khác, cũng nên tránh phối hợp này. Trong trường hợp bắt buộc phối hợp, theo dõi chặt chẽ kali, creatinin và huyết áp của bệnh nhân.",Quyết định 5948/BYT
33,Dược lực học,Aliskiren,Candesartan,Chống chỉ định có điều kiện,Hiệp đồng tăng tác dụng,"Tăng nguy cơ tăng kali máu, suy thận và hạ huyết áp","1. Chống chỉ định ở bệnh nhân đái tháo đường hoặc suy thận (MLCT < 60 ml/ph/1,73 m²).
2. Ở các đối tượng khác, cũng nên tránh phối hợp này. Trong trường hợp bắt buộc phối hợp, theo    dõi    chặt    chẽ    kali, creatinin và huyết áp của bệnh
nhân.",Quyết định 5948/BYT
34,Dược lực học,Aliskiren,Captopril,Chống chỉ định có điều kiện,Hiệp đồng tăng tác dụng,"Tăng nguy cơ tăng kali máu, suy thận và hạ huyết áp","1. Chống chỉ định ở bệnh nhân đái tháo đường hoặc suy thận (MLCT < 60 ml/ph/1,73 m²).
2. Ở các đối tượng khác, cũng nên tránh phối hợp này. Trong trường hợp bắt buộc phối hợp, theo    dõi    chặt    chẽ    kali, creatinin và huyết áp của bệnh
nhân.",Quyết định 5948/BYT
35,Dược lực học,Aliskiren,Enalapril,Chống chỉ định có điều kiện,Hiệp đồng tăng tác dụng,"Tăng nguy cơ tăng kali máu, suy thận và hạ huyết áp","1. Chống chỉ định ở bệnh nhân đái tháo đường hoặc suy thận (MLCT < 60 ml/ph/1,73 m²).
2. Ở các đối tượng khác, cũng nên tránh phối hợp này. Trong trường hợp bắt buộc phối hợp, theo    dõi    chặt    chẽ    kali, creatinin và huyết áp của bệnh nhân.",Quyết định 5948/BYT
36,Dược lực học,Aliskiren,Eprosartan,Chống chỉ định có điều kiện,Hiệp đồng tăng tác dụng,"Tăng nguy cơ tăng kali máu, suy thận và hạ huyết áp","1. Chống chỉ định ở bệnh nhân đái tháo đường hoặc suy thận (MLCT < 60 ml/ph/1,73 m²).
2. Ở các đối tượng khác, cũng nên tránh phối hợp này. Trong trường hợp bắt buộc phối hợp, theo dõi chặt chẽ kali, creatinin và huyết áp của bệnh nhân.",Quyết định 5948/BYT
37,Dược lực học,Aliskiren,Imidapril,Chống chỉ định có điều kiện,Hiệp đồng tăng tác dụng,"Tăng nguy cơ tăng kali máu, suy thận và hạ huyết áp","1. Chống chỉ định ở bệnh nhân đái tháo đường hoặc suy thận (MLCT < 60 ml/ph/1,73 m²).
2. Ở các đối tượng khác, cũng nên tránh phối hợp này. Trong trường hợp bắt buộc phối hợp, theo dõi chặt chẽ kali, creatinin và huyết áp của bệnh nhân.",Quyết định 5948/BYT
38,Dược lực học,Aliskiren,Irbesartan,Chống chỉ định có điều kiện,Hiệp đồng tăng tác dụng,"Tăng  nguy  cơ  tăng kali  máu,  suy  thận và hạ huyết áp","1. Chống chỉ định ở bệnh nhân đái tháo đường hoặc suy thận (MLCT < 60 ml/ph/1,73 m²).
2. Ở các đối tượng khác, cũng nên tránh phối hợp này. Trong trường hợp bắt buộc phối hợp, theo    dõi    chặt    chẽ    kali, creatinin và huyết áp của bệnh nhân.",Quyết định 5948/BYT
39,Dược lực học,Aliskiren,Lisinopril,Chống chỉ định có điều kiện,Hiệp đồng tăng tác dụng,"Tăng nguy cơ tăng kali máu, suy thận và hạ huyết áp","1. Chống chỉ định ở bệnh nhân đái tháo đường hoặc suy thận (MLCT < 60 ml/ph/1,73 m²).
2. Ở các đối tượng khác, cũng nên tránh phối hợp này. Trong trường hợp bắt buộc phối hợp, theo    dõi    chặt    chẽ    kali, creatinin và huyết áp của bệnh nhân.",Quyết định 5948/BYT
40,Dược lực học,Aliskiren,Losartan,Chống chỉ định có điều kiện,Hiệp đồng tăng tác dụng,"Tăng nguy cơ tăng kali máu, suy thận và hạ huyết áp","1. Chống chỉ định ở bệnh nhân đái tháo đường hoặc suy thận (MLCT < 60 ml/ph/1,73 m²).
2. Ở các đối tượng khác, cũng nên tránh phối hợp này. Trong trường hợp bắt buộc phối hợp, theo    dõi    chặt    chẽ    kali,
creatinin và huyết áp của bệnh nhân.",Quyết định 5948/BYT
41,Dược lực học,Aliskiren,Olmesartan,Chống chỉ định có điều kiện,Hiệp đồng tăng tác dụng,"Tăng nguy cơ tăng kali máu, suy thận và hạ huyết áp","1. Chống chỉ định ở bệnh nhân đái tháo đường hoặc suy thận (MLCT < 60 ml/ph/1,73 m²).
2. Ở các đối tượng khác, cũng nên tránh phối hợp này. Trong trường hợp bắt buộc phối hợp, theo    dõi    chặt    chẽ    kali,
creatinin và huyết áp của bệnh nhân.",Quyết định 5948/BYT
42,Dược lực học,Aliskiren,Perindopril,Chống chỉ định có điều kiện,Hiệp đồng tăng tác dụng,"Tăng nguy cơ tăng kali máu, suy thận và hạ huyết áp","1. Chống chỉ định ở bệnh nhân đái tháo đường hoặc suy thận (MLCT < 60 ml/ph/1,73 m²).
2. Ở các đối tượng khác, cũng nên tránh phối hợp này. Trong trường hợp bắt buộc phối hợp, theo    dõi    chặt    chẽ    kali, creatinin và huyết áp của bệnh nhân.",Quyết định 5948/BYT
43,Dược lực học,Aliskiren,Quinapril,Chống chỉ định có điều kiện,Hiệp đồng tăng tác dụng,"Tăng nguy cơ tăng kali máu, suy thận và hạ huyết áp","1. Chống chỉ định ở bệnh nhân đái tháo đường hoặc suy thận (MLCT < 60 ml/ph/1,73 m²).
2. Ở các đối tượng khác, cũng nên tránh phối hợp này. Trong trường hợp bắt buộc phối hợp, theo    dõi    chặt    chẽ    kali, creatinin và huyết áp của bệnh nhân.",Quyết định 5948/BYT
44,Dược lực học,Aliskiren,Ramipril,Chống chỉ định có điều kiện,Hiệp đồng tăng tác dụng,"Tăng nguy cơ tăng kali máu, suy thận và hạ huyết áp","1. Chống chỉ định ở bệnh nhân đái tháo đường hoặc suy thận (MLCT < 60 ml/ph/1,73 m²).
2. Ở các đối tượng khác, cũng nên tránh phối hợp này. Trong trường hợp bắt buộc phối hợp, theo    dõi    chặt    chẽ    kali, creatinin và huyết áp của bệnh
nhân.",Quyết định 5948/BYT
45,Dược lực học,Aliskiren,Telmisartan,Chống chỉ định có điều kiện,Hiệp đồng tăng tác dụng,"Tăng nguy cơ tăng kali máu, suy thận và hạ huyết áp","1. Chống chỉ định ở bệnh nhân đái tháo đường hoặc suy thận (MLCT < 60 ml/ph/1,73 m²).
2. Ở các đối tượng khác, cũng nên tránh phối hợp này. Trong trường hợp bắt buộc phối hợp, theo    dõi    chặt    chẽ    kali, creatinin và huyết áp của bệnh nhân.",Quyết định 5948/BYT
46,Dược lực học,Aliskiren,Trandolapril,Chống chỉ định có điều kiện,Hiệp đồng tăng tác dụng,"Tăng  nguy  cơ  tăng kali  máu,  suy  thận và hạ huyết áp","1. Chống chỉ định ở bệnh nhân đái tháo đường hoặc suy thận (MLCT < 60 ml/ph/1,73 m²).
2. Ở các đối tượng khác, cũng nên tránh phối hợp này. Trong trường hợp bắt buộc phối hợp, theo    dõi    chặt    chẽ    kali, creatinin và huyết áp của bệnh nhân.",Quyết định 5948/BYT
47,Dược lực học,Aliskiren,Valsartan,Chống chỉ định có điều kiện,Hiệp đồng tăng tác dụng,"Tăng  nguy  cơ  tăng kali  máu,  suy  thận và hạ huyết áp","1. Chống chỉ định ở bệnh nhân đái tháo đường hoặc suy thận (MLCT < 60 ml/ph/1,73 m²).
2. Ở các đối tượng khác, cũng nên tránh phối hợp này. Trong trường hợp bắt buộc phối hợp, theo    dõi    chặt    chẽ    kali, creatinin và huyết áp của bệnh nhân.",Quyết định 5948/BYT
48,Dược lực học,Aliskiren,Zofenopril,Chống chỉ định có điều kiện,Hiệp đồng tăng tác dụng,"Tăng  nguy  cơ  tăng kali  máu,  suy  thận và hạ huyết áp","1. Chống chỉ định ở bệnh nhân đái tháo đường hoặc suy thận (MLCT < 60 ml/ph/1,73 m²).
2. Ở các đối tượng khác, cũng nên tránh phối hợp này. Trong trường hợp bắt buộc phối hợp, theo    dõi    chặt    chẽ    kali, creatinin và huyết áp của bệnh nhân.",Quyết định 5948/BYT
49,Dược động học,Alprazolam,Indinavir +/- ritonavir,Chống chỉ định có điều kiện,Indinavir  ức  chế CYP3A4        làm giảm  chuyển  hóa của alprazolam,"Tăng nồng độ alprazolam trong huyết   thanh,   tăng nguy  cơ  tác  dụng không  mong  muốn (buồn  ngủ,  lờ  đờ, lẫn lộn, nặng hơn có thể  xuất  hiện  mất điều hòa vận động, giảm trương lực cơ, hạ huyết áp, suy hô hấp, hôn mê)",Chống chỉ định phối hợp,Quyết định 5948/BYT
50,Dược lực học,Amiodaron,Thioridazin,Chống chỉ định có điều kiện,Hiệp đồng tăng tác dụng,"Tăng nguy cơ kéo dài khoảng QT, xoắn đỉnh","1. Chống chỉ định phối hợp ở các  bệnh  nhân  có  hội  chứng QT kéo dài do di truyền hoặc mắc phải.
2.  Trên  các  đối  tượng  bệnh nhân khác, tốt nhất nên tránh phối hợp các thuốc này. Trong trường hợp cần thiết phối hợp, cần  đánh  giá  cẩn  thận  nguy cơ/lợi ích và lượng giá các yếu tố  nguy  cơ  trên  từng  bệnh nhân, đặc biệt là rối loạn điện giải  (hạ  kali  máu,  hạ  magie máu, hạ calci máu), nhịp tim chậm, nữ giới trước khi quyết định kê đơn.",Quyết định 5948/BYT
51,Dược lực học,Amiodaron,Moxifloxacin,Chống chỉ định có điều kiện,Hiệp đồng tăng tác dụng,"Tăng nguy cơ kéo dài khoảng QT, xoắn đỉnh","1. Chống chỉ định phối hợp ở các  bệnh  nhân  có  hội  chứng QT kéo dài do di truyền hoặc mắc phải.
2.  Trên  các  đối  tượng  bệnh nhân khác, tốt nhất nên tránh phối hợp các thuốc này. Trong trường hợp cần thiết phối hợp, cần  đánh  giá  cẩn  thận  nguy cơ/lợi ích và lượng giá các yếu tố  nguy  cơ  trên  từng  bệnh nhân, đặc biệt là rối loạn điện giải  (hạ  kali  máu,  hạ  magie máu, hạ calci máu), nhịp tim chậm, nữ giới trước khi quyết định kê đơn.",Quyết định 5948/BYT
52,Dược lực học,Amiodaron,Sotalol,Chống chỉ định có điều kiện,Hiệp đồng tăng tác dụng,"Tăng nguy cơ kéo dài khoảng QT, xoắn đỉnh","1. Chống chỉ định phối hợp ở các  bệnh  nhân  có  hội  chứng QT kéo dài do di truyền hoặc mắc phải.
2.  Trên  các  đối  tượng  bệnh nhân khác, tốt nhất nên tránh phối hợp các thuốc này. Trong trường hợp cần thiết phối hợp, cần  đánh  giá  cẩn  thận  nguy cơ/lợi ích và lượng giá các yếu tố  nguy  cơ  trên  từng  bệnh nhân, đặc biệt là rối loạn điện giải  (hạ  kali  máu,  hạ  magie máu, hạ calci máu), nhịp tim chậm, nữ giới trước khi quyết định kê đơn.",Quyết định 5948/BYT
53,Dược lực học,Amiodaron,Clorpromazin,Chống chỉ định có điều kiện,Hiệp đồng tăng tác dụng,"Tăng nguy cơ kéo dài khoảng QT, xoắn đỉnh","1. Chống chỉ định phối hợp ở các  bệnh  nhân  có  hội  chứng QT kéo dài do di truyền hoặc mắc phải.
2.  Trên  các  đối  tượng  bệnh nhân khác, tốt nhất nên tránh phối hợp các thuốc này. Trong trường hợp cần thiết phối hợp, cần  đánh  giá  cẩn  thận  nguy cơ/lợi ích và lượng giá các yếu tố  nguy  cơ  trên  từng  bệnh nhân, đặc biệt là rối loạn điện giải  (hạ  kali  máu,  hạ  magie máu, hạ calci máu), nhịp tim chậm, nữ giới trước khi quyết định kê đơn.",Quyết định 5948/BYT
54,Dược lực học,Amiodaron,Citalopram,Chống chỉ định có điều kiện,Hiệp đồng tăng tác dụng,"Tăng nguy cơ kéo dài khoảng QT, xoắn đỉnh","1. Chống chỉ định phối hợp ở các  bệnh  nhân  có  hội  chứng QT kéo dài do di truyền hoặc mắc phải.
2.  Trên  các  đối  tượng  bệnh nhân khác, tốt nhất nên tránh phối hợp các thuốc này. Trong trường hợp cần thiết phối hợp, cần  đánh  giá  cẩn  thận  nguy cơ/lợi ích và lượng giá các yếu tố  nguy  cơ  trên  từng  bệnh nhân, đặc biệt là rối loạn điện giải  (hạ  kali  máu,  hạ  magie máu, hạ calci máu), nhịp tim chậm, nữ giới trước khi quyết định kê đơn.",Quyết định 5948/BYT
55,Dược lực học,Amiodaron,Escitalopram,Chống chỉ định có điều kiện,Hiệp đồng tăng tác dụng,"Tăng nguy cơ kéo dài khoảng QT, xoắn đỉnh","1. Chống chỉ định phối hợp ở các  bệnh  nhân  có  hội  chứng QT kéo dài do di truyền hoặc mắc phải.
2.  Trên  các  đối  tượng  bệnh nhân khác, tốt nhất nên tránh phối hợp các thuốc này. Trong trường hợp cần thiết phối hợp, cần  đánh  giá  cẩn  thận  nguy cơ/lợi ích và lượng giá các yếu tố  nguy  cơ  trên  từng  bệnh nhân, đặc biệt là rối loạn điện giải  (hạ  kali  máu,  hạ  magie máu, hạ calci máu), nhịp tim chậm, nữ giới trước khi quyết định kê đơn.",Quyết định 5948/BYT
56,Dược lực học,Amiodaron,Haloperidol,Chống chỉ định có điều kiện,Hiệp đồng tăng tác dụng,"Tăng nguy cơ kéo dài khoảng QT, xoắn đỉnh","1. Chống chỉ định phối hợp ở các  bệnh  nhân  có  hội  chứng QT kéo dài do di truyền hoặc mắc phải.
2.  Trên  các  đối  tượng  bệnh nhân khác, tốt nhất nên tránh phối hợp các thuốc này. Trong trường hợp cần thiết phối hợp, cần  đánh  giá  cẩn  thận  nguy cơ/lợi ích và lượng giá các yếu tố  nguy  cơ  trên  từng  bệnh nhân, đặc biệt là rối loạn điện giải  (hạ  kali  máu,  hạ  magie máu, hạ calci máu), nhịp tim chậm, nữ giới trước khi quyết định kê đơn.",Quyết định 5948/BYT
57,Dược lực học,Amiodaron,Cloroquin,Chống chỉ định có điều kiện,Hiệp đồng tăng tác dụng,"Tăng nguy cơ kéo dài khoảng QT, xoắn đỉnh","1. Chống chỉ định phối hợp ở các  bệnh  nhân  có  hội  chứng QT kéo dài do di truyền hoặc mắc phải.
2.  Trên  các  đối  tượng  bệnh nhân khác, tốt nhất nên tránh phối hợp các thuốc này. Trong trường hợp cần thiết phối hợp, cần  đánh  giá  cẩn  thận  nguy cơ/lợi ích và lượng giá các yếu tố  nguy  cơ  trên  từng  bệnh nhân, đặc biệt là rối loạn điện giải  (hạ  kali  máu,  hạ  magie máu, hạ calci máu), nhịp tim chậm, nữ giới trước khi quyết định kê đơn.",Quyết định 5948/BYT
58,Dược lực học,Amiodaron,Domperidon,Chống chỉ định,Hiệp đồng tăng tác dụng,"Tăng nguy cơ kéo dài khoảng QT, xoắn đỉnh",Chống chỉ định phối hợp.,Quyết định 5948/BYT
59,Dược lực học,Amiodaron,Fluconazol,Chống chỉ định có điều kiện,Hiệp đồng tăng tác dụng,"Tăng nguy cơ kéo dài khoảng QT, xoắn đỉnh","1. Chống chỉ định phối hợp ở các  bệnh  nhân  có  hội  chứng QT kéo dài do di truyền hoặc mắc phải.
2.  Trên  các  đối  tượng  bệnh nhân khác, tốt nhất nên tránh phối hợp các thuốc này. Trong trường hợp cần thiết phối hợp, cần  đánh  giá  cẩn  thận  nguy cơ/lợi ích và lượng giá các yếu tố  nguy  cơ  trên  từng  bệnh nhân, đặc biệt là rối loạn điện giải  (hạ  kali  máu,  hạ  magie máu, hạ calci máu), nhịp tim chậm, nữ giới trước khi quyết định kê đơn.",Quyết định 5948/BYT
60,Dược lực học,Amiodaron,Piperaquin/ dihydroarte misinin (piperaquin),Chống chỉ định có điều kiện,Hiệp đồng tăng tác dụng,"Tăng  nguy  cơ  kéo dài    khoảng    QT, xoắn đỉnh","1. Chống chỉ định phối hợp ở các  bệnh  nhân  có  hội  chứng QT kéo dài do di truyền hoặc mắc phải.
2.  Trên  các  đối  tượng  bệnh nhân khác, tốt nhất nên tránh phối hợp các thuốc này. Trong trường hợp cần thiết phối hợp, cần  đánh  giá  cẩn  thận  nguy cơ/lợi ích và lượng giá các yếu tố  nguy  cơ  trên  từng  bệnh nhân, đặc biệt là rối loạn điện giải  (hạ  kali  máu,  hạ  magie máu, hạ calci máu), nhịp tim chậm, nữ giới trước khi quyết định kê đơn.",Quyết định 5948/BYT
61,Dược động học,Amiodaron,Colchicin,Chống chỉ định có điều kiện,Amiodaron       ức chế     P-gp     làm giảm     thải     trừ colchicin.,"Tăng      nồng      độ colchicin         trong huyết   thanh,   tăng nguy  cơ  tác  dụng độc tính (tiêu chảy, nôn, đau bụng, sốt, xuất huyết, giảm cả ba dòng tế bào máu, các   dấu   hiệu   độc tính trên cơ như đau cơ, mỏi cơ hoặc yếu cơ,  nước  tiểu  sẫm màu, dị cảm, trường hợp nặng có thể gây suy  đa  tạng  và  tử vong).","1. Chống chỉ định ở bệnh nhân suy    gan    hoặc    suy    thận.
2.  Ở  bệnh  nhân  chức  năng gan,  thận  bình  thường:  nên tránh phối hợp. Nếu phối hợp: giảm liều colchicin. Dùng liều tiếp  theo  của  colchicin  sau  3 ngày.  Theo  dõi  nguy  cơ  độc tính của colchicin.",Quyết định 5948/BYT
62,Dược động học,Amiodaron,Lopinavir/ritonavir (ritonavir),Chống chỉ định,Ritonavir  ức  chế CYP3A4        làm giảm  chuyển  hóa của amiodaron,"Tăng      nồng      độ amiodaron      trong huyết   thanh,   tăng nguy  cơ  tác  dụng không  mong  muốn (hạ huyết áp, chậm nhịp    tim,    ngừng xoang...)",Chống chỉ định phối hợp,Quyết định 5948/BYT
63,Dược động học,Amiodaron,Darunavir/ritonavir (ritonavir),Chống chỉ định,Ritonavir  ức  chế CYP3A4        làm giảm  chuyển  hóa của amiodaron,"Tăng      nồng      độ amiodaron      trong huyết   thanh,   tăng nguy  cơ  tác  dụng không  mong  muốn (hạ huyết áp, chậm nhịp    tim,    ngừng xoang...)",Chống chỉ định phối hợp,Quyết định 5948/BYT
64,Dược động học,Amiodaron,Atazanavir/ritonavir (ritonavir),Chống chỉ định,Ritonavir  ức  chế CYP3A4        làm giảm  chuyển  hóa của amiodaron,"Tăng      nồng      độ amiodaron      trong huyết   thanh,   tăng nguy  cơ  tác  dụng không  mong  muốn (hạ huyết áp, chậm nhịp    tim,    ngừng
xoang...)",Chống chỉ định phối hợp,Quyết định 5948/BYT
65,Dược động học,Amiodaron,Indinavir  +/- ritonavir,Chống chỉ định,Indinavir  ức  chế CYP3A4        làm giảm  chuyển  hóa của amiodaron,"Tăng      nồng      độ amiodaron      trong huyết   thanh,   tăng nguy  cơ  tác  dụng không  mong  muốn (hạ huyết áp, chậm
nhịp    tim,    ngừng xoang...)",Chống chỉ định phối hợp,Quyết định 5948/BYT
66,Dược động học,Amiodaron,Saquinavir +/- ritonavir,Chống chỉ định,Saquinavir ức chế CYP3A4        làm giảm  chuyển  hóa của amiodaron,"Tăng nồng độ amiodaron  trong huyết   thanh,   tăng nguy  cơ  tác  dụng không  mong  muốn (hạ huyết áp, chậm nhịp tim, ngừng xoang...)",Chống chỉ định phối hợp,Quyết định 5948/BYT
67,Dược lực học,Amiodaron,Sparfloxacin,Chống chỉ định có điều kiện,Hiệp   đồng   tăng tác dụng,"Tăng  nguy  cơ  kéo dài    khoảng    QT, xoắn đỉnh","1. Chống chỉ định phối hợp ở các  bệnh  nhân  có  hội  chứng QT kéo dài do di truyền hoặc mắc phải.
2.  Trên  các  đối  tượng  bệnh nhân khác, tốt nhất nên tránh phối hợp các thuốc này. Trong trường hợp cần thiết phối hợp, cần  đánh  giá  cẩn  thận  nguy cơ/lợi ích và lượng giá các yếu tố  nguy  cơ  trên  từng  bệnh nhân, đặc biệt là rối loạn điện giải  (hạ  kali  máu,  hạ  magie máu, hạ calci máu), nhịp tim chậm, nữ giới trước khi quyết định kê đơn.",Quyết định 5948/BYT
68,Dược lực học,Amisulpirid,Thioridazin,Chống chỉ định có điều kiện,Hiệp   đồng   tăng tác dụng,"Tăng  nguy  cơ  kéo dài    khoảng    QT, xoắn đỉnh","1. Chống chỉ định phối hợp ở các  bệnh  nhân  có  hội  chứng QT kéo dài do di truyền hoặc mắc                                 phải.
2.  Trên  các  đối  tượng  bệnh nhân khác, tốt nhất nên tránh phối hợp các thuốc này. Trong trường hợp cần thiết phối hợp, cần  đánh  giá  cẩn  thận  nguy cơ/lợi ích và lượng giá các yếu tố  nguy  cơ  trên  từng  bệnh nhân, đặc biệt là rối loạn điện giải  (hạ  kali  máu,  hạ  magie máu, hạ calci máu), nhịp tim chậm, nữ giới trước khi quyết
định kê đơn.",Quyết định 5948/BYT
69,Dược lực học,Amisulpirid,Sparfloxacin,Chống chỉ định có điều kiện,Hiệp   đồng   tăng tác dụng,"Tăng  nguy  cơ  kéo dài    khoảng    QT, xoắn đỉnh","1. Chống chỉ định phối hợp ở các  bệnh  nhân  có  hội  chứng QT kéo dài do di truyền hoặc mắc                                 phải.
2.  Trên  các  đối  tượng  bệnh nhân khác, tốt nhất nên tránh phối hợp các thuốc này. Trong trường hợp cần thiết phối hợp, cần  đánh  giá  cẩn  thận  nguy cơ/lợi ích và lượng giá các yếu tố  nguy  cơ  trên  từng  bệnh nhân, đặc biệt là rối loạn điện giải  (hạ  kali  máu,  hạ  magie máu, hạ calci máu), nhịp tim chậm, nữ giới trước khi quyết
định kê đơn.",Quyết định 5948/BYT
70,Dược lực học,Amitriptylin,Linezolid,Chống chỉ định có điều kiện,Hiệp    đồng    tác dụng serotonin,"Tăng  nguy  cơ  hội chứng       serotonin (sốt   cao,   rối   loạn nhận     thức,     tăng phản  xạ,  mất  phối hợp,  rung  giật  cơ, cứng   cơ,   co   giật, nhịp    tim    nhanh,
tăng huyết áp, tăng","1. Cố gắng tránh sử dụng đồng thời linezolid và amitriptylin. Tốt nhất các thuốc này nên sử dụng  cách  nhau  2  tuần.  Cân nhắc thay đổi sang các thuốc nhóm  khác  có  cùng  chỉ  định và  ít  có  nguy  cơ  tương  tác hơn.
2.  Trong  hợp  không  thể  trì hoãn điều trị được 2 tuần, bắt buộc  sử  dụng  dài  ngày  hoặc khẩn  cấp  bằng  linezolid  và không có thuốc khác thay thế, cân  bằng  lợi  ích  và  nguy  cơ xảy  ra  hội  chứng serotonin. Nếu lợi ích vượt trội nguy cơ, vẫn có thể sử dụng đồng thời nhưng  cần  giám  sát  chặt  chẽ chặt  chẽ  bệnh  nhân,  đặc  biệt trong tháng đầu tiên sử dụng đồng thời 2 thuốc.",Quyết định 5948/BYT
71,Dược lực học,Amitriptylin,Xanh methylen (sử dụng đường tiêm tĩnh mạch),Chống chỉ định có điều kiện,Hiệp    đồng    tác dụng serotonin,"Tăng  nguy  cơ  hội chứng       serotonin (sốt   cao,   rối   loạn nhận     thức,     tăng phản  xạ,  mất  phối hợp,  rung  giật  cơ, cứng   cơ,   co   giật, nhịp    tim    nhanh, tăng huyết áp, tăng thân  nhiệt,  vã  mồ hôi,  ảo  giác,  kích động     hoặc     bồn chồn…)","1. Cố gắng tránh sử dụng đồng thời     xanh     methylen     và sumatriptan.   Tốt   nhất   các thuốc  này  nên  sử  dụng  cách nhau  2  tuần.  Cân  nhắc  thay đổi sang các thuốc nhóm khác có cùng chỉ định và ít có nguy cơ        tương        tác        hơn.
2.  Trong  hợp  không  thể  trì hoãn điều trị được 2 tuần, bắt buộc  sử  dụng  dài  ngày  hoặc khẩn cấp bằng xanh methylen và không có thuốc khác thay thế, cân bằng lợi ích và nguy cơ xảy ra hội chứng serotonin. Nếu lợi ích vượt trội nguy cơ, vẫn có thể sử dụng đồng thời nhưng  cần  giám  sát  chặt  chẽ chặt  chẽ  bệnh  nhân,  đặc  biệt trong tháng đầu tiên sử dụng
đồng thời 2 thuốc.",Quyết định 5948/BYT
72,Dược lực học,Amitriptylin,Furazolidon,Chống chỉ định có điều kiện,"Hiệp đồng tác dụng serotonin. Tác  dụng  ức  chế MAO của furazolidon do chất  chuyển  hóa của thuốc, xuất hiện chậm sau 5 - 10 ngày.","Tăng  nguy  cơ  hội chứng       serotonin (sốt   cao,   rối   loạn nhận     thức,     tăng phản  xạ,  mất  phối hợp,  rung  giật  cơ, cứng   cơ,   co   giật, nhịp    tim    nhanh, tăng huyết áp, tăng thân  nhiệt,  vã  mồ hôi,  ảo  giác,  kích động     hoặc     bồn chồn…)","1. Cố gắng tránh sử dụng đồng thời furazolidon và amitriptylin.   Tốt   nhất   các thuốc  này  nên  sử  dụng  cách nhau  2  tuần.  Cân  nhắc  thay đổi sang các thuốc nhóm khác có cùng chỉ định và ít có nguy cơ tương tác hơn.
2.  Trong  hợp  không  thể  trì hoãn điều trị được 2 tuần, bắt buộc  sử  dụng  dài  ngày  hoặc khẩn cấp bằng furazolidon và không có thuốc khác thay thế, cân  bằng  lợi  ích  và  nguy  cơ xảy  ra  hội  chứng  serotonin. Nếu lợi ích vượt trội nguy cơ, vẫn có thể sử dụng đồng thời nhưng  cần  giám  sát  chặt  chẽ chặt  chẽ  bệnh  nhân,  đặc  biệt trong tháng đầu tiên sử dụng đồng thời 2 thuốc.",Quyết định 5948/BYT
73,Dược lực học,Arsenic trioxid,Thioridazin,Chống chỉ định có điều kiện,Hiệp   đồng   tăng tác dụng,"Tăng  nguy  cơ  kéo dài    khoảng    QT, xoắn đỉnh","1. Chống chỉ định phối hợp ở các  bệnh  nhân  có  hội  chứng QT kéo dài do di truyền hoặc mắc phải.
2.  Trên  các  đối  tượng  bệnh nhân khác, tốt nhất nên tránh phối hợp các thuốc này. Trong trường hợp cần thiết phối hợp, cần  đánh  giá  cẩn  thận  nguy cơ/lợi ích và lượng giá các yếu tố  nguy  cơ  trên  từng  bệnh nhân, đặc biệt là rối loạn điện giải  (hạ  kali  máu,  hạ  magie máu, hạ calci máu), nhịp tim chậm, nữ giới trước khi quyết
định kê đơn.",Quyết định 5948/BYT
74,Dược lực học,Arsenic trioxid,Sparfloxacin,Chống chỉ định có điều kiện,Hiệp   đồng   tăng tác dụng,"Tăng  nguy  cơ  kéo dài    khoảng    QT, xoắn đỉnh","1. Chống chỉ định phối hợp ở các  bệnh  nhân  có  hội  chứng QT kéo dài do di truyền hoặc mắc phải.
2.  Trên  các  đối  tượng  bệnh nhân khác, tốt nhất nên tránh phối hợp các thuốc này. Trong trường hợp cần thiết phối hợp, cần  đánh  giá  cẩn  thận  nguy cơ/lợi ích và lượng giá các yếu tố  nguy  cơ  trên  từng  bệnh nhân, đặc biệt là rối loạn điện giải  (hạ  kali  máu,  hạ  magie máu, hạ calci máu), nhịp tim chậm, nữ giới trước khi quyết
định kê đơn.",Quyết định 5948/BYT
75,Dược lực học,Arsenic trioxid,Domperidon,Chống chỉ định,Hiệp   đồng   tăng tác dụng,"Tăng  nguy  cơ  kéo dài    khoảng    QT, xoắn đỉnh",Chống chỉ định phối hợp.,Quyết định 5948/BYT
76,Dược lực học,Artemether/lumefantrin,Posaconazol,Chống chỉ định có điều kiện,Hiệp   đồng   tăng tác dụng,"Tăng  nguy  cơ  kéo dài    khoảng    QT, xoắn đỉnh","1. Chống chỉ định phối hợp ở các  bệnh  nhân  có  hội  chứng QT kéo dài do di truyền hoặc mắc phải.
2.  Trên  các  đối  tượng  bệnh nhân khác, tốt nhất nên tránh phối hợp các thuốc này. Trong trường hợp cần thiết phối hợp, cần  đánh  giá  cẩn  thận  nguy
cơ/lợi ích và lượng giá các yếu tố  nguy  cơ  trên  từng  bệnh nhân, đặc biệt là rối loạn điện giải  (hạ  kali  máu,  hạ  magie máu, hạ calci máu), nhịp tim chậm, nữ giới trước khi quyết định kê đơn.",Quyết định 5948/BYT
77,Dược lực học,Artemether/lumefantrin,Fluconazol,Chống chỉ định có điều kiện,Hiệp   đồng   tăng tác dụng,"Tăng  nguy  cơ  kéo dài    khoảng    QT, xoắn đỉnh","1. Chống chỉ định phối hợp ở các  bệnh  nhân  có  hội  chứng QT kéo dài do di truyền hoặc mắc phải.
2.  Trên  các  đối  tượng  bệnh nhân khác, tốt nhất nên tránh phối hợp các thuốc này. Trong trường hợp cần thiết phối hợp, cần  đánh  giá  cẩn  thận  nguy cơ/lợi ích và lượng giá các yếu tố  nguy  cơ  trên  từng  bệnh nhân, đặc biệt là rối loạn điện giải  (hạ  kali  máu,  hạ  magie máu, hạ calci máu), nhịp tim
chậm, nữ giới trước khi quyết định kê đơn.",Quyết định 5948/BYT
78,Dược lực học,Artemether/lumefantrin,Domperidon,Chống chỉ định,Hiệp   đồng   tăng tác dụng,"Tăng  nguy  cơ  kéo
dài    khoảng    QT, xoắn đỉnh",Chống chỉ định phối hợp.,Quyết định 5948/BYT
79,Dược động học,Artemether/lumefantrin,Rifampicin,Chống chỉ định,Rifampicin    cảm ứng CYP3A4 làm tăng  chuyển  hóa của artemether/lumef antrin,"Giảm  nồng  độ  của artemether/lumefan trin    trong    huyết thanh, dẫn đến giảm hiệu quả điều trị",Chống chỉ định phối hợp.,Quyết định 5948/BYT
80,Dược động học,Artemether/lumefantrin,Enzalutamid,Chống chỉ định,"Enzalutamid  cảm ứng CYP3A4 làm tăng  chuyển  hóa của
artemether/lumef antrin","Giảm  nồng  độ  của artemether/lumefan trin    trong    huyết thanh, dẫn đến giảm hiệu quả điều trị",Chống chỉ định phối hợp.,Quyết định 5948/BYT
81,Dược động học,Artemether/luefantrin,Carbamazepin,Chống chỉ định,"Carbamazepin cảm                ứng
CYP3A4     mạnh làm  tăng  chuyển hóa                  của
artemether/lumef antrin","Giảm  nồng  độ  của artemether/lumefan trin    trong    huyết thanh, dẫn đến giảm hiệu quả điều trị",Chống chỉ định phối hợp.,Quyết định 5948/BYT
82,Dược động học,Artemether/lumefantrin,Phenobarbital,Chống chỉ định,"Phenobarbital cảm                ứng
CYP3A4     mạnh làm  tăng  chuyển hóa                  của
artemether/lumef antrin","Giảm  nồng  độ  của artemether/lumefan trin    trong    huyết thanh, dẫn đến giảm hiệu quả điều trị",Chống chỉ định phối hợp.,Quyết định 5948/BYT
83,Dược động học,Artemether/lumefantrin,Phenytoin,Chống chỉ định,Phenytoin      cảm ứng        CYP3A4 mạnh    làm    tăng chuyển   hóa   của artemether/lumef antrin,"Giảm  nồng  độ  của artemether/lumefan trin    trong    huyết thanh, dẫn đến giảm hiệu quả điều trị",Chống chỉ định phối hợp.,Quyết định 5948/BYT
84,Dược lực học,Artemether/lumefantrin,Sparfloxacin,Chống chỉ định có điều kiện,Hiệp   đồng   tăng tác dụng,"Tăng  nguy  cơ  kéo dài    khoảng    QT, xoắn đỉnh","1. Chống chỉ định phối hợp ở các  bệnh  nhân  có  hội  chứng QT kéo dài do di truyền hoặc mắc phải.
2.  Trên  các  đối  tượng  bệnh nhân khác, tốt nhất nên tránh phối hợp các thuốc này. Trong trường hợp cần thiết phối hợp, cần  đánh  giá  cẩn  thận  nguy cơ/lợi ích và lượng giá các yếu tố  nguy  cơ  trên  từng  bệnh nhân, đặc biệt là rối loạn điện giải  (hạ  kali  máu,  hạ  magie máu, hạ calci máu), nhịp tim chậm, nữ giới trước khi quyết định kê đơn.",Quyết định 5948/BYT
85,Dược lực học,Aspirin,Ketorolac,Chống chỉ định,Hiệp    đồng    tác dụng    kích    ứng đường tiêu hóa,Tăng  nguy  cơ  xuất huyết      tiêu      hóa nghiêm   trọng   (sử dụng     đồng     thời ketorolac     với     1 NSAID   khác   làm tăng  nguy  cơ  xuất huyết tiêu hóa gấp 5 lần so với phối hợp 2 NSAID khác),Chống chỉ định phối hợp. Cần đặc biệt lưu ý nguy cơ tương tác trong trường hợp giảm đau hậu phẫu.,Quyết định 5948/BYT
86,Dược động học,Atazanavir/ritonavir,Lovastatin,Chống chỉ định,Atazanavir/ritona vir       ức       chế CYP3A4     mạnh làm  giảm  chuyển hóa của lovastatin,"Tăng  nồng  độ  của lovastatin        trong huyết   thanh,   tăng nguy   cơ   bệnh   cơ hoặc tiêu cơ vân cấp","Chống   chỉ   định   phối   hợp. Trong trường hợp bắt buộc sử dụng   dẫn   chất   statin,   thay lovastatin  bằng  các  dẫn  chất statin      khác      (ngoại      trừ simvastatin),   sử   dụng   liều thấp    nhất    có    hiệu    quả, atorvastatin   không   quá   10 mg/ngày,  rosuvastatin  không vượt     quá     10     mg/ngày,
pitavastatin  không  cần  hiệu chỉnh liều khi phối hợp.",Quyết định 5948/BYT
87,Dược động học,Atazanavir/ritonavir,Simvastatin,Chống chỉ định,Atazanavir/ritonavir ức     chế CYP3A4 mạnh làm  giảm  chuyển hóa của simvastatin,"Tăng  nồng  độ  của simvastatin     trong huyết   thanh,   tăng nguy   cơ   bệnh   cơ hoặc tiêu cơ vân cấp","Chống   chỉ   định   phối   hợp. Trong trường hợp bắt buộc sử dụng   dẫn   chất   statin,   thay simvastatin bằng các dẫn chất statin      khác      (ngoại      trừ lovastatin)  sử  dụng  liều  thấp nhất có hiệu quả, atorvastatin không    quá    10    mg/ngày, rosuvastatin  không  vượt  quá 10     mg/ngày,     pitavastatin không cần hiệu chỉnh liều khi phối hợp.",Quyết định 5948/BYT
88,Dược động học,Atazanavir/ritonavir,Dihydroergotamin,Chống chỉ định,Atazanavir/ritonavir ức chế CYP3A4 mạnh làm  giảm  chuyển hóa của dihydroergotamin,"Tăng  nồng  độ  của dihydroergotamin trong  huyết  thanh, tăng    nguy  cơ  độc tính (nôn, buồn nôn, hoại   tử   đầu   chi, thiếu máu cục bộ do
co thắt mạch…)",Chống chỉ định phối hợp,Quyết định 5948/BYT
89,Dược động học,Atazanavir/ritonavir,Ergotamin,Chống chỉ định,Atazanavir/ritonavir ức chế CYP3A4 mạnh làm  giảm  chuyển hóa của ergotamin,"Tăng  nồng  độ  của ergotamin       trong huyết   thanh,   tăng nguy   cơ   độc   tính (nôn,    buồn    nôn, hoại   tử   đầu   chi, thiếu máu cục bộ do co thắt mạch…)",Chống chỉ định phối hợp,Quyết định 5948/BYT
90,Dược động học,Atazanavir/ritonavir,Ergometrin,Chống chỉ định có điều kiện,Atazanavir/ritonavir ức chế CYP3A4 mạnh làm giảm  chuyển hóa của ergometrin,"Tăng  nồng  độ  của ergometrin      trong huyết   thanh,   tăng nguy   cơ   độc   tính (nôn,    buồn    nôn, hoại   tử   đầu   chi, thiếu máu cục bộ do co thắt mạch…)","Tốt nhất nên tránh phối hợp. Đối  với  trường  hợp  điều  trị băng   huyết   sau   sinh,   nếu không còn thuốc khác thay thế ở  người  bệnh  đang  sử  dụng atazanavir,         sử         dụng ergometrin chỉ khi lợi ích vượt trội  nguy  cơ  và  sử  dụng liều thấp  nhất  có  hiệu  quả  trong thời gian ngắn nhất.",Quyết định 5948/BYT
91,Dược động học,Atazanavir/ritonavir,Methylergometrin,Chống chỉ định có điều kiện,Atazanavir/ritonavir ức chế CYP3A4 mạnh làm  giảm  chuyển hóa của methylergometrin,"Tăng  nồng  độ  của methylergometrin trong  huyết  thanh, tăng    nguy  cơ  độc tính (nôn, buồn nôn, hoại   tử   đầu   chi, thiếu máu cục bộ do co thắt mạch…)","Tốt nhất nên tránh phối hợp. Đối  với  trường  hợp  điều  trị băng huyết sau sinh,   nếu không còn thuốc khác thay thế ở  người  bệnh đang sử dụng atazanavir, sử dụng methylergometrin  chỉ  khi  lợi ích  vượt  trội  nguy  cơ  và  sử dụng  liều  thấp  nhất  có  hiệu quả trong thời gian ngắn nhất.",Quyết định 5948/BYT
92,Dược động học,Atazanavir/ritonavir,Ivabradin,Chống chỉ định,Atazanavir/ritonavir ức chế CYP3A4 mạnh làm giảm chuyển hóa của ivabradin,"Tăng      nồng      độ ivabradin        trong huyết   thanh,   tăng nguy   cơ   kéo   dài khoảng QT và chậm
nhịp tim",Chống chỉ định phối hợp,Quyết định 5948/BYT
93,Dược động học,Atazanavir/ritonavir,Ticagrelor,Chống chỉ định,Atazanavir/ritona vir ức chế CYP3A4 mạnh làm  giảm  chuyển hóa của ticagrelor,"Tăng  nồng  độ  của ticagrelor trong huyết   thanh,   tăng nguy cơ xuất huyết",Chống chỉ định phối hợp,Quyết định 5948/BYT
94,Dược động học,Atazanavir/ritonavir,Ranolazin,Chống chỉ định,Atazanavir/ritona vir       ức       chế CYP3A4     mạnh làm  giảm  chuyển hóa của ranolazin,"Tăng      nồng      độ ranolazin         trong huyết   thanh,   tăng nguy   cơ   kéo   dài khoảng QT",Chống chỉ định phối hợp,Quyết định 5948/BYT
95,Dược động học,Atazanavir/ritonavir,Tolvaptan,Chống chỉ định,Atazanavir/ritona vir       ức       chế CYP3A4     mạnh làm  giảm  chuyển hóa của tolvaptan,"Tăng      nồng      độ tolvaptan         trong huyết   thanh,   tăng nguy  cơ  tác  dụng không  mong  muốn (tăng nồng độ natri huyết     thanh,     đa niệu,    khát    nước,
giảm  thể  tích  tuần hoàn...)",Chống chỉ định phối hợp,Quyết định 5948/BYT
96,Dược động học,Atazanavir/ritonavir,Felodipin,Chống chỉ định,"Atazanavir/ritona vir       ức       chế CYP3A4     mạnh làm  giảm  chuyển
hóa của felodipin","Tăng      nồng      độ felodipin, tăng nguy cơ    hạ    huyết    áp nghiêm trọng",Chống chỉ định phối hợp,Quyết định 5948/BYT
97,Dược động học,Atazanavir/ritonavir,Lercanidipin,Chống chỉ định,"Atazanavir/ritona vir       ức       chế CYP3A4     mạnh làm  giảm  chuyển hóa                  của
lercanidipin","Tăng      nồng      độ lercanidipin,     tăng nguy cơ hạ huyết áp nghiêm trọng",Chống chỉ định phối hợp,Quyết định 5948/BYT
98,Dược động học,Atazanavir/ritonavir,Sildenafil,Chống chỉ định có điều kiện,"Atazanavir/ritona vir       ức       chế
CYP3A4        làm giảm  chuyển  hóa của sildenafil","Tăng      nồng      độ sildenafil         trong huyết   thanh,   tăng nguy   cơ   độc   tính (hạ  huyết  áp,  ngất, rối loạn thị giác)","1.  Chống  chỉ  định  phối  hợp trong   trường   hợp   sử   dụng sildenafil điều trị tăng áp động mạch phổi.
2. Trong trường hợp sử dụng sildenafil   điều   trị   rối   loạn cương  dương,  liều  sildenafil không vượt quá 25 mg mỗi 48 giờ  ở  người  đang  sử  dụng atazanavir.",Quyết định 5948/BYT
99,Dược động học,Atazanavir/ritonavir,Quetiapin,Chống chỉ định có điều kiện,Atazanavir/ritona vir       ức       chế CYP3A4     mạnh làm  giảm  chuyển hóa của quetiapin,"Tăng  nồng  độ  của quetiapin,         tăng nguy   cơ   kéo   dài khoảng QT","Tốt nhất nên tránh phối hợp. Trong trường hợp bắt buộc sử dụng   atazanavir,   giảm   liều quetiapin còn 1/6 liều so với liều bình thường.",Quyết định 5948/BYT
100,Dược động học,Atazanavir/ritonavir,Rifampicin,Chống chỉ định,"Rifampicin    cảm ứng CYP3A4 làm tăng  chuyển  hóa của
Atazanavir/ritona vir","Giảm     nồng     độ atazanavir       trong huyết   thanh,   giảm hiệu quả điều trị",Chống chỉ định phối hợp,Quyết định 5948/BYT
101,Dược động học,Atazanavir/ritonavir,Grazoprevir/ elbasvir,Chống chỉ định,Atazanavir/ritona vir       ức       chế OATP1B1/3   làm giảm  vận  chuyển grazoprevir     vào gan.,"Tăng nồng độ grazoprevir/elbasvir, tăng nguy cơ tăng ALT",Chống chỉ định phối hợp,Quyết định 5948/BYT
102,Dược động học,Atazanavir/ritonavir,Domperidon,Chống chỉ định,"Atazanavir/ritona vir       ức       chế
CYP3A4        làm giảm  chuyển  hóa của domperidon","Tăng      nồng      độ domperidon    trong huyết   thanh,   tăng nguy   cơ   kéo   dài khoảng QT",Chống chỉ định phối hợp,Quyết định 5948/BYT
103,Dược động học,Atazanavir/ritonavir (ritonavir),Colchicin,Chống chỉ định có điều kiện,Ritonavir  ức  chế mạnh CYP3A4 và ức  chế  P-gp  làm giảm  chuyển  hóa và       thải       trừ colchicin.,"Tăng      nồng      độ colchicin         trong huyết   thanh,   tăng nguy  cơ  tác  dụng độc tính (tiêu chảy, nôn, đau bụng, sốt, xuất huyết, giảm cả ba dòng tế bào máu, các   dấu   hiệu   độc tính trên cơ như đau cơ, mỏi cơ hoặc yếu cơ,  nước  tiểu  sẫm màu, dị cảm, trường hợp nặng có thể gây suy  đa  tạng  và  tử
vong).","1. Chống chỉ định ở bệnh nhân suy    gan    hoặc    suy    thận.
2.  Ở  bệnh  nhân  chức  năng gan,  thận  bình  thường:  nên tránh phối hợp. Nếu phối hợp: giảm liều colchicin. Dùng liều tiếp  theo  của  colchicin  sau  3 ngày.  Theo  dõi  nguy  cơ  độc tính của colchicin.",Quyết định 5948/BYT
104,Dược động học,Atazanavir/ritonavir (ritonavir),Vardenafil,Chống chỉ định,Ritonavir  ức  chế CYP3A4        làm giảm  chuyển  hóa của vardenafil,"Tăng      nồng      độ vardenafil       trong huyết   thanh,   tăng nguy   cơ   kéo   dài khoảng QT",Chống chỉ định phối hợp,Quyết định 5948/BYT
105,Dược động học,Atazanavir/ritonavir (ritonavir),Propafenon,Chống chỉ định,"Ritonavir  ức  chế chuyển   hóa   của propafenon     qua
CYP3A4          và CYP2D6.","Tăng  nồng  độ,  dẫn đến  tăng  độc  tính của        propafenon
(đặc   biệt   là   loạn nhịp tim).",Chống chỉ định phối hợp.,Quyết định 5948/BYT
106,Dược động học,Atazanavir/ritonavir (ritonavir),Everolimus,Chống chỉ định,"Ritonavir  ức  chế mạnh CP3A4 làm giảm  chuyển  hóa của  everolimus  ở gan, đồng thời, ức chế     P-gp     làm giảm     thải     trừ everolimus    khỏi
cơ thể.","Tăng      nồng      độ everolimus      trong huyết   thanh,   tăng tác dụng bất lợi liên quan   đến   ức   chế miễn dịch",Chống chỉ định phối hợp,Quyết định 5948/BYT
107,Dược động học,Atazanavir/ritonavir (ritonavir),Voriconazol,Chống chỉ định có điều kiện,"Ritonavir       cảm ứng      CYP2C19 (hoặc     ức     chế CYP3A4 ở  người thiếu   hoặc   giảm hoạt tính CYP2C19)     làm
tăng  (hoặc  giảm) chuyển   hóa   của voriconazol     tùy thuộc từng cá thể (voriconazol là cơ chất       của       cả CYP3A4          và CYP2C19)","Giảm   (hoặc   tăng) nồng                    độ
voriconazol.","1. Việc phối hợp voriconazol và  ritonavir  liều  cao  (400mg mỗi  12  giờ)  làm  giảm  rõ  rệt nồng  độ  voriconazol,  vì  vậy, chống   chỉ   định   phối   hợp voriconazol   với   ritonavir   ở mức              liều              này.
2. Việc phối hợp voriconazol với ritonavir liều thấp (100mg mỗi 12 giờ) cũng đã cho thấy làm giảm nồng độ voriconazol mặc dù mức độ ít hơn so với liều cao ritonavir, vì vậy, nên tránh  phối  hợp  thuốc  trừ  khi lợi ích vượt trội nguy cơ.",Quyết định 5948/BYT
108,Dược động học,Atorvastatin,Ciclosporin,Chống chỉ định,Ciclosporin      ức chế CYP3A4 làm giảm  chuyển  hóa của    atorvastatin; ciclosporin   cũng ức        chế        cả OATP1B1      làm giảm  vận  chuyển atorvastatin    vào gan.,"Tăng      nồng      độ simvastatin     trong huyết   thanh,   tăng nguy   cơ   bệnh   cơ hoặc tiêu cơ vân cấp","Chống   chỉ   định   phối   hợp. Cân  nhắc  thay  đổi  sang  các thuốc nhóm khác có cùng chỉ định  và  ít  có  nguy  cơ  tương tác   hơn:    thay    atorvastatin bằng   fluvastatin   (tối   đa   20 mg/ngày),  pravastatin (tối đa 20 mg/ngày), rosuvastatin (tối đa 5 mg/ngày).",Quyết định 5948/BYT
109,Dược động học,Atorvastatin,Gemfibrozil,Chống chỉ định,"Gemfibrozil     ức chế      OATP1B1 làm     giảm     vận chuyển
atorvastatin    vào gan.","Tăng      nồng      độ atorvastatin     trong huyết   thanh,   tăng nguy   cơ   bệnh   cơ hoặc tiêu cơ vân cấp","Chống   chỉ   định   phối   hợp. Trong trường hợp bắt buộc sử dụng dẫn chất fibrat, thay thế gemfibrozil   bằng   fenofibrat
nhưng cần thận trọng khi phối hợp.",Quyết định 5948/BYT
110,Dược lực học,Atropin,Kali    clorid (dạng   uống giải     phóng kéo dài),Chống chỉ định có điều kiện,"Atropin       kháng cholinergic     gây tồn  lưu  hoặc  làm tăng thời gian kali qua   đường   tiêu hóa  khi  sử  dụng đường  uống,  gây loét   đường   tiêu hóa",Tăng  nguy  cơ  loét tiêu hóa,"1.  Tốt  nhất  nên  tránh  phối hợp, đặc biệt ở người cao tuổi. Cân   nhắc   chuyển   sang   sử dụng  kali  đường  tĩnh  mạch.
2. Trong trường hợp bắt buộc sử  dụng  đồng  thời,  cân  nhắc một  số  khuyến  cáo  sau  giúp giảm nguy cơ loét tiêu hóa: (1) uống ít nhất 100 mL nước sau khi  uống  kali,  (2)  ngồi  hoặc
đứng thẳng trong ít nhất 5 - 10 phút sau khi uống thuốc.",Quyết định 5948/BYT
111,Dược lực học,Azithromycin,Thioridazin,Chống chỉ định có điều kiện,Hiệp   đồng   tăng tác dụng,"Tăng nguy cơ kéo dài khoảng QT, xoắn đỉnh","1. Chống chỉ định phối hợp ở các  bệnh  nhân  có  hội  chứng QT kéo dài do di truyền hoặc mắc phải.
2.  Trên  các  đối  tượng  bệnh nhân khác, tốt nhất nên tránh phối hợp các thuốc này. Trong trường hợp cần thiết phối hợp, cần  đánh  giá  cẩn  thận nguy cơ/lợi ích và lượng giá các yếu tố  nguy  cơ  trên  từng  bệnh nhân, đặc biệt là rối loạn điện giải  (hạ  kali  máu,  hạ  magie máu, hạ calci máu), nhịp tim chậm, nữ giới trước khi quyết định kê đơn.",Quyết định 5948/BYT
112,Dược lực học,Azithromycin,Haloperidol,Chống chỉ định có điều kiện,Hiệp   đồng   tăng tác dụng,"Tăng nguy cơ kéo dài khoảng QT, xoắn đỉnh","1. Chống chỉ định phối hợp ở các  bệnh  nhân  có  hội  chứng QT kéo dài do di truyền hoặc mắc phải.
2.  Trên  các  đối  tượng  bệnh nhân khác, tốt nhất nên tránh phối hợp các thuốc này. Trong trường hợp cần thiết phối hợp, cần  đánh  giá  cẩn  thận nguy cơ/lợi ích và lượng giá các yếu tố  nguy  cơ  trên  từng  bệnh nhân, đặc biệt là rối loạn điện giải  (hạ  kali  máu,  hạ  magie máu, hạ calci máu), nhịp tim chậm, nữ giới trước khi quyết định kê đơn.",Quyết định 5948/BYT
113,Dược lực học,Azithromycin,Sparfloxacin,Chống chỉ định có điều kiện,Hiệp   đồng   tăng tác dụng,"Tăng nguy cơ kéo dài khoảng QT, xoắn đỉnh","1. Chống chỉ định phối hợp ở các  bệnh  nhân  có  hội  chứng QT kéo dài do di truyền hoặc mắc phải.
2.  Trên  các  đối  tượng  bệnh nhân khác, tốt nhất nên tránh phối hợp các thuốc này. Trong trường hợp cần thiết phối hợp, cần  đánh  giá  cẩn  thận nguy cơ/lợi ích và lượng giá các yếu tố  nguy  cơ  trên  từng  bệnh nhân, đặc biệt là rối loạn điện giải  (hạ  kali  máu,  hạ  magie máu, hạ calci máu), nhịp tim chậm, nữ giới trước khi quyết định kê đơn.",Quyết định 5948/BYT
114,Dược lực học,Azithromycin,Domperidon,Chống chỉ định,Hiệp   đồng   tăng tác dụng,"Tăng nguy cơ kéo dài khoảng QT, xoắn đỉnh",Chống chỉ định phối hợp.,Quyết định 5948/BYT
115,Dược lực học,Benazepril,Sacubitril/valsartan (sacubitril),Chống chỉ định,Tăng     tích     lũy bradykinin      gây phù mạch,Tăng  nguy  cơ  phù mạch,Chống chỉ định phối hợp. Chỉ bắt         đầu         sử         dụng Sacubitril/valsartan (sacubitril)   sau   khi   ngừng benazepril ít nhất 36 giờ.,Quyết định 5948/BYT
116,Dược lực học,Bleomycin,Brentuximab,Chống chỉ định,Chưa rõ,"Tăng  nguy  cơ  độc tính  (không  nhiễm trùng)    trên    phổi (bao gồm viêm phổi không nhiễm trùng, bệnh  phổi  kẽ  hoặc hội  chứng  suy  hô hấp       cấp       tính (ARDS)     do     tổn thương   phế   nang, với  biểu  hiện  khó thở, ho và sốt không đặc hiệu",Chống chỉ định phối hợp,Quyết định 5948/BYT
117,Dược động học,Boceprevir,Lovastatin,Chống chỉ định,Boceprevir ức chế CYP3A4     mạnh làm  giảm  chuyển hóa của lovastatin,"Tăng  nồng  độ  của lovastatin trong huyết thanh, tăng nguy cơ bệnh cơ hoặc tiêu cơ vân cấp",Chống chỉ định phối hợp,Quyết định 5948/BYT
118,Dược động học,Boceprevir,Simvastatin,Chống chỉ định,Boceprevir ức chế CYP3A4     mạnh làm  giảm  chuyển hóa của simvastatin,"Tăng nồng độ của simvastatin trong huyết thanh, tăng nguy cơ bệnh cơ hoặc tiêu cơ vân cấp",Chống chỉ định phối hợp,Quyết định 5948/BYT
119,Dược động học,Boceprevir,Colchicin,Chống chỉ định có điều kiện,Boceprevir ức chế CYP3A4 mạnh làm  giảm  chuyển hóa của colchicin,"Tăng      nồng      độ colchicin         trong huyết   thanh,   tăng nguy  cơ  tác  dụng độc tính (tiêu chảy, nôn, đau bụng, sốt, xuất huyết, giảm cả ba dòng tế bào máu, các   dấu   hiệu   độc tính trên cơ như đau cơ, mỏi cơ hoặc yếu cơ,  nước  tiểu  sẫm màu, dị cảm, trường hợp nặng có thể gây suy  đa  tạng  và  tử
vong).","1. Chống chỉ định ở bệnh nhân suy gan hoặc suy thận.
2.  Ở  bệnh  nhân  chức  năng gan,  thận  bình  thường:  nên tránh phối hợp. Nếu phối hợp: giảm liều colchicin. Dùng liều tiếp  theo  của  colchicin  sau  3 ngày.  Theo  dõi  nguy  cơ  độc tính của colchicin.",Quyết định 5948/BYT
120,Dược động học,Boceprevir,Dihydroergotamin,Chống chỉ định,Boceprevir ức chế CYP3A4 mạnh làm  giảm  chuyển hóa của dihydroergotamin,"Tăng  nồng  độ  của dihydroergotamin trong  huyết  thanh, tăng    nguy  cơ  độc tính (nôn, buồn nôn, hoại   tử   đầu   chi, thiếu máu cục bộ do co thắt mạch…)",Chống chỉ định phối hợp,Quyết định 5948/BYT
121,Dược động học,Boceprevir,Ergotamin,Chống chỉ định,Boceprevir ức chế CYP3A4 mạnh làm  giảm  chuyển hóa của ergotamin,"Tăng  nồng  độ  của ergotamin       trong huyết   thanh,   tăng nguy   cơ   độc   tính (nôn,    buồn    nôn, hoại   tử   đầu   chi, thiếu máu cục bộ do
co thắt mạch…)",Chống chỉ định phối hợp,Quyết định 5948/BYT
122,Dược động học,Boceprevir,Ergometrin,Chống chỉ định,"Boceprevir ức chế CYP3A4     mạnh làm  giảm  chuyển hóa                  của
ergometrin","Tăng  nồng  độ  của ergometrin      trong huyết   thanh,   tăng nguy   cơ   độc   tính (nôn,    buồn    nôn, hoại   tử   đầu   chi, thiếu máu cục bộ do co thắt mạch…)",Chống chỉ định phối hợp,Quyết định 5948/BYT
123,Dược động học,Boceprevir,Methylergometrin,Chống chỉ định,"Boceprevir ức chế CYP3A4     mạnh làm  giảm  chuyển hóa                  của
methylergometrin","Tăng  nồng  độ  của methylergometrin trong  huyết  thanh, tăng    nguy  cơ  độc tính (nôn, buồn nôn, hoại   tử   đầu   chi, thiếu máu cục bộ do
co thắt mạch…)",Chống chỉ định phối hợp,Quyết định 5948/BYT
124,Dược động học,Boceprevir,Ivabradin,Chống chỉ định,Boceprevir ức chế CYP3A4     mạnh làm  giảm  chuyển hóa của ivabradin,"Tăng      nồng      độ ivabradin        trong huyết   thanh,   tăng nguy   cơ   kéo   dài khoảng QT và chậm nhịp tim",Chống chỉ định phối hợp,Quyết định 5948/BYT
125,Dược động học,Bosentan,Glibenclamid,Chống chỉ định,"Bosentan       cảm ứng  CYP3A4  và CYP2C9,       làm tăng  chuyển  hóa của glibenclamid. Cơ      chế      tăng enzym  gan  chưa rõ","Tăng  nguy  cơ  tăng enzym   gan,   giảm nồng                    độ
glibenclamid   trong huyết     thanh,giảm hiệu quả điều trị",Chống chỉ định phối hợp,Quyết định 5948/BYT
126,Dược động học,Bosentan,Ciclosporin,Chống chỉ định,Ciclosporin      ức chế CYP3A4 làm giảm  chuyển  hóa của        bosentan; bosentan cảm ứng CYP3A4        làm tăng  chuyển  hóa của ciclosporin,"Tăng  nồng  độ  của bosentan, tăng nguy cơ  tác  dụng  không mong   muốn   (đau đầu..);   giảm   nồng độ  của  ciclosporin trong  huyết  thanh, giảm hiệu quả điều
trị,   tăng   nguy   cơ thải ghép",Chống chỉ định phối hợp,Quyết định 5948/BYT
127,Dược động học,Brivudin,Capecitabin,Chống chỉ định,"Chất  chuyển  hóa của   brivudin   ức chế             enzym dihydropyrimidin e   dehydrogenase (DPD)   -   enzym chuyển            hóa
capecitabin","Tăng      nồng      độ capecitabin     trong máu,  dẫn  đến  tăng nguy cơ độc tính",Chống chỉ định phối hợp. Chỉ bắt  đầu  sử  dụng  capecitabin sau khi ngừng brivudin ít nhất 4 tuần.,Quyết định 5948/BYT
128,Dược động học,Brivudin,Fluorouracil,Chống chỉ định,Chất  chuyển  hóa của   brivudin   ức chế             enzym dihydropyrimidin e   dehydrogenase (DPD)   -   enzym chuyển            hóa fluorouracil,"Tăng      nồng      độ fluoruoracil     trong máu,  dẫn  đến  tăng nguy cơ độc tính",Chống chỉ định phối hợp. Chỉ bắt  đầu  sử  dụng  fluoruoracil sau khi ngừng brivudin ít nhất 4 tuần.,Quyết định 5948/BYT
129,Dược động học,Brivudin,Tegafur,Chống chỉ định,"Chất  chuyển  hóa của   brivudin   ức chế             enzym dihydropyrimidin e   dehydrogenase (DPD)   -   enzym chuyển            hóa
tegafur","Tăng      nồng      độ tegafur  trong  máu, dẫn  đến  tăng  nguy cơ độc tính",Chống chỉ định phối hợp. Chỉ bắt  đầu  sử  dụng  tegafur  sau khi  ngừng  brivudin  ít  nhất  4 tuần.,Quyết định 5948/BYT
130,Dược lực học,Bromocriptin,Metoclopramid,Chống chỉ định,Đối    kháng    tác dụng của nhau,Giảm  hiệu  quả  của cả hai thuốc,Chống chỉ định phối hợp,Quyết định 5948/BYT
131,Dược lực học,Bromocriptin,Sulpirid,Chống chỉ định,Đối    kháng    tác dụng của nhau,Giảm  hiệu  quả  của cả hai thuốc,Chống chỉ định phối hợp,Quyết định 5948/BYT
132,Dược lực học,Bupropion,Linezolid,Chống chỉ định có điều kiện,Hiệp    đồng    tác dụng serotonin,"Tăng  nguy  cơ  hội chứng       serotonin (sốt   cao,   rối   loạn nhận     thức,     tăng phản  xạ,  mất  phối hợp,  rung  giật  cơ, cứng   cơ,   co   giật, nhịp    tim    nhanh, tăng huyết áp, tăng thân  nhiệt,  vã  mồ hôi,  ảo  giác,  kích động     hoặc     bồn chồn…)","1. Cố gắng tránh sử dụng đồng thời  linezolid  và  bupropion. Tốt nhất các thuốc này nên sử dụng  cách  nhau  2  tuần.  Cân nhắc thay đổi sang các thuốc nhóm  khác  có  cùng  chỉ  định và  ít  có  nguy  cơ  tương  tác hơn.
2.  Trong  hợp  không  thể  trì hoãn điều trị được 2 tuần, bắt buộc  sử  dụng  dài  ngày  hoặc khẩn  cấp  bằng  linezolid  và không có thuốc khác thay thế, cân  bằng  lợi  ích  và  nguy  cơ xảy  ra  hội  chứng  serotonin. Nếu lợi ích vượt trội nguy cơ, vẫn có thể sử dụng đồng thời nhưng  cần  giám  sát  chặt  chẽ chặt  chẽ  bệnh  nhân,  đặc  biệt trong tháng đầu tiên sử dụng
đồng thời 2 thuốc.",Quyết định 5948/BYT
133,Dược lực học,Bupropion,Xanh methylen (sử dụng đường tiêm tĩnh mạch),Chống chỉ định có điều kiện,Hiệp    đồng    tác dụng serotonin,"Tăng  nguy  cơ  hội chứng       serotonin (sốt   cao,   rối   loạn nhận     thức,     tăng phản  xạ,  mất  phối hợp,  rung  giật  cơ, cứng   cơ,   co   giật, nhịp    tim    nhanh, tăng huyết áp, tăng thân  nhiệt,  vã  mồ
hôi,  ảo  giác,  kích động     hoặc     bồn chồn…)","1. Cố gắng tránh sử dụng đồng thời     xanh     methylen     và bupropion. Tốt nhất các thuốc này nên sử dụng cách nhau 2 tuần. Cân nhắc thay đổi sang các thuốc nhóm khác có cùng chỉ  định  và  ít  có  nguy  cơ tương             tác             hơn.
2.  Trong  hợp  không  thể  trì hoãn điều trị được 2 tuần, bắt buộc  sử  dụng  dài  ngày  hoặc khẩn cấp bằng xanh methylen và không có thuốc khác thay thế, cân bằng lợi ích và nguy cơ xảy ra hội chứng serotonin. Nếu lợi ích vượt trội nguy cơ, vẫn có thể sử dụng đồng thời nhưng  cần  giám  sát  chặt  chẽ chặt  chẽ  bệnh  nhân,  đặc  biệt trong tháng đầu tiên sử dụng đồng thời 2 thuốc.",Quyết định 5948/BYT
134,Dược lực học,Bupropion,Furazolidon,Chống chỉ định có điều kiện,"Hiệp    đồng    tác dụng     serotonin. Tác  dụng  ức  chế MAO              của
furazolidon      do chất  chuyển  hóa của   thuốc,   xuất hiện chậm sau 5 - 10 ngày.","Tăng  nguy  cơ  hội chứng       serotonin (sốt   cao,   rối   loạn nhận     thức,     tăng phản  xạ,  mất  phối hợp,  rung  giật  cơ, cứng   cơ,   co   giật, nhịp    tim    nhanh, tăng huyết áp, tăng thân  nhiệt,  vã  mồ hôi,  ảo  giác,  kích động     hoặc     bồn chồn…)","1. Cố gắng tránh sử dụng đồng thời          furazolidon          và bupropion. Tốt nhất các thuốc này nên sử dụng cách nhau 2 tuần. Cân nhắc thay đổi sang các thuốc nhóm khác có cùng chỉ  định  và  ít  có  nguy  cơ tương             tác             hơn.
2.  Trong  hợp  không  thể  trì hoãn điều trị được 2 tuần, bắt buộc  sử  dụng  dài  ngày  hoặc khẩn cấp bằng furazolidon và không có thuốc khác thay thế, cân  bằng  lợi  ích  và  nguy  cơ xảy  ra  hội  chứng  serotonin. Nếu lợi ích vượt trội nguy cơ, vẫn có thể sử dụng đồng thời nhưng  cần  giám  sát  chặt  chẽ chặt  chẽ  bệnh  nhân,  đặc  biệt
trong tháng đầu tiên sử dụng đồng thời 2 thuốc.",Quyết định 5948/BYT
135,Dược lực học,Calci clorid,Ceftriaxon,Chống chỉ định có điều kiện,Hình    thành    tủa calci  -  ceftriaxon tại   mô   phổi   và thận    khi    dùng đồng  thời  đường tĩnh mạch ở trẻ sơ sinh,"Tạo kết tủa tại phổi và thận, có thể dẫn đến tử vong ở trẻ sơ sinh","1.  Chống  chỉ  định  sử  dụng đồng thời ở trẻ sơ sinh (< 28 ngày                                tuổi).
2.   Ở   các   đối   tượng   khác, không    trộn    lẫn    calci    và ceftriaxon trong cùng 1 đường truyền,  dùng  2  thuốc  theo  2 đường truyền tại 2 vị trí khác nhau hoặc dùng lần lượt từng thuốc  sau  đó  khi  tráng  rửa đường truyền bằng dung môi tương hợp.",Quyết định 5948/BYT
136,Dược động học,Calci glubionat,Ceftriaxon,Chống chỉ định có điều kiện,Hình thành tủa calci  -  ceftriaxon tại mô phổi và thận khi dùng đồng  thời  đường tĩnh mạch ở trẻ sơ sinh,"Tạo kết tủa tại phổi và thận, có thể dẫn đến tử vong ở trẻ sơ sinh","1.  Chống  chỉ  định  sử  dụng đồng thời ở trẻ sơ sinh (< 28 ngày tuổi).
2.   Ở   các   đối   tượng   khác, không    trộn    lẫn    calci    và ceftriaxon trong cùng 1 đường truyền,  dùng  2  thuốc  theo  2 đường truyền tại 2 vị trí khác nhau hoặc dùng lần lượt từng thuốc  sau  đó  khi  tráng  rửa đường truyền bằng dung môi tương hợp.",Quyết định 5948/BYT
137,Dược động học,Calci gluconat,Ceftriaxon,Chống chỉ định có điều kiện,Hình thành tủa calci  -  ceftriaxon tại mô phổi và thận khi dùng đồng  thời  đường tĩnh mạch ở trẻ sơ sinh,"Tạo kết tủa tại phổi và thận, có thể dẫn đến tử vong ở trẻ sơ sinh","1.  Chống  chỉ  định  sử  dụng đồng thời ở trẻ sơ sinh (< 28 ngày tuổi).
2.   Ở   các   đối   tượng   khác, không    trộn    lẫn    calci    và ceftriaxon trong cùng 1 đường truyền,  dùng  2  thuốc  theo  2 đường truyền tại 2 vị trí khác nhau hoặc dùng lần lượt từng thuốc  sau  đó  khi  tráng  rửa đường truyền bằng dung môi tương hợp.",Quyết định 5948/BYT
138,Dược lực học,Captopril,Sacubitril/valsartan (sacubitril),Chống chỉ định,Tăng     tích     lũy bradykinin      gây phù mạch,Tăng  nguy  cơ  phù mạch,Chống chỉ định phối hợp. Chỉ bắt đầu sử dụng Sacubitril/valsartan (sacubitril) sau khi ngừng captopril ít nhất 36 giờ.,Quyết định 5948/BYT
139,Dược lực học,Carbamazepin,Linezolid,Chống chỉ định có điều kiện,Hiệp đồng tác dụng serotonin,"Tăng  nguy  cơ  hội chứng       serotonin (sốt   cao,   rối   loạn nhận     thức,     tăng phản  xạ,  mất  phối hợp,  rung  giật  cơ, cứng   cơ,   co   giật, nhịp    tim    nhanh, tăng huyết áp, tăng thân  nhiệt,  vã  mồ hôi,  ảo  giác,  kích động     hoặc     bồn chồn…)","1. Cố gắng tránh sử dụng đồng thời linezolid và carbamazepin.  Tốt  nhất  các thuốc  này  nên  sử  dụng  cách nhau  2  tuần.  Cân  nhắc  thay đổi sang các thuốc nhóm khác có cùng chỉ định và ít có nguy cơ tương tác hơn.
2.  Trong  hợp  không  thể  trì hoãn điều trị được 2 tuần, bắt buộc  sử  dụng  dài  ngày  hoặc khẩn  cấp  bằng  linezolid  và không có thuốc khác thay thế, cân  bằng  lợi  ích  và  nguy  cơ xảy  ra  hội  chứng  serotonin. Nếu lợi ích vượt trội nguy cơ, vẫn có thể sử dụng đồng thời nhưng  cần  giám  sát  chặt  chẽ chặt  chẽ  bệnh  nhân,  đặc  biệt trong tháng đầu tiên sử dụng
đồng thời 2 thuốc.",Quyết định 5948/BYT
140,Dược lực học,Carbamazepin,Xanh methylen (sử dụng đường tiêm tĩnh mạch),Chống chỉ định có điều kiện,Hiệp đồng tác dụng serotonin,"Tăng  nguy  cơ  hội chứng       serotonin (sốt   cao,   rối   loạn nhận     thức,     tăng phản  xạ,  mất  phối hợp,  rung  giật  cơ, cứng   cơ,   co   giật, nhịp    tim    nhanh, tăng huyết áp, tăng thân  nhiệt,  vã  mồ hôi,  ảo  giác,  kích động     hoặc     bồn chồn…)","1. Cố gắng tránh sử dụng đồng thời xanh methylen và carbamazepin.  Tốt  nhất  các thuốc  này  nên  sử  dụng  cách nhau  2  tuần.  Cân  nhắc  thay đổi sang các thuốc nhóm khác có cùng chỉ định và ít có nguy cơ tương        tác hơn.
2.  Trong  hợp  không  thể  trì hoãn điều trị được 2 tuần, bắt buộc  sử  dụng  dài  ngày  hoặc khẩn cấp bằng xanh methylen và không có thuốc khác thay thế, cân bằng lợi ích và nguy cơ xảy ra hội chứng serotonin. Nếu lợi ích vượt trội nguy cơ, vẫn có thể sử dụng đồng thời nhưng  cần  giám  sát  chặt  chẽ chặt  chẽ  bệnh  nhân,  đặc  biệt trong tháng đầu tiên sử dụng đồng thời 2 thuốc.",Quyết định 5948/BYT
141,Dược động học,Carbamazepin,Praziquantel,Chống chỉ định,Carbamazepin cảm ứng CYP3A4 mạnh làm  tăng  chuyển hóa của praziquantel,"Giảm  nồng  độ  của praziquantel    trong huyết    thanh,    dẫn đến  giảm  hiệu  quả điều trị",Chống chỉ định phối hợp.,Quyết định 5948/BYT
142,Dược động học,Carbamazepin,Rilpivirin,Chống chỉ định,Carbamazepin cảm ứng CYP3A4 mạnh làm  tăng  chuyển hóa của rilpivirin,"Giảm  nồng  độ  của rilpivirin         trong huyết    thanh,    dẫn đến  giảm  hiệu  quả
điều trị",Chống chỉ định phối hợp.,Quyết định 5948/BYT
143,Dược động học,Carbamazepin,Voriconazol,Chống chỉ định,Carbamazepin cảm ứng CYP3A4     mạnh làm  tăng  chuyển hóa của voriconazol,"Giảm  nồng  độ  của voriconazol     trong huyết    thanh,    dẫn đến  giảm  hiệu  quả điều trị",Chống chỉ định phối hợp.,Quyết định 5948/BYT
144,Dược động học,Carbamazepin,Daclatasvir,Chống chỉ định,Carbamazepin cảm ứng CYP3A4 mạnh làm  tăng  chuyển hóa của daclatasvir,"Giảm  nồng  độ  của daclatasvir      trong huyết    thanh,    dẫn đến  giảm  hiệu  quả điều trị",Chống chỉ định phối hợp.,Quyết định 5948/BYT
145,Dược động học,Carbamazepin,Delamanid,Chống chỉ định,Carbamazepin cảm ứng CYP3A4 mạnh làm  tăng  chuyển hóa của delamanid,"Giảm  nồng  độ  của delamanid       trong huyết    thanh,    dẫn đến  giảm  hiệu  quả điều trị",Chống chỉ định phối hợp.,Quyết định 5948/BYT
146,Dược động học,Carbamazepin,Grazoprevir/ elbasvir,Chống chỉ định,Carbamazepin cảm ứng CYP3A4 mạnh làm  tăng  chuyển hóa của Grazoprevir/elbasvir,"Giảm nồng độ grazoprevir/elbasvir trong huyết thanh, dẫn  đến  giảm  hiệu quả điều trị",Chống chỉ định phối hợp.,Quyết định 5948/BYT
147,Dược động học,Carbamazepin,Ranolazin,Chống chỉ định,"Carbamazepin cảm                ứng
CYP3A4 và P-gp làm  tăng  chuyển hóa của ranolazin và   thải   trừ   của ranolazin.","Giảm nồng độ ranolazin trong huyết   thanh,   giảm hiệu quả điều trị",Chống chỉ định phối hợp,Quyết định 5948/BYT
148,Dược lực học,Carbamazepin,Furazolidon,Chống chỉ định có điều kiện,"Hiệp    đồng    tác dụng     serotonin. Tác  dụng  ức  chế MAO              của
furazolidon      do chất  chuyển  hóa của   thuốc,   xuất hiện chậm sau 5 - 10 ngày.","Tăng  nguy  cơ  hội chứng       serotonin (sốt   cao,   rối   loạn nhận     thức,     tăng phản  xạ,  mất  phối hợp,  rung  giật  cơ, cứng   cơ,   co   giật, nhịp    tim    nhanh, tăng huyết áp, tăng thân  nhiệt,  vã  mồ hôi,  ảo  giác,  kích động     hoặc     bồn chồn…)","1. Cố gắng tránh sử dụng đồng thời          furazolidon          và carbamazepin.  Tốt  nhất  các thuốc  này  nên  sử  dụng  cách nhau  2  tuần.  Cân  nhắc  thay đổi sang các thuốc nhóm khác có cùng chỉ định và ít có nguy cơ        tương        tác        hơn.
2.  Trong  hợp  không  thể  trì hoãn điều trị được 2 tuần, bắt buộc  sử  dụng  dài  ngày  hoặc khẩn cấp bằng furazolidon và không có thuốc khác thay thế, cân  bằng  lợi  ích  và  nguy  cơ xảy  ra  hội  chứng  serotonin. Nếu lợi ích vượt trội nguy cơ, vẫn có thể sử dụng đồng thời nhưng  cần  giám  sát  chặt  chẽ chặt  chẽ  bệnh  nhân,  đặc  biệt trong tháng đầu tiên sử dụng
đồng thời 2 thuốc.",Quyết định 5948/BYT
149,Dược động học,Carvedilol,Colchicin,Chống chỉ định có điều kiện,Carvedilol ức chế P-gp    làm    giảm thải trừ colchicin.,"Tăng      nồng      độ colchicin         trong huyết   thanh,   tăng nguy  cơ  tác  dụng độc tính (tiêu chảy, nôn, đau bụng, sốt, xuất huyết, giảm cả ba dòng tế bào máu, các   dấu   hiệu   độc tính trên cơ như đau cơ, mỏi cơ hoặc yếu cơ,  nước  tiểu  sẫm màu, dị cảm, trường hợp nặng có thể gây
suy  đa  tạng  và  tử vong).","1. Chống chỉ định ở bệnh nhân suy    gan    hoặc    suy    thận.
2.  Ở  bệnh  nhân  chức  năng gan,  thận  bình  thường:  nên tránh phối hợp. Nếu phối hợp: giảm liều colchicin. Dùng liều tiếp  theo  của  colchicin  sau  3 ngày.  Theo  dõi  nguy  cơ  độc tính của colchicin.",Quyết định 5948/BYT
150,Dược lực học,Ceftriaxon,Dung     dịch nuôi   dưỡng đường    tĩnh mạch    chứa calci,Chống chỉ định có điều kiện,Hình    thành    tủa calci  -  ceftriaxon tại   mô   phổi   và thận khi  dùng đồng  thời  đường tĩnh mạch ở trẻ sơ sinh,"Tạo kết tủa tại phổi và thận, có thể dẫn đến tử vong ở trẻ sơ sinh","1.  Chống  chỉ  định  sử  dụng đồng thời ở trẻ sơ sinh (< 28 ngày tuổi).
2.   Ở   các   đối   tượng   khác, không    trộn    lẫn    calci    và ceftriaxon trong cùng 1 đường truyền,  dùng  2  thuốc  theo  2 đường truyền tại 2 vị trí khác nhau hoặc dùng lần lượt từng thuốc  sau  đó  khi  tráng  rửa đường truyền bằng dung môi tương hợp.",Quyết định 5948/BYT
151,Dược lực học,Ceftriaxon,Ringer Lactat,Chống chỉ định có điều kiện,Hình    thành    tủa calci  -  ceftriaxon tại   mô   phổi   và thận    khi    dùng đồng  thời  đường tĩnh mạch ở trẻ sơ sinh,"Tạo kết tủa tại phổi và thận, có thể dẫn đến tử vong ở trẻ sơ sinh","1.  Chống  chỉ  định  sử  dụng đồng thời ở trẻ sơ sinh (< 28 ngày                                tuổi).
2.   Ở   các   đối   tượng   khác, không    trộn    lẫn    calci    và ceftriaxon trong cùng 1 đường truyền,  dùng  2  thuốc  theo  2 đường truyền tại 2 vị trí khác nhau hoặc dùng lần lượt từng thuốc  sau  đó  khi  tráng  rửa
đường truyền bằng dung môi tương hợp.",Quyết định 5948/BYT
152,Dược lực học,Celecoxib,Ketorolac,Chống chỉ định,Hiệp    đồng    tác dụng    kích    ứng đường tiêu hóa,"Tăng  nguy  cơ  xuất huyết      tiêu      hóa nghiêm   trọng   (sử dụng     đồng     thời ketorolac     với     1 NSAID   khác   làm tăng  nguy  cơ  xuất huyết tiêu hóa gấp 5 lần so với phối hợp
2 NSAID khác)",Chống chỉ định phối hợp. Cần đặc biệt lưu ý nguy cơ tương tác trong trường hợp giảm đau hậu phẫu.,Quyết định 5948/BYT
153,Dược động học,Ciclosporin,Pitavastatin,Chống chỉ định,Ciclosporin ức chế OATP1B1 làm  giảm vận chuyển pitavastatin vào gan.,"Tăng      nồng      độ pitavastatin     trong huyết   thanh,   tăng nguy   cơ   bệnh   cơ hoặc tiêu cơ vân cấp","Chống   chỉ   định   phối   hợp. Cân  nhắc  thay  đổi  sang  các thuốc nhóm khác có cùng chỉ định  và  ít  có  nguy  cơ  tương tác hơn: thay pitavastatin bằng fluvastatin      (tối      đa      20 mg/ngày),  pravastatin (tối đa 20 mg/ngày), rosuvastatin (tối
đa 5 mg/ngày).",Quyết định 5948/BYT
154,Dược động học,Ciclosporin,Lovastatin,Chống chỉ định,Ciclosporin ức chế CYP3A4 làm giảm  chuyển  hóa của lovastatin; ciclosporin   cũng ức chế cả OATP1B1 làm giảm  vận  chuyển lovastatin vào gan.,"Tăng      nồng      độ lovastatin        trong huyết   thanh,   tăng nguy   cơ   bệnh   cơ hoặc tiêu cơ vân cấp","Chống   chỉ   định   phối   hợp. Trong trường hợp bắt buộc sử dụng   dẫn   chất   statin,   thay lovastatin    bằng    fluvastatin (tối      đa      20      mg/ngày), pravastatin      (tối      đa      20 mg/ngày), rosuvastatin (tối đa 5 mg/ngày).",Quyết định 5948/BYT
155,Dược động học,Ciclosporin,Simvastatin,Chống chỉ định,Ciclosporin      ức chế CYP3A4 làm giảm  chuyển  hóa của simvastatin; ciclosporin   cũng ức chế cả OATP1B1 làm giảm  vận  chuyển simvastatin vào gan.,"Tăng      nồng      độ simvastatin     trong huyết   thanh,   tăng nguy   cơ   bệnh   cơ hoặc tiêu cơ vân cấp","Chống   chỉ   định   phối   hợp. Trong trường hợp bắt buộc sử dụng   dẫn   chất   statin,   thay simvastatin   bằng   fluvastatin (tối đa 20mg/ngày), pravastatin (tối đa 20 mg/ngày), rosuvastatin (tối đa 5 mg/ngày).",Quyết định 5948/BYT
156,Dược động học,Ciclosporin,Colchicin,Chống chỉ định có điều kiện,Ciclosporin      ức chế     P-gp     làm giảm     thải     trừ colchicin.,"Tăng      nồng      độ colchicin         trong huyết   thanh,   tăng nguy  cơ  tác  dụng độc tính (tiêu chảy, nôn, đau bụng, sốt, xuất huyết, giảm cả ba dòng tế bào máu, các   dấu   hiệu   độc tính trên cơ như đau cơ, mỏi cơ hoặc yếu cơ,  nước  tiểu  sẫm màu, dị cảm, trường hợp nặng có thể gây suy  đa  tạng  và  tử
vong).","1. Chống chỉ định ở bệnh nhân suy    gan    hoặc    suy    thận.
2.  Ở  bệnh  nhân  chức  năng gan,  thận  bình  thường:  nên tránh phối hợp. Nếu phối hợp: giảm liều colchicin. Dùng liều tiếp  theo  của  colchicin  sau  3 ngày.  Theo  dõi  nguy  cơ  độc tính của colchicin.",Quyết định 5948/BYT
157,Dược động học,Ciclosporin,Lercanidipin,Chống chỉ định,"Ciclosporin      ức chế CYP3A4 làm giảm  chuyển  hóa của    lercanidipin và     ngược     lại, lercanidipin      ức chế yếu CYP3A4 làm  giảm  chuyển hóa ciclosporin.","Tăng      nồng      độ ciclosporin,      tăng nồng                    độ
lercanidipin    trong huyết   thanh,   tăng nguy cơ hạ huyết áp nghiêm trọng",Chống chỉ định phối hợp,Quyết định 5948/BYT
158,Dược động học,Ciclosporin,Grazoprevir/ elbasvir,Chống chỉ định,"Ciclosporin      ức chế   OATP1B1/3 làm     giảm     vận chuyển
grazoprevir     vào gan.","Tăng      nồng      độ grazoprevir/elbasvi r, tăng nguy cơ tăng ALT",Chống chỉ định phối hợp,Quyết định 5948/BYT
159,Dược lực học,Cilostazol,Domperidon,Chống chỉ định,Hiệp   đồng   tăng tác dụng,"Tăng  nguy  cơ  kéo dài    khoảng    QT, xoắn đỉnh",Chống chỉ định phối hợp.,Quyết định 5948/BYT
160,Dược lực học,Ciprofloxacin,Thioridazin,Chống chỉ định có điều kiện,Hiệp   đồng   tăng tác dụng,"Tăng  nguy  cơ  kéo dài    khoảng    QT, xoắn đỉnh","1. Chống chỉ định phối hợp ở các  bệnh  nhân  có  hội  chứng QT kéo dài do di truyền hoặc mắc phải.
2.  Trên  các  đối  tượng  bệnh nhân khác, tốt nhất nên tránh phối hợp các thuốc này. Trong trường hợp cần thiết phối hợp, cần  đánh  giá  cẩn  thận  nguy cơ/lợi ích và lượng giá các yếu tố  nguy  cơ  trên  từng  bệnh nhân, đặc biệt là rối loạn điện giải  (hạ  kali  máu,  hạ  magie máu, hạ calci máu), nhịp tim chậm, nữ giới trước khi quyết định kê đơn.",Quyết định 5948/BYT
161,Dược động học,Ciprofloxacin,Tizanidin,Chống chỉ định,Ciprofloxacin   ức chế         CYP1A2 mạnh   làm   giảm chuyển   hóa   của tizanidin,"Tăng  nồng  độ  của tizanidin         trong huyết   thanh,   tăng nguy  cơ  tác  dụng bất lợi (hạ huyết áp, buồn ngủ, nhịp tim
chậm...)",Chống chỉ định phối hợp,Quyết định 5948/BYT
162,Dược động học,Ciprofloxacin,Duloxetin,Chống chỉ định,Ciprofloxacin   ức chế         CYP1A2 mạnh   làm   giảm chuyển   hóa   của duloxetin,"Tăng  nồng  độ  của duloxetin trong huyết thanh, tăng nguy  cơ  tác  dụng không  mong  muốn (buồn ngủ, hôn mê, hội chứng serotonin, co giật, nôn và nhịp tim nhanh...)",Chống chỉ định phối hợp,Quyết định 5948/BYT
163,Dược lực học,Ciprofloxacin,Domperidon,Chống chỉ định,Hiệp   đồng   tăng tác dụng,"Tăng nguy cơ kéo dài khoảng QT, xoắn đỉnh",Chống chỉ định phối hợp.,Quyết định 5948/BYT
164,Dược lực học,Citalopram,Linezolid,Chống chỉ định có điều kiện,Hiệp đồng tác dụng serotonin,"Tăng  nguy  cơ  hội chứng       serotonin (sốt   cao,   rối   loạn nhận     thức,     tăng phản  xạ,  mất  phối hợp,  rung  giật  cơ, cứng   cơ,   co   giật, nhịp    tim    nhanh, tăng huyết áp, tăng thân  nhiệt,  vã  mồ hôi,  ảo  giác,  kích động     hoặc     bồn chồn…)","1. Cố gắng tránh sử dụng đồng thời  linezolid  và  citalopram. Tốt nhất các thuốc này nên sử dụng  cách  nhau  2  tuần.  Cân nhắc thay đổi sang các thuốc nhóm  khác  có  cùng  chỉ  định và  ít  có  nguy  cơ  tương  tác hơn.
2.  Trong  hợp  không  thể  trì hoãn điều trị được 2 tuần, bắt buộc  sử  dụng  dài  ngày  hoặc khẩn  cấp  bằng  linezolid  và không có thuốc khác thay thế, cân  bằng  lợi  ích  và  nguy  cơ xảy  ra  hội  chứng serotonin. Nếu lợi ích vượt trội nguy cơ, vẫn có thể sử dụng đồng thời nhưng  cần  giám  sát  chặt  chẽ chặt  chẽ  bệnh  nhân,  đặc  biệt trong tháng đầu tiên sử dụng đồng thời 2 thuốc.",Quyết định 5948/BYT
165,Dược lực học,Citalopram,Xanh methylen (sử dụng đường tiêm tĩnh mạch),Chống chỉ định,Hiệp    đồng    tác dụng serotonin,"Tăng  nguy  cơ  hội chứng serotonin (sốt   cao,   rối   loạn nhận     thức,     tăng phản  xạ,  mất  phối hợp,  rung  giật  cơ, cứng   cơ,   co   giật, nhịp    tim    nhanh, tăng huyết áp, tăng thân  nhiệt,  vã  mồ hôi,  ảo  giác,  kích động     hoặc     bồn chồn…)","1. Cố gắng tránh sử dụng đồng thời xanh methylen và carbamazepin.  Tốt  nhất  các thuốc  này  nên  sử  dụng  cách nhau  2  tuần.  Cân  nhắc  thay đổi sang các thuốc nhóm khác có cùng chỉ định và ít có nguy cơ tương tác hơn.
2.  Trong  hợp  không  thể  trì hoãn điều trị được 2 tuần, bắt buộc  sử  dụng  dài  ngày  hoặc khẩn cấp bằng xanh methylen và không có thuốc khác thay thế, cân bằng lợi ích và nguy cơ xảy ra hội chứng serotonin. Nếu lợi ích vượt trội nguy cơ, vẫn có thể sử dụng đồng thời nhưng  cần  giám  sát  chặt  chẽ chặt  chẽ  bệnh  nhân,  đặc  biệt trong tháng đầu tiên sử dụng đồng thời 2 thuốc.",Quyết định 5948/BYT
166,Dược lực học,Citalopram,Thioridazin,Chống chỉ định có điều kiện,Hiệp đồng tăng tác dụng,"Tăng  nguy  cơ  kéo dài    khoảng    QT, xoắn đỉnh","1. Chống chỉ định phối hợp ở các  bệnh  nhân  có  hội  chứng QT kéo dài do di truyền hoặc mắc phải.
2.  Trên  các  đối  tượng  bệnh nhân khác, tốt nhất nên tránh phối hợp các thuốc này. Trong trường hợp cần thiết phối hợp, cần  đánh  giá  cẩn  thận  nguy cơ/lợi ích và lượng giá các yếu tố  nguy  cơ  trên  từng  bệnh nhân, đặc biệt là rối loạn điện giải  (hạ  kali  máu,  hạ  magie máu, hạ calci máu), nhịp tim chậm, nữ giới trước khi quyết định kê đơn.",Quyết định 5948/BYT
167,Dược lực học,Citalopram,Moxifloxacin,Chống chỉ định có điều kiện,Hiệp đồng tăng tác dụng,"Tăng  nguy  cơ  kéo dài    khoảng    QT, xoắn đỉnh","1. Chống chỉ định phối hợp ở các  bệnh  nhân  có  hội  chứng QT kéo dài do di truyền hoặc mắc phải.
2.  Trên  các  đối  tượng  bệnh nhân khác, tốt nhất nên tránh phối hợp các thuốc này. Trong trường hợp cần thiết phối hợp, cần  đánh  giá  cẩn  thận  nguy cơ/lợi ích và lượng giá các yếu tố  nguy  cơ  trên  từng  bệnh nhân, đặc biệt là rối loạn điện giải  (hạ  kali  máu,  hạ  magie máu, hạ calci máu), nhịp tim chậm, nữ giới trước khi quyết định kê đơn.",Quyết định 5948/BYT
168,Dược lực học,Citalopram,Clorpromazin,Chống chỉ định có điều kiện,Hiệp đồng tăng tác dụng,"Tăng nguy cơ kéo dài khoảng QT, xoắn đỉnh","1. Chống chỉ định phối hợp ở các  bệnh  nhân  có  hội  chứng QT kéo dài do di truyền hoặc mắc phải.
2.  Trên  các  đối  tượng  bệnh nhân khác, tốt nhất nên tránh phối hợp các thuốc này. Trong trường hợp cần thiết phối hợp, cần  đánh  giá  cẩn  thận  nguy cơ/lợi ích và lượng giá các yếu tố  nguy  cơ  trên  từng  bệnh nhân, đặc biệt là rối loạn điện giải  (hạ  kali  máu,  hạ  magie máu, hạ calci máu), nhịp tim chậm, nữ giới trước khi quyết
định kê đơn.",Quyết định 5948/BYT
169,Dược lực học,Citalopram,Domperidon,Chống chỉ định,Hiệp đồng tăng tác dụng,"Tăng nguy cơ kéo dài khoảng QT, xoắn đỉnh",Chống chỉ định phối hợp.,Quyết định 5948/BYT
170,Dược lực học,Citalopram,Fluconazol,Chống chỉ định có điều kiện,Hiệp đồng tăng tác dụng,"Tăng nguy cơ kéo dài khoảng QT, xoắn đỉnh","1. Chống chỉ định phối hợp ở các  bệnh  nhân  có  hội  chứng QT kéo dài do di truyền hoặc mắc  phải.
2.  Trên  các  đối  tượng  bệnh nhân khác, tốt nhất nên tránh phối hợp các thuốc này. Trong trường hợp cần thiết phối hợp, cần  đánh  giá  cẩn  thận  nguy cơ/lợi ích và lượng giá các yếu tố  nguy  cơ  trên  từng  bệnh nhân, đặc biệt là rối loạn điện giải  (hạ  kali  máu,  hạ  magie máu, hạ calci máu), nhịp tim chậm, nữ giới trước khi quyết định kê đơn.",Quyết định 5948/BYT
171,Dược lực học,Citalopram,Haloperidol,Chống chỉ định có điều kiện,Hiệp đồng tăng tác dụng,"Tăng nguy cơ kéo dài khoảng QT, xoắn đỉnh","1. Chống chỉ định phối hợp ở các  bệnh  nhân  có  hội  chứng QT kéo dài do di truyền hoặc mắc phải.
2.  Trên  các  đối  tượng  bệnh nhân khác, tốt nhất nên tránh phối hợp các thuốc này. Trong trường hợp cần thiết phối hợp, cần  đánh  giá  cẩn  thận  nguy cơ/lợi ích và lượng giá các yếu tố  nguy  cơ  trên  từng  bệnh nhân, đặc biệt là rối loạn điện giải  (hạ  kali  máu,  hạ  magie máu, hạ calci máu), nhịp tim chậm, nữ giới trước khi quyết định kê đơn.",Quyết định 5948/BYT
172,Dược lực học,Citalopram,Sotalol,Chống chỉ định có điều kiện,Hiệp đồng tăng tác dụng,"Tăng nguy cơ kéo dài khoảng QT, xoắn đỉnh","1. Chống chỉ định phối hợp ở các  bệnh  nhân  có  hội  chứng QT kéo dài do di truyền hoặc mắc phải.
2.  Trên  các  đối  tượng  bệnh nhân khác, tốt nhất nên tránh phối hợp các thuốc này. Trong trường hợp cần thiết phối hợp, cần  đánh  giá  cẩn  thận  nguy cơ/lợi ích và lượng giá các yếu tố  nguy  cơ  trên  từng  bệnh nhân, đặc biệt là rối loạn điện giải  (hạ  kali  máu,  hạ  magie máu, hạ calci máu), nhịp tim chậm, nữ giới trước khi quyết định kê đơn.",Quyết định 5948/BYT
173,Dược lực học,Citalopram,Furazolidon,Chống chỉ định có điều kiện,"Hiệp    đồng    tác dụng     serotonin. Tác  dụng  ức  chế MAO              của
furazolidon      do chất  chuyển  hóa của   thuốc,   xuất hiện chậm sau 5 - 10 ngày.","Tăng  nguy  cơ  hội chứng       serotonin (sốt   cao,   rối   loạn nhận     thức,     tăng phản  xạ,  mất  phối hợp,  rung  giật  cơ, cứng   cơ,   co   giật, nhịp    tim    nhanh, tăng huyết áp, tăng thân  nhiệt,  vã  mồ hôi,  ảo  giác,  kích động     hoặc     bồn chồn…)","1. Cố gắng tránh sử dụng đồng thời furazolidon và citalopram. Tốt nhất các thuốc này nên sử dụng cách nhau 2 tuần. Cân nhắc thay đổi sang các thuốc nhóm khác có cùng chỉ  định  và  ít  có  nguy  cơ tương tác hơn.
2.  Trong  hợp  không  thể  trì hoãn điều trị được 2 tuần, bắt buộc  sử  dụng  dài  ngày  hoặc khẩn cấp bằng furazolidon và không có thuốc khác thay thế, cân  bằng  lợi  ích  và  nguy  cơ xảy  ra  hội  chứng  serotonin. Nếu lợi ích vượt trội nguy cơ, vẫn có thể sử dụng đồng thời nhưng  cần  giám  sát  chặt  chẽ chặt  chẽ  bệnh  nhân,  đặc  biệt trong tháng đầu tiên sử dụng đồng thời 2 thuốc.",Quyết định 5948/BYT
174,Dược lực học,Citalopram,Sparfloxacin,Chống chỉ định có điều kiện,Hiệp đồng tăng tác dụng,"Tăng nguy cơ kéo dài khoảng QT, xoắn đỉnh","1. Chống chỉ định phối hợp ở các  bệnh  nhân  có  hội  chứng QT kéo dài do di truyền hoặc mắc phải.
2.  Trên  các  đối  tượng  bệnh nhân khác, tốt nhất nên tránh phối hợp các thuốc này. Trong trường hợp cần thiết phối hợp, cần  đánh  giá  cẩn  thận  nguy cơ/lợi ích và lượng giá các yếu tố  nguy  cơ  trên  từng  bệnh nhân, đặc biệt là rối loạn điện giải  (hạ  kali  máu,  hạ  magie máu, hạ calci máu), nhịp tim chậm, nữ giới trước khi quyết định kê đơn.",Quyết định 5948/BYT
175,Dược lực học,Clarithromycin,Thioridazin,Chống chỉ định có điều kiện,Hiệp đồng tăng tác dụng,"Tăng nguy cơ kéo dài khoảng QT, xoắn đỉnh","1. Chống chỉ định phối hợp ở các  bệnh  nhân  có  hội  chứng QT kéo dài do di truyền hoặc mắc phải.
2.  Trên  các  đối  tượng  bệnh nhân khác, tốt nhất nên tránh phối hợp các thuốc này. Trong trường hợp cần thiết phối hợp, cần  đánh  giá  cẩn  thận  nguy cơ/lợi ích và lượng giá các yếu tố  nguy  cơ  trên  từng  bệnh nhân, đặc biệt là rối loạn điện giải  (hạ  kali  máu,  hạ  magie máu, hạ calci máu), nhịp tim chậm, nữ giới trước khi quyết định kê đơn.",Quyết định 5948/BYT
176,Dược lực học,Clarithromycin,Fluconazol,Chống chỉ định có điều kiện,Hiệp đồng tăng tác dụng,"Tăng nguy cơ kéo dài khoảng QT, xoắn đỉnh","1. Chống chỉ định phối hợp ở các  bệnh  nhân  có  hội  chứng QT kéo dài do di truyền hoặc mắc phải.
2.  Trên  các  đối  tượng  bệnh nhân khác, tốt nhất nên tránh phối hợp các thuốc này. Trong trường hợp cần thiết phối hợp, cần  đánh  giá  cẩn  thận  nguy cơ/lợi ích và lượng giá các yếu tố  nguy  cơ  trên  từng  bệnh nhân, đặc biệt là rối loạn điện giải  (hạ  kali  máu,  hạ  magie máu, hạ calci máu), nhịp tim chậm, nữ giới trước khi quyết định kê đơn.",Quyết định 5948/BYT
177,Dược lực học,Clarithromycin,Haloperidol,Chống chỉ định có điều kiện,Hiệp   đồng   tăng tác dụng,"Tăng nguy cơ kéo dài khoảng QT, xoắn đỉnh","1. Chống chỉ định phối hợp ở các  bệnh  nhân  có  hội  chứng QT kéo dài do di truyền hoặc mắc phải.
2.  Trên  các  đối  tượng  bệnh nhân khác, tốt nhất nên tránh phối hợp các thuốc này. Trong trường hợp cần thiết phối hợp, cần  đánh  giá  cẩn  thận  nguy cơ/lợi ích và lượng giá các yếu tố  nguy  cơ  trên  từng  bệnh giải  (hạ  kali  máu,  hạ  magie máu, hạ calci máu), nhịp tim chậm, nữ giới trước khi quyết định kê đơn.
nhân, đặc biệt là rối loạn điện",Quyết định 5948/BYT
178,Dược lực học,Clarithromycin,Piperaquin/ dihydroartemisinin (piperaquin),Chống chỉ định có điều kiện,Hiệp   đồng   tăng tác dụng,"Tăng nguy cơ kéo dài khoảng QT, xoắn đỉnh","1. Chống chỉ định phối hợp ở các  bệnh  nhân  có  hội  chứng QT kéo dài do di truyền hoặc mắc                                 phải.
2.  Trên  các  đối  tượng  bệnh nhân khác, tốt nhất nên tránh phối hợp các thuốc này. Trong trường hợp cần thiết phối hợp, cần  đánh  giá  cẩn  thận  nguy cơ/lợi ích và lượng giá các yếu tố  nguy  cơ  trên  từng  bệnh nhân, đặc biệt là rối loạn điện giải  (hạ  kali  máu,  hạ  magie máu, hạ calci máu), nhịp tim chậm, nữ giới trước khi quyết
định kê đơn.",Quyết định 5948/BYT
179,Dược động học,Clarithromycin,Lovastatin,Chống chỉ định,Clarithromycin ức  chế  CYP3A4 mạnh   làm   giảm chuyển   hóa   của lovastatin,"Tăng  nồng  độ  của lovastatin        trong huyết   thanh,   tăng nguy   cơ   bệnh   cơ hoặc tiêu cơ vân cấp","Chống   chỉ   định   phối   hợp. Cân  nhắc  thay  đổi  sang  các thuốc nhóm khác có cùng chỉ định  và  ít  có  nguy  cơ  tương tác                                    hơn:
- Trong trường hợp bắt  buộc sử dụng kháng sinh macrolid, thay     clarithromycin     bằng azithromycin                HOẶC
- Trong trường hợp bắt  buộc sử dụng dẫn chất statin, thay lovastatin  bằng  các  dẫn  chất statin    khác    (lưu    ý    liều pravastatin không vượt quá 40 mg/ngày,   fluvastatin   không vượt  quá  20  mg/ngày,  thận trọng    khi    phối    hợp    với
atorvastatin).",Quyết định 5948/BYT
180,Dược động học,Clarithromycin,Simvastatin,Chống chỉ định,Clarithromycin ức  chế  CYP3A4 mạnh   làm   giảm chuyển   hóa   của simvastatin,"Tăng  nồng  độ  của simvastatin     trong huyết   thanh,   tăng nguy   cơ   bệnh   cơ hoặc tiêu cơ vân cấp","Chống   chỉ   định   phối   hợp. Cân  nhắc  thay  đổi  sang  các thuốc nhóm khác có cùng chỉ định  và  ít  có  nguy  cơ  tương tác                                    hơn:
- Trong trường hợp bắt  buộc sử dụng kháng sinh macrolid, thay     clarithromycin     bằng azithromycin  HOẶC
- Trong trường hợp bắt  buộc sử dụng dẫn chất statin, thay simvastatin bằng các dẫn chất statin    khác    (lưu    ý    liều pravastatin không vượt quá 40 mg/ngày,   fluvastatin   không vượt  quá  20  mg/ngày,  thận trọng    khi    phối    hợp    với atorvastatin).",Quyết định 5948/BYT
181,Dược động học,Clarithromycin,Colchicin,Chống chỉ định có điều kiện,Clarithromycin ức chế mạnh CYP3A4 và ức chế P-gp  làm giảm  chuyển  hóa và thải trừ colchicin.,"Tăng      nồng      độ colchicin         trong huyết   thanh,   tăng nguy  cơ  tác  dụng độc tính (tiêu chảy, nôn, đau bụng, sốt, xuất huyết, giảm cả ba dòng tế bào máu, các   dấu   hiệu   độc tính trên cơ như đau cơ, mỏi cơ hoặc yếu cơ,  nước  tiểu  sẫm màu, dị cảm, trường hợp nặng có thể gây suy  đa  tạng  và  tử
vong).","1. Chống chỉ định ở bệnh nhân suy    gan    hoặc    suy    thận.
2.  Ở  bệnh  nhân  chức  năng gan,  thận  bình  thường:  nên tránh phối hợp. Nếu phối hợp: giảm liều colchicin. Dùng liều tiếp  theo  của  colchicin  sau  3 ngày.  Theo  dõi  nguy  cơ  độc tính của colchicin.",Quyết định 5948/BYT
182,Dược động học,Clarithromycin,Dihydroergotamin,Chống chỉ định,Clarithromycin ức  chế  CYP3A4 mạnh   làm   giảm chuyển   hóa   của dihydroergotamin,"Tăng  nồng  độ  của dihydroergotamin trong  huyết  thanh, tăng    nguy  cơ  độc tính (nôn, buồn nôn, hoại   tử   đầu   chi, thiếu máu cục bộ do co thắt mạch…)",Chống chỉ định phối hợp,Quyết định 5948/BYT
183,Dược động học,Clarithromycin,Ergotamin,Chống chỉ định,Clarithromycin ức  chế  CYP3A4 mạnh   làm   giảm chuyển   hóa   của ergotamin,"Tăng  nồng  độ  của ergotamin       trong huyết   thanh,   tăng nguy   cơ   độc   tính (nôn,    buồn    nôn, hoại   tử   đầu   chi, thiếu máu cục bộ do
co thắt mạch…)",Chống chỉ định phối hợp,Quyết định 5948/BYT
184,Dược động học,Clarithromycin,Ergometrin,Chống chỉ định,Clarithromycin ức  chế  CYP3A4 mạnh   làm   giảm chuyển   hóa   của ergometrin,"Tăng  nồng  độ  của ergometrin      trong huyết   thanh,   tăng nguy   cơ   độc   tính (nôn,    buồn    nôn, hoại   tử   đầu   chi, thiếu máu cục bộ do
co thắt mạch…)",Chống chỉ định phối hợp,Quyết định 5948/BYT
185,Dược động học,Clarithromycin,Methylergometrin,Chống chỉ định,Clarithromycin ức  chế  CYP3A4 mạnh   làm   giảm chuyển   hóa   của methylergometrin,"Tăng  nồng  độ  của methylergometrin trong  huyết  thanh, tăng    nguy  cơ  độc tính (nôn, buồn nôn, hoại   tử   đầu   chi, thiếu máu cục bộ do co thắt mạch…)",Chống chỉ định phối hợp,Quyết định 5948/BYT
186,Dược động học,Clarithromycin,Ivabradin,Chống chỉ định,Clarithromycin ức  chế  CYP3A4 mạnh   làm   giảm chuyển   hóa   của ivabradin,"Tăng      nồng      độ ivabradin        trong huyết   thanh,   tăng nguy   cơ   kéo   dài khoảng QT và chậm nhịp tim","Chống   chỉ   định   phối   hợp. Cân  nhắc  thay  đổi  sang  các thuốc nhóm khác có cùng chỉ định  và  ít  có  nguy  cơ  tương tác hơn: Trong trường hợp bắt buộc   sử   dụng   kháng   sinh macrolid, thay clarithromycin
bằng azithromycin.",Quyết định 5948/BYT
187,Dược động học,Clarithromycin,Ticagrelor,Chống chỉ định,Clarithromycin ức  chế  CYP3A4 mạnh   làm   giảm chuyển   hóa   của ticagrelor,"Tăng  nồng  độ  của ticagrelor        trong huyết   thanh,   tăng nguy cơ xuất huyết","Chống   chỉ   định   phối   hợp. Cân  nhắc  thay  đổi  sang  các thuốc nhóm khác có cùng chỉ định  và  ít  có  nguy  cơ  tương tác hơn: Trong trường hợp bắt buộc   sử   dụng   kháng   sinh macrolid, thay clarithromycin bằng azithromycin.",Quyết định 5948/BYT
188,Dược động học,Clarithromycin,Ranolazin,Chống chỉ định,Clarithromycin ức  chế  CYP3A4 mạnh   làm   giảm chuyển   hóa   của ranolazin,"Tăng      nồng      độ ranolazin         trong huyết   thanh,   tăng nguy   cơ   kéo   dài khoảng QT","Chống   chỉ   định   phối   hợp. Cân  nhắc  thay  đổi  sang  các thuốc nhóm khác có cùng chỉ định  và  ít  có  nguy  cơ  tương tác hơn: Trong trường hợp bắt buộc   sử   dụng   kháng   sinh macrolid, thay clarithromycin
bằng azithromycin.",Quyết định 5948/BYT
189,Dược động học,Clarithromycin,Tolvaptan,Chống chỉ định,Clarithromycin ức  chế  CYP3A4 mạnh   làm   giảm chuyển   hóa   của tolvaptan,"Tăng      nồng      độ tolvaptan         trong huyết   thanh,   tăng nguy  cơ  tác  dụng không  mong  muốn (tăng nồng độ natri huyết     thanh,     đa niệu,    khát    nước, giảm  thể  tích  tuần hoàn...)","Chống   chỉ   định   phối   hợp. Cân  nhắc  thay  đổi  sang  các thuốc nhóm khác có cùng chỉ định  và  ít  có  nguy  cơ  tương tác hơn: Trong trường hợp bắt buộc   sử   dụng   kháng   sinh macrolid, thay clarithromycin bằng azithromycin.",Quyết định 5948/BYT
190,Dược động học,Clarithromycin,Felodipin,Chống chỉ định,Clarithromycin ức  chế  CYP3A4 mạnh   làm   giảm chuyển   hóa   của felodipin,"Tăng nồng độ felodipin, tăng nguy cơ hạ huyết áp nghiêm trọng","Chống   chỉ   định   phối   hợp. Cân  nhắc  thay  đổi  sang  các thuốc nhóm khác có cùng chỉ định  và  ít  có  nguy  cơ  tương tác hơn: Trong trường hợp bắt buộc   sử   dụng   kháng   sinh macrolid, thay clarithromycin
bằng azithromycin.",Quyết định 5948/BYT
191,Dược động học,Clarithromycin,Lercanidipin,Chống chỉ định,Clarithromycin ức chế CYP3A4 mạnh làm giảm chuyển   hóa   của lercanidipin,"Tăng nồng độ lercanidipin, tăng nguy cơ hạ huyết áp nghiêm trọng","Chống   chỉ   định   phối   hợp. Cân  nhắc  thay  đổi  sang  các thuốc nhóm khác có cùng chỉ định  và  ít  có  nguy  cơ  tương tác hơn: Trong trường hợp bắt buộc   sử   dụng   kháng   sinh macrolid, thay clarithromycin bằng azithromycin.",Quyết định 5948/BYT
192,Dược động học,Clarithromycin,Quetiapin,Chống chỉ định,Clarithromycin ức  chế  CYP3A4 mạnh   làm   giảm chuyển   hóa   của quetiapin,"Tăng  nồng  độ  của quetiapin,         tăng nguy   cơ   kéo   dài khoảng QT","Chống   chỉ   định   phối   hợp. Cân  nhắc  thay  đổi  sang  các thuốc nhóm khác có cùng chỉ định  và  ít  có  nguy  cơ  tương tác hơn: Trong trường hợp bắt buộc   sử   dụng   kháng   sinh macrolid, thay clarithromycin
bằng azithromycin.",Quyết định 5948/BYT
193,Dược động học,Clarithromycin,Everolimus,Chống chỉ định,"Clarithromycin ức chế mạnh CP3A4  làm  giảm chuyển  hóa của everolimus ở gan, đồng thời, ức chế P-gp làm giảm thải trừ everolimus khỏi cơ thể.","Tăng      nồng      độ everolimus      trong huyết   thanh,   tăng tác dụng bất lợi liên quan   đến   ức   chế miễn dịch",Chống chỉ định phối hợp,Quyết định 5948/BYT
194,Dược động học,Clarithromycin,Saquinavir/ritonavir,Chống chỉ định có điều kiện,"Clarithromycin ức  chế  CYP3A4 và P-gp, làm giảm chuyển    hóa    và thải                  trừ
saquinavir. Saquinavir    cũng ức  chế  CYP3A4 làm  giảm  chuyển hóa                  của
clarithromycin.","Tăng      nồng      độ clarithromycin, tăng nồng độ saquinavir, tăng nguy cơ kéo dài khoảng QT và xoắn đỉnh.","1. Chống chỉ định phối hợp ở bệnh nhân có QTc > 450 ms và saquinavir ở dạng phối hợp ritonavir.
2. Trong trường hợp bắt buộc phối hợp, định kỳ đo điện tâm đồ mỗi 3-4 ngày. Nếu QTc > 480 ms hoặc tăng > 20 ms so với ban đầu, ngừng 1 trong 2 hoặc cả 2 thuốc.",Quyết định 5948/BYT
195,Dược lực học,Clarithromycin,Sparfloxacin,Chống chỉ định có điều kiện,Hiệp   đồng   tăng tác dụng,"Tăng  nguy  cơ  kéo dài    khoảng    QT, xoắn đỉnh","1. Chống chỉ định phối hợp ở các  bệnh  nhân  có  hội  chứng QT kéo dài do di truyền hoặc mắc                                 phải.
2.  Trên  các  đối  tượng  bệnh nhân khác, tốt nhất nên tránh phối hợp các thuốc này. Trong trường hợp cần thiết phối hợp, cần  đánh  giá  cẩn  thận  nguy cơ/lợi ích và lượng giá các yếu tố  nguy  cơ  trên  từng  bệnh nhân, đặc biệt là rối loạn điện giải  (hạ  kali  máu,  hạ  magie máu, hạ calci máu), nhịp tim chậm, nữ giới trước khi quyết
định kê đơn.",Quyết định 5948/BYT
196,Dược động học,Clarithromycin,Domperidon,Chống chỉ định,Clarithromycin ức  chế  CYP3A4 làm  giảm  chuyển hóa của domperidon,"Tăng      nồng      độ domperidon    trong huyết   thanh,   tăng nguy   cơ   kéo   dài khoảng QT",Chống chỉ định phối hợp,Quyết định 5948/BYT
197,Dược lực học,Clidinium,Kali clorid (dạng uống giải phóng kéo dài),Chống chỉ định có điều kiện,"Clidinium   kháng cholinergic     gây tồn  lưu  hoặc  làm tăng thời gian kali qua   đường   tiêu hóa  khi  sử  dụng đường  uống,  gây loét   đường   tiêu hóa",Tăng  nguy  cơ  loét tiêu hóa,"1.  Tốt  nhất  nên  tránh  phối hợp, đặc biệt ở người cao tuổi. Cân   nhắc   chuyển   sang   sử dụng  kali  đường  tĩnh  mạch.
2. Trong trường hợp bắt buộc sử  dụng  đồng  thời,  cân  nhắc một  số  khuyến  cáo  sau  giúp giảm nguy cơ loét tiêu hóa: (1) uống ít nhất 100 mL nước sau khi  uống  kali,  (2)  ngồi  hoặc đứng thẳng trong ít nhất 5 - 10 phút sau khi uống thuốc.",Quyết định 5948/BYT
198,Dược lực học,Clomipramin,Linezolid,Chống chỉ định có điều kiện,Hiệp    đồng    tác dụng serotonin,"Tăng  nguy  cơ  hội chứng       serotonin (sốt   cao,   rối   loạn nhận     thức,     tăng phản  xạ,  mất  phối hợp,  rung  giật  cơ, cứng   cơ,   co   giật, nhịp    tim    nhanh, tăng huyết áp, tăng thân  nhiệt,  vã  mồ hôi,  ảo  giác,  kích động     hoặc     bồn chồn…)","1. Cố gắng tránh sử dụng đồng thời linezolid và clomipramin. Tốt nhất các thuốc này nên sử dụng  cách  nhau  2  tuần.  Cân nhắc thay đổi sang các thuốc nhóm  khác  có  cùng  chỉ  định và  ít  có  nguy  cơ  tương  tác hơn.
2.  Trong  hợp  không  thể  trì hoãn điều trị được 2 tuần, bắt buộc  sử  dụng  dài  ngày  hoặc khẩn  cấp  bằng  linezolid  và không có thuốc khác thay thế, cân  bằng  lợi  ích  và  nguy  cơ xảy  ra  hội  chứng  serotonin. Nếu lợi ích vượt trội nguy cơ, vẫn có thể sử dụng đồng thời nhưng  cần  giám  sát  chặt  chẽ chặt  chẽ  bệnh  nhân,  đặc  biệt trong tháng đầu tiên sử dụng
đồng thời 2 thuốc.",Quyết định 5948/BYT
199,Dược lực học,Clomipramin,Xanh methylen (sử dụng đường tiêm tĩnh mạch),Chống chỉ định có điều kiện,Hiệp    đồng    tác dụng serotonin,"Tăng  nguy  cơ  hội chứng       serotonin (sốt   cao,   rối   loạn nhận     thức,     tăng phản  xạ,  mất  phối hợp,  rung  giật  cơ, cứng   cơ,   co   giật, nhịp    tim    nhanh, tăng huyết áp, tăng thân  nhiệt,  vã  mồ hôi,  ảo  giác,  kích động hoặc   bồn chồn…)","1. Cố gắng tránh sử dụng đồng thời xanh methylen     và pethidin.  Tốt  nhất  các  thuốc này nên sử dụng cách nhau 2 tuần. Cân nhắc thay đổi sang các thuốc nhóm khác có cùng chỉ  định  và  ít  có  nguy  cơ tương  tác  hơn.  Trong  trường hợp bắt buộc sử dụng opioid, có thể đổi sang các opiod khác không có hoạt tính ức chế thu hồi      serotonin      (morphin, codein, oxycodon, buprenorphin)
2.  Trong  hợp  không  thể  trì hoãn điều trị được 2 tuần, bắt buộc  sử  dụng  dài  ngày  hoặc khẩn cấp bằng xanh methylen và không có thuốc khác thay thế, cân bằng lợi ích và nguy cơ xảy ra hội chứng serotonin. Nếu lợi ích vượt trội nguy cơ, vẫn có thể sử dụng đồng thời nhưng  cần  giám  sát  chặt  chẽ chặt  chẽ  bệnh  nhân,  đặc  biệt trong tháng đầu tiên sử dụng đồng thời 2 thuốc.",Quyết định 5948/BYT
200,Dược lực học,Clomipramin,Furazolidon,Chống chỉ định có điều kiện,"Hiệp    đồng    tác dụng     serotonin. Tác  dụng  ức  chế MAO              của
furazolidon      do chất  chuyển  hóa của   thuốc,   xuất hiện chậm sau 5 - 10 ngày.","Tăng  nguy  cơ  hội chứng       serotonin (sốt   cao,   rối   loạn nhận     thức,     tăng phản  xạ,  mất  phối hợp,  rung  giật  cơ, cứng   cơ,   co   giật, nhịp    tim    nhanh, tăng huyết áp, tăng thân  nhiệt,  vã  mồ hôi,  ảo  giác,  kích động     hoặc     bồn chồn…)","1. Cố gắng tránh sử dụng đồng thời furazolidon và clomipramin.   Tốt   nhất   các thuốc  này  nên  sử  dụng  cách nhau  2  tuần.  Cân  nhắc  thay đổi sang các thuốc nhóm khác có cùng chỉ định và ít có nguy cơ        tương tác hơn.
2.  Trong  hợp  không  thể  trì hoãn điều trị được 2 tuần, bắt buộc  sử  dụng  dài  ngày  hoặc khẩn cấp bằng furazolidon và không có thuốc khác thay thế, cân  bằng  lợi  ích  và  nguy  cơ xảy  ra  hội  chứng  serotonin. Nếu lợi ích vượt trội nguy cơ, vẫn có thể sử dụng đồng thời nhưng  cần  giám  sát  chặt  chẽ chặt  chẽ  bệnh  nhân,  đặc  biệt trong tháng đầu tiên sử dụng đồng thời 2 thuốc.",Quyết định 5948/BYT
201,Dược lực học,Clonixin,Ketorolac,Chống chỉ định,Hiệp    đồng    tác dụng    kích    ứng đường tiêu hóa,"Tăng  nguy  cơ  xuất huyết      tiêu      hóa nghiêm   trọng   (sử dụng     đồng     thời ketorolac     với     1 NSAID   khác   làm tăng  nguy  cơ  xuất huyết tiêu hóa gấp 5 lần so với phối hợp
2 NSAID khác)",Chống chỉ định phối hợp. Cần đặc biệt lưu ý nguy cơ tương tác trong trường hợp giảm đau hậu phẫu.,Quyết định 5948/BYT
202,Dược lực học,Cloroquin,Thioridazin,Chống chỉ định có điều kiện,Hiệp   đồng   tăng tác dụng,"Tăng  nguy  cơ  kéo dài    khoảng    QT, xoắn đỉnh","1. Chống chỉ định phối hợp ở các  bệnh  nhân  có  hội  chứng QT kéo dài do di truyền hoặc mắc phải.
2.  Trên  các  đối  tượng  bệnh nhân khác, tốt nhất nên tránh phối hợp các thuốc này. Trong trường hợp cần thiết phối hợp, cần  đánh  giá  cẩn  thận  nguy cơ/lợi ích và lượng giá các yếu tố  nguy  cơ  trên  từng  bệnh nhân, đặc biệt là rối loạn điện giải  (hạ  kali  máu,  hạ  magie máu, hạ calci máu), nhịp tim chậm, nữ giới trước khi quyết định kê đơn",Quyết định 5948/BYT
203,Dược lực học,Cloroquin,Sparfloxacin,Chống chỉ định có điều kiện,Hiệp đồng tăng tác dụng,"Tăng  nguy  cơ  kéo dài    khoảng    QT, xoắn đỉnh","1. Chống chỉ định phối hợp ở các  bệnh  nhân  có  hội  chứng QT kéo dài do di truyền hoặc mắc                                 phải.
2.  Trên  các  đối  tượng  bệnh nhân khác, tốt nhất nên tránh phối hợp các thuốc này. Trong trường hợp cần thiết phối hợp, cần  đánh  giá  cẩn  thận  nguy cơ/lợi ích và lượng giá các yếu tố  nguy  cơ  trên  từng  bệnh nhân, đặc biệt là rối loạn điện giải  (hạ  kali  máu,  hạ  magie máu, hạ calci máu), nhịp tim chậm, nữ giới trước khi quyết
định kê đơn.",Quyết định 5948/BYT
204,Dược lực học,Cloroquin,Domperidon,Chống chỉ định,Hiệp đồng tăng tác dụng,"Tăng nguy cơ kéo dài khoảng QT, xoắn đỉnh",Chống chỉ định phối hợp.,Quyết định 5948/BYT
205,Dược lực học,Clorpromazin,Thioridazin,Chống chỉ định có điều kiện,Hiệp đồng tăng tác dụng,"Tăng nguy cơ kéo dài khoảng QT, xoắn đỉnh","1. Chống chỉ định phối hợp ở các  bệnh  nhân  có  hội  chứng QT kéo dài do di truyền hoặc mắc phải.
2.  Trên  các  đối  tượng  bệnh nhân khác, tốt nhất nên tránh phối hợp các thuốc này. Trong trường hợp cần thiết phối hợp, cần  đánh  giá  cẩn  thận  nguy cơ/lợi ích và lượng giá các yếu tố  nguy  cơ  trên  từng  bệnh nhân, đặc biệt là rối loạn điện giải  (hạ  kali  máu,  hạ  magie máu, hạ calci máu), nhịp tim chậm, nữ giới trước khi quyết định kê đơn.",Quyết định 5948/BYT
206,Dược lực học,Clorpromazin,Moxifloxacin,Chống chỉ định có điều kiện,Hiệp   đồng   tăng tác dụng,"Tăng nguy cơ kéo dài khoảng QT, xoắn đỉnh","1. Chống chỉ định phối hợp ở các  bệnh  nhân  có  hội  chứng QT kéo dài do di truyền hoặc mắc phải.
2.  Trên  các  đối  tượng  bệnh nhân khác, tốt nhất nên tránh phối hợp các thuốc này. Trong trường hợp cần thiết phối hợp, cần  đánh  giá  cẩn  thận  nguy cơ/lợi ích và lượng giá các yếu tố  nguy  cơ  trên  từng  bệnh nhân, đặc biệt là rối loạn điện giải  (hạ  kali  máu,  hạ  magie máu, hạ calci máu), nhịp tim chậm, nữ giới trước khi quyết định kê đơn.",Quyết định 5948/BYT
207,Dược lực học,Clorpromazin,Escitalopram,Chống chỉ định có điều kiện,Hiệp đồng tăng tác dụng,"Tăng  nguy cơ kéo dài khoảng  QT, xoắn đỉnh","1. Chống chỉ định phối hợp ở các  bệnh  nhân  có  hội  chứng QT kéo dài do di truyền hoặc mắc phải.
2.  Trên  các  đối  tượng  bệnh nhân khác, tốt nhất nên tránh phối hợp các thuốc này. Trong trường hợp cần thiết phối hợp, cần  đánh  giá  cẩn  thận  nguy cơ/lợi ích và lượng giá các yếu tố  nguy  cơ  trên  từng  bệnh nhân, đặc biệt là rối loạn điện giải  (hạ  kali  máu,  hạ  magie máu, hạ calci máu), nhịp tim chậm, nữ giới trước khi quyết định kê đơn.",Quyết định 5948/BYT
208,Dược lực học,Clorpromazin,Haloperidol,Chống chỉ định có điều kiện,Hiệp đồng tăng tác dụng,"Tăng  nguy cơ kéo dài khoảng  QT, xoắn đỉnh","1. Chống chỉ định phối hợp ở các  bệnh  nhân  có  hội  chứng QT kéo dài do di truyền hoặc mắc phải.
2.  Trên  các  đối  tượng  bệnh nhân khác, tốt nhất nên tránh phối hợp các thuốc này. Trong trường hợp cần thiết phối hợp, cần  đánh  giá  cẩn  thận  nguy cơ/lợi ích và lượng giá các yếu tố  nguy  cơ  trên  từng  bệnh nhân, đặc biệt là rối loạn điện giải  (hạ  kali  máu,  hạ  magie máu, hạ calci máu), nhịp tim chậm, nữ giới trước khi quyết định kê đơn.",Quyết định 5948/BYT
209,Dược lực học,Clorpromazin,Piperaquin/ dihydroartemisinin (piperaquin),Chống chỉ định có điều kiện,Hiệp đồng tăng tác dụng,"Tăng  nguy cơ kéo dài khoảng  QT, xoắn đỉnh","1. Chống chỉ định phối hợp ở các  bệnh  nhân  có  hội  chứng QT kéo dài do di truyền hoặc mắc phải.
2.  Trên  các  đối  tượng  bệnh nhân khác, tốt nhất nên tránh phối hợp các thuốc này. Trong trường hợp cần thiết phối hợp, cần  đánh  giá  cẩn  thận  nguy cơ/lợi ích và lượng giá các yếu tố  nguy  cơ  trên  từng  bệnh nhân, đặc biệt là rối loạn điện giải  (hạ  kali  máu,  hạ  magie máu, hạ calci máu), nhịp tim chậm, nữ giới trước khi quyết định kê đơn.",Quyết định 5948/BYT
210,Dược lực học,Clorpromazin,Sparfloxacin,Chống chỉ định có điều kiện,Hiệp đồng tăng tác dụng,"Tăng  nguy cơ kéo dài khoảng  QT, xoắn đỉnh","1. Chống chỉ định phối hợp ở các  bệnh  nhân  có  hội  chứng QT kéo dài do di truyền hoặc mắc phải.
2.  Trên  các  đối  tượng  bệnh nhân khác, tốt nhất nên tránh phối hợp các thuốc này. Trong trường hợp cần thiết phối hợp, cần  đánh  giá  cẩn  thận  nguy cơ/lợi ích và lượng giá các yếu tố  nguy  cơ  trên  từng  bệnh nhân, đặc biệt là rối loạn điện giải  (hạ  kali  máu,  hạ  magie máu, hạ calci máu), nhịp tim chậm, nữ giới trước khi quyết định kê đơn.",Quyết định 5948/BYT
211,Dược lực học,Clorpromazin,Domperidon,Chống chỉ định,Hiệp đồng tăng tác dụng,"Tăng  nguy cơ kéo dài khoảng  QT, xoắn đỉnh",Chống chỉ định phối hợp.,Quyết định 5948/BYT
212,Dược động học,Colchicin,Indinavir +/- ritonavir,Chống chỉ định có điều kiện,Indinavir  ức  chế CYP3A4     mạnh làm  giảm  chuyển hóa của colchicin,"Tăng nồng độ colchicin trong huyết   thanh,   tăng nguy  cơ  tác  dụng độc tính (tiêu chảy, nôn, đau bụng, sốt, xuất huyết, giảm cả ba dòng tế bào máu, các   dấu   hiệu   độc tính trên cơ như đau cơ, mỏi cơ hoặc yếu cơ,  nước  tiểu  sẫm màu, dị cảm, trường hợp nặng có thể gây suy  đa  tạng  và  tử
vong).","1. Chống chỉ định ở bệnh nhân suy gan hoặc suy thận.
2.  Ở  bệnh  nhân  chức  năng gan,  thận  bình  thường:  nên tránh phối hợp. Nếu phối hợp: giảm liều colchicin. Dùng liều tiếp  theo  của  colchicin  sau  3 ngày.  Theo  dõi  nguy  cơ  độc tính của colchicin.",Quyết định 5948/BYT
213,Dược động học,Colchicin,Lopinavir/ritonavir (ritonavir),Chống chỉ định có điều kiện,Ritonavir  ức  chế mạnh CYP3A4 và ức chế P-gp làm giảm  chuyển  hóa và thải trừ colchicin.,"Tăng nồng độ colchicin trong huyết   thanh,   tăng nguy  cơ  tác  dụng độc tính (tiêu chảy, nôn, đau bụng, sốt, xuất huyết, giảm cả ba dòng tế bào máu, các   dấu   hiệu   độc tính trên cơ như đau cơ, mỏi cơ hoặc yếu cơ,  nước  tiểu  sẫm màu, dị cảm, trường hợp nặng có thể gây suy  đa  tạng  và  tử vong).","1. Chống chỉ định ở bệnh nhân suy    gan    hoặc    suy thận.
2.  Ở  bệnh  nhân  chức  năng gan,  thận  bình  thường:  nên tránh phối hợp. Nếu phối hợp: giảm liều colchicin. Dùng liều tiếp  theo  của  colchicin  sau  3 ngày.  Theo  dõi  nguy  cơ  độc tính của colchicin.",Quyết định 5948/BYT
214,Dược động học,Colchicin,Darunavir/ritonavir (ritonavir),Chống chỉ định có điều kiện,Ritonavir  ức  chế mạnh CYP3A4 và ức  chế  P-gp  làm giảm  chuyển  hóa và       thải       trừ colchicin.,"Tăng      nồng      độ colchicin         trong huyết   thanh,   tăng nguy  cơ  tác  dụng độc tính (tiêu chảy, nôn, đau bụng, sốt, xuất huyết, giảm cả ba dòng tế bào máu, các   dấu   hiệu   độc tính trên cơ như đau cơ, mỏi cơ hoặc yếu cơ,  nước  tiểu  sẫm màu, dị cảm, trường hợp nặng có thể gây
suy  đa  tạng  và  tử vong).","1. Chống chỉ định ở bệnh nhân suy    gan    hoặc    suy    thận.
2.  Ở  bệnh  nhân  chức  năng gan,  thận  bình  thường:  nên tránh phối hợp. Nếu phối hợp: giảm liều colchicin. Dùng liều tiếp  theo  của  colchicin  sau  3 ngày.  Theo  dõi  nguy  cơ  độc tính của colchicin.",Quyết định 5948/BYT
215,Dược động học,Colchicin,Saquinavir +/- ritonavir,Chống chỉ định có điều kiện,Saquinavir ức chế CYP3A4     mạnh làm  giảm  chuyển hóa của colchicin,"Tăng      nồng      độ colchicin         trong huyết   thanh,   tăng nguy  cơ  tác  dụng độc tính (tiêu chảy, nôn, đau bụng, sốt, xuất huyết, giảm cả ba dòng tế bào máu, các   dấu   hiệu   độc tính trên cơ như đau cơ, mỏi cơ hoặc yếu cơ,  nước  tiểu  sẫm màu, dị cảm, trường hợp nặng có thể gây
suy  đa  tạng  và  tử vong).","1. Chống chỉ định ở bệnh nhân suy    gan    hoặc    suy    thận.
2.  Ở  bệnh  nhân  chức  năng gan,  thận  bình  thường:  nên tránh phối hợp. Nếu phối hợp: giảm liều colchicin. Dùng liều tiếp  theo  của  colchicin  sau  3 ngày.  Theo  dõi  nguy  cơ  độc tính của colchicin.",Quyết định 5948/BYT
216,Dược động học,Colchicin,Itraconazol,Chống chỉ định có điều kiện,Itraconazol       ức chế              mạnh CYP3A4   và   ức chế     P-gp     làm giảm  chuyển  hóa và       thải       trừ colchicin.,"Tăng      nồng      độ colchicin         trong huyết   thanh,   tăng nguy  cơ  tác  dụng
độc tính (tiêu chảy, nôn, đau bụng, sốt, xuất huyết, giảm cả ba dòng tế bào máu, các   dấu   hiệu   độc tính trên cơ như đau cơ, mỏi cơ hoặc yếu cơ,  nước  tiểu  sẫm màu, dị cảm, trường hợp nặng có thể gây suy  đa  tạng  và  tử vong).","1. Chống chỉ định ở bệnh nhân suy    gan    hoặc    suy    thận.
2.  Ở  bệnh  nhân  chức  năng gan,  thận  bình  thường:  nên tránh phối hợp. Nếu phối hợp: giảm liều colchicin. Dùng liều tiếp  theo  của  colchicin  sau  3 ngày.  Theo  dõi  nguy  cơ  độc tính của colchicin.",Quyết định 5948/BYT
217,Dược động học,Colchicin,Posaconazol,Chống chỉ định có điều kiện,Posaconazol     ức chế         CYP3A4 mạnh   làm   giảm chuyển   hóa   của colchicin,"Tăng nồng độ colchicin trong huyết   thanh,   tăng nguy  cơ  tác  dụng độc tính (tiêu chảy, nôn, đau bụng, sốt, xuất huyết, giảm cả ba dòng tế bào máu, các   dấu   hiệu   độc tính trên cơ như đau cơ, mỏi cơ hoặc yếu cơ,  nước  tiểu  sẫm màu, dị cảm, trường hợp nặng có thể gây
suy  đa  tạng  và  tử vong).","1. Chống chỉ định ở bệnh nhân suy gan hoặc suy thận.
2.  Ở  bệnh  nhân  chức  năng gan,  thận  bình  thường:  nên tránh phối hợp. Nếu phối hợp: giảm liều colchicin. Dùng liều tiếp  theo  của  colchicin  sau  3 ngày.  Theo  dõi  nguy  cơ  độc tính của colchicin.",Quyết định 5948/BYT
218,Dược động học,Colchicin,Voriconazol,Chống chỉ định có điều kiện,Voriconazol     ức chế         CYP3A4 mạnh   làm   giảm chuyển   hóa   của colchicin,"Tăng      nồng      độ colchicin         trong huyết   thanh,   tăng nguy  cơ  tác  dụng độc tính (tiêu chảy, nôn, đau bụng, sốt, xuất huyết, giảm cả ba dòng tế bào máu, các   dấu   hiệu   độc tính trên cơ như đau cơ, mỏi cơ hoặc yếu cơ,  nước  tiểu  sẫm màu, dị cảm, trường hợp nặng có thể gây
suy  đa  tạng  và  tử vong).","1. Chống chỉ định ở bệnh nhân suy    gan    hoặc    suy    thận.
2.  Ở  bệnh  nhân  chức  năng gan,  thận  bình  thường:  nên tránh phối hợp. Nếu phối hợp: giảm liều colchicin. Dùng liều tiếp  theo  của  colchicin  sau  3 ngày.  Theo  dõi  nguy  cơ  độc tính của colchicin.",Quyết định 5948/BYT
219,Dược động học,Colchicin,Roxithromycin,Chống chỉ định có điều kiện,Roxithromycin ức  chế  CYP3A4 mạnh   làm   giảm chuyển   hóa   của colchicin,"Tăng      nồng      độ colchicin         trong huyết   thanh,   tăng nguy  cơ  tác  dụng độc tính (tiêu chảy, nôn, đau bụng, sốt, xuất huyết, giảm cả ba dòng tế bào máu, các   dấu   hiệu   độc tính trên cơ như đau cơ, mỏi cơ hoặc yếu cơ,  nước  tiểu  sẫm màu, dị cảm, trường hợp nặng có thể gây suy  đa  tạng  và  tử vong).","1. Chống chỉ định ở bệnh nhân suy gan hoặc suy thận.
2.  Ở  bệnh  nhân  chức  năng gan,  thận  bình  thường:  nên tránh phối hợp. Nếu phối hợp: giảm liều colchicin. Dùng liều tiếp  theo  của  colchicin  sau  3 ngày.  Theo  dõi  nguy  cơ  độc tính của colchicin.",Quyết định 5948/BYT
220,Dược động học,Colchicin,Erythromycin,Chống chỉ định có điều kiện,Erythromycin   ức chế mạnh CYP3A4   và   ức chế     P-gp     làm giảm  chuyển  hóa và thải trừ colchicin.,"Tăng nồng độ colchicin trong huyết   thanh,   tăng nguy  cơ  tác  dụng độc tính (tiêu chảy, nôn, đau bụng, sốt, xuất huyết, giảm cả ba dòng tế bào máu, các   dấu   hiệu   độc tính trên cơ như đau cơ, mỏi cơ hoặc yếu cơ,  nước  tiểu  sẫm màu, dị cảm, trường hợp nặng có thể gây suy  đa  tạng  và  tử
vong).","1. Chống chỉ định ở bệnh nhân suy gan hoặc suy thận.
2.  Ở  bệnh  nhân  chức  năng gan,  thận  bình  thường:  nên tránh phối hợp. Nếu phối hợp: giảm liều colchicin. Dùng liều tiếp  theo  của  colchicin  sau  3 ngày.  Theo  dõi  nguy  cơ  độc tính của colchicin.",Quyết định 5948/BYT
221,Dược động học,Colchicin,Ranolazin,Chống chỉ định có điều kiện,Ranolazin  ức  chế P-gp    làm    giảm thải trừ colchicin.,"Tăng      nồng      độ colchicin         trong huyết   thanh,   tăng nguy  cơ  tác  dụng độc tính (tiêu chảy, nôn, đau bụng, sốt, xuất huyết, giảm cả ba dòng tế bào máu, các   dấu   hiệu   độc tính trên cơ như đau cơ, mỏi cơ hoặc yếu cơ,  nước  tiểu  sẫm màu, dị cảm, trường hợp nặng có thể gây suy  đa  tạng  và  tử
vong).","1. Chống chỉ định ở bệnh nhân suy gan hoặc suy thận.
2.  Ở  bệnh  nhân  chức  năng gan,  thận  bình  thường:  nên tránh phối hợp. Nếu phối hợp: giảm liều colchicin. Dùng liều tiếp  theo  của  colchicin  sau  3 ngày.  Theo  dõi  nguy  cơ  độc tính của colchicin.",Quyết định 5948/BYT
222,Dược động học,Colchicin,Verapamil,Chống chỉ định có điều kiện,Verapamil ức chế P-gp    làm    giảm thải trừ colchicin.,"Tăng      nồng      độ colchicin         trong huyết   thanh,   tăng nguy  cơ  tác  dụng độc tính (tiêu chảy, nôn, đau bụng, sốt, xuất huyết, giảm cả ba dòng tế bào máu, các   dấu   hiệu   độc tính trên cơ như đau cơ, mỏi cơ hoặc yếu cơ,  nước  tiểu  sẫm màu, dị cảm, trường hợp nặng có thể gây suy  đa  tạng  và  tử vong).","1. Chống chỉ định ở bệnh nhân suy gan hoặc suy thận.
2.  Ở  bệnh  nhân  chức  năng gan,  thận  bình  thường:  nên tránh phối hợp. Nếu phối hợp: giảm liều colchicin. Dùng liều tiếp  theo  của  colchicin  sau  3 ngày.  Theo  dõi  nguy  cơ  độc tính của colchicin.",Quyết định 5948/BYT
223,Dược động học,Colchicin,Diltiazem,Chống chỉ định có điều kiện,Diltiazem  ức  chế P-gp    làm    giảm thải trừ colchicin.,"Tăng nồng độ colchicin trong huyết   thanh,   tăng nguy  cơ  tác  dụng độc tính (tiêu chảy, nôn, đau bụng, sốt, xuất huyết, giảm cả ba dòng tế bào máu, các   dấu   hiệu   độc tính trên cơ như đau cơ, mỏi cơ hoặc yếu cơ,  nước  tiểu  sẫm màu, dị cảm, trường hợp nặng có thể gây suy  đa  tạng  và  tử vong).","1. Chống chỉ định ở bệnh nhân suy gan hoặc suy thận.
2.  Ở  bệnh  nhân  chức  năng gan,  thận  bình  thường:  nên tránh phối hợp. Nếu phối hợp: giảm liều colchicin. Dùng liều tiếp  theo  của  colchicin  sau  3 ngày.  Theo  dõi  nguy  cơ  độc tính của colchicin.",Quyết định 5948/BYT
224,Dược động học,Colchicin,Sunitinib,Chống chỉ định có điều kiện,Sunitinib  ức  chế P-gp    làm    giảm thải trừ colchicin.,"Tăng      nồng      độ colchicin         trong huyết   thanh,   tăng nguy  cơ  tác  dụng độc tính (tiêu chảy, nôn, đau bụng, sốt, xuất huyết, giảm cả ba dòng tế bào máu, các   dấu   hiệu   độc tính trên cơ như đau cơ, mỏi cơ hoặc yếu cơ,  nước  tiểu  sẫm màu, dị cảm, trường hợp nặng có thể gây suy  đa  tạng  và  tử
vong).","1. Chống chỉ định ở bệnh nhân suy gan hoặc suy thận.
2.  Ở  bệnh  nhân  chức  năng gan,  thận  bình  thường:  nên tránh phối hợp. Nếu phối hợp: giảm liều colchicin. Dùng liều tiếp  theo  của  colchicin  sau  3 ngày.  Theo  dõi  nguy  cơ  độc tính của colchicin.",Quyết định 5948/BYT
225,Dược động học,Colchicin,Nilotinib,Chống chỉ định có điều kiện,Nilotinib  ức  chế P-gp    làm    giảm thải trừ colchicin.,"Tăng      nồng      độ colchicin         trong huyết   thanh,   tăng nguy  cơ  tác  dụng độc tính (tiêu chảy, nôn, đau bụng, sốt, xuất huyết, giảm cả ba dòng tế bào máu, các   dấu   hiệu   độc tính trên cơ như đau cơ, mỏi cơ hoặc yếu cơ,  nước  tiểu  sẫm màu, dị cảm, trường hợp nặng có thể gây suy  đa  tạng  và  tử vong).","1. Chống chỉ định ở bệnh nhân suy gan hoặc suy thận.
2.  Ở  bệnh  nhân  chức  năng gan,  thận  bình  thường:  nên tránh phối hợp. Nếu phối hợp: giảm liều colchicin. Dùng liều tiếp  theo  của  colchicin  sau  3 ngày.  Theo  dõi  nguy  cơ  độc tính của colchicin.",Quyết định 5948/BYT
226,Dược động học,Dabigatran,Itraconazol,Chống chỉ định,Itraconazol       ức chế      P-gp   làm giảm     thải     trừ dabigatran     khỏi cơ thể,"Tăng      nồng      độ dabigatran       trong huyết   thanh,   tăng nguy cơ xuất huyết",Chống chỉ định phối hợp,Quyết định 5948/BYT
227,Dược động học,Daclatasvir,Rifampicin,Chống chỉ định,Rifampicin    cảm ứng CYP3A4 làm tăng  chuyển  hóa của daclatasvir,"Giảm  nồng  độ  của daclatasvir      trong huyết    thanh,    dẫn đến  giảm  hiệu  quả
điều trị",Chống chỉ định phối hợp.,Quyết định 5948/BYT
228,Dược động học,Daclatasvir,Enzalutamid,Chống chỉ định,Enzalutamid  cảm ứng CYP3A4 làm tăng  chuyển  hóa của daclatasvir,"Giảm  nồng  độ  của daclatasvir      trong huyết    thanh,    dẫn đến  giảm  hiệu  quả điều trị",Chống chỉ định phối hợp.,Quyết định 5948/BYT
229,Dược động học,Daclatasvir,Phenobarbital,Chống chỉ định,"Phenobarbital cảm                ứng
CYP3A4     mạnh làm  tăng  chuyển hóa                  của
daclatasvir","Giảm  nồng  độ  của daclatasvir      trong huyết    thanh,    dẫn đến  giảm  hiệu  quả điều trị",Chống chỉ định phối hợp.,Quyết định 5948/BYT
230,Dược động học,Daclatasvir,Phenytoin,Chống chỉ định,Phenytoin      cảm ứng        CYP3A4 mạnh    làm    tăng chuyển   hóa   của daclatasvir,"Giảm  nồng  độ  của daclatasvir      trong huyết    thanh,    dẫn đến  giảm  hiệu  quả điều trị",Chống chỉ định phối hợp.,Quyết định 5948/BYT
231,Dược động học,Danazol,Simvastatin,Chống chỉ định,Danazol   ức   chế CYP3A4        làm giảm  chuyển  hóa của simvastatin,"Tăng      nồng      độ simvastatin     trong huyết   thanh,   tăng nguy   cơ   bệnh   cơ
hoặc tiêu cơ vân cấp",Chống chỉ định phối hợp,Quyết định 5948/BYT
232,Dược động học,Danazol,Lovastatin,Chống chỉ định,Danazol   ức   chế CYP3A4        làm giảm  chuyển  hóa của lovastatin,"Tăng      nồng      độ lovastatin        trong huyết   thanh,   tăng nguy   cơ   bệnh   cơ hoặc tiêu cơ vân cấp",Chống chỉ định phối hợp,Quyết định 5948/BYT
233,Dược động học,Darunavir/ritonavir,Lovastatin,Chống chỉ định,Darunavir/ritonav ir        ức        chế CYP3A4     mạnh làm  giảm  chuyển hóa của lovastatin,"Tăng  nồng  độ  của lovastatin        trong huyết   thanh,   tăng nguy   cơ   bệnh   cơ hoặc tiêu cơ vân cấp","Chống   chỉ   định   phối   hợp. Trong trường hợp bắt buộc sử dụng   dẫn   chất   statin,   thay lovastatin  bằng  các  dẫn  chất statin      khác      (ngoại      trừ simvastatin),   sử   dụng   liều thấp    nhất    có    hiệu    quả, atorvastatin  không  vượt  quá 20 mg/ngày (hoặc 40 mg/ngày theo   Hướng   dẫn   điều   trị HIV/AIDS của Bộ Y tế và Tổ chức     Y     tế     Thế     giới), pitavastatin  không  cần  hiệu chỉnh liều khi phối hợp.",Quyết định 5948/BYT
234,Dược động học,Darunavir/ritonavir,Simvastatin,Chống chỉ định,Darunavir/ritonavir ức chế CYP3A4     mạnh làm  giảm  chuyển hóa  của simvastatin,"Tăng  nồng  độ  của simvastatin trong huyết   thanh,   tăng nguy cơ bệnh cơ hoặc tiêu cơ vân cấp","Chống   chỉ   định   phối   hợp. Trong trường hợp bắt buộc sử dụng   dẫn   chất   statin,   thay simvastatin bằng các dẫn chất statin      khác      (ngoại      trừ lovastatin), sử dụng liều thấp nhất có hiệu quả, atorvastatin không  vượt  quá  20  mg/ngày (hoặc 40 mg/ngày theo Hướng dẫn điều trị HIV/AIDS của Bộ Y  tế  và  Tổ  chức  Y  tế  Thế giới),  pitavastatin  không cần hiệu chỉnh liều khi phối hợp.",Quyết định 5948/BYT
235,Dược động học,Darunavir/ritonavir,Dihydroergotamin,Chống chỉ định,Darunavir/ritonavir ức chế CYP3A4 mạnh làm  giảm  chuyển hóa của dihydroergotamin,"Tăng  nồng  độ  của dihydroergotamin trong  huyết  thanh, tăng    nguy  cơ  độc tính (nôn, buồn nôn, hoại   tử   đầu   chi, thiếu máu cục bộ do
co thắt mạch…)",Chống chỉ định phối hợp,Quyết định 5948/BYT
236,Dược động học,Darunavir/ritonavir,Ergotamin,Chống chỉ định,"Darunavir/ritonav ir        ức        chế CYP3A4     mạnh làm  giảm  chuyển hóa                  của
ergotamin","Tăng  nồng  độ  của ergotamin       trong huyết   thanh,   tăng nguy   cơ   độc   tính (nôn,    buồn    nôn, hoại   tử   đầu   chi, thiếu máu cục bộ do co thắt mạch…)",Chống chỉ định phối hợp,Quyết định 5948/BYT
237,Dược động học,Darunavir/ritonavir,Ergometrin,Chống chỉ định có điều kiện,"Darunavir/ritonav ir        ức        chế CYP3A4     mạnh làm  giảm  chuyển hóa                  của
ergometrin","Tăng  nồng  độ  của ergometrin      trong huyết   thanh,   tăng nguy   cơ   độc   tính (nôn,    buồn    nôn, hoại   tử   đầu   chi, thiếu máu cục bộ do co thắt mạch…)","Tốt nhất nên tránh phối hợp. Đối  với  trường  hợp  điều  trị băng   huyết   sau   sinh,   nếu không còn thuốc khác thay thế ở  người  bệnh  đang  sử  dụng darunavir, sử dụng ergometrin chỉ khi lợi ích vượt trội nguy cơ và sử dụng liều thấp nhất có  hiệu  quả  trong  thời  gian ngắn nhất.",Quyết định 5948/BYT
238,Dược động học,Darunavir/ritonavir,Methylergometrin,Chống chỉ định có điều kiện,"Darunavir/ritonav ir        ức        chế CYP3A4     mạnh làm  giảm  chuyển hóa                  của
methylergometrin","Tăng  nồng  độ  của methylergometrin trong  huyết  thanh, tăng    nguy  cơ  độc tính (nôn, buồn nôn, hoại   tử   đầu   chi, thiếu máu cục bộ do co thắt mạch…)","Tốt nhất nên tránh phối hợp. Đối  với  trường  hợp  điều  trị băng   huyết   sau   sinh,   nếu không còn thuốc khác thay thế ở  người  bệnh  đang  sử  dụng darunavir,          sử dụng methylergometrin  chỉ  khi  lợi ích  vượt  trội  nguy  cơ  và  sử dụng  liều  thấp  nhất  có  hiệu quả trong thời gian ngắn nhất.",Quyết định 5948/BYT
239,Dược động học,Darunavir/ritonavir,Ivabradin,Chống chỉ định,Darunavir/ritonav ir        ức        chế CYP3A4     mạnh làm  giảm  chuyển hóa của ivabradin,"Tăng      nồng      độ ivabradin        trong huyết   thanh,   tăng nguy   cơ   kéo   dài khoảng QT và chậm nhịp tim",Chống chỉ định phối hợp,Quyết định 5948/BYT
240,Dược động học,Darunavir/ritonavir,Ticagrelor,Chống chỉ định,"Darunavir/ritonav ir        ức        chế CYP3A4     mạnh làm  giảm  chuyển
hóa của ticagrelor","Tăng  nồng  độ  của ticagrelor        trong huyết   thanh,   tăng nguy cơ xuất huyết",Chống chỉ định phối hợp,Quyết định 5948/BYT
241,Dược động học,Darunavir/ritonavir,Ranolazin,Chống chỉ định,Darunavir/ritonav ir        ức        chế CYP3A4     mạnh làm  giảm  chuyển hóa của ranolazin,"Tăng      nồng      độ ranolazin         trong huyết   thanh,   tăng nguy   cơ   kéo   dài khoảng QT",Chống chỉ định phối hợp,Quyết định 5948/BYT
242,Dược động học,Darunavir/ritonavir,Tolvaptan,Chống chỉ định,Darunavir/ritonav ir        ức        chế CYP3A4     mạnh làm  giảm  chuyển hóa của tolvaptan,"Tăng      nồng      độ tolvaptan         trong huyết   thanh,   tăng nguy  cơ  tác  dụng không  mong  muốn (tăng nồng độ natri huyết     thanh,     đa niệu,    khát    nước, giảm  thể  tích  tuần
hoàn...)",Chống chỉ định phối hợp,Quyết định 5948/BYT
243,Dược động học,Darunavir/ritonavir,Felodipin,Chống chỉ định,"Darunavir/ritonav ir        ức        chế CYP3A4     mạnh làm  giảm  chuyển
hóa của felodipin","Tăng      nồng      độ felodipin, tăng nguy cơ    hạ    huyết    áp nghiêm trọng",Chống chỉ định phối hợp,Quyết định 5948/BYT
244,Dược động học,Darunavir/ritonavir,Lercanidipin,Chống chỉ định,"Darunavir/ritonav ir        ức        chế CYP3A4     mạnh làm  giảm  chuyển hóa                  của
lercanidipin","Tăng nồng độ lercanidipin, tăng nguy cơ hạ huyết áp nghiêm trọng",Chống chỉ định phối hợp,Quyết định 5948/BYT
245,Dược động học,Darunavir/ritonavir,Sildenafil,Chống chỉ định có điều kiện,Darunavir/ritonavir ức chế CYP3A4 làm giảm chuyển hóa của sildenafil,"Tăng      nồng      độ sildenafil         trong huyết   thanh,   tăng nguy   cơ   độc   tính (hạ  huyết  áp,  ngất, rối loạn thị giác)","1.  Chống  chỉ  định  phối  hợp trong   trường   hợp   sử   dụng sildenafil điều trị tăng áp động mạch phổi.
2. Trong trường hợp sử dụng sildenafil   điều   trị   rối   loạn cương  dương,  liều  sildenafil không vượt quá 25 mg mỗi 48 giờ  ở  người  đang  sử  dụng darunavir.",Quyết định 5948/BYT
246,Dược động học,Darunavir/ritonavir,Quetiapin,Chống chỉ định có điều kiện,Darunavir/ritonavir ức chế CYP3A4 mạnh làm  giảm  chuyển hóa của quetiapin,"Tăng nồng độ của quetiapin, tăng nguy cơ kéo dài khoảng QT","Tốt nhất nên tránh phối hợp. Trong trường hợp bắt buộc sử dụng   darunavir,   giảm   liều quetiapin còn 1/6 liều so với liều bình thường.",Quyết định 5948/BYT
247,Dược động học,Darunavir/ritonavir,Rifampicin,Chống chỉ định,Rifampicin cảm ứng CYP3A4 làm tăng  chuyển hóa của Darunavir/ritonavir,"Giảm     nồng     độ darunavir        trong huyết   thanh,   giảm hiệu quả điều trị",Chống chỉ định phối hợp,Quyết định 5948/BYT
248,Dược động học,Darunavir/ritonavir,Grazoprevir/elbasvir,Chống chỉ định,Darunavir/ritonavir ức chế OATP1B1/3 làm giảm vận chuyển grazoprevir vào gan.,"Tăng nồng độ grazoprevir/elbasvir, tăng nguy cơ tăng ALT",Chống chỉ định phối hợp,Quyết định 5948/BYT
249,Dược động học,Darunavir/ritonavir,Domperidon,Chống chỉ định,"Darunavir/ritonav ir        ức        chế
CYP3A4        làm giảm  chuyển  hóa của domperidon","Tăng      nồng      độ domperidon    trong huyết   thanh,   tăng nguy   cơ   kéo   dài khoảng QT",Chống chỉ định phối hợp,Quyết định 5948/BYT
250,Dược động học,Darunavir/ritonavir (ritonavir),Vardenafil,Chống chỉ định,Ritonavir  ức  chế CYP3A4        làm giảm  chuyển  hóa của vardenafil,"Tăng      nồng      độ vardenafil       trong huyết   thanh,   tăng nguy   cơ   kéo   dài khoảng QT",Chống chỉ định phối hợp,Quyết định 5948/BYT
251,Dược động học,Darunavir/ritonavir (ritonavir),Propafenon,Chống chỉ định,Ritonavir  ức  chế chuyển   hóa   của propafenon     qua CYP3A4          và CYP2D6.,"Tăng  nồng  độ,  dẫn đến  tăng  độc  tính của        propafenon (đặc   biệt   là   loạn nhịp tim).",Chống chỉ định phối hợp.,Quyết định 5948/BYT
252,Dược động học,Darunavir/ritonavir (ritonavir),Everolimus,Chống chỉ định,"Ritonavir  ức  chế mạnh CP3A4 làm giảm  chuyển  hóa của  everolimus  ở gan, đồng thời, ức chế     P-gp     làm giảm     thải     trừ
everolimus    khỏi cơ thể.","Tăng      nồng      độ everolimus      trong huyết   thanh,   tăng tác dụng bất lợi liên quan   đến   ức   chế miễn dịch",Chống chỉ định phối hợp,Quyết định 5948/BYT
253,Dược động học,Darunavir/ritonavir (ritonavir),Voriconazol,Chống chỉ định có điều kiện,"Ritonavir       cảm ứng      CYP2C19 (hoặc     ức     chế CYP3A4 ở  người thiếu   hoặc   giảm hoạt                tính
CYP2C19) làm tăng  (hoặc  giảm) chuyển   hóa   của voriconazol   tùy thuộc từng cá thể (voriconazol là cơ chất của cả YP3A4 và CYP2C19)",Giảm   (hoặc   tăng) nồng  độ voriconazol.,"1. Việc phối hợp voriconazol và  ritonavir  liều  cao  (400mg mỗi  12  giờ)  làm  giảm  rõ  rệt nồng  độ  voriconazol,  vì  vậy, chống   chỉ   định   phối   hợp voriconazol   với   ritonavir   ở mức  liều  này.
2. Việc phối hợp voriconazol với ritonavir liều thấp (100mg mỗi 12 giờ) cũng đã cho thấy làm giảm nồng độ voriconazol mặc dù mức độ ít hơn so với liều cao ritonavir, vì vậy, nên tránh  phối  hợp  thuốc  trừ  khi lợi ích vượt trội nguy cơ.",Quyết định 5948/BYT
254,Dược động học,Delamanid,Rifampicin,Chống chỉ định,Rifampicin    cảm ứng CYP3A4 làm tăng  chuyển  hóa của delamanid,"Giảm  nồng  độ  của delamanid       trong huyết    thanh,    dẫn đến  giảm  hiệu  quả điều trị",Chống chỉ định phối hợp.,Quyết định 5948/BYT
255,Dược động học,Delamanid,Enzalutamid,Chống chỉ định,Enzalutamid  cảm ứng CYP3A4 làm tăng  chuyển  hóa của delamanid,"Giảm  nồng  độ  của delamanid       trong huyết    thanh,    dẫn đến  giảm  hiệu  quả điều trị",Chống chỉ định phối hợp.,Quyết định 5948/BYT
256,Dược động học,Delamanid,Phenytoin,Chống chỉ định,Phenytoin      cảm ứng        CYP3A4 mạnh    làm    tăng chuyển   hóa   của delamanid,"Giảm  nồng  độ  của delamanid       trong huyết    thanh,    dẫn đến  giảm  hiệu  quả điều trị",Chống chỉ định phối hợp.,Quyết định 5948/BYT
257,Dược động học,Dexamethason,Rilpivirin,Chống chỉ định,"Dexamethason cảm                ứng
CYP3A4     mạnh làm  tăng  chuyển hóa của rilpivirin","Giảm  nồng  độ  của rilpivirin         trong huyết    thanh,    dẫn
đến  giảm  hiệu  quả điều trị",Chống chỉ định phối hợp.,Quyết định 5948/BYT
258,Dược lực học,Dexibuprofen,Ketorolac,Chống chỉ định,Hiệp    đồng    tác dụng    kích    ứng đường tiêu hóa,"Tăng  nguy  cơ  xuất huyết      tiêu      hóa nghiêm   trọng   (sử dụng     đồng     thời ketorolac     với     1 NSAID   khác   làm tăng  nguy  cơ  xuất huyết tiêu hóa gấp 5
lần so với phối hợp 2 NSAID khác)",Chống chỉ định phối hợp. Cần đặc biệt lưu ý nguy cơ tương tác trong trường hợp giảm đau hậu phẫu.,Quyết định 5948/BYT
259,Dược lực học,Dexketoprofen,Ketorolac,Chống chỉ định,Hiệp    đồng    tác dụng    kích    ứng đường tiêu hóa,"Tăng  nguy  cơ  xuất huyết      tiêu      hóa nghiêm   trọng   (sử dụng     đồng     thời ketorolac     với     1 NSAID   khác   làm tăng  nguy  cơ  xuất huyết tiêu hóa gấp 5 lần so với phối hợp
2 NSAID khác)",Chống chỉ định phối hợp. Cần đặc biệt lưu ý nguy cơ tương tác trong trường hợp giảm đau hậu phẫu.,Quyết định 5948/BYT
260,Dược lực học,Dexlansoprazol,Rilpivirin,Chống chỉ định,Giảm     hấp     thu rilpivirin  do  tăng pH dạ dày,"Giảm     nồng     độ rilpivirin         trong huyết   thanh,   giảm hiệu quả điều trị","Chống   chỉ   định   phối   hợp. Trong  trường  hợp  thay  thế bằng thuốc kháng H2, sử dụng các  thuốc  H2  ít  nhất  12  giờ trước hoặc 4 giờ sau khi uống rilpivirin.",Quyết định 5948/BYT
261,Dược lực học,Dextromethorphan,Linezolid,Chống chỉ định có điều kiện,Hiệp    đồng    tác dụng serotonin,"Tăng  nguy  cơ  hội chứng       serotonin (sốt   cao,   rối   loạn nhận     thức,     tăng phản  xạ,  mất  phối hợp,  rung  giật  cơ, cứng   cơ,   co   giật, nhịp    tim    nhanh, tăng huyết áp, tăng thân  nhiệt,  vã  mồ hôi,  ảo  giác,  kích động     hoặc     bồn chồn…)","1. Cố gắng tránh sử dụng đồng thời linezolid và dextromethorphan.   Tốt   nhất các  thuốc  này  nên  sử  dụng cách  nhau  2  tuần.  Cân  nhắc thay đổi sang các thuốc nhóm khác có cùng chỉ định và ít có nguy cơ tương tác hơn. Trong trường hợp bắt buộc sử dụng opioid,  có  thể  đổi  sang  các opiod khác không có hoạt tính ức   chế   thu   hồi   serotonin (codein)
2.  Trong  hợp  không  thể  trì hoãn điều trị được 2 tuần, bắt buộc  sử  dụng  dài  ngày  hoặc khẩn  cấp  bằng  linezolid  và không có thuốc khác thay thế, cân  bằng  lợi  ích  và  nguy  cơ xảy  ra  hội  chứng  serotonin. Nếu lợi ích vượt trội nguy cơ, vẫn có thể sử dụng đồng thời nhưng  cần  giám  sát  chặt  chẽ chặt  chẽ  bệnh  nhân,  đặc  biệt trong tháng đầu tiên sử dụng đồng thời 2 thuốc.",Quyết định 5948/BYT
262,Dược lực học,Dextromethorphan,Xanh methylen (sử dụng đường   tiêm tĩnh mạch),Chống chỉ định có điều kiện,Hiệp    đồng    tác dụng serotonin,"Tăng  nguy  cơ  hội chứng       serotonin (sốt   cao,   rối   loạn nhận     thức,     tăng phản  xạ,  mất  phối hợp,  rung  giật  cơ, cứng   cơ,   co   giật, nhịp    tim    nhanh, tăng huyết áp, tăng thân  nhiệt,  vã  mồ hôi,  ảo  giác,  kích động     hoặc     bồn chồn…)","1. Cố gắng tránh sử dụng đồng thời     xanh     methylen     và dextromethorphan.   Tốt   nhất các  thuốc  này  nên  sử  dụng cách  nhau  2  tuần.  Cân  nhắc thay đổi sang các thuốc nhóm khác có cùng chỉ định và ít có nguy cơ tương tác hơn. Trong trường hợp bắt buộc sử dụng opioid,  có  thể  đổi  sang  các opiod khác không có hoạt tính ức   chế   thu   hồi   serotonin (codein)
2.  Trong  hợp  không  thể  trì hoãn điều trị được 2 tuần, bắt buộc  sử  dụng  dài  ngày  hoặc khẩn cấp bằng xanh methylen và không có thuốc khác thay thế, cân bằng lợi ích và nguy cơ xảy ra hội chứng serotonin. Nếu lợi ích vượt trội nguy cơ, vẫn có thể sử dụng đồng thời nhưng  cần  giám  sát  chặt  chẽ chặt  chẽ  bệnh  nhân,  đặc  biệt trong tháng đầu tiên sử dụng đồng thời 2 thuốc.",Quyết định 5948/BYT
263,Dược động học,Dextromethorphan,Paroxetin,Chống chỉ định,Paroxetin  ức  chế CYP2D6        làm giảm  chuyển  hóa của dextromethorpha n,"Tăng      nồng      độ dextromethorphan, tăng  nguy  cơ  độc tính (nôn, buồn nôn, nhìn  mờ,  ảo  giác) hoặc  tăng  nguy  cơ hội chứng serotonin (sốt   cao,   rối   loạn nhận     thức,     tăng phản  xạ,  mất  phối hợp,  rung  giật  cơ, cứng   cơ,   co   giật, nhịp    tim    nhanh, tăng huyết áp, tăng thân  nhiệt,  vã  mồ hôi,  ảo  giác,  kích
động     hoặc     bồn chồn…)",Chống chỉ định phối hợp,Quyết định 5948/BYT
264,Dược động học,Dextromethorphan,Fluoxetin,Chống chỉ định,Fluoxetin  ức  chế CYP2D6        làm giảm  chuyển  hóa của dextromethorpha n,"Tăng      nồng      độ dextromethorphan, tăng  nguy  cơ  độc tính (nôn, buồn nôn, nhìn  mờ,  ảo  giác) hoặc  tăng  nguy  cơ hội chứng serotonin (sốt   cao,   rối   loạn nhận     thức,     tăng phản  xạ,  mất  phối hợp,  rung  giật  cơ, cứng   cơ,   co   giật, nhịp    tim    nhanh, tăng huyết áp, tăng thân  nhiệt,  vã  mồ hôi,  ảo  giác,  kích động     hoặc     bồn
chồn…)",Chống chỉ định phối hợp,Quyết định 5948/BYT
265,Dược lực học,Dextromethor phan,Furazolidon,Chống chỉ định có điều kiện,"Hiệp    đồng    tác dụng     serotonin. Tác  dụng  ức  chế MAO              của
furazolidon      do chất  chuyển  hóa của   thuốc,   xuất hiện chậm sau 5 - 10 ngày.","Tăng  nguy  cơ  hội chứng       serotonin (sốt   cao,   rối   loạn nhận     thức,     tăng phản  xạ,  mất  phối hợp,  rung  giật  cơ, cứng   cơ,   co   giật, nhịp    tim    nhanh, tăng huyết áp, tăng thân  nhiệt,  vã  mồ hôi,  ảo  giác,  kích động     hoặc     bồn chồn…)","1. Cố gắng tránh sử dụng đồng thời furazolidon và dextromethorphan.   Tốt   nhất các  thuốc  này  nên  sử  dụng cách  nhau  2  tuần.  Cân  nhắc thay đổi sang các thuốc nhóm khác có cùng chỉ định và ít có nguy cơ tương tác hơn. Trong trường hợp bắt buộc sử dụng opioid,  có  thể  đổi  sang  các opiod khác không có hoạt tính ức   chế   thu   hồi   serotonin (codein)
2.  Trong  hợp  không  thể  trì hoãn điều trị được 2 tuần, bắt buộc  sử  dụng  dài  ngày  hoặc khẩn cấp bằng furazolidon và không có thuốc khác thay thế, cân  bằng  lợi  ích  và  nguy  cơ xảy  ra  hội  chứng  serotonin. Nếu lợi ích vượt trội nguy cơ, vẫn có thể sử dụng đồng thời nhưng  cần  giám  sát  chặt  chẽ chặt  chẽ  bệnh  nhân,  đặc  biệt trong tháng đầu tiên sử dụng đồng thời 2 thuốc.",Quyết định 5948/BYT
266,Dược lực học,Diclofenac,Ketorolac,Chống chỉ định,Hiệp    đồng    tác dụng    kích    ứng đường tiêu hóa,"Tăng  nguy  cơ  xuất huyết      tiêu      hóa nghiêm   trọng   (sử dụng     đồng     thời ketorolac     với     1 NSAID   khác   làm tăng  nguy  cơ  xuất huyết tiêu hóa gấp 5 lần so với phối hợp
2 NSAID khác)",Chống chỉ định phối hợp. Cần đặc biệt lưu ý nguy cơ tương tác trong trường hợp giảm đau hậu phẫu.,Quyết định 5948/BYT
267,Dược lực học,Dicycloverin,Kali clorid (dạng  thuốc viên sử dụng đường uống),Chống chỉ định có điều kiện,"Dicycloverin kháng cholinergic gây  tồn  lưu  hoặc làm tăng thời gian kali   qua   đường tiêu   hóa   khi   sử dụng đường uống, gây   loét   đường tiêu hóa",Tăng  nguy  cơ  loét đường tiêu hóa,"1.  Tốt  nhất  nên  tránh  phối hợp, đặc biệt ở người cao tuổi. Cân   nhắc   chuyển   sang   sử dụng  kali  đường  tĩnh  mạch.
2. Trong trường hợp bắt buộc sử  dụng  đồng  thời,  cân  nhắc một  số  khuyến  cáo  sau  giúp giảm nguy cơ loét tiêu hóa: (1) uống ít nhất 100 mL nước sau khi  uống  kali,  (2)  ngồi  hoặc đứng thẳng trong ít nhất 5 - 10
phút sau khi uống thuốc.",Quyết định 5948/BYT
268,Dược lực học,Dihydroergotamin,Sumatriptan,Chống chỉ định,Hiệp    đồng    tác dụng co mạch,Co  thắt  mạch  kéo dài,Chống chỉ định phối hợp. Hai thuốc cách nhau ít nhất 24 giờ.,Quyết định 5948/BYT
269,Dược động học,Dihydroergotamin,Roxithromycin,Chống chỉ định,Roxithromycin ức  chế  CYP3A4 mạnh   làm   giảm chuyển   hóa   của dihydroergotamin,"Tăng  nồng  độ  của dihydroergotamin trong  huyết  thanh, tăng    nguy  cơ  độc tính (nôn, buồn nôn, hoại   tử   đầu   chi,
thiếu máu cục bộ do co thắt mạch…)",Chống chỉ định phối hợp,Quyết định 5948/BYT
270,Dược động học,Dihydroergotamin,Erythromycin,Chống chỉ định,Erythromycin   ức chế CYP3A4 mạnh   làm   giảm chuyển   hóa   của dihydroergotamin,"Tăng  nồng  độ  của dihydroergotamin trong  huyết  thanh, tăng    nguy  cơ  độc tính (nôn, buồn nôn, hoại   tử   đầu   chi, thiếu máu cục bộ do co thắt mạch…)",Chống chỉ định phối hợp,Quyết định 5948/BYT
271,Dược động học,Dihydroergotamin,Voriconazol,Chống chỉ định,Voriconazol ức chế CYP3A4 mạnh   làm   giảm chuyển   hóa   của dihydroergotamin,"Tăng  nồng  độ  của dihydroergotamin trong  huyết  thanh, tăng    nguy  cơ  độc tính (nôn, buồn nôn, hoại   tử   đầu   chi, thiếu máu cục bộ do co thắt mạch…)",Chống chỉ định phối hợp,Quyết định 5948/BYT
272,Dược động học,Dihydroergotamin,Posaconazol,Chống chỉ định,Posaconazol ức chế CYP3A4 mạnh làm giảm chuyển   hóa   của dihydroergotamin,"Tăng  nồng  độ  của dihydroergotamin trong  huyết  thanh, tăng    nguy  cơ  độc tính (nôn, buồn nôn, hoại   tử   đầu   chi, thiếu máu cục bộ do co thắt mạch…)",Chống chỉ định phối hợp,Quyết định 5948/BYT
273,Dược động học,Dihydroergotamin,Itraconazol,Chống chỉ định,Itraconazol ức chế CYP3A4 mạnh   làm   giảm chuyển   hóa   của dihydroergotamin,"Tăng  nồng  độ  của dihydroergotamin trong  huyết  thanh, tăng    nguy  cơ  độc tính (nôn, buồn nôn, hoại   tử   đầu   chi, thiếu máu cục bộ do co thắt mạch…)",Chống chỉ định phối hợp,Quyết định 5948/BYT
274,Dược động học,Dihydroergotamin,Saquinavir +/- ritonavir,Chống chỉ định,Saquinavir ức chế CYP3A4 mạnh làm  giảm  chuyển hóa của dihydroergotamin,"Tăng  nồng  độ  của dihydroergotamin trong  huyết  thanh, tăng    nguy  cơ  độc tính (nôn, buồn nôn, hoại   tử   đầu   chi, thiếu máu cục bộ do co thắt mạch…)",Chống chỉ định phối hợp,Quyết định 5948/BYT
275,Dược động học,Dihydroergotamin,Lopinavir/ritonavir,Chống chỉ định,Lopinavir/ritonavir ức chế CYP3A4 mạnh làm  giảm  chuyển hóa của dihydroergotamin,"Tăng  nồng  độ  của dihydroergotamin trong  huyết  thanh, tăng    nguy  cơ  độc tính (nôn, buồn nôn, hoại   tử   đầu   chi, thiếu máu cục bộ do co thắt mạch…)",Chống chỉ định phối hợp,Quyết định 5948/BYT
276,Dược động học,Dihydroergotamin,Indinavir +/- ritonavir,Chống chỉ định,Indinavir  ức  chế CYP3A4 mạnh làm  giảm  chuyển hóa của dihydroergotamin,"Tăng  nồng  độ  của dihydroergotamin trong  huyết  thanh, tăng    nguy  cơ  độc tính (nôn, buồn nôn, hoại   tử   đầu   chi, thiếu máu cục bộ do co thắt mạch…)",Chống chỉ định phối hợp,Quyết định 5948/BYT
277,Dược động học,Diltiazem,Ivabradin,Chống chỉ định,Diltiazem  ức  chế CYP3A4 làm giảm  chuyển  hóa của  ivabradin  và hiệp đồng tác dụng làm chậm nhịp tim của ivabradin,"Tăng      nồng      độ ivabradin        trong huyết   thanh,   tăng nguy   cơ   kéo   dài khoảng QT và chậm nhịp tim",Chống chỉ định phối hợp,Quyết định 5948/BYT
278,Dược lực học,Domperidon,Sotalol,Chống chỉ định,Hiệp đồng tăng tác dụng,"Tăng nguy cơ kéo dài khoảng QT, xoắn đỉnh",Chống chỉ định phối hợp.,Quyết định 5948/BYT
279,Dược lực học,Domperidon,Donepezil,Chống chỉ định,Hiệp đồng tăng tác dụng,"Tăng nguy cơ kéo dài khoảng QT, xoắn đỉnh",Chống chỉ định phối hợp.,Quyết định 5948/BYT
280,Dược lực học,Domperidon,Haloperidol,Chống chỉ định,Hiệp đồng tăng tác dụng,"Tăng nguy cơ kéo dài khoảng QT, xoắn đỉnh",Chống chỉ định phối hợp.,Quyết định 5948/BYT
281,Dược lực học,Domperidon,Escitalopram,Chống chỉ định,Hiệp đồng tăng tác dụng,"Tăng nguy cơ kéo dài khoảng QT, xoắn đỉnh",Chống chỉ định phối hợp.,Quyết định 5948/BYT
282,Dược lực học,Domperidon,Spiramycin,Chống chỉ định,Hiệp đồng tăng tác dụng,"Tăng nguy cơ kéo dài khoảng QT, xoắn đỉnh",Chống chỉ định phối hợp.,Quyết định 5948/BYT
283,Dược lực học,Domperidon,Moxifloxacin,Chống chỉ định,Hiệp đồng tăng tác dụng,"Tăng nguy cơ kéo dài khoảng QT, xoắn đỉnh",Chống chỉ định phối hợp.,Quyết định 5948/BYT
284,Dược lực học,Domperidon,Levofloxacin,Chống chỉ định,Hiệp đồng tăng tác dụng,"Tăng nguy cơ kéo dài khoảng QT, xoắn đỉnh",Chống chỉ định phối hợp.,Quyết định 5948/BYT
285,Dược lực học,Domperidon,Thioridazin,Chống chỉ định,Hiệp đồng tăng tác dụng,"Tăng nguy cơ kéo dài khoảng QT, xoắn đỉnh",Chống chỉ định phối hợp.,Quyết định 5948/BYT
286,Dược lực học,Domperidon,Methadon,Chống chỉ định,Hiệp đồng tăng tác dụng,"Tăng nguy cơ kéo dài khoảng QT, xoắn đỉnh",Chống chỉ định phối hợp.,Quyết định 5948/BYT
287,Dược lực học,Domperidon,Sparfloxacin,Chống chỉ định,Hiệp đồng tăng tác dụng,"Tăng nguy cơ kéo dài khoảng QT, xoắn đỉnh",Chống chỉ định phối hợp.,Quyết định 5948/BYT
288,Dược động học,Domperidon,Lopinavir/ritonavir,Chống chỉ định,Lopinavir/ritonavir ức chế CYP3A4 làm giảm chuyển  hóa của domperidon,"Tăng      nồng      độ domperidon    trong huyết   thanh,   tăng nguy   cơ   kéo   dài
khoảng QT",Chống chỉ định phối hợp,Quyết định 5948/BYT
289,Dược động học,Domperidon,Saquinavir +/- ritonavir,Chống chỉ định,Saquinavir ức chế CYP3A4 làm giảm  chuyển  hóa của domperidon,"Tăng      nồng      độ domperidon    trong huyết   thanh,   tăng nguy   cơ   kéo   dài khoảng QT",Chống chỉ định phối hợp,Quyết định 5948/BYT
290,Dược động học,Domperidon,Indinavir +/- ritonavir,Chống chỉ định,Indinavir  ức  chế CYP3A4 làm giảm  chuyển  hóa của domperidon,"Tăng      nồng      độ domperidon    trong huyết   thanh,   tăng nguy   cơ   kéo   dài khoảng QT",Chống chỉ định phối hợp,Quyết định 5948/BYT
291,Dược động học,Domperidon,Itraconazol,Chống chỉ định,Itraconazol       ức chế CYP3A4 làm giảm  chuyển  hóa của domperidon,"Tăng      nồng      độ domperidon    trong huyết   thanh,   tăng nguy   cơ   kéo   dài
khoảng QT",Chống chỉ định phối hợp,Quyết định 5948/BYT
292,Dược lực học,Domperidon,Fluconazol,Chống chỉ định,Hiệp đồng tăng tác dụng,"Tăng nguy cơ kéo dài khoảng QT,  xoắn đỉnh",Chống chỉ định phối hợp.,Quyết định 5948/BYT
293,Dược động học,Domperidon,Posaconazol,Chống chỉ định,Posaconazol     ức chế CYP3A4 làm giảm  chuyển  hóa của domperidon,"Tăng nồng độ domperidon trong huyết thanh, tăng nguy cơ kéo dài khoảng QT",Chống chỉ định phối hợp,Quyết định 5948/BYT
294,Dược động học,Domperidon,Voriconazol,Chống chỉ định,Voriconazol     ức chế CYP3A4 làm giảm  chuyển  hóa của domperidon,"Tăng nồng độ domperidon trong huyết thanh, tăng nguy cơ kéo dài khoảng QT",Chống chỉ định phối hợp,Quyết định 5948/BYT
295,Dược động học,Domperidon,Erythromycin,Chống chỉ định,Erythromcyin   ức chế CYP3A4 làm giảm  chuyển  hóa của domperidon,"Tăng nồng độ domperidon trong huyết thanh, tăng nguy cơ kéo dài khoảng QT",Chống chỉ định phối hợp,Quyết định 5948/BYT
296,Dược lực học,Domperidon,Levomepromazin,Chống chỉ định,Hiệp đồng tăng tác dụng,"Tăng nguy cơ kéo dài khoảng QT, xoắn đỉnh",Chống chỉ định phối hợp.,Quyết định 5948/BYT
297,Dược lực học,Domperidon,Levosulpirid,Chống chỉ định,Hiệp đồng tăng tác dụng,"Tăng nguy cơ kéo dài khoảng QT, xoắn đỉnh",Chống chỉ định phối hợp.,Quyết định 5948/BYT
298,Dược lực học,Domperidon,Ondansetron,Chống chỉ định,Hiệp đồng tăng tác dụng,"Tăng nguy cơ kéo dài khoảng QT, xoắn đỉnh",Chống chỉ định phối hợp.,Quyết định 5948/BYT
299,Dược lực học,Domperidon,Oxaliplatin,Chống chỉ định,Hiệp đồng tăng tác dụng,"Tăng nguy cơ kéo dài khoảng QT, xoắn đỉnh",Chống chỉ định phối hợp.,Quyết định 5948/BYT
300,Dược lực học,Domperidon,Propofol,Chống chỉ định,Hiệp đồng tăng tác dụng,"Tăng nguy cơ kéo dài khoảng QT, xoắn đỉnh",Chống chỉ định phối hợp.,Quyết định 5948/BYT
301,Dược lực học,Domperidon,Roxithromycin,Chống chỉ định,Hiệp đồng tăng tác dụng,"Tăng nguy cơ kéo dài khoảng QT, xoắn đỉnh",Chống chỉ định phối hợp.,Quyết định 5948/BYT
302,Dược lực học,Domperidon,Sevofluran,Chống chỉ định,Hiệp đồng tăng tác dụng,"Tăng nguy cơ kéo dài khoảng QT, xoắn đỉnh",Chống chỉ định phối hợp.,Quyết định 5948/BYT
303,Dược lực học,Domperidon,Sulpirid,Chống chỉ định,Hiệp đồng tăng tác dụng,"Tăng nguy cơ kéo dài khoảng QT, xoắn đỉnh",Chống chỉ định phối hợp.,Quyết định 5948/BYT
304,Dược lực học,Donepezil,Thioridazin,Chống chỉ định có điều kiện,Hiệp đồng tăng tác dụng,"Tăng nguy cơ kéo dài khoảng QT, xoắn đỉnh","1. Chống chỉ định phối hợp ở các bệnh nhân có hội chứng QT kéo dài do di truyền hoặc mắc phải.
2. Trên các đối tượng bệnh nhân khác, tốt nhất nên tránh phối hợp các thuốc này. Trong trường hợp cần thiết phối hợp, cần đánh giá cẩn thận nguy cơ/lợi ích và lượng giá các yếu tố nguy cơ trên từng bệnh nhân, đặc biệt là rối loạn điện giải (hạ kali máu, hạ magie máu, hạ calci máu), nhịp tim chậm, nữ giới trước khi quyết định kê đơn.",Quyết định 5948/BYT
305,Dược lực học,Donepezil,Fluconazol,Chống chỉ định có điều kiện,Hiệp đồng tăng tác dụng,"Tăng nguy cơ kéo dài khoảng QT, xoắn đỉnh","1. Chống chỉ định phối hợp ở các bệnh nhân có hội chứng QT kéo dài do di truyền hoặc mắc phải.
2. Trên các đối tượng bệnh nhân khác, tốt nhất nên tránh phối hợp các thuốc này. Trong trường hợp cần thiết phối hợp, cần đánh giá cẩn thận nguy cơ/lợi ích và lượng giá các yếu tố nguy cơ trên từng bệnh nhân, đặc biệt là rối loạn điện giải (hạ kali máu, hạ magie máu, hạ calci máu), nhịp tim chậm, nữ giới trước khi quyết định kê đơn.",Quyết định 5948/BYT
306,Dược lực học,Donepezil,Sparfloxacin,Chống chỉ định có điều kiện,Hiệp đồng tăng tác dụng,"Tăng nguy cơ kéo dài khoảng QT, xoắn đỉnh","1. Chống chỉ định phối hợp ở các bệnh nhân có hội chứng QT kéo dài do di truyền hoặc mắc phải.
2. Trên các đối tượng bệnh nhân khác, tốt nhất nên tránh phối hợp các thuốc này. Trong trường hợp cần thiết phối hợp, cần đánh giá cẩn thận nguy cơ/lợi ích và lượng giá các yếu tố nguy cơ trên từng bệnh nhân, đặc biệt là rối loạn điện giải (hạ kali máu, hạ magie máu, hạ calci máu), nhịp tim chậm, nữ giới trước khi quyết định kê đơn.",Quyết định 5948/BYT
307,Dược lực học,Doxycyclin,Tretinoin,Chống chỉ định,Hiệp đồng tăng độc tính,"Tăng nguy cơ tăng áp nội sọ lành tính (phù gai thị, đau đầu, buồn nôn và nôn, và rối loạn thị giác)",Chống chỉ định phối hợp,Quyết định 5948/BYT
308,Dược lực học,Doxycyclin,Isotretinoin,Chống chỉ định,Hiệp đồng tăng độc tính,"Tăng nguy cơ tăng áp nội sọ lành tính (phù gai thị, đau đầu, buồn nôn và nôn, và rối loạn thị giác)",Chống chỉ định phối hợp,Quyết định 5948/BYT
309,Dược lực học,Doxylamin,Linezolid,Chống chỉ định có điều kiện,Hiệp đồng tác dụng serotonin,"Tăng nguy cơ hội chứng serotonin (sốt cao, rối loạn nhận thức, tăng phản xạ, mất phối hợp, rung giật cơ, cứng cơ, co giật, nhịp tim nhanh, tăng huyết áp, tăng thân nhiệt, vã mồ hôi, ảo giác, kích động hoặc bồn chồn…)","1. Cố gắng tránh sử dụng đồng thời linezolid và doxylamin. Tốt nhất các thuốc này nên sử dụng cách nhau 2 tuần. Cân nhắc thay đổi sang các thuốc nhóm khác có cùng chỉ định và ít có nguy cơ tương tác hơn.
2. Trong hợp không thể trì hoãn điều trị được 2 tuần, bắt buộc sử dụng dài ngày hoặc khẩn cấp bằng linezolid và không có thuốc khác thay thế, cân bằng lợi ích và nguy cơ xảy ra hội chứng serotonin. Nếu lợi ích vượt trội nguy cơ, vẫn có thể sử dụng đồng thời nhưng cần giám sát chặt chẽ chặt chẽ bệnh nhân, đặc biệt trong tháng đầu tiên sử dụng đồng thời 2 thuốc.",Quyết định 5948/BYT
310,Dược lực học,Doxylamin,Xanh methylen (sử dụng đường tiêm tĩnh mạch),Chống chỉ định có điều kiện,Hiệp đồng tác dụng serotonin,"Tăng nguy cơ hội chứng serotonin (sốt cao, rối loạn nhận thức, tăng phản xạ, mất phối hợp, rung giật cơ, cứng cơ, co giật, nhịp tim nhanh, tăng huyết áp, tăng thân nhiệt, vã mồ hôi, ảo giác, kích động hoặc bồn chồn…)","1. Cố gắng tránh sử dụng đồng thời xanh methylen và carbamazepin. Tốt nhất các thuốc này nên sử dụng cách nhau 2 tuần. Cân nhắc thay đổi sang các thuốc nhóm khác có cùng chỉ định và ít có nguy cơ tương tác hơn.
2. Trong hợp không thể trì hoãn điều trị được 2 tuần, bắt buộc sử dụng dài ngày hoặc khẩn cấp bằng xanh methylen và không có thuốc khác thay thế, cân bằng lợi ích và nguy cơ xảy ra hội chứng serotonin. Nếu lợi ích vượt trội nguy cơ, vẫn có thể sử dụng đồng thời nhưng cần giám sát chặt chẽ chặt chẽ bệnh nhân, đặc biệt trong tháng đầu tiên sử dụng đồng thời 2 thuốc.",Quyết định 5948/BYT
311,Dược động học,Doxylamin,Furazolidon,Chống chỉ định có điều kiện,"Hiệp đồng tác dụng serotonin. Tác dụng ức chế MAO của furazolidon do chất chuyển hóa của thuốc, xuất hiện chậm sau 5 - 10 ngày.","Tăng nguy cơ hội chứng serotonin (sốt cao, rối loạn nhận thức, tăng phản xạ, mất phối hợp, rung giật cơ, cứng cơ, co giật, nhịp tim nhanh, tăng huyết áp, tăng thân nhiệt, vã mồ hôi, ảo giác, kích động hoặc bồn chồn…)","1. Cố gắng tránh sử dụng đồng thời furazolidon và doxylamin. Tốt nhất các thuốc này nên sử dụng cách nhau 2 tuần. Cân nhắc thay đổi sang các thuốc nhóm khác có cùng chỉ định và ít có nguy cơ tương tác hơn.
2. Trong hợp không thể trì hoãn điều trị được 2 tuần, bắt buộc sử dụng dài ngày hoặc khẩn cấp bằng furazolidon và không có thuốc khác thay thế, cân bằng lợi ích và nguy cơ xảy ra hội chứng serotonin. Nếu lợi ích vượt trội nguy cơ, vẫn có thể sử dụng đồng thời nhưng cần giám sát chặt chẽ chặt chẽ bệnh nhân, đặc biệt trong tháng đầu tiên sử dụng
đồng thời 2 thuốc.",Quyết định 5948/BYT
312,Dược lực học,Duloxetin,Linezolid,Chống chỉ định có điều kiện,Hiệp đồng tác dụng serotonin,"Tăng nguy cơ hội chứng serotonin (sốt cao, rối loạn nhận thức, tăng phản xạ, mất phối hợp, rung giật cơ, cứng cơ, co giật, nhịp tim nhanh, tăng huyết áp, tăng thân nhiệt, vã mồ hôi, ảo giác, kích động hoặc bồn chồn…)","1. Cố gắng tránh sử dụng đồng thời linezolid và duloxetin. Tốt nhất các thuốc này nên sử dụng cách nhau 2 tuần. Cân nhắc thay đổi sang các thuốc nhóm khác có cùng chỉ định và ít có nguy cơ tương tác hơn.
2. Trong hợp không thể trì hoãn điều trị được 2 tuần, bắt buộc sử dụng dài ngày hoặc khẩn cấp bằng linezolid và không có thuốc khác thay thế, cân bằng lợi ích và nguy cơ xảy ra hội chứng serotonin. Nếu lợi ích vượt trội nguy cơ, vẫn có thể sử dụng đồng thời nhưng cần giám sát chặt chẽ chặt chẽ bệnh nhân, đặc biệt trong tháng đầu tiên sử dụng
đồng thời 2 thuốc.",Quyết định 5948/BYT
313,Dược lực học,Duloxetin,Xanh methylen (sử dụng đường tiêm tĩnh mạch),Chống chỉ định có điều kiện,Hiệp đồng tác dụng serotonin,"Tăng nguy cơ hội chứng serotonin (sốt cao, rối loạn nhận thức, tăng phản xạ, mất phối hợp, rung giật cơ, cứng cơ, co giật, nhịp tim nhanh, tăng huyết áp, tăng thân nhiệt, vã mồ hôi, ảo giác, kích động hoặc bồn chồn…)","1. Cố gắng tránh sử dụng đồng thời xanh methylen và duloxetin. Tốt nhất các thuốc này nên sử dụng cách nhau 2 tuần. Cân nhắc thay đổi sang các thuốc nhóm khác có cùng chỉ định và ít có nguy cơ tương tác hơn.
2. Trong hợp không thể trì hoãn điều trị được 2 tuần, bắt buộc sử dụng dài ngày hoặc khẩn cấp bằng xanh methylen và không có thuốc khác thay thế, cân bằng lợi ích và nguy cơ xảy ra hội chứng serotonin. Nếu lợi ích vượt trội nguy cơ, vẫn có thể sử dụng đồng thời nhưng cần giám sát chặt chẽ chặt chẽ bệnh nhân, đặc biệt trong tháng đầu tiên sử dụng đồng thời 2 thuốc.",Quyết định 5948/BYT
314,Dược động học,Duloxetin,Fluvoxamin,Chống chỉ định,Fluvoxamin ức chế CYP1A2 mạnh làm giảm chuyển hóa của duloxetin,"Tăng nồng độ của duloxetin trong huyết thanh, tăng nguy cơ tác dụng không mong muốn (buồn ngủ, hôn mê, hội chứng serotonin, co giật, nôn và nhịp tim nhanh...)",Chống chỉ định phối hợp,Quyết định 5948/BYT
315,Dược động học,Duloxetin,Furazolidon,Chống chỉ định có điều kiện,"Hiệp đồng tác dụng serotonin. Tác dụng ức chế MAO của furazolidon do chất chuyển hóa của thuốc, xuất hiện chậm sau 5 - 10 ngày.","Tăng nguy cơ hội chứng serotonin (sốt cao, rối loạn nhận thức, tăng phản xạ, mất phối hợp, rung giật cơ, cứng cơ, co giật, nhịp tim nhanh, tăng huyết áp, tăng thân nhiệt, vã mồ hôi, ảo giác, kích động hoặc bồn chồn…)","1. Cố gắng tránh sử dụng đồng thời furazolidon và duloxetin. Tốt nhất các thuốc này nên sử dụng cách nhau 2 tuần. Cân nhắc thay đổi sang các thuốc nhóm khác có cùng chỉ định và ít có nguy cơ tương tác hơn.
2. Trong hợp không thể trì hoãn điều trị được 2 tuần, bắt buộc sử dụng dài ngày hoặc khẩn cấp bằng furazolidon và không có thuốc khác thay thế, cân bằng lợi ích và nguy cơ xảy ra hội chứng serotonin. Nếu lợi ích vượt trội nguy cơ, vẫn có thể sử dụng đồng thời nhưng cần giám sát chặt chẽ bệnh nhân, đặc biệt trong tháng đầu tiên sử dụng đồng thời 2 thuốc.",Quyết định 5948/BYT
316,Dược động học,Efavirenz,Grazoprevir/elbasvir,Chống chỉ định,Efavirenz cảm ứng CYP3A4 làm tăng chuyển hóa của Grazoprevir/elbasvir,"Giảm nồng độ grazoprevir/elbasvir trong huyết thanh, dẫn đến giảm hiệu quả điều trị",Chống chỉ định phối hợp.,Quyết định 5948/BYT
317,Dược động học,Efavirenz,Voriconazol,Chống chỉ định có điều kiện,Efavirenz cảm ứng CYP3A4 làm tăng chuyển hóa của voriconazol; voriconazol ức chế CYP3A4 làm giảm chuyển hóa của efavirenz,"Giảm nồng độ voriconazol, tăng nồng độ efavirenz trong huyết thanh, tăng nguy cơ kéo dài khoảng QT","1. Chống chỉ định với liều efavirenz trên 400 mg/ngày.
2. Voriconazol có thể phối hợp efavirenz khi tăng liều duy trì của voriconazol lên 400 mg mỗi 12 giờ và giảm liều của efavirenz còn 300 mg mỗi 24 giờ. Khi ngừng sử dụng voriconazol, có thể quay lại sử dụng liều ban đầu efavirenz.",Quyết định 5948/BYT
318,Dược động học,Eltrombopag,Grazoprevir/elbasvir,Chống chỉ định,Eltrombopag ức chế OATP1B1/3 làm giảm vận chuyển grazoprevir vào gan.,"Tăng nồng độ grazoprevir/elbasvir, tăng nguy cơ tăng ALT",Chống chỉ định phối hợp,Quyết định 5948/BYT
319,Dược lực học,Enalapril,Sacubitril/valsartan (sacubitril),Chống chỉ định,Tăng tích lũy bradykinin gây phù mạch,Tăng nguy cơ phù mạch,Chống chỉ định phối hợp. Chỉ bắt đầu sử dụng Sacubitril/valsartan (sacubitril) sau khi ngừng enalapril ít nhất 36 giờ.,Quyết định 5948/BYT
320,Dược động học,Enzalutamid,Grazoprevir/elbasvir,Chống chỉ định,Enzalutamid cảm ứng CYP3A4 làm tăng chuyển hóa của Grazoprevir/elbasvir,"Giảm nồng độ grazoprevir/elbasvir trong huyết thanh, dẫn đến giảm hiệu quả điều trị",Chống chỉ định phối hợp.,Quyết định 5948/BYT
321,Dược lực học,Ephedrin (sử dụng đường uống),Xanh methylen (sử dụng đường tiêm tĩnh mạch),Chống chỉ định,Tăng tích lũy noradrenalin (norepinephrin),"Tăng nguy cơ xuất hiện cơn tăng huyết áp (đau đầu, đánh trống ngực, cứng cổ, tăng huyết áp)","1. Chống chỉ định sử dụng ephedrin sử dụng đường uống đồng thời hoặc trong vòng 14 ngày trước đó có sử dụng linezolid.
2. Đối với ephedrin sử dụng đường tiêm, cần sử dụng rất thận trọng trên bệnh nhân đang dùng linezolid trong điều kiện giám sát huyết áp chặt chẽ.",Quyết định 5948/BYT
322,Dược lực học,Ephedrin (sử dụng đường uống),Xanh methylen (sử dụng đường tiêm tĩnh mạch),Chống chỉ định,Tăng tích lũy noradrenalin (norepinephrin),"Tăng nguy cơ xuất hiện cơn tăng huyết áp (đau đầu, đánh trống ngực, cứng cổ, tăng huyết áp)","1. Chống chỉ định sử dụng ephedrin sử dụng đường uống đồng thời hoặc trong vòng 14 ngày trước đó có sử dụng xanh methylen.
2. Đối với ephedrin sử dụng đường tiêm, cần sử dụng rất thận trọng trên bệnh nhân đang dùng xanh methylen trong điều kiện giám sát huyết áp chặt chẽ.",Quyết định 5948/BYT
323,Dược động học,Ephedrin (sử dụng đường uống),Furazolidon,Chống chỉ định,"Tăng tích lũy noradrenalin (norepinephrin). Tác dụng ức chế MAO của furazolidon do chất chuyển hóa của thuốc, xuất hiện chậm sau 5 - 10 ngày.","Tăng nguy cơ xuất hiện cơn tăng huyết áp (đau đầu, đánh trống ngực, cứng cổ, tăng huyết áp)","1. Chống chỉ định sử dụng ephedrin sử dụng đường uống đồng thời hoặc trong vòng 14 ngày trước đó có sử dụng furazolidon.
2. Đối với ephedrin sử dụng đường tiêm, cần sử dụng rất thận trọng trên bệnh nhân đang dùng furazolidon trong điều kiện giám sát huyết áp chặt chẽ.",Quyết định 5948/BYT
324,Dược lực học,Ergometrin,Sumatriptan,Chống chỉ định,Hiệp đồng tác dụng co mạch,Co thắt mạch kéo dài,Chống chỉ định phối hợp. Hai thuốc cách nhau ít nhất 24 giờ.,Quyết định 5948/BYT
325,Dược động học,Ergometrin,Roxithromycin,Chống chỉ định,Roxithromycin ức chế CYP3A4 mạnh làm giảm chuyển hóa của ergometrin,"Tăng nồng độ của ergometrin trong huyết thanh, tăng nguy cơ độc tính (nôn, buồn nôn, hoại tử đầu chi, thiếu máu cục bộ do co thắt mạch…)",Chống chỉ định phối hợp,Quyết định 5948/BYT
326,Dược động học,Ergometrin,Erythromycin,Chống chỉ định,Erythromycin ức chế CYP3A4 mạnh làm giảm chuyển hóa của ergometrin,"Tăng nồng độ của ergometrin trong huyết thanh, tăng nguy cơ độc tính (nôn, buồn nôn, hoại tử đầu chi, thiếu máu cục bộ do co thắt mạch…)",Chống chỉ định phối hợp,Quyết định 5948/BYT
327,Dược động học,Ergometrin,Voriconazol,Chống chỉ định,Voriconazol ức chế CYP3A4 mạnh làm giảm chuyển hóa của ergometrin,"Tăng nồng độ của ergometrin trong huyết thanh, tăng nguy cơ độc tính (nôn, buồn nôn, hoại tử đầu chi, thiếu máu cục bộ do co thắt mạch…)",Chống chỉ định phối hợp,Quyết định 5948/BYT
328,Dược động học,Ergometrin,Posaconazol,Chống chỉ định,Posaconazol ức chế CYP3A4 mạnh làm giảm chuyển hóa của ergometrin,"Tăng nồng độ của ergometrin trong huyết thanh, tăng nguy cơ độc tính (nôn, buồn nôn, hoại tử đầu chi, thiếu máu cục bộ do co thắt mạch…)",Chống chỉ định phối hợp,Quyết định 5948/BYT
329,Dược động học,Ergometrin,Itraconazol,Chống chỉ định,Itraconazol ức chế CYP3A4 mạnh làm giảm chuyển hóa của ergometrin,"Tăng nồng độ của ergometrin trong huyết thanh, tăng nguy cơ độc tính (nôn, buồn nôn, hoại tử đầu chi, thiếu máu cục bộ do co thắt mạch…)",Chống chỉ định phối hợp,Quyết định 5948/BYT
330,Dược động học,Ergometrin,Saquinavir +/- ritonavir,Chống chỉ định có điều kiện,Saquinavir ức chế CYP3A4 mạnh làm giảm chuyển hóa của ergometrin,"Tăng nồng độ của ergometrin trong huyết thanh, tăng nguy cơ độc tính (nôn, buồn nôn, hoại tử đầu chi, thiếu máu cục bộ do co thắt mạch…)","Tốt nhất nên tránh phối hợp. Đối với trường hợp điều trị băng huyết sau sinh, nếu không còn thuốc khác thay thế ở người bệnh đang sử dụng saquinavir, sử dụng ergometrin chỉ khi lợi ích vượt trội nguy cơ và sử dụng liều thấp nhất có hiệu quả trong thời gian ngắn nhất.",Quyết định 5948/BYT
331,Dược động học,Ergometrin,Lopinavir/ritonavir,Chống chỉ định có điều kiện,Lopinavir/ritonavir ức chế CYP3A4 mạnh làm giảm chuyển hóa của ergometrin,"Tăng nồng độ của ergometrin trong huyết thanh, tăng nguy cơ độc tính (nôn, buồn nôn, hoại tử đầu chi, thiếu máu cục bộ do co thắt mạch…)","Tốt nhất nên tránh phối hợp. Đối với trường hợp điều trị băng huyết sau sinh, nếu không còn thuốc khác thay thế ở người bệnh đang sử dụng lopinavir/ritonavir, sử dụng ergometrin chỉ khi lợi ích vượt trội nguy cơ và sử dụng liều thấp nhất có hiệu quả trong thời gian ngắn nhất.",Quyết định 5948/BYT
332,Dược động học,Ergometrin,Indinavir +/- ritonavir,Chống chỉ định có điều kiện,Indinavir ức chế CYP3A4 mạnh làm giảm chuyển hóa của ergometrin,"Tăng nồng độ của ergometrin trong huyết thanh, tăng nguy cơ độc tính (nôn, buồn nôn, hoại tử đầu chi, thiếu máu cục bộ do co thắt mạch…)","Tốt nhất nên tránh phối hợp. Đối với trường hợp điều trị băng huyết sau sinh, nếu không còn thuốc khác thay thế ở người bệnh đang sử dụng indinavir, sử dụng ergometrin chỉ khi lợi ích vượt trội nguy cơ và sử dụng liều thấp nhất có hiệu quả trong thời gian ngắn nhất.",Quyết định 5948/BYT
333,Dược lực học,Ergotamin,Sumatriptan,Chống chỉ định,Hiệp đồng tác dụng co mạch,Co thắt mạch kéo dài,Chống chỉ định phối hợp. Hai thuốc cách nhau ít nhất 24 giờ.,Quyết định 5948/BYT
334,Dược động học,Ergotamin,Roxithromycin,Chống chỉ định,Roxithromycin ức chế CYP3A4 mạnh làm giảm chuyển hóa của ergotamin,"Tăng nồng độ của ergotamin trong huyết thanh, tăng nguy cơ độc tính (nôn, buồn nôn, hoại tử đầu chi, thiếu máu cục bộ do co thắt mạch…)",Chống chỉ định phối hợp,Quyết định 5948/BYT
335,Dược động học,Ergotamin,Erythromycin,Chống chỉ định,Erythromycin ức chế CYP3A4 mạnh làm giảm chuyển hóa của ergotamin,"Tăng nồng độ của ergotamin trong huyết thanh, tăng nguy cơ độc tính (nôn, buồn nôn, hoại tử đầu chi, thiếu máu cục bộ do co thắt mạch…)",Chống chỉ định phối hợp,Quyết định 5948/BYT
336,Dược động học,Ergotamin,Voriconazol,Chống chỉ định,Voriconazol ức chế CYP3A4 mạnh làm giảm chuyển hóa của ergotamin,"Tăng nồng độ của ergotamin trong huyết thanh, tăng nguy cơ độc tính (nôn, buồn nôn, hoại tử đầu chi, thiếu máu cục bộ do co thắt mạch…)",Chống chỉ định phối hợp,Quyết định 5948/BYT
337,Dược động học,Ergotamin,Posaconazol,Chống chỉ định,Posaconazol ức chế CYP3A4 mạnh làm giảm chuyển hóa của ergotamin,"Tăng nồng độ của ergotamin trong huyết thanh, tăng nguy cơ độc tính (nôn, buồn nôn, hoại tử đầu chi, thiếu máu cục bộ do co thắt mạch…)",Chống chỉ định phối hợp,Quyết định 5948/BYT
338,Dược động học,Ergotamin,Itraconazol,Chống chỉ định,Itraconazol ức chế CYP3A4 mạnh làm giảm chuyển hóa của ergotamin,"Tăng nồng độ của ergotamin trong huyết thanh, tăng nguy cơ độc tính (nôn, buồn nôn, hoại tử đầu chi, thiếu máu cục bộ do co thắt mạch…)",Chống chỉ định phối hợp,Quyết định 5948/BYT
339,Dược động học,Ergotamin,Saquinavir +/- ritonavir,Chống chỉ định,Saquinavir ức chế CYP3A4 mạnh làm giảm chuyển hóa của ergotamin,"Tăng nồng độ của ergotamin trong huyết thanh, tăng nguy cơ độc tính (nôn, buồn nôn, hoại tử đầu chi, thiếu máu cục bộ do co thắt mạch…)",Chống chỉ định phối hợp,Quyết định 5948/BYT
340,Dược động học,Ergotamin,Lopinavir/ritonavir,Chống chỉ định,Lopinavir/ritonavir ức chế CYP3A4 mạnh làm giảm chuyển hóa của ergotamin,"Tăng nồng độ của ergotamin trong huyết thanh, tăng nguy cơ độc tính (nôn, buồn nôn, hoại tử đầu chi, thiếu máu cục bộ do co thắt mạch…)",Chống chỉ định phối hợp,Quyết định 5948/BYT
341,Dược động học,Ergotamin,Indinavir +/- ritonavir,Chống chỉ định,Indinavir ức chế CYP3A4 mạnh làm giảm chuyển hóa của ergotamin,"Tăng nồng độ của ergotamin trong huyết thanh, tăng nguy cơ độc tính (nôn, buồn nôn, hoại tử đầu chi, thiếu máu cục bộ do co thắt mạch…)",Chống chỉ định phối hợp,Quyết định 5948/BYT
342,Dược lực học,Erythromycin,Thioridazin,Chống chỉ định có điều kiện,Hiệp đồng tăng tác dụng,"Tăng nguy cơ kéo dài khoảng QT, xoắn đỉnh","1. Chống chỉ định phối hợp ở các bệnh nhân có hội chứng QT kéo dài do di truyền hoặc mắc phải.
2. Trên các đối tượng bệnh nhân khác, tốt nhất nên tránh phối hợp các thuốc này. Trong trường hợp cần thiết phối hợp, cần đánh giá cẩn thận nguy cơ/lợi ích và lượng giá các yếu tố nguy cơ trên từng bệnh nhân, đặc biệt là rối loạn điện giải (hạ kali máu, hạ magie máu, hạ calci máu), nhịp tim chậm, nữ giới trước khi quyết định kê đơn.",Quyết định 5948/BYT
343,Dược lực học,Erythromycin,Fluconazol,Chống chỉ định có điều kiện,Hiệp đồng tăng tác dụng,"Tăng nguy cơ kéo dài khoảng QT, xoắn đỉnh","1. Chống chỉ định phối hợp ở các bệnh nhân có hội chứng QT kéo dài do di truyền hoặc mắc phải.
2. Trên các đối tượng bệnh nhân khác, tốt nhất nên tránh phối hợp các thuốc này. Trong trường hợp cần thiết phối hợp, cần đánh giá cẩn thận nguy cơ/lợi ích và lượng giá các yếu tố nguy cơ trên từng bệnh nhân, đặc biệt là rối loạn điện giải (hạ kali máu, hạ magie máu, hạ calci máu), nhịp tim chậm, nữ giới trước khi quyết định kê đơn.",Quyết định 5948/BYT
344,Dược lực học,Erythromycin,Piperaquin/dihydroartemisinin (piperaquin),Chống chỉ định có điều kiện,Hiệp đồng tăng tác dụng,"Tăng nguy cơ kéo dài khoảng QT, xoắn đỉnh","1. Chống chỉ định phối hợp ở các bệnh nhân có hội chứng QT kéo dài do di truyền hoặc mắc phải.
2. Trên các đối tượng bệnh nhân khác, tốt nhất nên tránh phối hợp các thuốc này. Trong trường hợp cần thiết phối hợp, cần đánh giá cẩn thận nguy cơ/lợi ích và lượng giá các yếu tố nguy cơ trên từng bệnh nhân, đặc biệt là rối loạn điện giải (hạ kali máu, hạ magie máu, hạ calci máu), nhịp tim chậm, nữ giới trước khi quyết định kê đơn.",Quyết định 5948/BYT
345,Dược động học,Erythromycin,Lovastatin,Chống chỉ định,Erythromycin ức chế CYP3A4 mạnh làm giảm chuyển hóa của lovastatin,"Tăng nồng độ của lovastatin trong huyết thanh, tăng nguy cơ bệnh cơ hoặc tiêu cơ vân cấp","Chống chỉ định phối hợp. Cân nhắc thay đổi sang các thuốc nhóm khác có cùng chỉ định và ít có nguy cơ tương tác hơn:
- Trong trường hợp bắt buộc sử dụng kháng sinh macrolid, thay erythromycin bằng azithromycin HOẶC
- Trong trường hợp bắt buộc sử dụng dẫn chất statin, thay lovastatin bằng các dẫn chất statin khác (thận trọng khi phối hợp với pravastatin).",Quyết định 5948/BYT
346,Dược động học,Erythromycin,Simvastatin,Chống chỉ định,Erythromycin ức chế CYP3A4 mạnh làm giảm chuyển hóa của simvastatin,"Tăng nồng độ của simvastatin trong huyết thanh, tăng nguy cơ bệnh cơ hoặc tiêu cơ vân cấp","Chống chỉ định phối hợp. Cân nhắc thay đổi sang các thuốc nhóm khác có cùng chỉ định và ít có nguy cơ tương tác hơn:
- Trong trường hợp bắt buộc sử dụng kháng sinh macrolid, thay erythromycin bằng azithromycin HOẶC
- Trong trường hợp bắt buộc sử dụng dẫn chất statin, thay simvastatin bằng các dẫn chất statin khác (thận trọng khi phối hợp với pravastatin).",Quyết định 5948/BYT
347,Dược động học,Erythromycin,Methylergometrin,Chống chỉ định,Erythromycin ức chế CYP3A4 mạnh làm giảm chuyển hóa của methylergometrin,"Tăng nồng độ của methylergometrin trong huyết thanh, tăng nguy cơ độc tính (nôn, buồn nôn, hoại tử đầu chi, thiếu máu cục bộ do co thắt mạch…)",Chống chỉ định phối hợp,Quyết định 5948/BYT
348,Dược động học,Erythromycin,Ivabradin,Chống chỉ định,Erythromycin ức chế CYP3A4 mạnh làm giảm chuyển hóa của ivabradin,"Tăng nồng độ ivabradin trong huyết thanh, tăng nguy cơ kéo dài khoảng QT và chậm nhịp tim","Chống chỉ định phối hợp. Cân nhắc thay đổi sang các thuốc nhóm khác có cùng chỉ định và ít có nguy cơ tương tác hơn: Trong trường hợp bắt buộc sử dụng kháng sinh macrolid, thay erythromycin bằng azithromycin.",Quyết định 5948/BYT
349,Dược động học,Erythromycin,Saquinavir/ritonavir,Chống chỉ định có điều kiện,"Erythromycin ức chế CYP3A4 và P-gp, làm giảm chuyển hóa và thải trừ saquinavir. Saquinavir cũng ức chế CYP3A4 làm giảm chuyển hóa của erythromycin.","Tăng nồng độ erythromycin, tăng nồng độ saquinavir, tăng nguy cơ kéo dài khoảng QT và xoắn đỉnh.","1. Chống chỉ định phối hợp ở bệnh nhân có QTc > 450 ms và saquinavir ở dạng phối hợp ritonavir.
2. Trong trường hợp bắt buộc phối hợp, định kỳ đo điện tâm đồ mỗi 3-4 ngày. Nếu QTc > 480 ms hoặc tăng > 20 ms so với ban đầu, ngừng 1 trong 2 hoặc cả 2 thuốc.",Quyết định 5948/BYT
350,Dược lực học,Erythromycin,Sparfloxacin,Chống chỉ định có điều kiện,Hiệp đồng tăng tác dụng,"Tăng nguy cơ kéo dài khoảng QT, xoắn đỉnh","1. Chống chỉ định phối hợp ở các bệnh nhân có hội chứng QT kéo dài do di truyền hoặc mắc phải.
2. Trên các đối tượng bệnh nhân khác, tốt nhất nên tránh phối hợp các thuốc này. Trong trường hợp cần thiết phối hợp, cần đánh giá cẩn thận nguy cơ/lợi ích và lượng giá các yếu tố nguy cơ trên từng bệnh nhân, đặc biệt là rối loạn điện giải (hạ kali máu, hạ magie máu, hạ calci máu), nhịp tim chậm, nữ giới trước khi quyết định kê đơn.",Quyết định 5948/BYT
351,Dược lực học,Escitalopram,Linezolid,Chống chỉ định có điều kiện,Hiệp đồng tác dụng serotonin,"Tăng nguy cơ hội chứng serotonin (sốt cao, rối loạn nhận thức, tăng phản xạ, mất phối hợp, rung giật cơ, cứng cơ, co giật, nhịp tim nhanh, tăng huyết áp, tăng thân nhiệt, vã mồ hôi, ảo giác, kích động hoặc bồn chồn…)","1. Cố gắng tránh sử dụng đồng thời linezolid và escitalopram. Tốt nhất các thuốc này nên sử dụng cách nhau 2 tuần. Cân nhắc thay đổi sang các thuốc nhóm khác có cùng chỉ định và ít có nguy cơ tương tác hơn.
2. Trong hợp không thể trì hoãn điều trị được 2 tuần, bắt buộc sử dụng dài ngày hoặc khẩn cấp bằng linezolid và không có thuốc khác thay thế, cân bằng lợi ích và nguy cơ xảy ra hội chứng serotonin. Nếu lợi ích vượt trội nguy cơ, vẫn có thể sử dụng đồng thời nhưng cần giám sát chặt chẽ chặt chẽ bệnh nhân, đặc biệt trong tháng đầu tiên sử dụng đồng thời 2 thuốc.",Quyết định 5948/BYT
352,Dược lực học,Escitalopram,Xanh methylen (sử dụng đường tiêm tĩnh mạch),Chống chỉ định có điều kiện,Hiệp đồng tác dụng serotonin,"Tăng nguy cơ hội chứng serotonin (sốt cao, rối loạn nhận thức, tăng phản xạ, mất phối hợp, rung giật cơ, cứng cơ, co giật, nhịp tim nhanh, tăng huyết áp, tăng thân nhiệt, vã mồ hôi, ảo giác, kích động hoặc bồn chồn…)","1. Cố gắng tránh sử dụng đồng thời xanh methylen và methadon. Tốt nhất các thuốc này nên sử dụng cách nhau 2 tuần. Cân nhắc thay đổi sang các thuốc nhóm khác có cùng chỉ định và ít có nguy cơ tương tác hơn. Trong trường hợp bắt buộc sử dụng opioid, có thể đổi sang các opiod khác không có hoạt tính ức chế thu hồi serotonin (morphin, codein, oxycodon, buprenorphin)
2. Trong hợp không thể trì hoãn điều trị được 2 tuần, bắt buộc sử dụng dài ngày hoặc khẩn cấp bằng xanh methylen và không có thuốc khác thay thế, cân bằng lợi ích và nguy cơ xảy ra hội chứng serotonin. Nếu lợi ích vượt trội nguy cơ, vẫn có thể sử dụng đồng thời nhưng cần giám sát chặt chẽ chặt chẽ bệnh nhân, đặc biệt trong tháng đầu tiên sử dụng đồng thời 2 thuốc.",Quyết định 5948/BYT
353,Dược lực học,Escitalopram,Thioridazin,Chống chỉ định có điều kiện,Hiệp đồng tăng tác dụng,"Tăng nguy cơ kéo dài khoảng QT, xoắn đỉnh","1. Chống chỉ định phối hợp ở các bệnh nhân có hội chứng QT kéo dài do di truyền hoặc mắc phải.
2. Trên các đối tượng bệnh nhân khác, tốt nhất nên tránh phối hợp các thuốc này. Trong trường hợp cần thiết phối hợp, cần đánh giá cẩn thận nguy cơ/lợi ích và lượng giá các yếu tố nguy cơ trên từng bệnh nhân, đặc biệt là rối loạn điện giải (hạ kali máu, hạ magie máu, hạ calci máu), nhịp tim chậm, nữ giới trước khi quyết định kê đơn.",Quyết định 5948/BYT
354,Dược lực học,Escitalopram,Moxifloxacin,Chống chỉ định có điều kiện,Hiệp đồng tăng tác dụng,"Tăng nguy cơ kéo dài khoảng QT, xoắn đỉnh","1. Chống chỉ định phối hợp ở các bệnh nhân có hội chứng QT kéo dài do di truyền hoặc mắc phải.
2. Trên các đối tượng bệnh nhân khác, tốt nhất nên tránh phối hợp các thuốc này. Trong trường hợp cần thiết phối hợp, cần đánh giá cẩn thận nguy cơ/lợi ích và lượng giá các yếu tố nguy cơ trên từng bệnh nhân, đặc biệt là rối loạn điện giải (hạ kali máu, hạ magie máu, hạ calci máu), nhịp tim chậm, nữ giới trước khi quyết định kê đơn.",Quyết định 5948/BYT
355,Dược lực học,Escitalopram,Fluconazol,Chống chỉ định có điều kiện,Hiệp đồng tăng tác dụng,"Tăng nguy cơ kéo dài khoảng QT, xoắn đỉnh","1. Chống chỉ định phối hợp ở các bệnh nhân có hội chứng QT kéo dài do di truyền hoặc mắc phải.
2. Trên các đối tượng bệnh nhân khác, tốt nhất nên tránh phối hợp các thuốc này. Trong trường hợp cần thiết phối hợp, cần đánh giá cẩn thận nguy cơ/lợi ích và lượng giá các yếu tố nguy cơ trên từng bệnh nhân, đặc biệt là rối loạn điện giải (hạ kali máu, hạ magie máu, hạ calci máu), nhịp tim chậm, nữ giới trước khi quyết định kê đơn.",Quyết định 5948/BYT
356,Dược lực học,Escitalopram,Haloperidol,Chống chỉ định có điều kiện,Hiệp đồng tăng tác dụng,"Tăng nguy cơ kéo dài khoảng QT, xoắn đỉnh","1. Chống chỉ định phối hợp ở các bệnh nhân có hội chứng QT kéo dài do di truyền hoặc mắc phải.
2. Trên các đối tượng bệnh nhân khác, tốt nhất nên tránh phối hợp các thuốc này. Trong trường hợp cần thiết phối hợp, cần đánh giá cẩn thận nguy cơ/lợi ích và lượng giá các yếu tố nguy cơ trên từng bệnh nhân, đặc biệt là rối loạn điện giải (hạ kali máu, hạ magie máu, hạ calci máu), nhịp tim chậm, nữ giới trước khi quyết định kê đơn.",Quyết định 5948/BYT
357,Dược lực học,Escitalopram,Sotalol,Chống chỉ định có điều kiện,Hiệp đồng tăng tác dụng,"Tăng nguy cơ kéo dài khoảng QT, xoắn đỉnh","1. Chống chỉ định phối hợp ở các bệnh nhân có hội chứng QT kéo dài do di truyền hoặc mắc phải.
2. Trên các đối tượng bệnh nhân khác, tốt nhất nên tránh phối hợp các thuốc này. Trong trường hợp cần thiết phối hợp, cần đánh giá cẩn thận nguy cơ/lợi ích và lượng giá các yếu tố nguy cơ trên từng bệnh nhân, đặc biệt là rối loạn điện giải (hạ kali máu, hạ magie máu, hạ calci máu), nhịp tim chậm, nữ giới trước khi quyết định kê đơn.",Quyết định 5948/BYT
358,Dược động học,Escitalopram,Furazolidon,Chống chỉ định có điều kiện,"Hiệp đồng tác dụng serotonin. Tác dụng ức chế MAO của furazolidon do chất chuyển hóa của thuốc, xuất hiện chậm sau 5 - 10 ngày.","Tăng nguy cơ hội chứng serotonin (sốt cao, rối loạn nhận thức, tăng phản xạ, mất phối hợp, rung giật cơ, cứng cơ, co giật, nhịp tim nhanh, tăng huyết áp, tăng thân nhiệt, vã mồ hôi, ảo giác, kích động hoặc bồn chồn…)","1. Cố gắng tránh sử dụng đồng thời furazolidon và escitalopram. Tốt nhất các thuốc này nên sử dụng cách nhau 2 tuần. Cân nhắc thay đổi sang các thuốc nhóm khác có cùng chỉ định và ít có nguy cơ tương tác hơn.
2. Trong hợp không thể trì hoãn điều trị được 2 tuần, bắt buộc sử dụng dài ngày hoặc khẩn cấp bằng furazolidon và không có thuốc khác thay thế, cân bằng lợi ích và nguy cơ xảy ra hội chứng serotonin. Nếu lợi ích vượt trội nguy cơ, vẫn có thể sử dụng đồng thời nhưng cần giám sát chặt chẽ chặt chẽ bệnh nhân, đặc biệt trong tháng đầu tiên sử dụng
đồng thời 2 thuốc.",Quyết định 5948/BYT
359,Dược lực học,Escitalopram,Sparfloxacin,Chống chỉ định có điều kiện,Hiệp đồng tăng tác dụng,"Tăng nguy cơ kéo dài khoảng QT, xoắn đỉnh","1. Chống chỉ định phối hợp ở các bệnh nhân có hội chứng QT kéo dài do di truyền hoặc mắc phải.
2. Trên các đối tượng bệnh nhân khác, tốt nhất nên tránh phối hợp các thuốc này. Trong trường hợp cần thiết phối hợp, cần đánh giá cẩn thận nguy cơ/lợi ích và lượng giá các yếu tố nguy cơ trên từng bệnh nhân, đặc biệt là rối loạn điện giải (hạ kali máu, hạ magie máu, hạ calci máu), nhịp tim chậm, nữ giới trước khi quyết định kê đơn.",Quyết định 5948/BYT
360,Dược lực học,Etodolac,Ketorolac,Chống chỉ định,Hiệp đồng tác dụng kích ứng đường tiêu hóa,Tăng nguy cơ xuất huyết tiêu hóa nghiêm trọng (sử dụng đồng thời ketorolac với 1 NSAID khác làm tăng nguy cơ xuất huyết tiêu hóa gấp 5 lần so với phối hợp 2 NSAID khác),Chống chỉ định phối hợp. Cần đặc biệt lưu ý nguy cơ tương tác trong trường hợp giảm đau hậu phẫu.,Quyết định 5948/BYT
361,Dược lực học,Etoricoxib,Ketorolac,Chống chỉ định,Hiệp đồng tác dụng kích ứng đường tiêu hóa,Tăng nguy cơ xuất huyết tiêu hóa nghiêm trọng (sử dụng đồng thời ketorolac với 1 NSAID khác làm tăng nguy cơ xuất huyết tiêu hóa gấp 5 lần so với phối hợp 2 NSAID khác),Chống chỉ định phối hợp. Cần đặc biệt lưu ý nguy cơ tương tác trong trường hợp giảm đau hậu phẫu.,Quyết định 5948/BYT
362,Dược động học,Everolimus,Lopinavir/ritonavir (ritonavir),Chống chỉ định,"Ritonavir ức chế mạnh CP3A4 làm giảm chuyển hóa của everolimus ở gan, đồng thời, ức chế P-gp làm giảm thải trừ everolimus khỏi cơ thể.","Tăng nồng độ everolimus trong huyết thanh, tăng tác dụng bất lợi liên quan đến ức chế miễn dịch",Chống chỉ định phối hợp,Quyết định 5948/BYT
363,Dược động học,Everolimus,Indinavir/ritonavir (ritonavir),Chống chỉ định,"Ritonavir ức chế mạnh CP3A4 làm giảm chuyển hóa của everolimus ở gan, đồng thời, ức chế P-gp làm giảm thải trừ everolimus khỏi cơ thể.","Tăng nồng độ everolimus trong huyết thanh, tăng tác dụng bất lợi liên quan đến ức chế miễn dịch",Chống chỉ định phối hợp,Quyết định 5948/BYT
364,Dược động học,Everolimus,Saquinavir/ritonavir (ritonavir),Chống chỉ định,"Ritonavir ức chế mạnh CP3A4 làm giảm chuyển hóa của everolimus ở gan, đồng thời, ức chế P-gp làm giảm thải trừ everolimus khỏi cơ thể.","Tăng nồng độ everolimus trong huyết thanh, tăng tác dụng bất lợi liên quan đến ức chế miễn dịch",Chống chỉ định phối hợp,Quyết định 5948/BYT
365,Dược động học,Everolimus,Itraconazol,Chống chỉ định,"Itraconazol ức chế mạnh CP3A4 làm giảm chuyển hóa của everolimus ở gan, đồng thời, ức chế P-gp làm giảm thải trừ everolimus khỏi cơ thể.","Tăng nồng độ everolimus trong huyết thanh, tăng tác dụng bất lợi liên quan đến ức chế miễn dịch",Chống chỉ định phối hợp,Quyết định 5948/BYT
366,Dược động học,Felodipin,Lopinavir/ritonavir,Chống chỉ định,Lopinavir/ritonavir ức chế CYP3A4 mạnh làm giảm chuyển hóa của felodipin,"Tăng nồng độ felodipin, tăng nguy cơ hạ huyết áp nghiêm trọng",Chống chỉ định phối hợp,Quyết định 5948/BYT
367,Dược động học,Felodipin,Indinavir +/- ritonavir,Chống chỉ định,Indinavir ức chế CYP3A4 mạnh làm giảm chuyển hóa của felodipin,"Tăng nồng độ felodipin, tăng nguy cơ hạ huyết áp nghiêm trọng",Chống chỉ định phối hợp,Quyết định 5948/BYT
368,Dược động học,Felodipin,Saquinavir +/- ritonavir,Chống chỉ định,Saquinavir ức chế CYP3A4 mạnh làm giảm chuyển hóa của felodipin,"Tăng nồng độ felodipin, tăng nguy cơ hạ huyết áp nghiêm trọng",Chống chỉ định phối hợp,Quyết định 5948/BYT
369,Dược động học,Felodipin,Itraconazol,Chống chỉ định,Itraconazol ức chế CYP3A4 mạnh làm giảm chuyển hóa của felodipin,"Tăng nồng độ felodipin, tăng nguy cơ hạ huyết áp nghiêm trọng","Chống chỉ định phối hợp.
1. Chỉ bắt đầu sử dụng felodipin sau khi ngừng itraconazol ít nhất 2 tuần HOẶC
2. Cân nhắc thay đổi sang các thuốc nhóm khác có cùng chỉ định và ít có nguy cơ tương tác hơn: Trong trường hợp bắt buộc sử dụng thuốc kháng nấm azol, thay itraconazol bằng fluconazol (nhưng tránh dùng liều cao, có tác dụng ức chế mạnh CYP3A4).",Quyết định 5948/BYT
370,Dược động học,Felodipin,Posaconazol,Chống chỉ định,Posaconazol ức chế CYP3A4 mạnh làm giảm chuyển hóa của felodipin,"Tăng nồng độ felodipin, tăng nguy cơ hạ huyết áp nghiêm trọng","Chống chỉ định phối hợp. Cân nhắc thay đổi sang các thuốc nhóm khác có cùng chỉ định và ít có nguy cơ tương tác hơn: Trong trường hợp bắt buộc sử dụng thuốc kháng nấm azol, thay posaconazol bằng fluconazol (nhưng tránh dùng liều cao, có tác dụng ức chế mạnh CYP3A4).",Quyết định 5948/BYT
371,Dược động học,Felodipin,Voriconazol,Chống chỉ định,Voriconazol ức chế CYP3A4 mạnh làm giảm chuyển hóa của felodipin,"Tăng nồng độ felodipin, tăng nguy cơ hạ huyết áp nghiêm trọng","Chống chỉ định phối hợp. Cân nhắc thay đổi sang các thuốc nhóm khác có cùng chỉ định và ít có nguy cơ tương tác hơn: Trong trường hợp bắt buộc sử dụng thuốc kháng nấm azol, thay voriconazol bằng fluconazol (nhưng tránh dùng liều cao, có tác dụng ức chế mạnh CYP3A4).",Quyết định 5948/BYT
372,Dược lực học,Fentanyl,Linezolid,Chống chỉ định có điều kiện,Hiệp đồng tác dụng serotonin,"Tăng nguy cơ hội chứng serotonin (sốt cao, rối loạn nhận thức, tăng phản xạ, mất phối hợp, rung giật cơ, cứng cơ, co giật, nhịp tim nhanh, tăng huyết áp, tăng thân nhiệt, vã mồ hôi, ảo giác, kích động hoặc bồn chồn…)","1. Cố gắng tránh sử dụng đồng thời linezolid và fentanyl. Tốt nhất các thuốc này nên sử dụng cách nhau 2 tuần. Cân nhắc thay đổi sang các thuốc nhóm khác có cùng chỉ định và ít có nguy cơ tương tác hơn. Trong trường hợp bắt buộc sử dụng opioid, có thể đổi sang các opiod khác không có hoạt tính ức chế thu hồi serotonin (morphin, codein, oxycodon, buprenorphin)
2. Trong hợp không thể trì hoãn điều trị được 2 tuần, bắt buộc sử dụng dài ngày hoặc khẩn cấp bằng linezolid và không có thuốc khác thay thế, cân bằng lợi ích và nguy cơ xảy ra hội chứng serotonin. Nếu lợi ích vượt trội nguy cơ, vẫn có thể sử dụng đồng thời nhưng cần giám sát chặt chẽ chặt chẽ bệnh nhân, đặc biệt trong tháng đầu tiên sử dụng
đồng thời 2 thuốc.",Quyết định 5948/BYT
373,Dược lực học,Fentanyl,Xanh methylen (sử dụng đường tiêm tĩnh mạch),Chống chỉ định có điều kiện,Hiệp đồng tác dụng serotonin,"Tăng nguy cơ hội chứng serotonin (sốt cao, rối loạn nhận thức, tăng phản xạ, mất phối hợp, rung giật cơ, cứng cơ, co giật, nhịp tim nhanh, tăng huyết áp, tăng thân nhiệt, vã mồ hôi, ảo giác, kích động hoặc bồn chồn…)","1. Cố gắng tránh sử dụng đồng thời xanh methylen và fentanyl. Tốt nhất các thuốc này nên sử dụng cách nhau 2 tuần. Cân nhắc thay đổi sang các thuốc nhóm khác có cùng chỉ định và ít có nguy cơ tương tác hơn. Trong trường hợp bắt buộc sử dụng opioid, có thể đổi sang các opiod khác không có hoạt tính ức chế thu hồi serotonin (morphin, codein, oxycodon, buprenorphin)
2. Trong hợp không thể trì hoãn điều trị được 2 tuần, bắt buộc sử dụng dài ngày hoặc khẩn cấp bằng xanh methylen và không có thuốc khác thay thế, cân bằng lợi ích và nguy cơ xảy ra hội chứng serotonin. Nếu lợi ích vượt trội nguy cơ, vẫn có thể sử dụng đồng thời nhưng cần giám sát chặt chẽ bệnh nhân, đặc biệt trong tháng đầu tiên sử dụng đồng thời 2 thuốc.",Quyết định 5948/BYT
374,Dược động học,Fentanyl,Furazolidon,Chống chỉ định có điều kiện,"Hiệp đồng tác dụng serotonin. Tác dụng ức chế MAO của furazolidon do chất chuyển hóa của thuốc, xuất hiện chậm sau 5 - 10 ngày.","Tăng nguy cơ hội chứng serotonin (sốt cao, rối loạn nhận thức, tăng phản xạ, mất phối hợp, rung giật cơ, cứng cơ, co giật, nhịp tim nhanh, tăng huyết áp, tăng thân nhiệt, vã mồ hôi, ảo giác, kích động hoặc bồn chồn…)","1. Cố gắng tránh sử dụng đồng thời furazolidon và fentanyl. Tốt nhất các thuốc này nên sử dụng cách nhau 2 tuần. Cân nhắc thay đổi sang các thuốc nhóm khác có cùng chỉ định và ít có nguy cơ tương tác hơn. Trong trường hợp bắt buộc sử dụng opioid, có thể đổi sang các opiod khác không có hoạt tính ức chế thu hồi serotonin (morphin, codein, oxycodon, buprenorphin)
2. Trong hợp không thể trì hoãn điều trị được 2 tuần, bắt buộc sử dụng dài ngày hoặc khẩn cấp bằng furazolidon và không có thuốc khác thay thế, cân bằng lợi ích và nguy cơ xảy ra hội chứng serotonin. Nếu lợi ích vượt trội nguy cơ, vẫn có thể sử dụng đồng thời nhưng cần giám sát chặt chẽ chặt chẽ bệnh nhân, đặc biệt trong tháng đầu tiên sử dụng
đồng thời 2 thuốc.",Quyết định 5948/BYT
375,Dược lực học,Floctafenin,Ketorolac,Chống chỉ định,Hiệp đồng tác dụng kích ứng đường tiêu hóa,Tăng nguy cơ xuất huyết tiêu hóa nghiêm trọng (sử dụng đồng thời ketorolac với 1 NSAID khác làm tăng nguy cơ xuất huyết tiêu hóa gấp 5 lần so với phối hợp 2 NSAID khác),Chống chỉ định phối hợp. Cần đặc biệt lưu ý nguy cơ tương tác trong trường hợp giảm đau hậu phẫu.,Quyết định 5948/BYT
376,Dược lực học,Fluconazol,Thioridazin,Chống chỉ định có điều kiện,Hiệp đồng tăng tác dụng,"Tăng nguy cơ kéo dài khoảng QT, xoắn đỉnh","1. Chống chỉ định phối hợp ở các bệnh nhân có hội chứng QT kéo dài do di truyền hoặc mắc phải.
2. Trên các đối tượng bệnh nhân khác, tốt nhất nên tránh phối hợp các thuốc này. Trong trường hợp cần thiết phối hợp, cần đánh giá cẩn thận nguy cơ/lợi ích và lượng giá các yếu tố nguy cơ trên từng bệnh nhân, đặc biệt là rối loạn điện giải (hạ kali máu, hạ magie máu, hạ calci máu), nhịp tim chậm, nữ giới trước khi quyết định kê đơn.",Quyết định 5948/BYT
377,Dược lực học,Fluconazol,Ondansetron,Chống chỉ định có điều kiện,Hiệp đồng tăng tác dụng,"Tăng nguy cơ kéo dài khoảng QT, xoắn đỉnh","1. Chống chỉ định phối hợp ở các bệnh nhân có hội chứng QT kéo dài do di truyền hoặc mắc phải.
2. Trên các đối tượng bệnh nhân khác, tốt nhất nên tránh phối hợp các thuốc này. Trong trường hợp cần thiết phối hợp, cần đánh giá cẩn thận nguy cơ/lợi ích và lượng giá các yếu tố nguy cơ trên từng bệnh nhân, đặc biệt là rối loạn điện giải (hạ kali máu, hạ magie máu, hạ calci máu), nhịp tim chậm, nữ giới trước khi quyết định kê đơn.",Quyết định 5948/BYT
378,Dược lực học,Fluconazol,Methadon,Chống chỉ định có điều kiện,Hiệp đồng tăng tác dụng,"Tăng nguy cơ kéo dài khoảng QT, xoắn đỉnh","1. Chống chỉ định phối hợp ở các bệnh nhân có hội chứng QT kéo dài do di truyền hoặc mắc phải.
2. Trên các đối tượng bệnh nhân khác, tốt nhất nên tránh phối hợp các thuốc này. Trong trường hợp cần thiết phối hợp, cần đánh giá cẩn thận nguy cơ/lợi ích và lượng giá các yếu tố nguy cơ trên từng bệnh nhân, đặc biệt là rối loạn điện giải (hạ kali máu, hạ magie máu, hạ calci máu), nhịp tim chậm, nữ giới trước khi quyết định kê đơn.",Quyết định 5948/BYT
379,Dược lực học,Fluconazol,Haloperidol,Chống chỉ định có điều kiện,Hiệp đồng tăng tác dụng,"Tăng nguy cơ kéo dài khoảng QT, xoắn đỉnh","1. Chống chỉ định phối hợp ở các bệnh nhân có hội chứng QT kéo dài do di truyền hoặc mắc phải.
2. Trên các đối tượng bệnh nhân khác, tốt nhất nên tránh phối hợp các thuốc này. Trong trường hợp cần thiết phối hợp, cần đánh giá cẩn thận nguy cơ/lợi ích và lượng giá các yếu tố nguy cơ trên từng bệnh nhân, đặc biệt là rối loạn điện giải (hạ kali máu, hạ magie máu, hạ calci máu), nhịp tim chậm, nữ giới trước khi quyết định kê đơn.",Quyết định 5948/BYT
380,Dược lực học,Fluconazol,Sparfloxacin,Chống chỉ định có điều kiện,Hiệp đồng tăng tác dụng,"Tăng nguy cơ kéo dài khoảng QT, xoắn đỉnh","1. Chống chỉ định phối hợp ở các bệnh nhân có hội chứng QT kéo dài do di truyền hoặc mắc phải.
2. Trên các đối tượng bệnh nhân khác, tốt nhất nên tránh phối hợp các thuốc này. Trong trường hợp cần thiết phối hợp, cần đánh giá cẩn thận nguy cơ/lợi ích và lượng giá các yếu tố nguy cơ trên từng bệnh nhân, đặc biệt là rối loạn điện giải (hạ kali máu, hạ magie máu, hạ calci máu), nhịp tim chậm, nữ giới trước khi quyết định kê đơn.",Quyết định 5948/BYT
381,Dược lực học,Fluoxetin,Linezolid,Chống chỉ định có điều kiện,Hiệp đồng tác dụng serotonin,"Tăng nguy cơ hội chứng serotonin (sốt cao, rối loạn nhận thức, tăng phản xạ, mất phối hợp, rung giật cơ, cứng cơ, co giật, nhịp tim nhanh, tăng huyết áp, tăng thân nhiệt, vã mồ hôi, ảo giác, kích động hoặc bồn chồn…)","1. Cố gắng tránh sử dụng đồng thời linezolid và fluoxetin. Tốt nhất các thuốc này nên sử dụng cách nhau 5 tuần. Cân nhắc thay đổi sang các thuốc nhóm khác có cùng chỉ định và ít có nguy cơ tương tác hơn.
2. Trong hợp không thể trì hoãn điều trị được 5 tuần, bắt buộc sử dụng dài ngày hoặc khẩn cấp bằng linezolid và không có thuốc khác thay thế, cân bằng lợi ích và nguy cơ xảy ra hội chứng serotonin. Nếu lợi ích vượt trội nguy cơ, vẫn có thể sử dụng đồng thời nhưng cần giám sát chặt chẽ chặt chẽ bệnh nhân, đặc biệt trong tháng đầu tiên sử dụng đồng thời 2 thuốc.",Quyết định 5948/BYT
382,Dược lực học,Fluoxetin,Xanh methylen (sử dụng đường tiêm tĩnh mạch),Chống chỉ định có điều kiện,Hiệp đồng tác dụng serotonin,"Tăng nguy cơ hội chứng serotonin (sốt cao, rối loạn nhận thức, tăng phản xạ, mất phối hợp, rung giật cơ, cứng cơ, co giật, nhịp tim nhanh, tăng huyết áp, tăng thân nhiệt, vã mồ hôi, ảo giác, kích động hoặc bồn chồn…)","1. Cố gắng tránh sử dụng đồng thời xanh methylen và dextromethorphan. Tốt nhất các thuốc này nên sử dụng cách nhau 2 tuần. Cân nhắc thay đổi sang các thuốc nhóm khác có cùng chỉ định và ít có nguy cơ tương tác hơn. Trong trường hợp bắt buộc sử dụng opioid, có thể đổi sang các opiod khác không có hoạt tính ức chế thu hồi serotonin (morphin, codein, oxycodon, buprenorphin)
2. Trong hợp không thể trì hoãn điều trị được 2 tuần, bắt buộc sử dụng dài ngày hoặc khẩn cấp bằng xanh methylen và không có thuốc khác thay thế, cân bằng lợi ích và nguy cơ xảy ra hội chứng serotonin. Nếu lợi ích vượt trội nguy cơ, vẫn có thể sử dụng đồng thời nhưng cần giám sát chặt chẽ chặt chẽ bệnh nhân, đặc biệt trong tháng đầu tiên sử dụng đồng thời 2 thuốc.",Quyết định 5948/BYT
383,Dược động học,Fluoxetin,Furazolidon,Chống chỉ định có điều kiện,"Hiệp đồng tác dụng serotonin. Tác dụng ức chế MAO của furazolidon do chất chuyển hóa của thuốc, xuất hiện chậm sau 5 - 10 ngày.","Tăng nguy cơ hội chứng serotonin (sốt cao, rối loạn nhận thức, tăng phản xạ, mất phối hợp, rung giật cơ, cứng cơ, co giật, nhịp tim nhanh, tăng huyết áp, tăng thân nhiệt, vã mồ hôi, ảo giác, kích động hoặc bồn chồn…)","1. Cố gắng tránh sử dụng đồng thời furazolidon và fluoxetin. Tốt nhất các thuốc này nên sử dụng cách nhau 5 tuần. Cân nhắc thay đổi sang các thuốc nhóm khác có cùng chỉ định và ít có nguy cơ tương tác hơn.
2. Trong hợp không thể trì hoãn điều trị được 5 tuần, bắt buộc sử dụng dài ngày hoặc khẩn cấp bằng furazolidon và không có thuốc khác thay thế, cân bằng lợi ích và nguy cơ xảy ra hội chứng serotonin. Nếu lợi ích vượt trội nguy cơ, vẫn có thể sử dụng đồng thời nhưng cần giám sát chặt chẽ chặt chẽ bệnh nhân, đặc biệt trong tháng đầu tiên sử dụng đồng thời 2 thuốc.",Quyết định 5948/BYT
384,Dược lực học,Flurbiprofen,Ketorolac,Chống chỉ định,Hiệp đồng tác dụng kích ứng đường tiêu hóa,Tăng nguy cơ xuất huyết tiêu hóa nghiêm trọng (sử dụng đồng thời ketorolac với 1 NSAID khác làm tăng nguy cơ xuất huyết tiêu hóa gấp 5 lần so với phối hợp 2 NSAID khác),Chống chỉ định phối hợp. Cần đặc biệt lưu ý nguy cơ tương tác trong trường hợp giảm đau hậu phẫu.,Quyết định 5948/BYT
385,Dược động học,Fluvastatin,Gemfibrozil,Chống chỉ định,Gemfibrozil ức chế OATP1B1 làm giảm vận chuyển fluvastatin vào gan.,"Tăng nồng độ fluvastatin trong huyết thanh, tăng nguy cơ bệnh cơ hoặc tiêu cơ vân cấp","Chống chỉ định phối hợp. Trong trường hợp bắt buộc sử dụng dẫn chất fibrat, thay thế gemfibrozil bằng fenofibrat nhưng cần thận trọng khi phối hợp.",Quyết định 5948/BYT
386,Dược lực học,Fluvoxamin,Linezolid,Chống chỉ định có điều kiện,Hiệp đồng tác dụng serotonin,"Tăng nguy cơ hội chứng serotonin (sốt cao, rối loạn nhận thức, tăng phản xạ, mất phối hợp, rung giật cơ, cứng cơ, co giật, nhịp tim nhanh, tăng huyết áp, tăng thân nhiệt, vã mồ hôi, ảo giác, kích động hoặc bồn chồn…)","1. Cố gắng tránh sử dụng đồng thời linezolid và fluvoxamin. Tốt nhất các thuốc này nên sử dụng cách nhau 2 tuần. Cân nhắc thay đổi sang các thuốc nhóm khác có cùng chỉ định và ít có nguy cơ tương tác hơn.
2. Trong hợp không thể trì hoãn điều trị được 2 tuần, bắt buộc sử dụng dài ngày hoặc khẩn cấp bằng linezolid và không có thuốc khác thay thế, cân bằng lợi ích và nguy cơ xảy ra hội chứng serotonin. Nếu lợi ích vượt trội nguy cơ, vẫn có thể sử dụng đồng thời nhưng cần giám sát chặt chẽ chặt chẽ bệnh nhân, đặc biệt trong tháng đầu tiên sử dụng đồng thời 2 thuốc.",Quyết định 5948/BYT
387,Dược lực học,Fluvoxamin,Xanh methylen (sử dụng đường tiêm tĩnh mạch),Chống chỉ định có điều kiện,Hiệp đồng tác dụng serotonin,"Tăng nguy cơ hội chứng serotonin (sốt cao, rối loạn nhận thức, tăng phản xạ, mất phối hợp, rung giật cơ, cứng cơ, co giật, nhịp tim nhanh, tăng huyết áp, tăng thân nhiệt, vã mồ hôi, ảo giác, kích động hoặc bồn chồn…)","1. Cố gắng tránh sử dụng đồng thời xanh methylen và fentanyl. Tốt nhất các thuốc này nên sử dụng cách nhau 2 tuần. Cân nhắc thay đổi sang các thuốc nhóm khác có cùng chỉ định và ít có nguy cơ tương tác hơn. Trong trường hợp bắt buộc sử dụng opioid, có thể đổi sang các opiod khác không có hoạt tính ức chế thu hồi serotonin (morphin, codein, oxycodon, buprenorphin)
2. Trong hợp không thể trì hoãn điều trị được 2 tuần, bắt buộc sử dụng dài ngày hoặc khẩn cấp bằng xanh methylen và không có thuốc khác thay thế, cân bằng lợi ích và nguy cơ xảy ra hội chứng serotonin. Nếu lợi ích vượt trội nguy cơ, vẫn có thể sử dụng đồng thời nhưng cần giám sát chặt chẽ bệnh nhân, đặc biệt trong tháng đầu tiên sử dụng đồng thời 2 thuốc.",Quyết định 5948/BYT
388,Dược động học,Fluvoxamin,Tizanidin,Chống chỉ định,Fluvoxamin ức chế CYP1A2 mạnh làm giảm chuyển hóa của tizanidin,"Tăng nồng độ của tizanidin trong huyết thanh, tăng nguy cơ tác dụng bất lợi (hạ huyết áp, buồn ngủ, nhịp tim chậm...)",Chống chỉ định phối hợp,Quyết định 5948/BYT
389,Dược động học,Fluvoxamin,Furazolidon,Chống chỉ định có điều kiện,"Hiệp đồng tác dụng serotonin. Tác dụng ức chế MAO của furazolidon do chất chuyển hóa của thuốc, xuất hiện chậm sau 5 - 10 ngày.","Tăng nguy cơ hội chứng serotonin (sốt cao, rối loạn nhận thức, tăng phản xạ, mất phối hợp, rung giật cơ, cứng cơ, co giật, nhịp tim nhanh, tăng huyết áp, tăng thân nhiệt, vã mồ hôi, ảo giác, kích động hoặc bồn chồn…)","1. Cố gắng tránh sử dụng đồng thời furazolidon và fluvoxamin. Tốt nhất các thuốc này nên sử dụng cách nhau 2 tuần. Cân nhắc thay đổi sang các thuốc nhóm khác có cùng chỉ định và ít có nguy cơ tương tác hơn.
2. Trong hợp không thể trì hoãn điều trị được 2 tuần, bắt buộc sử dụng dài ngày hoặc khẩn cấp bằng furazolidon và không có thuốc khác thay thế, cân bằng lợi ích và nguy cơ xảy ra hội chứng serotonin. Nếu lợi ích vượt trội nguy cơ, vẫn có thể sử dụng đồng thời nhưng cần giám sát chặt chẽ chặt chẽ bệnh nhân, đặc biệt trong tháng đầu tiên sử dụng đồng thời 2 thuốc.",Quyết định 5948/BYT
390,Dược động học,Furazolidon,Paroxetin,Chống chỉ định có điều kiện,"Hiệp đồng tác dụng serotonin. Tác dụng ức chế MAO của furazolidon do chất chuyển hóa của thuốc, xuất hiện chậm sau 5 - 10 ngày.","Tăng nguy cơ hội chứng serotonin (sốt cao, rối loạn nhận thức, tăng phản xạ, mất phối hợp, rung giật cơ, cứng cơ, co giật, nhịp tim nhanh, tăng huyết áp, tăng thân nhiệt, vã mồ hôi, ảo giác, kích động hoặc bồn chồn…)","1. Cố gắng tránh sử dụng đồng thời furazolidon và paroxetin. Tốt nhất các thuốc này nên sử dụng cách nhau 2 tuần. Cân nhắc thay đổi sang các thuốc nhóm khác có cùng chỉ định và ít có nguy cơ tương tác hơn.
2. Trong hợp không thể trì hoãn điều trị được 2 tuần, bắt buộc sử dụng dài ngày hoặc khẩn cấp bằng furazolidon và không có thuốc khác thay thế, cân bằng lợi ích và nguy cơ xảy ra hội chứng serotonin. Nếu lợi ích vượt trội nguy cơ, vẫn có thể sử dụng đồng thời nhưng cần giám sát chặt chẽ bệnh nhân, đặc biệt trong tháng đầu tiên sử dụng đồng thời 2 thuốc.",Quyết định 5948/BYT
391,Dược động học,Furazolidon,Sertralin,Chống chỉ định có điều kiện,"Hiệp đồng tác dụng serotonin. Tác dụng ức chế MAO của furazolidon do chất chuyển hóa của thuốc, xuất hiện chậm sau 5 - 10 ngày.","Tăng nguy cơ hội chứng serotonin (sốt cao, rối loạn nhận thức, tăng phản xạ, mất phối hợp, rung giật cơ, cứng cơ, co giật, nhịp tim nhanh, tăng huyết áp, tăng thân nhiệt, vã mồ hôi, ảo giác, kích động hoặc bồn chồn…)","1. Cố gắng tránh sử dụng đồng thời furazolidon và sertralin. Tốt nhất các thuốc này nên sử dụng cách nhau 2 tuần. Cân nhắc thay đổi sang các thuốc nhóm khác có cùng chỉ định và ít có nguy cơ tương tác hơn.
2. Trong hợp không thể trì hoãn điều trị được 2 tuần, bắt buộc sử dụng dài ngày hoặc khẩn cấp bằng furazolidon và không có thuốc khác thay thế, cân bằng lợi ích và nguy cơ xảy ra hội chứng serotonin. Nếu lợi ích vượt trội nguy cơ, vẫn có thể sử dụng đồng thời nhưng cần giám sát chặt chẽ chặt chẽ bệnh nhân, đặc biệt trong tháng đầu tiên sử dụng đồng thời 2 thuốc.",Quyết định 5948/BYT
392,Dược động học,Furazolidon,Venlafaxin,Chống chỉ định có điều kiện,"Hiệp đồng tác dụng serotonin. Tác dụng ức chế MAO của furazolidon do chất chuyển hóa của thuốc, xuất hiện chậm sau 5 - 10 ngày.","Tăng nguy cơ hội chứng serotonin (sốt cao, rối loạn nhận thức, tăng phản xạ, mất phối hợp, rung giật cơ, cứng cơ, co giật, nhịp tim nhanh, tăng huyết áp, tăng thân nhiệt, vã mồ hôi, ảo giác, kích động hoặc bồn chồn…)","1. Cố gắng tránh sử dụng đồng thời furazolidon và venlafaxin. Tốt nhất các thuốc này nên sử dụng cách nhau 2 tuần. Cân nhắc thay đổi sang các thuốc nhóm khác có cùng chỉ định và ít có nguy cơ tương tác hơn.
2. Trong hợp không thể trì hoãn điều trị được 2 tuần, bắt buộc sử dụng dài ngày hoặc khẩn cấp bằng furazolidon và không có thuốc khác thay thế, cân bằng lợi ích và nguy cơ xảy ra hội chứng serotonin. Nếu lợi ích vượt trội nguy cơ, vẫn có thể sử dụng đồng thời nhưng cần giám sát chặt chẽ chặt chẽ bệnh nhân, đặc biệt trong tháng đầu tiên sử dụng đồng thời 2 thuốc.",Quyết định 5948/BYT
393,Dược động học,Furazolidon,Milnacipran,Chống chỉ định có điều kiện,"Hiệp đồng tác dụng serotonin. Tác dụng ức chế MAO của furazolidon do chất chuyển hóa của thuốc, xuất hiện chậm sau 5 - 10 ngày.","Tăng nguy cơ hội chứng serotonin (sốt cao, rối loạn nhận thức, tăng phản xạ, mất phối hợp, rung giật cơ, cứng cơ, co giật, nhịp tim nhanh, tăng huyết áp, tăng thân nhiệt, vã mồ hôi, ảo giác, kích động hoặc bồn chồn…)","1. Cố gắng tránh sử dụng đồng thời furazolidon và milnacriptan. Tốt nhất các thuốc này nên sử dụng cách nhau 2 tuần. Cân nhắc thay đổi sang các thuốc nhóm khác có cùng chỉ định và ít có nguy cơ tương tác hơn.
2. Trong hợp không thể trì hoãn điều trị được 2 tuần, bắt buộc sử dụng dài ngày hoặc khẩn cấp bằng furazolidon và không có thuốc khác thay thế, cân bằng lợi ích và nguy cơ xảy ra hội chứng serotonin. Nếu lợi ích vượt trội nguy cơ, vẫn có thể sử dụng đồng thời nhưng cần giám sát chặt chẽ bệnh nhân, đặc biệt trong tháng đầu tiên sử dụng đồng thời 2 thuốc.",Quyết định 5948/BYT
394,Dược động học,Furazolidon,Trazodon,Chống chỉ định có điều kiện,"Hiệp đồng tác dụng serotonin. Tác dụng ức chế MAO của furazolidon do chất chuyển hóa của thuốc, xuất hiện chậm sau 5 - 10 ngày.","Tăng nguy cơ hội chứng serotonin (sốt cao, rối loạn nhận thức, tăng phản xạ, mất phối hợp, rung giật cơ, cứng cơ, co giật, nhịp tim nhanh, tăng huyết áp, tăng thân nhiệt, vã mồ hôi, ảo giác, kích động hoặc bồn chồn…)","1. Cố gắng tránh sử dụng đồng thời furazolidon và trazodon. Tốt nhất các thuốc này nên sử dụng cách nhau 2 tuần. Cân nhắc thay đổi sang các thuốc nhóm khác có cùng chỉ định và ít có nguy cơ tương tác hơn.
2. Trong hợp không thể trì hoãn điều trị được 2 tuần, bắt buộc sử dụng dài ngày hoặc khẩn cấp bằng furazolidon và không có thuốc khác thay thế, cân bằng lợi ích và nguy cơ xảy ra hội chứng serotonin. Nếu lợi ích vượt trội nguy cơ, vẫn có thể sử dụng đồng thời nhưng cần giám sát chặt chẽ chặt chẽ bệnh nhân, đặc biệt trong tháng đầu tiên sử dụng đồng thời 2 thuốc.",Quyết định 5948/BYT
395,Dược động học,Furazolidon,Methylphenidat,Chống chỉ định có điều kiện,"Hiệp đồng tác dụng serotonin. Tác dụng ức chế MAO của furazolidon do chất chuyển hóa của thuốc, xuất hiện chậm sau 5 - 10 ngày.","Tăng nguy cơ hội chứng serotonin (sốt cao, rối loạn nhận thức, tăng phản xạ, mất phối hợp, rung giật cơ, cứng cơ, co giật, nhịp tim nhanh, tăng huyết áp, tăng thân nhiệt, vã mồ hôi, ảo giác, kích động hoặc bồn chồn…)","1. Cố gắng tránh sử dụng đồng thời furazolidon và methylphenidat. Tốt nhất các thuốc này nên sử dụng cách nhau 2 tuần. Cân nhắc thay đổi sang các thuốc nhóm khác có cùng chỉ định và ít có nguy cơ tương tác hơn.
2. Trong hợp không thể trì hoãn điều trị được 2 tuần, bắt buộc sử dụng dài ngày hoặc khẩn cấp bằng furazolidon và không có thuốc khác thay thế, cân bằng lợi ích và nguy cơ xảy ra hội chứng serotonin. Nếu lợi ích vượt trội nguy cơ, vẫn có thể sử dụng đồng thời nhưng cần giám sát chặt chẽ chặt chẽ bệnh nhân, đặc biệt trong tháng đầu tiên sử dụng đồng thời 2 thuốc.",Quyết định 5948/BYT
396,Dược động học,Furazolidon,Mirtazapin,Chống chỉ định có điều kiện,"Hiệp đồng tác dụng serotonin. Tác dụng ức chế MAO của furazolidon do chất chuyển hóa của thuốc, xuất hiện chậm sau 5 - 10 ngày.","Tăng nguy cơ hội chứng serotonin (sốt cao, rối loạn nhận thức, tăng phản xạ, mất phối hợp, rung giật cơ, cứng cơ, co giật, nhịp tim nhanh, tăng huyết áp, tăng thân nhiệt, vã mồ hôi, ảo giác, kích động hoặc bồn chồn…)","1. Cố gắng tránh sử dụng đồng thời furazolidon và mirtazapin. Tốt nhất các thuốc này nên sử dụng cách nhau 2 tuần. Cân nhắc thay đổi sang các thuốc nhóm khác có cùng chỉ định và ít có nguy cơ tương tác hơn.
2. Trong hợp không thể trì hoãn điều trị được 2 tuần, bắt buộc sử dụng dài ngày hoặc khẩn cấp bằng furazolidon và không có thuốc khác thay thế, cân bằng lợi ích và nguy cơ xảy ra hội chứng serotonin. Nếu lợi ích vượt trội nguy cơ, vẫn có thể sử dụng đồng thời nhưng cần giám sát chặt chẽ chặt chẽ bệnh nhân, đặc biệt trong tháng đầu tiên sử dụng đồng thời 2 thuốc.",Quyết định 5948/BYT
397,Dược động học,Furazolidon,Sumatriptan,Chống chỉ định có điều kiện,"Hiệp đồng tác dụng serotonin. Tác dụng ức chế MAO của furazolidon do chất chuyển hóa của thuốc, xuất hiện chậm sau 5 - 10 ngày.","Tăng nguy cơ hội chứng serotonin (sốt cao, rối loạn nhận thức, tăng phản xạ, mất phối hợp, rung giật cơ, cứng cơ, co giật, nhịp tim nhanh, tăng huyết áp, tăng thân nhiệt, vã mồ hôi, ảo giác, kích động hoặc bồn chồn…)","1. Cố gắng tránh sử dụng đồng thời furazolidon và sumatriptan. Tốt nhất các thuốc này nên sử dụng cách nhau 2 tuần. Cân nhắc thay đổi sang các thuốc nhóm khác có cùng chỉ định và ít có nguy cơ tương tác hơn.
2. Trong hợp không thể trì hoãn điều trị được 2 tuần, bắt buộc sử dụng dài ngày hoặc khẩn cấp bằng furazolidon và không có thuốc khác thay thế, cân bằng lợi ích và nguy cơ xảy ra hội chứng serotonin. Nếu lợi ích vượt trội nguy cơ, vẫn có thể sử dụng đồng thời nhưng cần giám sát chặt chẽ chặt chẽ bệnh nhân, đặc biệt trong tháng đầu tiên sử dụng đồng thời 2 thuốc.",Quyết định 5948/BYT
398,Dược động học,Furazolidon,Pethidin,Chống chỉ định có điều kiện,"Hiệp đồng tác dụng serotonin. Tác dụng ức chế MAO của furazolidon do chất chuyển hóa của thuốc, xuất hiện chậm sau 5 - 10 ngày.","Tăng nguy cơ hội chứng serotonin (sốt cao, rối loạn nhận thức, tăng phản xạ, mất phối hợp, rung giật cơ, cứng cơ, co giật, nhịp tim nhanh, tăng huyết áp, tăng thân nhiệt, vã mồ hôi, ảo giác, kích động hoặc bồn chồn…)","1. Cố gắng tránh sử dụng đồng thời furazolidon và pethidin. Tốt nhất các thuốc này nên sử dụng cách nhau 2 tuần. Cân nhắc thay đổi sang các thuốc nhóm khác có cùng chỉ định và ít có nguy cơ tương tác hơn. Trong trường hợp bắt buộc sử dụng opioid, có thể đổi sang các opiod khác không có hoạt tính ức chế thu hồi serotonin (morphin, codein, oxycodon, buprenorphin)
2. Trong hợp không thể trì hoãn điều trị được 2 tuần, bắt buộc sử dụng dài ngày hoặc khẩn cấp bằng furazolidon và không có thuốc khác thay thế, cân bằng lợi ích và nguy cơ xảy ra hội chứng serotonin. Nếu lợi ích vượt trội nguy cơ, vẫn có thể sử dụng đồng thời nhưng cần giám sát chặt chẽ chặt chẽ bệnh nhân, đặc biệt trong tháng đầu tiên sử dụng đồng thời 2 thuốc.",Quyết định 5948/BYT
399,Dược động học,Furazolidon,Tramadol,Chống chỉ định có điều kiện,"Hiệp đồng tác dụng serotonin. Tác dụng ức chế MAO của furazolidon do chất chuyển hóa của thuốc, xuất hiện chậm sau 5 - 10 ngày.","Tăng nguy cơ hội chứng serotonin (sốt cao, rối loạn nhận thức, tăng phản xạ, mất phối hợp, rung giật cơ, cứng cơ, co giật, nhịp tim nhanh, tăng huyết áp, tăng thân nhiệt, vã mồ hôi, ảo giác, kích động hoặc bồn chồn…)","1. Cố gắng tránh sử dụng đồng thời furazolidon và tramadol. Tốt nhất các thuốc này nên sử dụng cách nhau 2 tuần. Cân nhắc thay đổi sang các thuốc nhóm khác có cùng chỉ định và ít có nguy cơ tương tác hơn. Trong trường hợp bắt buộc sử dụng opioid, có thể đổi sang các opiod khác không có hoạt tính ức chế thu hồi serotonin (morphin, codein, oxycodon, buprenorphin)
2. Trong hợp không thể trì hoãn điều trị được 2 tuần, bắt buộc sử dụng dài ngày hoặc khẩn cấp bằng furazolidon và không có thuốc khác thay thế, cân bằng lợi ích và nguy cơ xảy ra hội chứng serotonin. Nếu lợi ích vượt trội nguy cơ, vẫn có thể sử dụng đồng thời nhưng cần giám sát chặt chẽ chặt chẽ bệnh nhân, đặc biệt trong tháng đầu tiên sử dụng đồng thời 2 thuốc.",Quyết định 5948/BYT
400,Dược động học,Furazolidon,Methadon,Chống chỉ định có điều kiện,"Hiệp đồng tác dụng serotonin. Tác dụng ức chế MAO của furazolidon do chất chuyển hóa của thuốc, xuất hiện chậm sau 5 - 10 ngày.","Tăng nguy cơ hội chứng serotonin (sốt cao, rối loạn nhận thức, tăng phản xạ, mất phối hợp, rung giật cơ, cứng cơ, co giật, nhịp tim nhanh, tăng huyết áp, tăng thân nhiệt, vã mồ hôi, ảo giác, kích động hoặc bồn chồn…)","1. Cố gắng tránh sử dụng đồng thời furazolidon và methadon. Tốt nhất các thuốc này nên sử dụng cách nhau 2 tuần. Cân nhắc thay đổi sang các thuốc nhóm khác có cùng chỉ định và ít có nguy cơ tương tác hơn. Trong trường hợp bắt buộc sử dụng opioid, có thể đổi sang các opiod khác không có hoạt tính ức chế thu hồi serotonin (morphin, codein, oxycodon, buprenorphin)
2. Trong hợp không thể trì hoãn điều trị được 2 tuần, bắt buộc sử dụng dài ngày hoặc khẩn cấp bằng furazolidon và không có thuốc khác thay thế, cân bằng lợi ích và nguy cơ xảy ra hội chứng serotonin. Nếu lợi ích vượt trội nguy cơ, vẫn có thể sử dụng đồng thời nhưng cần giám sát chặt chẽ chặt chẽ bệnh nhân, đặc biệt trong tháng đầu tiên sử dụng đồng thời 2 thuốc.",Quyết định 5948/BYT
401,Dược động học,Furazolidon,Levodopa/carbidopa +/- entacapon,Chống chỉ định,"Tăng tích lũy noradrenalin (norepinephrin) và dopamin. Tác dụng ức chế MAO của furazolidon do chất chuyển hóa của thuốc, xuất hiện chậm sau 5 - 10 ngày.","Tăng nguy cơ xuất hiện cơn tăng huyết áp (đau đầu, đánh trống ngực, cứng cổ, tăng huyết áp)",Chống chỉ định sử dụng levodopa/carbidopa đồng thời hoặc trong vòng 14 ngày gần đây có sử dụng furazolidon.,Quyết định 5948/BYT
402,Dược lực học,Furazolidon,Methyldopa,Chống chỉ định,Chưa rõ,"Tăng nguy cơ xuất hiện cơn tăng huyết áp (đau đầu, đánh trống ngực, cứng cổ)",Chống chỉ định phối hợp,Quyết định 5948/BYT
403,Dược động học,Furazolidon,Pseudoephedrin (sử dụng đường uống),Chống chỉ định,"Tăng tích lũy noradrenalin (norepinephrin). Tác dụng ức chế MAO của furazolidon do chất chuyển hóa của thuốc, xuất hiện chậm sau 5 - 10 ngày.","Tăng nguy cơ xuất hiện cơn tăng huyết áp (đau đầu, đánh trống ngực, cứng cổ, tăng huyết áp)",Chống chỉ định sử dụng pseudoephedrin (sử dụng đường uống) đồng thời hoặc trong vòng 14 ngày gần đây có sử dụng furazolidon.,Quyết định 5948/BYT
404,Dược động học,Furazolidon,Phenylephrin (sử dụng đường uống),Chống chỉ định,"Tăng tích lũy noradrenalin (norepinephrin). Tác dụng ức chế MAO của furazolidon do chất chuyển hóa của thuốc, xuất hiện chậm sau 5 - 10 ngày.","Tăng nguy cơ xuất hiện cơn tăng huyết áp (đau đầu, đánh trống ngực, cứng cổ, tăng huyết áp)","1. Chống chỉ định sử dụng phenylephrin sử dụng đường uống đồng thời hoặc trong vòng 14 ngày trước đó có sử dụng furazolidon.
2. Đối với phenylephrin sử dụng đường tiêm, cần sử dụng rất thận trọng trên bệnh nhân đang dùng furazolidon trong điều kiện giám sát huyết áp chặt chẽ.",Quyết định 5948/BYT
405,Dược động học,Furazolidon,Nefopam,Chống chỉ định,"Nefopam ức chế thu hồi noradrenalin (norepinephrin) và serotonin trên hệ thần kinh. Tác dụng ức chế MAO của furazolidon do chất chuyển hóa của thuốc, xuất hiện chậm sau 5 - 10 ngày","Tăng nguy cơ kích thích thần kinh trung ương (co giật, ảo giác và kích động)",Chống chỉ định phối hợp,Quyết định 5948/BYT
406,Dược động học,Gemfibrozil,Repaglinid,Chống chỉ định,"Gemfibrozil ức chế CYP2C8 làm giảm chuyển hóa của repaglinid, gemfibrozil cũng ức chế OATP1B1 làm giảm vận chuyển gemfibrozil vào gan.","Tăng nồng độ repaglinid trong huyết thanh, tăng nguy cơ hạ đường huyết",Chống chỉ định phối hợp,Quyết định 5948/BYT
407,Dược động học,Gemfibrozil,Simvastatin,Chống chỉ định,Gemfibrozil ức chế OATP1B1 làm giảm vận chuyển simvastatin vào gan.,"Tăng nồng độ simvastatin trong huyết thanh, tăng nguy cơ bệnh cơ hoặc tiêu cơ vân cấp","Chống chỉ định phối hợp. Trong trường hợp bắt buộc sử dụng dẫn chất fibrat, thay thế gemfibrozil bằng fenofibrat nhưng cần thận trọng khi phối hợp.",Quyết định 5948/BYT
408,Dược động học,Gemfibrozil,Lovastatin,Chống chỉ định,Gemfibrozil ức chế OATP1B1 làm giảm vận chuyển lovastatin vào gan.,"Tăng nồng độ lovastatin trong huyết thanh, tăng nguy cơ bệnh cơ hoặc tiêu cơ vân cấp","Chống chỉ định phối hợp. Trong trường hợp bắt buộc sử dụng dẫn chất fibrat, thay thế gemfibrozil bằng fenofibrat nhưng cần thận trọng khi phối hợp.",Quyết định 5948/BYT
409,Dược động học,Gemfibrozil,Pravastatin,Chống chỉ định,Gemfibrozil ức chế OATP1B1 làm giảm vận chuyển pravastatin vào gan.,"Tăng nồng độ pravastatin trong huyết thanh, tăng nguy cơ bệnh cơ hoặc tiêu cơ vân cấp","Chống chỉ định phối hợp. Trong trường hợp bắt buộc sử dụng dẫn chất fibrat, thay thế gemfibrozil bằng fenofibrat nhưng cần thận trọng khi phối hợp.",Quyết định 5948/BYT
410,Dược động học,Grazoprevir/elbasvir,Phenobarbital,Chống chỉ định,Phenobarbital cảm ứng CYP3A4 mạnh làm tăng chuyển hóa của Grazoprevir/elbasvir,"Giảm nồng độ grazoprevir/elbasvir trong huyết thanh, dẫn đến giảm hiệu quả điều trị",Chống chỉ định phối hợp.,Quyết định 5948/BYT
411,Dược động học,Grazoprevir/elbasvir,Phenytoin,Chống chỉ định,Phenytoin cảm ứng CYP3A4 mạnh làm tăng chuyển hóa của Grazoprevir/elbasvir,"Giảm nồng độ grazoprevir/elbasvir trong huyết thanh, dẫn đến giảm hiệu quả điều trị",Chống chỉ định phối hợp.,Quyết định 5948/BYT
412,Dược động học,Grazoprevir/elbasvir,Rifampicin,Chống chỉ định,"Rifampicin ức chế OATP1B1/3 làm giảm vận chuyển grazoprevir vào gan. Khi dùng rifampicin dài ngày, rifampicin gây cảm ứng CYP3A4 làm giảm nồng độ rifampicin trong huyết thanh.","Tăng nồng độ grazoprevir/elbasvir, tăng nguy cơ tăng ALT. Khi dùng rifampicin dài ngày, lại có nguy cơ giảm nồng độ grazoprevir/elbasvir, giảm hiệu quả điều trị.",Chống chỉ định phối hợp,Quyết định 5948/BYT
413,Dược động học,Grazoprevir/elbasvir,Saquinavir +/- ritonavir,Chống chỉ định,Saquinavir ức chế OATP1B1/3 làm giảm vận chuyển grazoprevir vào gan.,"Tăng nồng độ grazoprevir/elbasvir, tăng nguy cơ tăng ALT",Chống chỉ định phối hợp,Quyết định 5948/BYT
414,Dược động học,Grazoprevir/elbasvir,Lopinavir/ritonavir (lopinavir),Chống chỉ định,Lopinavir ức chế OATP1B1/3 làm giảm vận chuyển grazoprevir vào gan.,"Tăng nồng độ grazoprevir/elbasvir, tăng nguy cơ tăng ALT",Chống chỉ định phối hợp,Quyết định 5948/BYT
415,Dược lực học,Haloperidol,Thioridazin,Chống chỉ định có điều kiện,Hiệp đồng tăng tác dụng,"Tăng nguy cơ kéo dài khoảng QT, xoắn đỉnh","1. Chống chỉ định phối hợp ở các bệnh nhân có hội chứng QT kéo dài do di truyền hoặc mắc phải.
2. Trên các đối tượng bệnh nhân khác, tốt nhất nên tránh phối hợp các thuốc này. Trong trường hợp cần thiết phối hợp, cần đánh giá cẩn thận nguy cơ/lợi ích và lượng giá các yếu tố nguy cơ trên từng bệnh nhân, đặc biệt là rối loạn điện giải (hạ kali máu, hạ magie máu, hạ calci máu), nhịp tim chậm, nữ giới trước khi quyết định kê đơn.",Quyết định 5948/BYT
416,Dược lực học,Haloperidol,Moxifloxacin,Chống chỉ định có điều kiện,Hiệp đồng tăng tác dụng,"Tăng nguy cơ kéo dài khoảng QT, xoắn đỉnh","1. Chống chỉ định phối hợp ở các bệnh nhân có hội chứng QT kéo dài do di truyền hoặc mắc phải.
2. Trên các đối tượng bệnh nhân khác, tốt nhất nên tránh phối hợp các thuốc này. Trong trường hợp cần thiết phối hợp, cần đánh giá cẩn thận nguy cơ/lợi ích và lượng giá các yếu tố nguy cơ trên từng bệnh nhân, đặc biệt là rối loạn điện giải (hạ kali máu, hạ magie máu, hạ calci máu), nhịp tim chậm, nữ giới trước khi quyết định kê đơn.",Quyết định 5948/BYT
417,Dược lực học,Haloperidol,Sotalol,Chống chỉ định có điều kiện,Hiệp đồng tăng tác dụng,"Tăng nguy cơ kéo dài khoảng QT, xoắn đỉnh","1. Chống chỉ định phối hợp ở các bệnh nhân có hội chứng QT kéo dài do di truyền hoặc mắc phải.
2. Trên các đối tượng bệnh nhân khác, tốt nhất nên tránh phối hợp các thuốc này. Trong trường hợp cần thiết phối hợp, cần đánh giá cẩn thận nguy cơ/lợi ích và lượng giá các yếu tố nguy cơ trên từng bệnh nhân, đặc biệt là rối loạn điện giải (hạ kali máu, hạ magie máu, hạ calci máu), nhịp tim chậm, nữ giới trước khi quyết định kê đơn.",Quyết định 5948/BYT
418,Dược lực học,Haloperidol,Levofloxacin,Chống chỉ định có điều kiện,Hiệp đồng tăng tác dụng,"Tăng nguy cơ kéo dài khoảng QT, xoắn đỉnh","1. Chống chỉ định phối hợp ở các bệnh nhân có hội chứng QT kéo dài do di truyền hoặc mắc phải.
2. Trên các đối tượng bệnh nhân khác, tốt nhất nên tránh phối hợp các thuốc này. Trong trường hợp cần thiết phối hợp, cần đánh giá cẩn thận nguy cơ/lợi ích và lượng giá các yếu tố nguy cơ trên từng bệnh nhân, đặc biệt là rối loạn điện giải (hạ kali máu, hạ magie máu, hạ calci máu), nhịp tim chậm, nữ giới trước khi quyết định kê đơn.",Quyết định 5948/BYT
419,Dược lực học,Haloperidol,Piperaquin/dihydroartemisinin (piperaquin),Chống chỉ định có điều kiện,Hiệp đồng tăng tác dụng,"Tăng nguy cơ kéo dài khoảng QT, xoắn đỉnh","1. Chống chỉ định phối hợp ở các bệnh nhân có hội chứng QT kéo dài do di truyền hoặc mắc phải.
2. Trên các đối tượng bệnh nhân khác, tốt nhất nên tránh phối hợp các thuốc này. Trong trường hợp cần thiết phối hợp, cần đánh giá cẩn thận nguy cơ/lợi ích và lượng giá các yếu tố nguy cơ trên từng bệnh nhân, đặc biệt là rối loạn điện giải (hạ kali máu, hạ magie máu, hạ calci máu), nhịp tim chậm, nữ giới trước khi quyết định kê đơn.",Quyết định 5948/BYT
420,Dược lực học,Haloperidol,Sparfloxacin,Chống chỉ định có điều kiện,Hiệp đồng tăng tác dụng,"Tăng nguy cơ kéo dài khoảng QT, xoắn đỉnh","1. Chống chỉ định phối hợp ở các bệnh nhân có hội chứng QT kéo dài do di truyền hoặc mắc phải.
2. Trên các đối tượng bệnh nhân khác, tốt nhất nên tránh phối hợp các thuốc này. Trong trường hợp cần thiết phối hợp, cần đánh giá cẩn thận nguy cơ/lợi ích và lượng giá các yếu tố nguy cơ trên từng bệnh nhân, đặc biệt là rối loạn điện giải (hạ kali máu, hạ magie máu, hạ calci máu), nhịp tim chậm, nữ giới trước khi quyết định kê đơn.",Quyết định 5948/BYT
421,Dược lực học,Hydroxycloroquin,Thioridazin,Chống chỉ định có điều kiện,Hiệp đồng tăng tác dụng,"Tăng nguy cơ kéo dài khoảng QT, xoắn đỉnh","1. Chống chỉ định phối hợp ở các bệnh nhân có hội chứng QT kéo dài do di truyền hoặc mắc phải.
2. Trên các đối tượng bệnh nhân khác, tốt nhất nên tránh phối hợp các thuốc này. Trong trường hợp cần thiết phối hợp, cần đánh giá cẩn thận nguy cơ/lợi ích và lượng giá các yếu tố nguy cơ trên từng bệnh nhân, đặc biệt là rối loạn điện giải (hạ kali máu, hạ magie máu, hạ calci máu), nhịp tim chậm, nữ giới trước khi quyết định kê đơn.",Quyết định 5948/BYT
422,Dược lực học,Hydroxycloroquin,Sparfloxacin,Chống chỉ định có điều kiện,Hiệp đồng tăng tác dụng,"Tăng nguy cơ kéo dài khoảng QT, xoắn đỉnh","1. Chống chỉ định phối hợp ở các bệnh nhân có hội chứng QT kéo dài do di truyền hoặc mắc phải.
2. Trên các đối tượng bệnh nhân khác, tốt nhất nên tránh phối hợp các thuốc này. Trong trường hợp cần thiết phối hợp, cần đánh giá cẩn thận nguy cơ/lợi ích và lượng giá các yếu tố nguy cơ trên từng bệnh nhân, đặc biệt là rối loạn điện giải (hạ kali máu, hạ magie máu, hạ calci máu), nhịp tim chậm, nữ giới trước khi quyết định kê đơn.",Quyết định 5948/BYT
423,Dược lực học,Hyoscin butylbromid,Kali clorid (dạng uống giải phóng kéo dài),Chống chỉ định có điều kiện,"Hyoscin butylbromid kháng cholinergic gây tồn lưu hoặc làm tăng thời gian kali qua đường tiêu hóa khi sử dụng đường uống, gây loét đường tiêu hóa",Tăng nguy cơ loét tiêu hóa,"1. Tốt nhất nên tránh phối hợp, đặc biệt ở người cao tuổi. Cân nhắc chuyển sang sử dụng kali đường tĩnh mạch.
2. Trong trường hợp bắt buộc sử dụng đồng thời, cân nhắc một số khuyến cáo sau giúp giảm nguy cơ loét tiêu hóa: (1) uống ít nhất 100 mL nước sau khi uống kali, (2) ngồi hoặc đứng thẳng trong ít nhất 5 - 10 phút sau khi uống thuốc.",Quyết định 5948/BYT
424,Dược lực học,Hyoscyamin,Kali clorid (dạng uống giải phóng kéo dài),Chống chỉ định có điều kiện,"Hyoscyamin kháng cholinergic gây tồn lưu hoặc làm tăng thời gian kali qua đường tiêu hóa khi sử dụng đường uống, gây loét đường tiêu hóa",Tăng nguy cơ loét tiêu hóa,"1. Tốt nhất nên tránh phối hợp, đặc biệt ở người cao tuổi. Cân nhắc chuyển sang sử dụng kali đường tĩnh mạch.
2. Trong trường hợp bắt buộc sử dụng đồng thời, cân nhắc một số khuyến cáo sau giúp giảm nguy cơ loét tiêu hóa: (1) uống ít nhất 100 mL nước sau khi uống kali, (2) ngồi hoặc đứng thẳng trong ít nhất 5 - 10 phút sau khi uống thuốc.",Quyết định 5948/BYT
425,Dược lực học,Ibuprofen,Ketorolac,Chống chỉ định,Hiệp đồng tác dụng kích ứng đường tiêu hóa,Tăng nguy cơ xuất huyết tiêu hóa nghiêm trọng (sử dụng đồng thời ketorolac với 1 NSAID khác làm tăng nguy cơ xuất huyết tiêu hóa gấp 5 lần so với phối hợp 2 NSAID khác),Chống chỉ định phối hợp. Cần đặc biệt lưu ý nguy cơ tương tác trong trường hợp giảm đau hậu phẫu.,Quyết định 5948/BYT
426,Dược lực học,Imidapril,Sacubitril/valsartan (sacubitril),Chống chỉ định,Tăng tích lũy bradykinin gây phù mạch,Tăng nguy cơ phù mạch,Chống chỉ định phối hợp. Chỉ bắt đầu sử dụng Sacubitril/valsartan (sacubitril) sau khi ngừng imidapril ít nhất 36 giờ.,Quyết định 5948/BYT
427,Dược động học,Indinavir +/- ritonavir,Lovastatin,Chống chỉ định,Indinavir ức chế CYP3A4 mạnh làm giảm chuyển hóa của lovastatin,"Tăng nồng độ của lovastatin trong huyết thanh, tăng nguy cơ bệnh cơ hoặc tiêu cơ vân cấp",Chống chỉ định phối hợp,Quyết định 5948/BYT
428,Dược động học,Indinavir +/- ritonavir,Simvastatin,Chống chỉ định,Indinavir ức chế CYP3A4 mạnh làm giảm chuyển hóa của simvastatin,"Tăng nồng độ của simvastatin trong huyết thanh, tăng nguy cơ bệnh cơ hoặc tiêu cơ vân cấp",Chống chỉ định phối hợp,Quyết định 5948/BYT
429,Dược động học,Indinavir +/- ritonavir,Methylergometrin,Chống chỉ định có điều kiện,Indinavir ức chế CYP3A4 mạnh làm giảm chuyển hóa của methylergometrin,"Tăng nồng độ của methylergometrin trong huyết thanh, tăng nguy cơ độc tính (nôn, buồn nôn, hoại tử đầu chi, thiếu máu cục bộ do co thắt mạch…)","Tốt nhất nên tránh phối hợp. Đối với trường hợp điều trị băng huyết sau sinh, nếu không còn thuốc khác thay thế ở người bệnh đang sử dụng indinavir, sử dụng methylergometrin chỉ khi lợi ích vượt trội nguy cơ và sử dụng liều thấp nhất có hiệu quả trong thời gian ngắn nhất.",Quyết định 5948/BYT
430,Dược động học,Indinavir +/- ritonavir,Ivabradin,Chống chỉ định,Indinavir ức chế CYP3A4 mạnh làm giảm chuyển hóa của ivabradin,"Tăng nồng độ ivabradin trong huyết thanh, tăng nguy cơ kéo dài khoảng QT và chậm nhịp tim",Chống chỉ định phối hợp,Quyết định 5948/BYT
431,Dược động học,Indinavir +/- ritonavir,Ticagrelor,Chống chỉ định,Indinavir ức chế CYP3A4 mạnh làm giảm chuyển hóa của ticagrelor,"Tăng nồng độ của ticagrelor trong huyết thanh, tăng nguy cơ xuất huyết",Chống chỉ định phối hợp,Quyết định 5948/BYT
432,Dược động học,Indinavir +/- ritonavir,Ranolazin,Chống chỉ định,Indinavir ức chế CYP3A4 mạnh làm giảm chuyển hóa của ranolazin,"Tăng nồng độ ranolazin trong huyết thanh, tăng nguy cơ kéo dài khoảng QT",Chống chỉ định phối hợp,Quyết định 5948/BYT
433,Dược động học,Indinavir +/- ritonavir,Tolvaptan,Chống chỉ định,Indinavir ức chế CYP3A4 mạnh làm giảm chuyển hóa của tolvaptan,"Tăng nồng độ tolvaptan trong huyết thanh, tăng nguy cơ tác dụng không mong muốn (tăng nồng độ natri huyết thanh, đa niệu, khát nước, giảm thể tích tuần hoàn...)",Chống chỉ định phối hợp,Quyết định 5948/BYT
434,Dược động học,Indinavir +/- ritonavir,Lercanidipin,Chống chỉ định,Indinavir ức chế CYP3A4 mạnh làm giảm chuyển hóa của lercanidipin,"Tăng nồng độ lercanidipin, tăng nguy cơ hạ huyết áp nghiêm trọng",Chống chỉ định phối hợp,Quyết định 5948/BYT
435,Dược động học,Indinavir +/- ritonavir,Vardenafil,Chống chỉ định,Indinavir ức chế CYP3A4 làm giảm chuyển hóa của vardenafil,"Tăng nồng độ vardenafil trong huyết thanh, tăng nguy cơ kéo dài khoảng QT",Chống chỉ định phối hợp,Quyết định 5948/BYT
436,Dược động học,Indinavir +/- ritonavir,Sildenafil,Chống chỉ định có điều kiện,Indinavir ức chế CYP3A4 làm giảm chuyển hóa của sildenafil,"Tăng nồng độ sildenafil trong huyết thanh, tăng nguy cơ độc tính (hạ huyết áp, ngất, rối loạn thị giác)","1. Chống chỉ định phối hợp trong trường hợp sử dụng sildenafil điều trị tăng áp động mạch phổi.
2. Trong trường hợp sử dụng sildenafil điều trị rối loạn cương dương, liều sildenafil không vượt quá 25 mg mỗi 48 giờ ở người đang sử dụng indinavir.",Quyết định 5948/BYT
437,Dược động học,Indinavir +/- ritonavir,Quetiapin,Chống chỉ định có điều kiện,Indinavir ức chế CYP3A4 mạnh làm giảm chuyển hóa của quetiapin,"Tăng nồng độ của quetiapin, tăng nguy cơ kéo dài khoảng QT","Tốt nhất nên tránh phối hợp. Trong trường hợp bắt buộc sử dụng indinavir, giảm liều quetiapin còn 1/6 liều so với liều bình thường.",Quyết định 5948/BYT
438,Dược động học,Indinavir +/- ritonavir,Rifampicin,Chống chỉ định,Rifampicin cảm ứng CYP3A4 làm tăng chuyển hóa của indinavir,"Giảm nồng độ indinavir trong huyết thanh, giảm hiệu quả điều trị",Chống chỉ định phối hợp,Quyết định 5948/BYT
439,Dược động học,Indinavir/ritonavir (ritonavir),Propafenon,Chống chỉ định,Ritonavir ức chế chuyển hóa của propafenon qua CYP3A4 và CYP2D6.,"Tăng nồng độ, dẫn đến tăng độc tính của propafenon (đặc biệt là loạn nhịp tim).",Chống chỉ định phối hợp.,Quyết định 5948/BYT
440,Dược động học,Indinavir/ritonavir (ritonavir),Voriconazol,Chống chỉ định có điều kiện,Ritonavir cảm ứng CYP2C19 (hoặc ức chế CYP3A4 ở người thiếu hoặc giảm hoạt tính CYP2C19) làm tăng (hoặc giảm) chuyển hóa của voriconazol tùy thuộc từng cá thể (voriconazol là cơ chất của cả CYP3A4 và CYP2C19),Giảm (hoặc tăng) nồng độ voriconazol.,"1. Việc phối hợp voriconazol và ritonavir liều cao (400mg mỗi 12 giờ) làm giảm rõ rệt nồng độ voriconazol, vì vậy, chống chỉ định phối hợp voriconazol với ritonavir ở mức liều này.
2. Việc phối hợp voriconazol với ritonavir liều thấp (100mg mỗi 12 giờ) cũng đã cho thấy làm giảm nồng độ voriconazol mặc dù mức độ ít hơn so với liều cao ritonavir, vì vậy, nên tránh phối hợp thuốc trừ khi lợi ích vượt trội nguy cơ.",Quyết định 5948/BYT
441,Dược lực học,Indomethacin,Ketorolac,Chống chỉ định,Hiệp đồng tác dụng kích ứng đường tiêu hóa,Tăng nguy cơ xuất huyết tiêu hóa nghiêm trọng (sử dụng đồng thời ketorolac với 1 NSAID khác làm tăng nguy cơ xuất huyết tiêu hóa gấp 5 lần so với phối hợp 2 NSAID khác),Chống chỉ định phối hợp. Cần đặc biệt lưu ý nguy cơ tương tác trong trường hợp giảm đau hậu phẫu.,Quyết định 5948/BYT
442,Dược lực học,Iobitridol,Metformin,Chống chỉ định có điều kiện,Nguy cơ suy thận cấp liên quan đến cả metformin và thuốc cản quang iod. Suy thận cấp làm tăng nguy cơ nhiễm toan lactic.,Tăng nguy cơ nhiễm toan lactic và suy thận cấp,"1. Bệnh nhân có MLCT > 30 ml/phút/1,73m² và không có bằng chứng tổn thương thận cấp, được chỉ định tiêm thuốc cản quang đường tĩnh mạch hoặc tiêm thuốc cản quang đường động mạch tiếp xúc với thận thứ cấp (ví dụ: bơm thuốc vào tim phải, động mạch phổi, động mạch cảnh, động mạch dưới đòn, động mạch vành, động mạch mạc treo hay động mạch dưới động mạch thận): tiếp tục sử dụng metformin như bình thường.
2. Bệnh nhân (1) MLCT < 30 ml/phút/1,73m² tiêm thuốc cản quang đường tĩnh mạch, đường động mạch tiếp xúc với thận thứ cấp, hoặc (2) Bệnh nhân tiêm thuốc cản quang đường động mạch tiếp xúc với thận đầu tiên (ví dụ: bơm thuốc vào tim trái, động mạch chủ ngực, động mạch chủ bụng trên động mạch thận hoặc động mạch thận) hoặc (3) Có tổn thương thận: Ngừng metformin trước hoặc tại thời điểm tiến hành thủ thuật chẩn đoán hình ảnh và không được dùng lại cho đến ít nhất 48 giờ sau đó. Sau 48 giờ, chỉ sử dụng lại metformin sau khi chức năng thận được đánh giá lại và cho thấy ổn định.
* Lưu ý:
- Các yếu tố nguy cơ: suy thận, suy tim, không đủ dịch hoặc thiếu dịch, sử dụng liều cao thuốc cản quang hoặc sử dụng đồng thời các thuốc độc tính trên thận khác.
- Khuyến cáo về tương tác này không áp dụng trong trường hợp bơm thuốc cản quang iod để chụp X-quang tử cung - vòi trứng.",Quyết định 5948/BYT
443,Dược lực học,Iodixanol,Metformin,Chống chỉ định có điều kiện,Nguy cơ suy thận cấp liên quan đến cả metformin và thuốc cản quang iod. Suy thận cấp làm tăng nguy cơ nhiễm toan lactic.,Tăng nguy cơ nhiễm toan lactic và suy thận cấp,"1. Bệnh nhân có MLCT > 30 ml/phút/1,73m² và không có bằng chứng tổn thương thận cấp, được chỉ định tiêm thuốc cản quang đường tĩnh mạch hoặc tiêm thuốc cản quang đường động mạch tiếp xúc với thận thứ cấp (ví dụ: bơm thuốc vào tim phải, động mạch phổi, động mạch cảnh, động mạch dưới đòn, động mạch vành, động mạch mạc treo hay động mạch dưới động mạch thận): tiếp tục sử dụng metformin như bình thường.
2. Bệnh nhân (1) MLCT < 30 ml/phút/1,73m² tiêm thuốc cản quang đường tĩnh mạch, đường động mạch tiếp xúc với thận thứ cấp, hoặc (2) Bệnh nhân tiêm thuốc cản quang đường động mạch tiếp xúc với thận đầu tiên (ví dụ: bơm thuốc vào tim trái, động mạch chủ ngực, động mạch chủ bụng trên động mạch thận hoặc động mạch thận) hoặc (3) Có tổn thương thận: Ngừng metformin trước hoặc tại thời điểm tiến hành thủ thuật chẩn đoán hình ảnh và không được dùng lại cho đến ít nhất 48 giờ sau đó. Sau 48 giờ, chỉ sử dụng lại metformin sau khi chức năng thận được đánh giá lại và cho thấy ổn định.
* Lưu ý:
- Các yếu tố nguy cơ: suy thận, suy tim, không đủ dịch hoặc thiếu dịch, sử dụng liều cao thuốc cản quang hoặc sử dụng đồng thời các thuốc độc tính trên thận khác.
- Khuyến cáo về tương tác này không áp dụng trong trường hợp bơm thuốc cản quang iod để chụp X-quang tử cung - vòi trứng.",Quyết định 5948/BYT
444,Dược lực học,Iohexol,Metformin,Chống chỉ định có điều kiện,Nguy cơ suy thận cấp liên quan đến cả metformin và thuốc cản quang iod. Suy thận cấp làm tăng nguy cơ nhiễm toan lactic.,Tăng nguy cơ nhiễm toan lactic và suy thận cấp,"1. Bệnh nhân có MLCT > 30 ml/phút/1,73m² và không có bằng chứng tổn thương thận cấp, được chỉ định tiêm thuốc cản quang đường tĩnh mạch hoặc tiêm thuốc cản quang đường động mạch tiếp xúc với thận thứ cấp (ví dụ: bơm thuốc vào tim phải, động mạch phổi, động mạch cảnh, động mạch dưới đòn, động mạch vành, động mạch mạc treo hay động mạch dưới động mạch thận): tiếp tục sử dụng metformin như bình thường.
2. Bệnh nhân (1) MLCT < 30 ml/phút/1,73m² tiêm thuốc cản quang đường tĩnh mạch, đường động mạch tiếp xúc với thận thứ cấp, hoặc (2) Bệnh nhân tiêm thuốc cản quang đường động mạch tiếp xúc với thận đầu tiên (ví dụ: bơm thuốc vào tim trái, động mạch chủ ngực, động mạch chủ bụng trên động mạch thận hoặc động mạch thận) hoặc (3) Có tổn thương thận: Ngừng metformin trước hoặc tại thời điểm tiến hành thủ thuật chẩn đoán hình ảnh và không được dùng lại cho đến ít nhất 48 giờ sau đó. Sau 48 giờ, chỉ sử dụng lại metformin sau khi chức năng thận được đánh giá lại và cho thấy ổn định.
* Lưu ý:
- Các yếu tố nguy cơ: suy thận, suy tim, không đủ dịch hoặc thiếu dịch, sử dụng liều cao thuốc cản quang hoặc sử dụng đồng thời các thuốc độc tính trên thận khác.
- Khuyến cáo về tương tác này không áp dụng trong trường hợp bơm thuốc cản quang iod để chụp X-quang tử cung - vòi trứng.",Quyết định 5948/BYT
445,Dược lực học,Iopamidol,Metformin,Chống chỉ định có điều kiện,Nguy cơ suy thận cấp liên quan đến cả metformin và thuốc cản quang iod. Suy thận cấp làm tăng nguy cơ nhiễm toan lactic.,Tăng nguy cơ nhiễm toan lactic và suy thận cấp,"1. Bệnh nhân có MLCT > 30 ml/phút/1,73m² và không có bằng chứng tổn thương thận cấp, được chỉ định tiêm thuốc cản quang đường tĩnh mạch hoặc tiêm thuốc cản quang đường động mạch tiếp xúc với thận thứ cấp (ví dụ: bơm thuốc vào tim phải, động mạch phổi, động mạch cảnh, động mạch dưới đòn, động mạch vành, động mạch mạc treo hay động mạch dưới động mạch thận): tiếp tục sử dụng metformin như bình thường.
2. Bệnh nhân (1) MLCT < 30 ml/phút/1,73m² tiêm thuốc cản quang đường tĩnh mạch, đường động mạch tiếp xúc với thận thứ cấp, hoặc (2) Bệnh nhân tiêm thuốc cản quang đường động mạch tiếp xúc với thận đầu tiên (ví dụ: bơm thuốc vào tim trái, động mạch chủ ngực, động mạch chủ bụng trên động mạch thận hoặc động mạch thận) hoặc (3) Có tổn thương thận: Ngừng metformin trước hoặc tại thời điểm tiến hành thủ thuật chẩn đoán hình ảnh và không được dùng lại cho đến ít nhất 48 giờ sau đó. Sau 48 giờ, chỉ sử dụng lại metformin sau khi chức năng thận được đánh giá lại và cho thấy ổn định.
* Lưu ý:
- Các yếu tố nguy cơ: suy thận, suy tim, không đủ dịch hoặc thiếu dịch, sử dụng liều cao thuốc cản quang hoặc sử dụng đồng thời các thuốc độc tính trên thận khác.
- Khuyến cáo về tương tác này không áp dụng trong trường hợp bơm thuốc cản quang iod để chụp X-quang tử cung - vòi trứng.",Quyết định 5948/BYT
446,Dược lực học,Iopromid,Metformin,Chống chỉ định có điều kiện,Nguy cơ suy thận cấp liên quan đến cả metformin và thuốc cản quang iod. Suy thận cấp làm tăng nguy cơ nhiễm toan lactic.,Tăng nguy cơ nhiễm toan lactic và suy thận cấp,"1. Bệnh nhân có MLCT > 30 ml/phút/1,73m² và không có bằng chứng tổn thương thận cấp, được chỉ định tiêm thuốc cản quang đường tĩnh mạch hoặc tiêm thuốc cản quang đường động mạch tiếp xúc với thận thứ cấp (ví dụ: bơm thuốc vào tim phải, động mạch phổi, động mạch cảnh, động mạch dưới đòn, động mạch vành, động mạch mạc treo hay động mạch dưới động mạch thận): tiếp tục sử dụng metformin như bình thường.
2. Bệnh nhân (1) MLCT < 30 ml/phút/1,73m² tiêm thuốc cản quang đường tĩnh mạch, đường động mạch tiếp xúc với thận thứ cấp, hoặc (2) Bệnh nhân tiêm thuốc cản quang đường động mạch tiếp xúc với thận đầu tiên (ví dụ: bơm thuốc vào tim trái, động mạch chủ ngực, động mạch chủ bụng trên động mạch thận hoặc động mạch thận) hoặc (3) Có tổn thương thận: Ngừng metformin trước hoặc tại thời điểm tiến hành thủ thuật chẩn đoán hình ảnh và không được dùng lại cho đến ít nhất 48 giờ sau đó. Sau 48 giờ, chỉ sử dụng lại metformin sau khi chức năng thận được đánh giá lại và cho thấy ổn định.
* Lưu ý:
- Các yếu tố nguy cơ: suy thận, suy tim, không đủ dịch hoặc thiếu dịch, sử dụng liều cao thuốc cản quang hoặc sử dụng đồng thời các thuốc độc tính trên thận khác.
- Khuyến cáo về tương tác này không áp dụng trong trường hợp bơm thuốc cản quang iod để chụp X-quang tử cung - vòi trứng.",Quyết định 5948/BYT
447,Dược lực học,Ioxaglic natri/ioxaglic meglumin,Metformin,Chống chỉ định có điều kiện,Nguy cơ suy thận cấp liên quan đến cả metformin và thuốc cản quang iod. Suy thận cấp làm tăng nguy cơ nhiễm toan lactic.,Tăng nguy cơ nhiễm toan lactic và suy thận cấp,"1. Bệnh nhân có MLCT > 30 ml/phút/1,73m² và không có bằng chứng tổn thương thận cấp, được chỉ định tiêm thuốc cản quang đường tĩnh mạch hoặc tiêm thuốc cản quang đường động mạch tiếp xúc với thận thứ cấp (ví dụ: bơm thuốc vào tim phải, động mạch phổi, động mạch cảnh, động mạch dưới đòn, động mạch vành, động mạch mạc treo hay động mạch dưới động mạch thận): tiếp tục sử dụng metformin như bình thường.
2. Bệnh nhân (1) MLCT < 30 ml/phút/1,73m² tiêm thuốc cản quang đường tĩnh mạch, đường động mạch tiếp xúc với thận thứ cấp, hoặc (2) Bệnh nhân tiêm thuốc cản quang đường động mạch tiếp xúc với thận đầu tiên (ví dụ: bơm thuốc vào tim trái, động mạch chủ ngực, động mạch chủ bụng trên động mạch thận hoặc động mạch thận) hoặc (3) Có tổn thương thận: Ngừng metformin trước hoặc tại thời điểm tiến hành thủ thuật chẩn đoán hình ảnh và không được dùng lại cho đến ít nhất 48 giờ sau đó. Sau 48 giờ, chỉ sử dụng lại metformin sau khi chức năng thận được đánh giá lại và cho thấy ổn định.
* Lưu ý:
- Các yếu tố nguy cơ: suy thận, suy tim, không đủ dịch hoặc thiếu dịch, sử dụng liều cao thuốc cản quang hoặc sử dụng đồng thời các thuốc độc tính trên thận khác.
- Khuyến cáo về tương tác này không áp dụng trong trường hợp bơm thuốc cản quang iod để chụp X-quang tử cung - vòi trứng.",Quyết định 5948/BYT
448,Dược lực học,Ioxitalamat natri/ioxitalamat meglumin,Metformin,Chống chỉ định có điều kiện,Nguy cơ suy thận cấp liên quan đến cả metformin và thuốc cản quang iod. Suy thận cấp làm tăng nguy cơ nhiễm toan lactic.,Tăng nguy cơ nhiễm toan lactic và suy thận cấp,"1. Bệnh nhân có MLCT > 30 ml/phút/1,73m² và không có bằng chứng tổn thương thận cấp, được chỉ định tiêm thuốc cản quang đường tĩnh mạch hoặc tiêm thuốc cản quang đường động mạch tiếp xúc với thận thứ cấp (ví dụ: bơm thuốc vào tim phải, động mạch phổi, động mạch cảnh, động mạch dưới đòn, động mạch vành, động mạch mạc treo hay động mạch dưới động mạch thận): tiếp tục sử dụng metformin như bình thường.
2. Bệnh nhân (1) MLCT < 30 ml/phút/1,73m² tiêm thuốc cản quang đường tĩnh mạch, đường động mạch tiếp xúc với thận thứ cấp, hoặc (2) Bệnh nhân tiêm thuốc cản quang đường động mạch tiếp xúc với thận đầu tiên (ví dụ: bơm thuốc vào tim trái, động mạch chủ ngực, động mạch chủ bụng trên động mạch thận hoặc động mạch thận) hoặc (3) Có tổn thương thận: Ngừng metformin trước hoặc tại thời điểm tiến hành thủ thuật chẩn đoán hình ảnh và không được dùng lại cho đến ít nhất 48 giờ sau đó. Sau 48 giờ, chỉ sử dụng lại metformin sau khi chức năng thận được đánh giá lại và cho thấy ổn định.
* Lưu ý:
- Các yếu tố nguy cơ: suy thận, suy tim, không đủ dịch hoặc thiếu dịch, sử dụng liều cao thuốc cản quang hoặc sử dụng đồng thời các thuốc độc tính trên thận khác.
- Khuyến cáo về tương tác này không áp dụng trong trường hợp bơm thuốc cản quang iod để chụp X-quang tử cung - vòi trứng.",Quyết định 5948/BYT
449,Dược động học,Irinotecan,Itraconazol,Chống chỉ định,Itraconazol ức chế CYP3A4 và ức chế UGT1A1 (enzym xúc tác phản ứng glucuronid hóa) làm giảm chuyển hóa của SN-38 (chất chuyển hóa có hoạt tính của irinotecan),"Tăng nồng độ của chất chuyển hóa có hoạt tính của irinotecan trong huyết thanh, tăng nguy cơ tác dụng không mong muốn (tiêu chảy, giảm bạch cầu trung tính...)",Chống chỉ định phối hợp. Chỉ bắt đầu sử dụng irinotecan sau khi ngừng itraconazol ít nhất 2 tuần.,Quyết định 5948/BYT
450,Dược lực học,Isosorbid dinitrat,Sildenafil,Chống chỉ định,Hiệp đồng tăng nồng độ guanosine monophosphate (cGMP) vòng có dụng giãn mạch,Tăng tác dụng hạ huyết áp nghiêm trọng,Chống chỉ định phối hợp. Hai thuốc cách nhau ít nhất 24 giờ.,Quyết định 5948/BYT
451,Dược lực học,Isosorbid dinitrat,Vardenafil,Chống chỉ định,Hiệp đồng tăng nồng độ guanosine monophosphate (cGMP) vòng có dụng giãn mạch,Tăng tác dụng hạ huyết áp nghiêm trọng,Chống chỉ định phối hợp. Hai thuốc cách nhau ít nhất 24 giờ.,Quyết định 5948/BYT
452,Dược lực học,Isosorbid dinitrat,Tadalafil,Chống chỉ định,Hiệp đồng tăng nồng độ guanosine monophosphate (cGMP) vòng có dụng giãn mạch,Tăng tác dụng hạ huyết áp nghiêm trọng,Chống chỉ định phối hợp. Hai thuốc cách nhau ít nhất 48 giờ.,Quyết định 5948/BYT
453,Dược lực học,Isosorbid mononitrat,Sildenafil,Chống chỉ định,Hiệp đồng tăng nồng độ guanosine monophosphate (cGMP) vòng có dụng giãn mạch,Tăng tác dụng hạ huyết áp nghiêm trọng,Chống chỉ định phối hợp. Hai thuốc cách nhau ít nhất 24 giờ.,Quyết định 5948/BYT
454,Dược lực học,Isosorbid mononitrat,Vardenafil,Chống chỉ định,Hiệp đồng tăng nồng độ guanosine monophosphate (cGMP) vòng có dụng giãn mạch,Tăng tác dụng hạ huyết áp nghiêm trọng,Chống chỉ định phối hợp. Hai thuốc cách nhau ít nhất 24 giờ.,Quyết định 5948/BYT
455,Dược lực học,Isosorbid mononitrat,Tadalafil,Chống chỉ định,Hiệp đồng tăng nồng độ guanosine monophosphate (cGMP) vòng có dụng giãn mạch,Tăng tác dụng hạ huyết áp nghiêm trọng,Chống chỉ định phối hợp. Hai thuốc cách nhau ít nhất 48 giờ.,Quyết định 5948/BYT
456,Dược lực học,Isotretinoin,Minocyclin,Chống chỉ định,Hiệp đồng tăng độc tính,"Tăng nguy cơ tăng áp nội sọ lành tính (phù gai thị, đau đầu, buồn nôn và nôn, và rối loạn thị giác)",Chống chỉ định phối hợp,Quyết định 5948/BYT
457,Dược lực học,Isotretinoin,Tetracyclin,Chống chỉ định,Hiệp đồng tăng độc tính,"Tăng nguy cơ tăng áp nội sọ lành tính (phù gai thị, đau đầu, buồn nôn và nôn, và rối loạn thị giác)",Chống chỉ định phối hợp,Quyết định 5948/BYT
458,Dược lực học,Isotretinoin,Tigecyclin,Chống chỉ định,Hiệp đồng tăng độc tính,"Tăng nguy cơ tăng áp nội sọ lành tính (phù gai thị, đau đầu, buồn nôn và nôn, và rối loạn thị giác)",Chống chỉ định phối hợp,Quyết định 5948/BYT
459,Dược động học,Itraconazol,Lovastatin,Chống chỉ định,Itraconazol ức chế CYP3A4 mạnh làm giảm chuyển hóa của lovastatin,"Tăng nồng độ của lovastatin trong huyết thanh, tăng nguy cơ bệnh cơ hoặc tiêu cơ vân cấp","Chống chỉ định phối hợp.
1. Chỉ bắt đầu sử dụng lovastatin sau khi ngừng itraconazol ít nhất 2 tuần HOẶC
2. Cân nhắc thay đổi sang các thuốc nhóm khác có cùng chỉ định và ít có nguy cơ tương tác hơn:
- Trong trường hợp bắt buộc sử dụng thuốc kháng nấm azol, thay itraconazol bằng fluconazol (nhưng tránh dùng liều cao, có tác dụng ức chế mạnh CYP3A4) HOẶC
- Trong trường hợp bắt buộc sử dụng dẫn chất statin, thay lovastatin bằng các dẫn chất statin khác (ngoại trừ simvastatin), thận trọng khi phối hợp với atorvastatin.",Quyết định 5948/BYT
460,Dược động học,Itraconazol,Simvastatin,Chống chỉ định,Itraconazol ức chế CYP3A4 mạnh làm giảm chuyển hóa của simvastatin,"Tăng nồng độ của simvastatin trong huyết thanh, tăng nguy cơ bệnh cơ hoặc tiêu cơ vân cấp","Chống chỉ định phối hợp.
1. Chỉ bắt đầu sử dụng lovastatin sau khi ngừng itraconazol ít nhất 2 tuần HOẶC
2. Cân nhắc thay đổi sang các thuốc nhóm khác có cùng chỉ định và ít có nguy cơ tương tác hơn:
- Trong trường hợp bắt buộc sử dụng thuốc kháng nấm azol, thay itraconazol bằng fluconazol (nhưng tránh dùng liều cao, có tác dụng ức chế mạnh CYP3A4) HOẶC
- Trong trường hợp bắt buộc sử dụng dẫn chất statin, thay simvastatin bằng các dẫn chất statin khác (ngoại trừ lovastatin), thận trọng khi phối hợp với atorvastatin.",Quyết định 5948/BYT
461,Dược động học,Itraconazol,Methylergometrin,Chống chỉ định,Itraconazol ức chế CYP3A4 mạnh làm giảm chuyển hóa của methylergometrin,"Tăng nồng độ của methylergometrin trong huyết thanh, tăng nguy cơ độc tính (nôn, buồn nôn, hoại tử đầu chi, thiếu máu cục bộ do co thắt mạch…)",Chống chỉ định phối hợp,Quyết định 5948/BYT
462,Dược động học,Itraconazol,Ivabradin,Chống chỉ định,Itraconazol ức chế CYP3A4 mạnh làm giảm chuyển hóa của ivabradin,"Tăng nồng độ ivabradin trong huyết thanh, tăng nguy cơ kéo dài khoảng QT và chậm nhịp tim","Chống chỉ định phối hợp. Cân nhắc thay đổi sang các thuốc nhóm khác có cùng chỉ định và ít có nguy cơ tương tác hơn: Trong trường hợp bắt buộc sử dụng thuốc kháng nấm azol, thay itraconazol bằng fluconazol (nhưng tránh dùng liều cao, có tác dụng ức chế mạnh CYP3A4).",Quyết định 5948/BYT
463,Dược động học,Itraconazol,Ticagrelor,Chống chỉ định,Itraconazol ức chế CYP3A4 mạnh làm giảm chuyển hóa của ticagrelor,"Tăng nồng độ của ticagrelor trong huyết thanh, tăng nguy cơ xuất huyết","Chống chỉ định phối hợp.
1. Chỉ bắt đầu sử dụng ticagrelor sau khi ngừng itraconazol ít nhất 2 tuần HOẶC
2. Cân nhắc thay đổi sang các thuốc nhóm khác có cùng chỉ định và ít có nguy cơ tương tác hơn: Trong trường hợp bắt buộc sử dụng thuốc kháng nấm azol, thay itraconazol bằng fluconazol (nhưng tránh dùng liều cao, có tác dụng ức chế mạnh CYP3A4).",Quyết định 5948/BYT
464,Dược động học,Itraconazol,Ranolazin,Chống chỉ định,Itraconazol ức chế CYP3A4 mạnh làm giảm chuyển hóa của ranolazin,"Tăng nồng độ ranolazin trong huyết thanh, tăng nguy cơ kéo dài khoảng QT","Chống chỉ định phối hợp.
1. Chỉ bắt đầu sử dụng ranolazin sau khi ngừng itraconazol ít nhất 2 tuần HOẶC
2. Cân nhắc thay đổi sang các thuốc nhóm khác có cùng chỉ định và ít có nguy cơ tương tác hơn: Trong trường hợp bắt buộc sử dụng thuốc kháng nấm azol, thay itraconazol bằng fluconazol (nhưng tránh dùng liều cao, có tác dụng ức chế mạnh CYP3A4).",Quyết định 5948/BYT
465,Dược động học,Itraconazol,Tolvaptan,Chống chỉ định,Itraconazol ức chế CYP3A4 mạnh làm giảm chuyển hóa của tolvaptan,"Tăng nồng độ tolvaptan trong huyết thanh, tăng nguy cơ tác dụng không mong muốn (tăng nồng độ natri huyết thanh, đa niệu, khát nước, giảm thể tích tuần hoàn...)","Chống chỉ định phối hợp. Cân nhắc thay đổi sang các thuốc nhóm khác có cùng chỉ định và ít có nguy cơ tương tác hơn: Trong trường hợp bắt buộc sử dụng thuốc kháng nấm azol, thay itraconazol bằng fluconazol (nhưng tránh dùng liều cao, có tác dụng ức chế mạnh CYP3A4).",Quyết định 5948/BYT
466,Dược động học,Itraconazol,Lercanidipin,Chống chỉ định,Itraconazol ức chế CYP3A4 mạnh làm giảm chuyển hóa của lercanidipin,"Tăng nồng độ lercanidipin, tăng nguy cơ hạ huyết áp nghiêm trọng","Chống chỉ định phối hợp. Cân nhắc thay đổi sang các thuốc nhóm khác có cùng chỉ định và ít có nguy cơ tương tác hơn: Trong trường hợp bắt buộc sử dụng thuốc kháng nấm azol, thay itraconazol bằng fluconazol (nhưng tránh dùng liều cao, có tác dụng ức chế mạnh CYP3A4).",Quyết định 5948/BYT
467,Dược động học,Itraconazol,Vardenafil,Chống chỉ định,Itraconazol ức chế CYP3A4 làm giảm chuyển hóa của vardenafil,"Tăng nồng độ vardenafil trong huyết thanh, tăng nguy cơ kéo dài khoảng QT",Chống chỉ định phối hợp,Quyết định 5948/BYT
468,Dược động học,Itraconazol,Quetiapin,Chống chỉ định,Itraconazol ức chế CYP3A4 mạnh làm giảm chuyển hóa của quetiapin,"Tăng nồng độ của quetiapin, tăng nguy cơ kéo dài khoảng QT","Chống chỉ định phối hợp. Cân nhắc thay đổi sang các thuốc nhóm khác có cùng chỉ định và ít có nguy cơ tương tác hơn: Trong trường hợp bắt buộc sử dụng thuốc kháng nấm azol, thay itraconazol bằng fluconazol (nhưng tránh dùng liều cao, có tác dụng ức chế mạnh CYP3A4).",Quyết định 5948/BYT
469,Dược động học,Ivabradin,Lopinavir/ritonavir,Chống chỉ định,Lopinavir/ritonavir ức chế CYP3A4 mạnh làm giảm chuyển hóa của ivabradin,"Tăng nồng độ ivabradin trong huyết thanh, tăng nguy cơ kéo dài khoảng QT và chậm nhịp tim",Chống chỉ định phối hợp,Quyết định 5948/BYT
470,Dược động học,Ivabradin,Saquinavir +/- ritonavir,Chống chỉ định,Saquinavir ức chế CYP3A4 mạnh làm giảm chuyển hóa của ivabradin,"Tăng nồng độ ivabradin trong huyết thanh, tăng nguy cơ kéo dài khoảng QT và chậm nhịp tim",Chống chỉ định phối hợp,Quyết định 5948/BYT
471,Dược động học,Ivabradin,Posaconazol,Chống chỉ định,Posaconazol ức chế CYP3A4 mạnh làm giảm chuyển hóa của ivabradin,"Tăng nồng độ ivabradin trong huyết thanh, tăng nguy cơ kéo dài khoảng QT và chậm nhịp tim","Chống chỉ định phối hợp. Cân nhắc thay đổi sang các thuốc nhóm khác có cùng chỉ định và ít có nguy cơ tương tác hơn: Trong trường hợp bắt buộc sử dụng thuốc kháng nấm azol, thay posaconazol bằng fluconazol (nhưng tránh dùng liều cao, có tác dụng ức chế mạnh CYP3A4).",Quyết định 5948/BYT
472,Dược động học,Ivabradin,Voriconazol,Chống chỉ định,Voriconazol ức chế CYP3A4 mạnh làm giảm chuyển hóa của ivabradin,"Tăng nồng độ ivabradin trong huyết thanh, tăng nguy cơ kéo dài khoảng QT và chậm nhịp tim","Chống chỉ định phối hợp. Cân nhắc thay đổi sang các thuốc nhóm khác có cùng chỉ định và ít có nguy cơ tương tác hơn: Trong trường hợp bắt buộc sử dụng thuốc kháng nấm azol, thay voriconazol bằng fluconazol (nhưng tránh dùng liều cao, có tác dụng ức chế mạnh CYP3A4).",Quyết định 5948/BYT
473,Dược động học,Ivabradin,Verapamil,Chống chỉ định,Verapamil ức chế CYP3A4 làm giảm chuyển hóa của ivabradin và hiệp đồng tác dụng làm chậm nhịp tim của ivabradin,"Tăng nồng độ ivabradin trong huyết thanh, tăng nguy cơ kéo dài khoảng QT và chậm nhịp tim",Chống chỉ định phối hợp,Quyết định 5948/BYT
474,Dược lực học,Kali clorid (dạng uống giải phóng kéo dài),Trihexyphenidyl,Chống chỉ định có điều kiện,"Trihexyphenidyl kháng cholinergic gây tồn lưu hoặc làm tăng thời gian kali qua đường tiêu hóa khi sử dụng đường uống, gây loét đường tiêu hóa",Tăng nguy cơ loét tiêu hóa,"1. Tốt nhất nên tránh phối hợp, đặc biệt ở người cao tuổi. Cân nhắc chuyển sang sử dụng kali đường tĩnh mạch.
2. Trong trường hợp bắt buộc sử dụng đồng thời, cân nhắc một số khuyến cáo sau giúp giảm nguy cơ loét tiêu hóa: (1) uống ít nhất 100 mL nước sau khi uống kali, (2) ngồi hoặc
đứng thẳng trong ít nhất 5 - 10 phút sau khi uống thuốc.",Quyết định 5948/BYT
475,Dược lực học,Kali clorid (dạng uống giải phóng kéo dài),Solifenacin,Chống chỉ định có điều kiện,"Solifenacin kháng cholinergic gây tồn lưu hoặc làm tăng thời gian kali qua đường tiêu hóa khi sử dụng đường uống, gây loét đường tiêu hóa",Tăng nguy cơ loét tiêu hóa,"1. Tốt nhất nên tránh phối hợp, đặc biệt ở người cao tuổi. Cân nhắc chuyển sang sử dụng kali đường tĩnh mạch.
2. Trong trường hợp bắt buộc sử dụng đồng thời, cân nhắc một số khuyến cáo sau giúp giảm nguy cơ loét tiêu hóa: (1) uống ít nhất 100 mL nước sau khi uống kali, (2) ngồi hoặc đứng thẳng trong ít nhất 5 - 10 phút sau khi uống thuốc.",Quyết định 5948/BYT
476,Dược lực học,Kali clorid (dạng uống giải phóng kéo dài),Oxybutynin,Chống chỉ định có điều kiện,"Oxybutynin kháng cholinergic gây tồn lưu hoặc làm tăng thời gian kali qua đường tiêu hóa khi sử dụng đường uống, gây loét đường tiêu hóa",Tăng nguy cơ loét tiêu hóa,"1. Tốt nhất nên tránh phối hợp, đặc biệt ở người cao tuổi. Cân nhắc chuyển sang sử dụng kali đường tĩnh mạch.
2. Trong trường hợp bắt buộc sử dụng đồng thời, cân nhắc một số khuyến cáo sau giúp giảm nguy cơ loét tiêu hóa: (1) uống ít nhất 100 mL nước sau khi uống kali, (2) ngồi hoặc đứng thẳng trong ít nhất 5 - 10 phút sau khi uống thuốc.",Quyết định 5948/BYT
477,Dược lực học,Ketoprofen,Ketorolac,Chống chỉ định,Hiệp đồng tác dụng kích ứng đường tiêu hóa,Tăng nguy cơ xuất huyết tiêu hóa nghiêm trọng (sử dụng đồng thời ketorolac với 1 NSAID khác làm tăng nguy cơ xuất huyết tiêu hóa gấp 5 lần so với phối hợp 2 NSAID khác),Chống chỉ định phối hợp. Cần đặc biệt lưu ý nguy cơ tương tác trong trường hợp giảm đau hậu phẫu.,Quyết định 5948/BYT
478,Dược lực học,Ketorolac,Lornoxicam,Chống chỉ định,Hiệp đồng tác dụng kích ứng đường tiêu hóa,Tăng nguy cơ xuất huyết tiêu hóa nghiêm trọng (sử dụng đồng thời ketorolac với 1 NSAID khác làm tăng nguy cơ xuất huyết tiêu hóa gấp 5 lần so với phối hợp 2 NSAID khác),Chống chỉ định phối hợp. Cần đặc biệt lưu ý nguy cơ tương tác trong trường hợp giảm đau hậu phẫu.,Quyết định 5948/BYT
479,Dược lực học,Ketorolac,Loxoprofen,Chống chỉ định,Hiệp đồng tác dụng kích ứng đường tiêu hóa,Tăng nguy cơ xuất huyết tiêu hóa nghiêm trọng (sử dụng đồng thời ketorolac với 1 NSAID khác làm tăng nguy cơ xuất huyết tiêu hóa gấp 5 lần so với phối hợp 2 NSAID khác),Chống chỉ định phối hợp. Cần đặc biệt lưu ý nguy cơ tương tác trong trường hợp giảm đau hậu phẫu.,Quyết định 5948/BYT
480,Dược lực học,Ketorolac,Meloxicam,Chống chỉ định,Hiệp đồng tác dụng kích ứng đường tiêu hóa,Tăng nguy cơ xuất huyết tiêu hóa nghiêm trọng (sử dụng đồng thời ketorolac với 1 NSAID khác làm tăng nguy cơ xuất huyết tiêu hóa gấp 5 lần so với phối hợp 2 NSAID khác),Chống chỉ định phối hợp. Cần đặc biệt lưu ý nguy cơ tương tác trong trường hợp giảm đau hậu phẫu.,Quyết định 5948/BYT
481,Dược lực học,Ketorolac,Nabumeton,Chống chỉ định,Hiệp đồng tác dụng kích ứng đường tiêu hóa,Tăng nguy cơ xuất huyết tiêu hóa nghiêm trọng (sử dụng đồng thời ketorolac với 1 NSAID khác làm tăng nguy cơ xuất huyết tiêu hóa gấp 5 lần so với phối hợp 2 NSAID khác),Chống chỉ định phối hợp. Cần đặc biệt lưu ý nguy cơ tương tác trong trường hợp giảm đau hậu phẫu.,Quyết định 5948/BYT
482,Dược lực học,Ketorolac,Naproxen,Chống chỉ định,Hiệp đồng tác dụng kích ứng đường tiêu hóa,Tăng nguy cơ xuất huyết tiêu hóa nghiêm trọng (sử dụng đồng thời ketorolac với 1 NSAID khác làm tăng nguy cơ xuất huyết tiêu hóa gấp 5 lần so với phối hợp 2 NSAID khác),Chống chỉ định phối hợp. Cần đặc biệt lưu ý nguy cơ tương tác trong trường hợp giảm đau hậu phẫu.,Quyết định 5948/BYT
483,Dược lực học,Ketorolac,Piroxicam,Chống chỉ định,Hiệp đồng tác dụng kích ứng đường tiêu hóa,Tăng nguy cơ xuất huyết tiêu hóa nghiêm trọng (sử dụng đồng thời ketorolac với 1 NSAID khác làm tăng nguy cơ xuất huyết tiêu hóa gấp 5 lần so với phối hợp 2 NSAID khác),Chống chỉ định phối hợp. Cần đặc biệt lưu ý nguy cơ tương tác trong trường hợp giảm đau hậu phẫu.,Quyết định 5948/BYT
484,Dược lực học,Ketorolac,Talniflumat,Chống chỉ định,Hiệp đồng tác dụng kích ứng đường tiêu hóa,Tăng nguy cơ xuất huyết tiêu hóa nghiêm trọng (sử dụng đồng thời ketorolac với 1 NSAID khác làm tăng nguy cơ xuất huyết tiêu hóa gấp 5 lần so với phối hợp 2 NSAID khác),Chống chỉ định phối hợp. Cần đặc biệt lưu ý nguy cơ tương tác trong trường hợp giảm đau hậu phẫu.,Quyết định 5948/BYT
485,Dược lực học,Ketorolac,Tenoxicam,Chống chỉ định,Hiệp đồng tác dụng kích ứng đường tiêu hóa,Tăng nguy cơ xuất huyết tiêu hóa nghiêm trọng (sử dụng đồng thời ketorolac với 1 NSAID khác làm tăng nguy cơ xuất huyết tiêu hóa gấp 5 lần so với phối hợp 2 NSAID khác),Chống chỉ định phối hợp. Cần đặc biệt lưu ý nguy cơ tương tác trong trường hợp giảm đau hậu phẫu.,Quyết định 5948/BYT
486,Dược lực học,Ketorolac,Zaltoprofen,Chống chỉ định,Hiệp đồng tác dụng kích ứng đường tiêu hóa,Tăng nguy cơ xuất huyết tiêu hóa nghiêm trọng (sử dụng đồng thời ketorolac với 1 NSAID khác làm tăng nguy cơ xuất huyết tiêu hóa gấp 5 lần so với phối hợp 2 NSAID khác),Chống chỉ định phối hợp. Cần đặc biệt lưu ý nguy cơ tương tác trong trường hợp giảm đau hậu phẫu.,Quyết định 5948/BYT
487,Dược động học,Lansoprazol,Rilpivirin,Chống chỉ định,Giảm hấp thu rilpivirin do tăng pH dạ dày,"Giảm nồng độ rilpivirin trong huyết thanh, giảm hiệu quả điều trị","Chống chỉ định phối hợp. Trong trường hợp thay thế bằng thuốc kháng H2, sử dụng các thuốc H2 ít nhất 12 giờ trước hoặc 4 giờ sau khi uống rilpivirin.",Quyết định 5948/BYT
488,Dược động học,Lercanidipin,Lopinavir/ritonavir,Chống chỉ định,Lopinavir/ritonavir ức chế CYP3A4 mạnh làm giảm chuyển hóa của lercanidipin,"Tăng nồng độ lercanidipin, tăng nguy cơ hạ huyết áp nghiêm trọng",Chống chỉ định phối hợp,Quyết định 5948/BYT
489,Dược động học,Lercanidipin,Saquinavir +/- ritonavir,Chống chỉ định,Saquinavir ức chế CYP3A4 mạnh làm giảm chuyển hóa của lercanidipin,"Tăng nồng độ lercanidipin, tăng nguy cơ hạ huyết áp nghiêm trọng",Chống chỉ định phối hợp,Quyết định 5948/BYT
490,Dược động học,Lercanidipin,Posaconazol,Chống chỉ định,Posaconazol ức chế CYP3A4 mạnh làm giảm chuyển hóa của lercanidipin,"Tăng nồng độ lercanidipin, tăng nguy cơ hạ huyết áp nghiêm trọng","Chống chỉ định phối hợp. Cân nhắc thay đổi sang các thuốc nhóm khác có cùng chỉ định và ít có nguy cơ tương tác hơn: Trong trường hợp bắt buộc sử dụng thuốc kháng nấm azol, thay posaconazol bằng fluconazol (nhưng tránh dùng liều cao, có tác dụng ức chế mạnh CYP3A4).",Quyết định 5948/BYT
491,Dược động học,Lercanidipin,Voriconazol,Chống chỉ định,Voriconazol ức chế CYP3A4 mạnh làm giảm chuyển hóa của lercanidipin,"Tăng nồng độ lercanidipin, tăng nguy cơ hạ huyết áp nghiêm trọng","Chống chỉ định phối hợp. Cân nhắc thay đổi sang các thuốc nhóm khác có cùng chỉ định và ít có nguy cơ tương tác hơn: Trong trường hợp bắt buộc sử dụng thuốc kháng nấm azol, thay voriconazol bằng fluconazol (nhưng tránh dùng liều cao, có tác dụng ức chế mạnh CYP3A4).",Quyết định 5948/BYT
492,Dược lực học,Levodopa/carbidopa +/- entacapon,Metoclopramid,Chống chỉ định,Đối kháng tác dụng của nhau,Giảm hiệu quả của cả hai thuốc,Chống chỉ định phối hợp,Quyết định 5948/BYT
493,Dược lực học,Levodopa/carbidopa +/- entacapon,Sulpirid,Chống chỉ định,Đối kháng tác dụng của nhau,Giảm hiệu quả của cả hai thuốc,Chống chỉ định phối hợp,Quyết định 5948/BYT
494,Dược lực học,Levodopa/carbidopa +/- entacapon,Linezolid,Chống chỉ định,Tăng tích lũy noradrenalin (norepinephrin) và dopamin,"Tăng nguy cơ xuất hiện cơn tăng huyết áp (đau đầu, đánh trống ngực, cứng cổ, tăng huyết áp)",Chống chỉ định sử dụng levodopa/carbidopa đồng thời hoặc trong vòng 14 ngày trước đó có sử dụng linezolid.,Quyết định 5948/BYT
495,Dược lực học,Levodopa/carbidopa +/- entacapon,Xanh methylen (sử dụng đường tiêm tĩnh mạch),Chống chỉ định,Tăng tích lũy noradrenalin (norepinephrin) và dopamin,"Tăng nguy cơ xuất hiện cơn tăng huyết áp (đau đầu, đánh trống ngực, cứng cổ, tăng huyết áp)",Chống chỉ định sử dụng levodopa/carbidopa đồng thời hoặc trong vòng 14 ngày trước đó có sử dụng xanh methylen.,Quyết định 5948/BYT
496,Dược lực học,Levofloxacin,Thioridazin,Chống chỉ định có điều kiện,Hiệp đồng tăng tác dụng,"Tăng nguy cơ kéo dài khoảng QT, xoắn đỉnh","1. Chống chỉ định phối hợp ở các bệnh nhân có hội chứng QT kéo dài do di truyền hoặc mắc phải.
2. Trên các đối tượng bệnh nhân khác, tốt nhất nên tránh phối hợp các thuốc này. Trong trường hợp cần thiết phối hợp, cần đánh giá cẩn thận nguy cơ/lợi ích và lượng giá các yếu tố nguy cơ trên từng bệnh nhân, đặc biệt là rối loạn điện giải (hạ kali máu, hạ magie máu, hạ calci máu), nhịp tim chậm, nữ giới trước khi quyết định kê đơn.",Quyết định 5948/BYT
497,Dược lực học,Levosulpirid,Thioridazin,Chống chỉ định có điều kiện,Hiệp đồng tăng tác dụng,"Tăng nguy cơ kéo dài khoảng QT, xoắn đỉnh","1. Chống chỉ định phối hợp ở các bệnh nhân có hội chứng QT kéo dài do di truyền hoặc mắc phải.
2. Trên các đối tượng bệnh nhân khác, tốt nhất nên tránh phối hợp các thuốc này. Trong trường hợp cần thiết phối hợp, cần đánh giá cẩn thận nguy cơ/lợi ích và lượng giá các yếu tố nguy cơ trên từng bệnh nhân, đặc biệt là rối loạn điện giải (hạ kali máu, hạ magie máu, hạ calci máu), nhịp tim chậm, nữ giới trước khi quyết định kê đơn.",Quyết định 5948/BYT
498,Dược lực học,Levosulpirid,Sparfloxacin,Chống chỉ định có điều kiện,Hiệp đồng tăng tác dụng,"Tăng nguy cơ kéo dài khoảng QT, xoắn đỉnh","1. Chống chỉ định phối hợp ở các bệnh nhân có hội chứng QT kéo dài do di truyền hoặc mắc phải.
2. Trên các đối tượng bệnh nhân khác, tốt nhất nên tránh phối hợp các thuốc này. Trong trường hợp cần thiết phối hợp, cần đánh giá cẩn thận nguy cơ/lợi ích và lượng giá các yếu tố nguy cơ trên từng bệnh nhân, đặc biệt là rối loạn điện giải (hạ kali máu, hạ magie máu, hạ calci máu), nhịp tim chậm, nữ giới trước khi quyết định kê đơn.",Quyết định 5948/BYT
499,Dược lực học,Linezolid,Paroxetin,Chống chỉ định có điều kiện,Hiệp đồng tác dụng serotonin,"Tăng nguy cơ hội chứng serotonin (sốt cao, rối loạn nhận thức, tăng phản xạ, mất phối hợp, rung giật cơ, cứng cơ, co giật, nhịp tim nhanh, tăng huyết áp, tăng thân nhiệt, vã mồ hôi, ảo giác, kích động hoặc bồn chồn…)","1. Cố gắng tránh sử dụng đồng thời linezolid và paroxetin. Tốt nhất các thuốc này nên sử dụng cách nhau 2 tuần. Cân nhắc thay đổi sang các thuốc nhóm khác có cùng chỉ định và ít có nguy cơ tương tác hơn.
2. Trong hợp không thể trì hoãn điều trị được 2 tuần, bắt buộc sử dụng dài ngày hoặc khẩn cấp bằng linezolid và không có thuốc khác thay thế, cân bằng lợi ích và nguy cơ xảy ra hội chứng serotonin. Nếu lợi ích vượt trội nguy cơ, vẫn có thể sử dụng đồng thời nhưng cần giám sát chặt chẽ chặt chẽ bệnh nhân, đặc biệt trong tháng đầu tiên sử dụng đồng thời 2 thuốc.",Quyết định 5948/BYT
500,Dược lực học,Linezolid,Sertralin,Chống chỉ định có điều kiện,Hiệp đồng tác dụng serotonin,"Tăng nguy cơ hội chứng serotonin (sốt cao, rối loạn nhận thức, tăng phản xạ, mất phối hợp, rung giật cơ, cứng cơ, co giật, nhịp tim nhanh, tăng huyết áp, tăng thân nhiệt, vã mồ hôi, ảo giác, kích động hoặc bồn chồn…)","1. Cố gắng tránh sử dụng đồng thời linezolid và sertralin. Tốt nhất các thuốc này nên sử dụng cách nhau 2 tuần. Cân nhắc thay đổi sang các thuốc nhóm khác có cùng chỉ định và ít có nguy cơ tương tác hơn.
2. Trong hợp không thể trì hoãn điều trị được 2 tuần, bắt buộc sử dụng dài ngày hoặc khẩn cấp bằng linezolid và không có thuốc khác thay thế, cân bằng lợi ích và nguy cơ xảy ra hội chứng serotonin. Nếu lợi ích vượt trội nguy cơ, vẫn có thể sử dụng đồng thời nhưng cần giám sát chặt chẽ chặt chẽ bệnh nhân, đặc biệt trong tháng đầu tiên sử dụng đồng thời 2 thuốc.",Quyết định 5948/BYT
501,Dược lực học,Linezolid,Venlafaxin,Chống chỉ định có điều kiện,Hiệp đồng tác dụng serotonin,"Tăng nguy cơ hội chứng serotonin (sốt cao, rối loạn nhận thức, tăng phản xạ, mất phối hợp, rung giật cơ, cứng cơ, co giật, nhịp tim nhanh, tăng huyết áp, tăng thân nhiệt, vã mồ hôi, ảo giác, kích động hoặc bồn chồn…)","1. Cố gắng tránh sử dụng đồng thời linezolid và venlafaxin. Tốt nhất các thuốc này nên sử dụng cách nhau 2 tuần. Cân nhắc thay đổi sang các thuốc nhóm khác có cùng chỉ định và ít có nguy cơ tương tác hơn.
2. Trong hợp không thể trì hoãn điều trị được 2 tuần, bắt buộc sử dụng dài ngày hoặc khẩn cấp bằng linezolid và không có thuốc khác thay thế, cân bằng lợi ích và nguy cơ xảy ra hội chứng serotonin. Nếu lợi ích vượt trội nguy cơ, vẫn có thể sử dụng đồng thời nhưng cần giám sát chặt chẽ chặt chẽ bệnh nhân, đặc biệt trong tháng đầu tiên sử dụng đồng thời 2 thuốc.",Quyết định 5948/BYT
502,Dược lực học,Linezolid,Milnacipran,Chống chỉ định có điều kiện,Hiệp đồng tác dụng serotonin,"Tăng nguy cơ hội chứng serotonin (sốt cao, rối loạn nhận thức, tăng phản xạ, mất phối hợp, rung giật cơ, cứng cơ, co giật, nhịp tim nhanh, tăng huyết áp, tăng thân nhiệt, vã mồ
hôi, ảo giác, kích động hoặc bồn chồn…)","1. Cố gắng tránh sử dụng đồng thời linezolid và milnacriptan. Tốt nhất các thuốc này nên sử dụng cách nhau 2 tuần. Cân nhắc thay đổi sang các thuốc nhóm khác có cùng chỉ định và ít có nguy cơ tương tác hơn.
2. Trong hợp không thể trì hoãn điều trị được 2 tuần, bắt buộc sử dụng dài ngày hoặc khẩn cấp bằng linezolid và không có thuốc khác thay thế, cân bằng lợi ích và nguy cơ xảy ra hội chứng serotonin. Nếu lợi ích vượt trội nguy cơ, vẫn có thể sử dụng đồng thời nhưng cần giám sát chặt chẽ chặt chẽ bệnh nhân, đặc biệt trong tháng đầu tiên sử dụng đồng thời 2 thuốc.",Quyết định 5948/BYT
503,Dược lực học,Linezolid,Trazodon,Chống chỉ định có điều kiện,Hiệp đồng tác dụng serotonin,"Tăng nguy cơ hội chứng serotonin (sốt cao, rối loạn nhận thức, tăng phản xạ, mất phối hợp, rung giật cơ, cứng cơ, co giật, nhịp tim nhanh, tăng huyết áp, tăng thân nhiệt, vã mồ hôi, ảo giác, kích động hoặc bồn chồn…)","1. Cố gắng tránh sử dụng đồng thời linezolid và trazodon. Tốt nhất các thuốc này nên sử dụng cách nhau 2 tuần. Cân nhắc thay đổi sang các thuốc nhóm khác có cùng chỉ định và ít có nguy cơ tương tác hơn.
2. Trong hợp không thể trì hoãn điều trị được 2 tuần, bắt buộc sử dụng dài ngày hoặc khẩn cấp bằng linezolid và không có thuốc khác thay thế, cân bằng lợi ích và nguy cơ xảy ra hội chứng serotonin. Nếu lợi ích vượt trội nguy cơ, vẫn có thể sử dụng đồng thời nhưng cần giám sát chặt chẽ chặt chẽ bệnh nhân, đặc biệt trong tháng đầu tiên sử dụng đồng thời 2 thuốc.",Quyết định 5948/BYT
504,Dược lực học,Linezolid,Methylphenidat,Chống chỉ định có điều kiện,Hiệp đồng tác dụng serotonin,"Tăng nguy cơ hội chứng serotonin (sốt cao, rối loạn nhận thức, tăng phản xạ, mất phối hợp, rung giật cơ, cứng cơ, co giật, nhịp tim nhanh, tăng huyết áp, tăng thân nhiệt, vã mồ hôi, ảo giác, kích động hoặc bồn chồn…)","1. Cố gắng tránh sử dụng đồng thời linezolid và methylphenidat. Tốt nhất các thuốc này nên sử dụng cách nhau 2 tuần. Cân nhắc thay đổi sang các thuốc nhóm khác có cùng chỉ định và ít có nguy cơ tương tác hơn.
2. Trong hợp không thể trì hoãn điều trị được 2 tuần, bắt buộc sử dụng dài ngày hoặc khẩn cấp bằng linezolid và không có thuốc khác thay thế, cân bằng lợi ích và nguy cơ xảy ra hội chứng serotonin. Nếu lợi ích vượt trội nguy cơ, vẫn có thể sử dụng đồng thời nhưng cần giám sát chặt chẽ bệnh nhân, đặc biệt trong tháng đầu tiên sử dụng đồng thời 2 thuốc.",Quyết định 5948/BYT
505,Dược lực học,Linezolid,Mirtazapin,Chống chỉ định có điều kiện,Hiệp đồng tác dụng serotonin,"Tăng nguy cơ hội chứng serotonin (sốt cao, rối loạn nhận thức, tăng phản xạ, mất phối hợp, rung giật cơ, cứng cơ, co giật, nhịp tim nhanh, tăng huyết áp, tăng thân nhiệt, vã mồ hôi, ảo giác, kích động hoặc bồn chồn…)","1. Cố gắng tránh sử dụng đồng thời linezolid và mirtazapin. Tốt nhất các thuốc này nên sử dụng cách nhau 2 tuần. Cân nhắc thay đổi sang các thuốc nhóm khác có cùng chỉ định và ít có nguy cơ tương tác hơn.
2. Trong hợp không thể trì hoãn điều trị được 2 tuần, bắt buộc sử dụng dài ngày hoặc khẩn cấp bằng linezolid và không có thuốc khác thay thế, cân bằng lợi ích và nguy cơ xảy ra hội chứng serotonin. Nếu lợi ích vượt trội nguy cơ, vẫn có thể sử dụng đồng thời nhưng cần giám sát chặt chẽ chặt chẽ bệnh nhân, đặc biệt trong tháng đầu tiên sử dụng đồng thời 2 thuốc.",Quyết định 5948/BYT
506,Dược lực học,Linezolid,Xanh methylen (sử dụng đường tiêm tĩnh mạch),Chống chỉ định có điều kiện,Hiệp đồng tác dụng serotonin,"Tăng nguy cơ hội chứng serotonin (sốt cao, rối loạn nhận thức, tăng phản xạ, mất phối hợp, rung giật cơ, cứng cơ, co giật, nhịp tim nhanh, tăng huyết áp, tăng thân nhiệt, vã mồ hôi, ảo giác, kích động hoặc bồn chồn…)","1. Cố gắng tránh sử dụng đồng thời linezolid và xanh methylen. Tốt nhất các thuốc này nên sử dụng cách nhau 2 tuần. Cân nhắc thay đổi linezolid sang các thuốc nhóm khác có cùng chỉ định và ít có nguy cơ tương tác hơn.
2. Trong hợp không thể trì hoãn điều trị được 2 tuần, bắt buộc sử dụng cả hai thuốc và không có thuốc khác thay thế, cân bằng lợi ích và nguy cơ xảy ra hội chứng serotonin. Nếu lợi ích vượt trội nguy cơ, vẫn có thể sử dụng đồng thời nhưng cần giám sát chặt chẽ chặt chẽ bệnh nhân, đặc biệt trong tháng đầu tiên sử dụng đồng thời 2 thuốc.
Lưu ý: xanh methylen sử dụng đường tiêm tĩnh mạch.",Quyết định 5948/BYT
507,Dược lực học,Linezolid,Sumatriptan,Chống chỉ định có điều kiện,Hiệp đồng tác dụng serotonin,"Tăng nguy cơ hội chứng serotonin (sốt cao, rối loạn nhận thức, tăng phản xạ, mất phối hợp, rung giật cơ, cứng cơ, co giật, nhịp tim nhanh, tăng huyết áp, tăng thân nhiệt, vã mồ hôi, ảo giác, kích động hoặc bồn chồn…)","1. Cố gắng tránh sử dụng đồng thời linezolid và sumatriptan. Tốt nhất các thuốc này nên sử dụng cách nhau 2 tuần. Cân nhắc thay đổi sang các thuốc nhóm khác có cùng chỉ định và ít có nguy cơ tương tác hơn.
2. Trong hợp không thể trì hoãn điều trị được 2 tuần, bắt buộc sử dụng dài ngày hoặc khẩn cấp bằng linezolid và không có thuốc khác thay thế, cân bằng lợi ích và nguy cơ xảy ra hội chứng serotonin. Nếu lợi ích vượt trội nguy cơ, vẫn có thể sử dụng đồng thời nhưng cần giám sát chặt chẽ chặt chẽ bệnh nhân, đặc biệt trong tháng đầu tiên sử dụng đồng thời 2 thuốc.",Quyết định 5948/BYT
508,Dược lực học,Linezolid,Pethidin,Chống chỉ định có điều kiện,Hiệp đồng tác dụng serotonin,"Tăng nguy cơ hội chứng serotonin (sốt cao, rối loạn nhận thức, tăng phản xạ, mất phối hợp, rung giật cơ, cứng cơ, co giật, nhịp tim nhanh, tăng huyết áp, tăng thân nhiệt, vã mồ hôi, ảo giác, kích động hoặc bồn chồn…)","1. Cố gắng tránh sử dụng đồng thời linezolid và pethidin. Tốt nhất các thuốc này nên sử dụng cách nhau 2 tuần. Cân nhắc thay đổi sang các thuốc nhóm khác có cùng chỉ định và ít có nguy cơ tương tác hơn. Trong trường hợp bắt buộc sử dụng opioid, có thể đổi sang các opiod khác không có hoạt tính ức chế thu hồi serotonin (morphin, codein, oxycodon, buprenorphin)
2. Trong hợp không thể trì hoãn điều trị được 2 tuần, bắt buộc sử dụng dài ngày hoặc khẩn cấp bằng linezolid và không có thuốc khác thay thế, cân bằng lợi ích và nguy cơ xảy ra hội chứng serotonin. Nếu lợi ích vượt trội nguy cơ, vẫn có thể sử dụng đồng thời nhưng cần giám sát chặt chẽ chặt chẽ bệnh nhân, đặc biệt trong tháng đầu tiên sử dụng đồng thời 2 thuốc.",Quyết định 5948/BYT
509,Dược lực học,Linezolid,Tramadol,Chống chỉ định có điều kiện,Hiệp đồng tác dụng serotonin,"Tăng nguy cơ hội chứng serotonin (sốt cao, rối loạn nhận thức, tăng phản xạ, mất phối hợp, rung giật cơ, cứng cơ, co giật, nhịp tim nhanh, tăng huyết áp, tăng thân nhiệt, vã mồ hôi, ảo giác, kích động hoặc bồn chồn…)","1. Cố gắng tránh sử dụng đồng thời linezolid và tramadol. Tốt nhất các thuốc này nên sử dụng cách nhau 2 tuần. Cân nhắc thay đổi sang các thuốc nhóm khác có cùng chỉ định
và ít có nguy cơ tương tác hơn. Trong trường hợp bắt buộc sử dụng opioid, có thể đổi sang các opiod khác không có hoạt tính ức chế thu hồi serotonin (morphin, codein, oxycodon, buprenorphin)
2. Trong hợp không thể trì hoãn điều trị được 2 tuần, bắt buộc sử dụng dài ngày hoặc khẩn cấp bằng linezolid và không có thuốc khác thay thế, cân bằng lợi ích và nguy cơ xảy ra hội chứng serotonin. Nếu lợi ích vượt trội nguy cơ, vẫn có thể sử dụng đồng thời nhưng cần giám sát chặt chẽ chặt chẽ bệnh nhân, đặc biệt trong tháng đầu tiên sử dụng đồng thời 2 thuốc.",Quyết định 5948/BYT
510,Dược lực học,Linezolid,Methadon,Chống chỉ định có điều kiện,Hiệp đồng tác dụng serotonin,"Tăng nguy cơ hội chứng serotonin (sốt cao, rối loạn nhận thức, tăng phản xạ, mất phối hợp, rung giật cơ, cứng cơ, co giật, nhịp tim nhanh, tăng huyết áp, tăng thân nhiệt, vã mồ hôi, ảo giác, kích động hoặc bồn chồn…)","1. Cố gắng tránh sử dụng đồng thời linezolid và methadon. Tốt nhất các thuốc này nên sử dụng cách nhau 2 tuần. Cân nhắc thay đổi sang các thuốc nhóm khác có cùng chỉ định và ít có nguy cơ tương tác hơn. Trong trường hợp bắt buộc sử dụng opioid, có thể đổi sang các opiod khác không có hoạt tính ức chế thu hồi serotonin (morphin, codein, oxycodon, buprenorphin)
2. Trong hợp không thể trì hoãn điều trị được 2 tuần, bắt buộc sử dụng dài ngày hoặc khẩn cấp bằng linezolid và không có thuốc khác thay thế, cân bằng lợi ích và nguy cơ xảy ra hội chứng serotonin. Nếu lợi ích vượt trội nguy cơ, vẫn có thể sử dụng đồng thời nhưng cần giám sát chặt chẽ chặt chẽ bệnh nhân, đặc biệt trong tháng đầu tiên sử dụng đồng thời 2 thuốc.",Quyết định 5948/BYT
511,Dược lực học,Linezolid,Methyldopa,Chống chỉ định,Chưa rõ,"Tăng nguy cơ xuất hiện cơn tăng huyết áp (đau đầu, đánh trống ngực, cứng cổ)",Chống chỉ định phối hợp,Quyết định 5948/BYT
512,Dược lực học,Linezolid,Pseudoephedrin (sử dụng đường uống),Chống chỉ định,Tăng tích lũy noradrenalin (norepinephrin),"Tăng nguy cơ xuất hiện cơn tăng huyết áp (đau đầu, đánh trống ngực, cứng cổ, tăng huyết áp)",Chống chỉ định sử dụng pseudoephedrin (sử dụng đường uống) đồng thời hoặc trong vòng 14 ngày trước đó có sử dụng linezolid.,Quyết định 5948/BYT
513,Dược lực học,Linezolid,Phenylephrin (sử dụng đường uống),Chống chỉ định,Tăng tích lũy noradrenalin (norepinephrin),"Tăng nguy cơ xuất hiện cơn tăng huyết áp (đau đầu, đánh trống ngực, cứng cổ, tăng huyết áp)","1. Chống chỉ định sử dụng phenylephrin sử dụng đường uống đồng thời hoặc trong vòng 14 ngày trước đó có sử dụng linezolid.
2. Đối với phenylephrin sử dụng đường tiêm, cần sử dụng rất thận trọng trên bệnh nhân đang dùng linezolid trong điều kiện giám sát huyết áp chặt chẽ.",Quyết định 5948/BYT
514,Dược động học,Linezolid,Nefopam,Chống chỉ định,Nefopam ức chế thu hồi noradrenalin (norepinephrin) và serotonin trên hệ thần kinh,"Tăng nguy cơ kích thích thần kinh trung ương (co giật, ảo giác và kích động)",Chống chỉ định phối hợp,Quyết định 5948/BYT
515,Dược lực học,Lisinopril,Sacubitril/valsartan (sacubitril),Chống chỉ định,Tăng tích lũy bradykinin gây phù mạch,Tăng nguy cơ phù mạch,Chống chỉ định phối hợp. Chỉ bắt đầu sử dụng Sacubitril/valsartan (sacubitril) sau khi ngừng lisinopril ít nhất 36 giờ.,Quyết định 5948/BYT
516,Dược động học,Lopinavir/ritonavir,Lovastatin,Chống chỉ định,Lopinavir/ritonavir ức chế CYP3A4 mạnh làm giảm chuyển hóa của lovastatin,"Tăng nồng độ của lovastatin trong huyết thanh, tăng nguy cơ bệnh cơ hoặc tiêu cơ vân cấp","Chống chỉ định phối hợp. Trong trường hợp bắt buộc sử dụng dẫn chất statin, thay lovastatin bằng các dẫn chất statin khác (ngoại trừ simvastatin), sử dụng liều thấp nhất có hiệu quả, atorvastatin không quá 20 mg/ngày, rosuvastatin không vượt quá 10 mg/ngày, pitavastatin và pravastatin không cần hiệu chỉnh liều khi phối hợp.",Quyết định 5948/BYT
517,Dược động học,Lopinavir/ritonavir,Simvastatin,Chống chỉ định,Lopinavir/ritonavir ức chế CYP3A4 mạnh làm giảm chuyển hóa của simvastatin,"Tăng nồng độ của simvastatin trong huyết thanh, tăng nguy cơ bệnh cơ hoặc tiêu cơ vân cấp","Chống chỉ định phối hợp. Trong trường hợp bắt buộc sử dụng dẫn chất statin, thay simvastatin bằng các dẫn chất statin khác (ngoại trừ lovastatin) sử dụng liều thấp nhất có hiệu quả, atorvastatin không quá 20 mg/ngày, rosuvastatin không vượt quá 10 mg/ngày, pitavastatin và pravastatin không cần hiệu chỉnh liều khi phối hợp.",Quyết định 5948/BYT
518,Dược động học,Lopinavir/ritonavir,Methylergometrin,Chống chỉ định có điều kiện,Lopinavir/ritonavir ức chế CYP3A4 mạnh làm giảm chuyển hóa của methylergometrin,"Tăng nồng độ của methylergometrin trong huyết thanh, tăng nguy cơ độc tính (nôn, buồn nôn, hoại tử đầu chi, thiếu máu cục bộ do co thắt mạch…)","Tốt nhất nên tránh phối hợp. Đối với trường hợp điều trị băng huyết sau sinh, nếu không còn thuốc khác thay thế ở người bệnh đang sử dụng lopinavir/ritonavir sử dụng methylergometrin chỉ khi lợi ích vượt trội nguy cơ và sử dụng liều thấp nhất có hiệu quả trong thời gian ngắn nhất.",Quyết định 5948/BYT
519,Dược động học,Lopinavir/ritonavir,Ticagrelor,Chống chỉ định,Lopinavir/ritonavir ức chế CYP3A4 mạnh làm giảm chuyển hóa của ticagrelor,"Tăng nồng độ của ticagrelor trong huyết thanh, tăng nguy cơ xuất huyết",Chống chỉ định phối hợp,Quyết định 5948/BYT
520,Dược động học,Lopinavir/ritonavir,Ranolazin,Chống chỉ định,Lopinavir/ritonavir ức chế CYP3A4 mạnh làm giảm chuyển hóa của ranolazin,"Tăng nồng độ ranolazin trong huyết thanh, tăng nguy cơ kéo dài khoảng QT",Chống chỉ định phối hợp,Quyết định 5948/BYT
521,Dược động học,Lopinavir/ritonavir,Tolvaptan,Chống chỉ định,Lopinavir/ritonavir ức chế CYP3A4 mạnh làm giảm chuyển hóa của tolvaptan,"Tăng nồng độ tolvaptan trong huyết thanh, tăng nguy cơ tác dụng không mong muốn (tăng nồng độ natri huyết thanh, đa niệu, khát nước, giảm thể tích tuần hoàn...)",Chống chỉ định phối hợp,Quyết định 5948/BYT
522,Dược động học,Lopinavir/ritonavir,Sildenafil,Chống chỉ định có điều kiện,Lopinavir/ritonavir ức chế CYP3A4 làm giảm chuyển hóa của sildenafil,"Tăng nồng độ sildenafil trong huyết thanh, tăng nguy cơ độc tính (hạ huyết áp, ngất, rối loạn thị giác)","1. Chống chỉ định phối hợp trong trường hợp sử dụng sildenafil điều trị tăng áp động mạch phổi.
2. Trong trường hợp sử dụng sildenafil điều trị rối loạn cương dương, liều sildenafil không vượt quá 25 mg mỗi 48 giờ ở người đang sử dụng lopinavir/ritonavir.",Quyết định 5948/BYT
523,Dược động học,Lopinavir/ritonavir,Quetiapin,Chống chỉ định có điều kiện,Lopinavir/ritonavir ức chế CYP3A4 mạnh làm giảm chuyển hóa của quetiapin,"Tăng nồng độ của quetiapin, tăng nguy cơ kéo dài khoảng QT","Tốt nhất nên tránh phối hợp. Trong trường hợp bắt buộc sử dụng lopinavir/ritonavir, giảm liều quetiapin còn 1/6 liều so với liều bình thường.",Quyết định 5948/BYT
524,Dược động học,Lopinavir/ritonavir (lopinavir),Rifampicin,Chống chỉ định có điều kiện,Rifampicin cảm ứng CYP3A4 làm tăng chuyển hóa của lopinavir,"Giảm nồng độ lopinavir trong huyết thanh, giảm hiệu quả điều trị","Tốt nhất nên tránh phối hợp. Nếu bắt buộc phối hợp, điều chỉnh liều lopinavir/ritonavir (lopinavir 800 mg + ritonavir 200 mg hai lần mỗi ngày hoặc lopinavir 400 mg + ritonavir 400 mg hai lần mỗi ngày)",Quyết định 5948/BYT
525,Dược động học,Lopinavir/ritonavir (ritonavir),Voriconazol,Chống chỉ định có điều kiện,Ritonavir cảm ứng CYP2C19 (hoặc ức chế CYP3A4 ở người thiếu hoặc giảm hoạt tính CYP2C19) làm tăng (hoặc giảm) chuyển hóa của voriconazol tùy thuộc từng cá thể (voriconazol là cơ chất của cả CYP3A4 và CYP2C19),Giảm (hoặc tăng) nồng độ voriconazol.,"1. Việc phối hợp voriconazol và ritonavir liều cao (400mg mỗi 12 giờ) làm giảm rõ rệt nồng độ voriconazol, vì vậy, chống chỉ định phối hợp voriconazol với ritonavir ở mức liều này.
2. Việc phối hợp voriconazol với ritonavir liều thấp (100mg mỗi 12 giờ) cũng đã cho thấy làm giảm nồng độ voriconazol mặc dù mức độ ít hơn so với liều cao ritonavir, vì vậy, nên tránh phối hợp thuốc trừ khi lợi ích vượt trội nguy cơ.",Quyết định 5948/BYT
526,Dược động học,Lopinavir/ritonavir (ritonavir),Vardenafil,Chống chỉ định,Ritonavir ức chế CYP3A4 làm giảm chuyển hóa của vardenafil,"Tăng nồng độ vardenafil trong huyết thanh, tăng nguy cơ kéo dài khoảng QT",Chống chỉ định phối hợp,Quyết định 5948/BYT
527,Dược động học,Lopinavir/ritonavir (ritonavir),Propafenon,Chống chỉ định,Ritonavir ức chế chuyển hóa của propafenon qua CYP3A4 và CYP2D6.,"Tăng nồng độ, dẫn đến tăng độc tính của propafenon (đặc biệt là loạn nhịp tim).",Chống chỉ định phối hợp.,Quyết định 5948/BYT
528,Dược động học,Lovastatin,Saquinavir +/- ritonavir,Chống chỉ định,Saquinavir ức chế CYP3A4 mạnh làm giảm chuyển hóa của lovastatin,"Tăng nồng độ của lovastatin trong huyết thanh, tăng nguy cơ bệnh cơ hoặc tiêu cơ vân cấp","Chống chỉ định phối hợp. Trong trường hợp bắt buộc sử dụng dẫn chất statin, thay lovastatin bằng các dẫn chất statin khác (ngoại trừ simvastatin), sử dụng liều thấp nhất có hiệu quả, atorvastatin không vượt quá 20 mg/ngày, pitavastatin và pravastatin không cần hiệu chỉnh liều khi phối hợp.",Quyết định 5948/BYT
529,Dược động học,Lovastatin,Posaconazol,Chống chỉ định,Posaconazol ức chế CYP3A4 mạnh làm giảm chuyển hóa của lovastatin,"Tăng nồng độ của lovastatin trong huyết thanh, tăng nguy cơ bệnh cơ hoặc tiêu cơ vân cấp","Chống chỉ định phối hợp. Cân nhắc thay đổi sang các thuốc nhóm khác có cùng chỉ định và ít có nguy cơ tương tác hơn:
- Trong trường hợp bắt buộc sử dụng thuốc kháng nấm azol, thay posaconazol bằng fluconazol (nhưng tránh dùng liều cao, có tác dụng ức chế mạnh CYP3A4) HOẶC
- Trong trường hợp bắt buộc sử dụng dẫn chất statin, thay lovastatin bằng các dẫn chất statin khác (ngoại trừ simvastatin).",Quyết định 5948/BYT
530,Dược động học,Lovastatin,Voriconazol,Chống chỉ định,Voriconazol ức chế CYP3A4 mạnh làm giảm chuyển hóa của lovastatin,"Tăng nồng độ của lovastatin trong huyết thanh, tăng nguy cơ bệnh cơ hoặc tiêu cơ vân cấp","Chống chỉ định phối hợp. Cân nhắc thay đổi sang các thuốc nhóm khác có cùng chỉ định và ít có nguy cơ tương tác hơn:
- Trong trường hợp bắt buộc sử dụng thuốc kháng nấm azol, thay voriconazol bằng fluconazol (nhưng tránh dùng liều cao, có tác dụng ức chế mạnh CYP3A4) HOẶC
- Trong trường hợp bắt buộc sử dụng dẫn chất statin, thay lovastatin bằng các dẫn chất statin khác (ngoại trừ simvastatin).",Quyết định 5948/BYT
531,Dược động học,Lovastatin,Mifepriston,Chống chỉ định,Mifepriston ức chế CYP3A4 làm giảm chuyển hóa của lovastatin,"Tăng nồng độ lovastatin trong huyết thanh, tăng nguy cơ bệnh cơ hoặc tiêu cơ vân cấp","Chống chỉ định phối hợp.
1. Chỉ bắt đầu sử dụng lovastatin sau khi ngừng mifepriston ít nhất 2 tuần HOẶC
2. Trong trường hợp bắt buộc sử dụng dẫn chất statin, thay lovastatin bằng pravasatin, rosuvastatin, fluvastatin hoặc pitavastatin.",Quyết định 5948/BYT
532,Dược lực học,Methadon,Xanh methylen (sử dụng đường tiêm tĩnh mạch),Chống chỉ định có điều kiện,Hiệp đồng tác dụng serotonin,"Tăng nguy cơ hội chứng serotonin (sốt cao, rối loạn nhận thức, tăng phản xạ, mất phối hợp, rung giật cơ, cứng cơ, co giật, nhịp tim nhanh, tăng huyết áp, tăng thân nhiệt, vã mồ hôi, ảo giác, kích động hoặc bồn chồn…)","1. Cố gắng tránh sử dụng đồng thời xanh methylen và methadon. Tốt nhất các thuốc này nên sử dụng cách nhau 2 tuần. Cân nhắc thay đổi sang các thuốc nhóm khác có cùng chỉ định và ít có nguy cơ tương tác hơn. Trong trường hợp bắt buộc sử dụng opioid, có thể đổi sang các opiod khác không có hoạt tính ức chế thu hồi serotonin (morphin, codein, oxycodon, buprenorphin)
2. Trong hợp không thể trì hoãn điều trị được 2 tuần, bắt buộc sử dụng dài ngày hoặc khẩn cấp bằng xanh methylen và không có thuốc khác thay thế, cân bằng lợi ích và nguy cơ xảy ra hội chứng serotonin. Nếu lợi ích vượt trội nguy cơ, vẫn có thể sử dụng đồng thời nhưng cần giám sát chặt chẽ chặt chẽ bệnh nhân, đặc biệt trong tháng đầu tiên sử dụng
đồng thời 2 thuốc.",Quyết định 5948/BYT
533,Dược lực học,Methadon,Thioridazin,Chống chỉ định có điều kiện,Hiệp đồng tăng tác dụng,"Tăng nguy cơ kéo dài khoảng QT, xoắn đỉnh","1. Chống chỉ định phối hợp ở các bệnh nhân có hội chứng QT kéo dài do di truyền hoặc mắc phải.
2. Trên các đối tượng bệnh nhân khác, tốt nhất nên tránh phối hợp các thuốc này. Trong trường hợp cần thiết phối hợp, cần đánh giá cẩn thận nguy cơ/lợi ích và lượng giá các yếu tố nguy cơ trên từng bệnh nhân, đặc biệt là rối loạn điện giải (hạ kali máu, hạ magie máu, hạ calci máu), nhịp tim chậm, nữ giới trước khi quyết định kê đơn.",Quyết định 5948/BYT
534,Dược lực học,Methyldopa,Xanh methylen (sử dụng đường tiêm tĩnh mạch),Chống chỉ định,Chưa rõ,"Tăng nguy cơ xuất hiện cơn tăng huyết áp (đau đầu, đánh trống ngực, cứng cổ)",Chống chỉ định phối hợp,Quyết định 5948/BYT
535,Dược lực học,Methylergometrin,Sumatriptan,Chống chỉ định,Hiệp đồng tác dụng co mạch,Co thắt mạch kéo dài,Chống chỉ định phối hợp. Hai thuốc cách nhau ít nhất 24 giờ.,Quyết định 5948/BYT
536,Dược động học,Methylergometrin,Roxithromycin,Chống chỉ định,Roxithromycin ức chế CYP3A4 mạnh làm giảm chuyển hóa của methylergometrin,"Tăng nồng độ của methylergometrin trong huyết thanh, tăng nguy cơ độc tính (nôn, buồn nôn, hoại tử đầu chi, thiếu máu cục bộ do co thắt mạch…)",Chống chỉ định phối hợp,Quyết định 5948/BYT
537,Dược động học,Methylergometrin,Voriconazol,Chống chỉ định,Voriconazol ức chế CYP3A4 mạnh làm giảm chuyển hóa của methylergometrin,"Tăng nồng độ của methylergometrin trong huyết thanh, tăng nguy cơ độc tính (nôn, buồn nôn, hoại tử đầu chi, thiếu máu cục bộ do co thắt mạch…)",Chống chỉ định phối hợp,Quyết định 5948/BYT
538,Dược động học,Methylergometrin,Posaconazol,Chống chỉ định,Posaconazol ức chế CYP3A4 mạnh làm giảm chuyển hóa của methylergometrin,"Tăng nồng độ của methylergometrin trong huyết thanh, tăng nguy cơ độc tính (nôn, buồn nôn, hoại tử đầu chi, thiếu máu cục bộ do co thắt mạch…)",Chống chỉ định phối hợp,Quyết định 5948/BYT
539,Dược động học,Methylergometrin,Saquinavir +/- ritonavir,Chống chỉ định có điều kiện,Saquinavir ức chế CYP3A4 mạnh làm giảm chuyển hóa của methylergometrin,"Tăng nồng độ của methylergometrin trong huyết thanh, tăng nguy cơ độc tính (nôn, buồn nôn, hoại tử đầu chi, thiếu máu cục bộ do co thắt mạch…)","Tốt nhất nên tránh phối hợp. Đối với trường hợp điều trị băng huyết sau sinh, nếu không còn thuốc khác thay thế ở người bệnh đang sử dụng saquinavir, sử dụng methylergometrin chỉ khi lợi ích vượt trội nguy cơ và sử dụng liều thấp nhất có hiệu quả trong thời gian ngắn nhất.",Quyết định 5948/BYT
540,Dược lực học,Methylphenidat,Xanh methylen (sử dụng đường tiêm tĩnh mạch),Chống chỉ định có điều kiện,Hiệp đồng tác dụng serotonin,"Tăng nguy cơ hội chứng serotonin (sốt cao, rối loạn nhận thức, tăng phản xạ, mất phối hợp, rung giật cơ, cứng cơ, co giật, nhịp tim nhanh, tăng huyết áp, tăng thân nhiệt, vã mồ hôi, ảo giác, kích động hoặc bồn chồn…)","1. Cố gắng tránh sử dụng đồng thời xanh methylen và methylphenidat. Tốt nhất các thuốc này nên sử dụng cách nhau 2 tuần. Cân nhắc thay đổi sang các thuốc nhóm khác có cùng chỉ định và ít có nguy cơ tương tác hơn.
2. Trong hợp không thể trì hoãn điều trị được 2 tuần, bắt buộc sử dụng dài ngày hoặc khẩn cấp bằng xanh methylen và không có thuốc khác thay thế, cân bằng lợi ích và nguy cơ xảy ra hội chứng serotonin. Nếu lợi ích vượt trội nguy cơ, vẫn có thể sử dụng đồng thời nhưng cần giám sát chặt chẽ chặt chẽ bệnh nhân, đặc biệt trong tháng đầu tiên sử dụng đồng thời 2 thuốc.",Quyết định 5948/BYT
541,Dược lực học,Metoclopramid,Rotigotin,Chống chỉ định,Đối kháng tác dụng của nhau,Giảm hiệu quả của cả hai thuốc,Chống chỉ định phối hợp,Quyết định 5948/BYT
542,Dược lực học,Metoclopramid,Pramipexol,Chống chỉ định,Đối kháng tác dụng của nhau,Giảm hiệu quả của cả hai thuốc,Chống chỉ định phối hợp,Quyết định 5948/BYT
543,Dược lực học,Metoclopramid,Piribedil,Chống chỉ định,Đối kháng tác dụng của nhau,Giảm hiệu quả của cả hai thuốc,Chống chỉ định phối hợp,Quyết định 5948/BYT
544,Dược động học,Mifepriston,Simvastatin,Chống chỉ định,Mifepriston ức chế CYP3A4 làm giảm chuyển hóa của simvastatin,"Tăng nồng độ simvastatin trong huyết thanh, tăng nguy cơ bệnh cơ hoặc tiêu cơ vân cấp","Chống chỉ định phối hợp.
1. Chỉ bắt đầu sử dụng simvastatin sau khi ngừng mifepriston ít nhất 2 tuần HOẶC
2. Trong trường hợp bắt buộc sử dụng dẫn chất statin, thay simvastatin bằng pravasatin, rosuvastatin, fluvastatin hoặc pitavastatin.",Quyết định 5948/BYT
545,Dược lực học,Milnacipran,Xanh methylen (sử dụng đường tiêm tĩnh mạch),Chống chỉ định có điều kiện,Hiệp đồng tác dụng serotonin,"Tăng nguy cơ hội chứng serotonin (sốt cao, rối loạn nhận thức, tăng phản xạ, mất phối hợp, rung giật cơ, cứng cơ, co giật, nhịp tim nhanh, tăng huyết áp, tăng thân nhiệt, vã mồ hôi, ảo giác, kích động hoặc bồn chồn…)","1. Cố gắng tránh sử dụng đồng thời xanh methylen và milnacriptan. Tốt nhất các thuốc này nên sử dụng cách nhau 2 tuần. Cân nhắc thay đổi sang các thuốc nhóm khác có cùng chỉ định và ít có nguy cơ tương tác hơn.
2. Trong hợp không thể trì hoãn điều trị được 2 tuần, bắt buộc sử dụng dài ngày hoặc khẩn cấp bằng xanh methylen và không có thuốc khác thay thế, cân bằng lợi ích và nguy cơ xảy ra hội chứng serotonin. Nếu lợi ích vượt trội nguy cơ, vẫn có thể sử dụng đồng thời nhưng cần giám sát chặt chẽ chặt chẽ bệnh nhân, đặc biệt trong tháng đầu tiên sử dụng đồng thời 2 thuốc.",Quyết định 5948/BYT
546,Dược lực học,Minocyclin,Tretinoin,Chống chỉ định,Hiệp đồng tăng độc tính,"Tăng nguy cơ tăng áp nội sọ lành tính (phù gai thị, đau đầu, buồn nôn và nôn, và rối loạn thị giác)",Chống chỉ định phối hợp,Quyết định 5948/BYT
547,Dược lực học,Mirtazapin,Xanh methylen (sử dụng đường tiêm tĩnh mạch),Chống chỉ định có điều kiện,Hiệp đồng tác dụng serotonin,"Tăng nguy cơ hội chứng serotonin (sốt cao, rối loạn nhận thức, tăng phản xạ, mất phối hợp, rung giật cơ, cứng cơ, co giật, nhịp tim nhanh, tăng huyết áp, tăng thân nhiệt, vã mồ hôi, ảo giác, kích động hoặc bồn chồn…)","1. Cố gắng tránh sử dụng đồng thời xanh methylen và mirtazapin. Tốt nhất các thuốc này nên sử dụng cách nhau 2 tuần. Cân nhắc thay đổi sang các thuốc nhóm khác có cùng chỉ định và ít có nguy cơ tương tác hơn.
2. Trong hợp không thể trì hoãn điều trị được 2 tuần, bắt buộc sử dụng dài ngày hoặc khẩn cấp bằng xanh methylen và không có thuốc khác thay thế, cân bằng lợi ích và nguy cơ xảy ra hội chứng serotonin. Nếu lợi ích vượt trội nguy cơ, vẫn có thể sử dụng đồng thời nhưng cần giám sát chặt chẽ chặt chẽ bệnh nhân, đặc biệt trong tháng đầu tiên sử dụng đồng thời 2 thuốc.",Quyết định 5948/BYT
548,Dược lực học,Moxifloxacin,Thioridazin,Chống chỉ định có điều kiện,Hiệp đồng tăng tác dụng,"Tăng nguy cơ kéo dài khoảng QT, xoắn đỉnh","1. Chống chỉ định phối hợp ở các bệnh nhân có hội chứng QT kéo dài do di truyền hoặc mắc phải.
2. Trên các đối tượng bệnh nhân khác, tốt nhất nên tránh phối hợp các thuốc này. Trong trường hợp cần thiết phối hợp, cần đánh giá cẩn thận nguy cơ/lợi ích và lượng giá các yếu tố nguy cơ trên từng bệnh nhân, đặc biệt là rối loạn điện giải (hạ kali máu, hạ magie máu, hạ calci máu), nhịp tim chậm, nữ giới trước khi quyết định kê đơn.",Quyết định 5948/BYT
549,Dược lực học,Moxifloxacin,Piperaquin/dihydroartemisinin (piperaquin),Chống chỉ định có điều kiện,Hiệp đồng tăng tác dụng,"Tăng nguy cơ kéo dài khoảng QT, xoắn đỉnh","1. Chống chỉ định phối hợp ở các bệnh nhân có hội chứng QT kéo dài do di truyền hoặc mắc phải.
2. Trên các đối tượng bệnh nhân khác, tốt nhất nên tránh phối hợp các thuốc này. Trong trường hợp cần thiết phối hợp, cần đánh giá cẩn thận nguy cơ/lợi ích và lượng giá các yếu tố nguy cơ trên từng bệnh nhân, đặc biệt là rối loạn điện giải (hạ kali máu, hạ magie máu, hạ calci máu), nhịp tim chậm, nữ giới trước khi quyết định kê đơn.",Quyết định 5948/BYT
550,Dược lực học,Moxifloxacin,Sotalol,Chống chỉ định có điều kiện,Hiệp đồng tăng tác dụng,"Tăng nguy cơ kéo dài khoảng QT, xoắn đỉnh","1. Chống chỉ định phối hợp ở các bệnh nhân có hội chứng QT kéo dài do di truyền hoặc mắc phải.
2. Trên các đối tượng bệnh nhân khác, tốt nhất nên tránh phối hợp các thuốc này. Trong trường hợp cần thiết phối hợp, cần đánh giá cẩn thận nguy cơ/lợi ích và lượng giá các yếu tố nguy cơ trên từng bệnh nhân, đặc biệt là rối loạn điện giải (hạ kali máu, hạ magie máu, hạ calci máu), nhịp tim chậm, nữ giới trước khi quyết định kê đơn.",Quyết định 5948/BYT
551,Dược động học,Nefopam,Xanh methylen (sử dụng đường tiêm tĩnh mạch),Chống chỉ định,Nefopam ức chế thu hồi noradrenalin (norepinephrin) và serotonin trên hệ thần kinh,"Tăng nguy cơ kích thích thần kinh trung ương (co giật, ảo giác và kích động)",Chống chỉ định phối hợp,Quyết định 5948/BYT
552,Dược lực học,Nicorandil,Sildenafil,Chống chỉ định,Hiệp đồng tăng nồng độ guanosine monophosphate (cGMP) vòng có dụng giãn mạch,Tăng tác dụng hạ huyết áp nghiêm trọng,Chống chỉ định phối hợp. Hai thuốc cách nhau ít nhất 24 giờ.,Quyết định 5948/BYT
553,Dược lực học,Nicorandil,Vardenafil,Chống chỉ định,Hiệp đồng tăng nồng độ guanosine monophosphate (cGMP) vòng có dụng giãn mạch,Tăng tác dụng hạ huyết áp nghiêm trọng,Chống chỉ định phối hợp. Hai thuốc cách nhau ít nhất 24 giờ.,Quyết định 5948/BYT
554,Dược lực học,Nicorandil,Tadalafil,Chống chỉ định,Hiệp đồng tăng nồng độ guanosine monophosphate (cGMP) vòng có dụng giãn mạch,Tăng tác dụng hạ huyết áp nghiêm trọng,Chống chỉ định phối hợp. Hai thuốc cách nhau ít nhất 48 giờ.,Quyết định 5948/BYT
555,Dược động học,Nifedipin,Rifampicin,Chống chỉ định,Rifampicin cảm ứng CYP3A4 làm tăng chuyển hóa của nifedipin,"Giảm nồng độ nifedipin, giảm hiệu quả điều trị",Chống chỉ định phối hợp,Quyết định 5948/BYT
556,Dược lực học,Nitroglycerin,Sildenafil,Chống chỉ định,Hiệp đồng tăng nồng độ guanosine monophosphate (cGMP) vòng có dụng giãn mạch,Tăng tác dụng hạ huyết áp nghiêm trọng,Chống chỉ định phối hợp. Hai thuốc cách nhau ít nhất 24 giờ.,Quyết định 5948/BYT
557,Dược lực học,Nitroglycerin,Vardenafil,Chống chỉ định,Hiệp đồng tăng nồng độ guanosine monophosphate (cGMP) vòng có dụng giãn mạch,Tăng tác dụng hạ huyết áp nghiêm trọng,Chống chỉ định phối hợp. Hai thuốc cách nhau ít nhất 24 giờ.,Quyết định 5948/BYT
558,Dược lực học,Nitroglycerin,Tadalafil,Chống chỉ định,Hiệp đồng tăng nồng độ guanosine monophosphate (cGMP) vòng có tác dụng giãn mạch,Tăng tác dụng hạ huyết áp nghiêm trọng,Chống chỉ định phối hợp. Hai thuốc cách nhau ít nhất 48 giờ.,Quyết định 5948/BYT
559,Dược động học,Esomeprazol,Rilpivirin,Chống chỉ định,Giảm hấp thu rilpivirin do tăng pH dạ dày,"Giảm nồng độ rilpivirin trong huyết thanh, giảm hiệu quả điều trị","Chống chỉ định phối hợp. Trong trường hợp thay thế bằng thuốc kháng H2, sử dụng các thuốc H2 ít nhất 12 giờ trước hoặc 4 giờ sau khi uống rilpivirin.",Quyết định 5948/BYT
560,Dược động học,Omeprazol,Rilpivirin,Chống chỉ định,Giảm hấp thu rilpivirin do tăng pH dạ dày,"Giảm nồng độ rilpivirin trong huyết thanh, giảm hiệu quả điều trị","Chống chỉ định phối hợp. Trong trường hợp thay thế bằng thuốc kháng H2, sử dụng các thuốc H2 ít nhất 12 giờ trước hoặc 4 giờ sau khi uống rilpivirin.",Quyết định 5948/BYT
561,Dược lực học,Ondansetron,Thioridazin,Chống chỉ định có điều kiện,Hiệp đồng tăng tác dụng,"Tăng nguy cơ kéo dài khoảng QT, xoắn đỉnh","1. Chống chỉ định phối hợp ở các bệnh nhân có hội chứng QT kéo dài do di truyền hoặc mắc phải.
2. Trên các đối tượng bệnh nhân khác, tốt nhất nên tránh phối hợp các thuốc này. Trong trường hợp cần thiết phối hợp, cần đánh giá cẩn thận nguy cơ/lợi ích và lượng giá các yếu tố nguy cơ trên từng bệnh nhân, đặc biệt là rối loạn điện giải (hạ kali máu, hạ magie máu, hạ calci máu), nhịp tim chậm, nữ giới trước khi quyết định kê đơn.",Quyết định 5948/BYT
562,Dược lực học,Ondansetron,Sparfloxacin,Chống chỉ định có điều kiện,Hiệp đồng tăng tác dụng,"Tăng nguy cơ kéo dài khoảng QT, xoắn đỉnh","1. Chống chỉ định phối hợp ở các bệnh nhân có hội chứng QT kéo dài do di truyền hoặc mắc phải.
2. Trên các đối tượng bệnh nhân khác, tốt nhất nên tránh phối hợp các thuốc này. Trong trường hợp cần thiết phối hợp, cần đánh giá cẩn thận nguy cơ/lợi ích và lượng giá các yếu tố nguy cơ trên từng bệnh nhân, đặc biệt là rối loạn điện giải (hạ kali máu, hạ magie máu, hạ calci máu), nhịp tim chậm, nữ giới trước khi quyết định kê đơn.",Quyết định 5948/BYT
563,Dược lực học,Oxaliplatin,Thioridazin,Chống chỉ định có điều kiện,Hiệp đồng tăng tác dụng,"Tăng nguy cơ kéo dài khoảng QT, xoắn đỉnh","1. Chống chỉ định phối hợp ở các bệnh nhân có hội chứng QT kéo dài do di truyền hoặc mắc phải.
2. Trên các đối tượng bệnh nhân khác, tốt nhất nên tránh phối hợp các thuốc này. Trong trường hợp cần thiết phối hợp, cần đánh giá cẩn thận nguy cơ/lợi ích và lượng giá các yếu tố nguy cơ trên từng bệnh nhân, đặc biệt là rối loạn điện giải (hạ kali máu, hạ magie máu, hạ calci máu), nhịp tim chậm, nữ giới trước khi quyết định kê đơn.",Quyết định 5948/BYT
564,Dược lực học,Oxaliplatin,Sparfloxacin,Chống chỉ định có điều kiện,Hiệp đồng tăng tác dụng,"Tăng nguy cơ kéo dài khoảng QT, xoắn đỉnh","1. Chống chỉ định phối hợp ở các bệnh nhân có hội chứng QT kéo dài do di truyền hoặc mắc phải.
2. Trên các đối tượng bệnh nhân khác, tốt nhất nên tránh phối hợp các thuốc này. Trong trường hợp cần thiết phối hợp, cần đánh giá cẩn thận nguy cơ/lợi ích và lượng giá các yếu tố nguy cơ trên từng bệnh nhân, đặc biệt là rối loạn điện giải (hạ kali máu, hạ magie máu, hạ calci máu), nhịp tim chậm, nữ giới trước khi quyết định kê đơn.",Quyết định 5948/BYT
565,Dược động học,Oxcarbazepin,Rilpivirin,Chống chỉ định,Oxcarbamazepin cảm ứng CYP3A4 mạnh làm tăng chuyển hóa của rilpivirin,"Giảm nồng độ của rilpivirin trong huyết thanh, dẫn đến giảm hiệu quả điều trị",Chống chỉ định phối hợp.,Quyết định 5948/BYT
566,Dược động học,Pantoprazol,Rilpivirin,Chống chỉ định,Giảm hấp thu rilpivirin do tăng pH dạ dày,"Giảm nồng độ rilpivirin trong huyết thanh, giảm hiệu quả điều trị","Chống chỉ định phối hợp. Trong trường hợp thay thế bằng thuốc kháng H2, sử dụng các thuốc H2 ít nhất 12 giờ trước hoặc 4 giờ sau khi uống rilpivirin.",Quyết định 5948/BYT
567,Dược lực học,Paroxetin,Xanh methylen (sử dụng đường tiêm tĩnh mạch),Chống chỉ định có điều kiện,Hiệp đồng tác dụng serotonin,"Tăng nguy cơ hội chứng serotonin (sốt cao, rối loạn nhận thức, tăng phản xạ, mất phối hợp, rung giật cơ, cứng cơ, co giật, nhịp tim nhanh, tăng huyết áp, tăng thân nhiệt, vã mồ hôi, ảo giác, kích động hoặc bồn chồn…)","1. Cố gắng tránh sử dụng đồng thời xanh methylen và tramadol. Tốt nhất các thuốc này nên sử dụng cách nhau 2 tuần. Cân nhắc thay đổi sang các thuốc nhóm khác có cùng chỉ định và ít có nguy cơ tương tác hơn. Trong trường hợp bắt buộc sử dụng opioid, có thể đổi sang các opiod khác không có hoạt tính ức chế thu hồi serotonin (morphin, codein, oxycodon, buprenorphin)
2. Trong hợp không thể trì hoãn điều trị được 2 tuần, bắt buộc sử dụng dài ngày hoặc khẩn cấp bằng xanh methylen và không có thuốc khác thay thế, cân bằng lợi ích và nguy cơ xảy ra hội chứng serotonin. Nếu lợi ích vượt trội nguy cơ, vẫn có thể sử dụng đồng thời nhưng cần giám sát chặt chẽ chặt chẽ bệnh nhân, đặc biệt trong tháng đầu tiên sử dụng đồng thời 2 thuốc.",Quyết định 5948/BYT
568,Dược động học,Paroxetin,Thioridazin,Chống chỉ định,Paroxetin ức chế CYP2D6 làm giảm chuyển hóa của thioridazin,"Tăng nồng độ thioridazin, tăng nguy cơ kéo dài khoảng QT",Chống chỉ định phối hợp,Quyết định 5948/BYT
569,,Peginterferon-alpha (2a hoặc 2b),Telbivudin,Chống chỉ định,Chưa rõ,Tăng nguy cơ viêm thần kinh ngoại vi liên quan đến telbivudin.,Chống chỉ định phối hợp,Quyết định 5948/BYT
570,Dược lực học,Perindopril,Sacubitril/valsartan (sacubitril),Chống chỉ định,Tăng tích lũy bradykinin gây phù mạch,Tăng nguy cơ phù mạch,Chống chỉ định phối hợp. Chỉ bắt đầu sử dụng Sacubitril/valsartan (sacubitril) sau khi ngừng perindopril ít nhất 36 giờ.,Quyết định 5948/BYT
571,Dược lực học,Pethidin,Xanh methylen (sử dụng đường tiêm tĩnh mạch),Chống chỉ định có điều kiện,Hiệp đồng tác dụng serotonin,"Tăng nguy cơ hội chứng serotonin (sốt cao, rối loạn nhận thức, tăng phản xạ, mất phối hợp, rung giật cơ, cứng cơ, co giật, nhịp tim nhanh, tăng huyết áp, tăng thân nhiệt, vã mồ hôi, ảo giác, kích động hoặc bồn chồn…)","1. Cố gắng tránh sử dụng đồng thời xanh methylen và pethidin. Tốt nhất các thuốc này nên sử dụng cách nhau 2 tuần. Cân nhắc thay đổi sang các thuốc nhóm khác có cùng chỉ định và ít có nguy cơ tương tác hơn. Trong trường hợp bắt buộc sử dụng opioid, có thể đổi sang các opiod khác không có hoạt tính ức chế thu hồi serotonin (morphin, codein, oxycodon, buprenorphin)
2. Trong hợp không thể trì hoãn điều trị được 2 tuần, bắt buộc sử dụng dài ngày hoặc khẩn cấp bằng xanh methylen và không có thuốc khác thay thế, cân bằng lợi ích và nguy cơ xảy ra hội chứng serotonin. Nếu lợi ích vượt trội nguy cơ, vẫn có thể sử dụng đồng thời nhưng cần giám sát chặt chẽ chặt chẽ bệnh nhân, đặc biệt trong tháng đầu tiên sử dụng đồng thời 2 thuốc.",Quyết định 5948/BYT
572,Dược động học,Phenobarbital,Praziquantel,Chống chỉ định,Phenobarbital cảm ứng CYP3A4 mạnh làm tăng chuyển hóa của praziquantel,"Giảm nồng độ của praziquantel trong huyết thanh, dẫn đến giảm hiệu quả điều trị",Chống chỉ định phối hợp.,Quyết định 5948/BYT
573,Dược động học,Phenobarbital,Rilpivirin,Chống chỉ định,Phenobarbital cảm ứng CYP3A4 mạnh làm tăng chuyển hóa của rilpivirin,"Giảm nồng độ của rilpivirin trong huyết thanh, dẫn đến giảm hiệu quả điều trị",Chống chỉ định phối hợp.,Quyết định 5948/BYT
574,Dược động học,Phenobarbital,Voriconazol,Chống chỉ định,Phenobarbital cảm ứng CYP3A4 mạnh làm tăng chuyển hóa của voriconazol,"Giảm nồng độ của voriconazol trong huyết thanh, dẫn đến giảm hiệu quả điều trị",Chống chỉ định phối hợp.,Quyết định 5948/BYT
575,Dược động học,Phenobarbital,Ranolazin,Chống chỉ định,Phenobarbital cảm ứng CYP3A4 và P-gp làm tăng chuyển hóa của ranolazin và thải trừ của ranolazin.,"Giảm nồng độ ranolazin trong huyết thanh, giảm hiệu quả điều trị",Chống chỉ định phối hợp,Quyết định 5948/BYT
576,Dược lực học,Phenylephrin (sử dụng đường uống),Xanh methylen (sử dụng đường tiêm tĩnh mạch),Chống chỉ định,Tăng tích lũy noradrenalin (norepinephrin),"Tăng nguy cơ xuất hiện cơn tăng huyết áp (đau đầu, đánh trống ngực, cứng cổ, tăng huyết áp)","1. Chống chỉ định sử dụng phenylephrin sử dụng đường uống đồng thời hoặc trong vòng 14 ngày trước đó có sử dụng xanh methylen.
2. Đối với phenylephrin sử dụng đường tiêm, cần sử dụng rất thận trọng trên bệnh nhân đang dùng xanh methylen trong điều kiện giám sát huyết áp chặt chẽ.",Quyết định 5948/BYT
577,Dược động học,Phenytoin,Praziquantel,Chống chỉ định,Phenytoin cảm ứng CYP3A4 mạnh làm tăng chuyển hóa của praziquantel,"Giảm nồng độ của praziquantel trong huyết thanh, dẫn đến giảm hiệu quả điều trị",Chống chỉ định phối hợp.,Quyết định 5948/BYT
578,Dược động học,Phenytoin,Rilpivirin,Chống chỉ định,Phenytoin cảm ứng CYP3A4 mạnh làm tăng chuyển hóa của rilpivirin,"Giảm nồng độ của rilpivirin trong huyết thanh, dẫn đến giảm hiệu quả điều trị",Chống chỉ định phối hợp.,Quyết định 5948/BYT
579,Dược động học,Phenytoin,Ranolazin,Chống chỉ định,Phenytoin cảm ứng CYP3A4 và P-gp làm tăng chuyển hóa của ranolazin và thải trừ của ranolazin.,"Giảm nồng độ ranolazin trong huyết thanh, giảm hiệu quả điều trị",Chống chỉ định phối hợp,Quyết định 5948/BYT
580,Dược lực học,Piperaquin/dihydroartemisinin (piperaquin),Thioridazin,Chống chỉ định có điều kiện,Hiệp đồng tăng tác dụng,"Tăng nguy cơ kéo dài khoảng QT, xoắn đỉnh","1. Chống chỉ định phối hợp ở các bệnh nhân có hội chứng QT kéo dài do di truyền hoặc mắc phải.
2. Trên các đối tượng bệnh nhân khác, tốt nhất nên tránh phối hợp các thuốc này. Trong trường hợp cần thiết phối hợp, cần đánh giá cẩn thận nguy cơ/lợi ích và lượng giá các yếu tố nguy cơ trên từng bệnh nhân, đặc biệt là rối loạn điện giải (hạ kali máu, hạ magie máu, hạ calci máu), nhịp tim chậm, nữ giới trước khi quyết định kê đơn.",Quyết định 5948/BYT
581,Dược lực học,Piperaquin/dihydroartemisinin (piperaquin),Sotalol,Chống chỉ định có điều kiện,Hiệp đồng tăng tác dụng,"Tăng nguy cơ kéo dài khoảng QT, xoắn đỉnh","1. Chống chỉ định phối hợp ở các bệnh nhân có hội chứng QT kéo dài do di truyền hoặc mắc phải.
2. Trên các đối tượng bệnh nhân khác, tốt nhất nên tránh phối hợp các thuốc này. Trong trường hợp cần thiết phối hợp, cần đánh giá cẩn thận nguy cơ/lợi ích và lượng giá các yếu tố nguy cơ trên từng bệnh nhân, đặc biệt là rối loạn điện giải (hạ kali máu, hạ magie máu, hạ calci máu), nhịp tim chậm, nữ giới trước khi quyết định kê đơn.",Quyết định 5948/BYT
582,Dược lực học,Piperaquin/dihydroartemisinin (piperaquin),Saquinavir +/- ritonavir,Chống chỉ định có điều kiện,Hiệp đồng tăng tác dụng,"Tăng nguy cơ kéo dài khoảng QT, xoắn đỉnh","1. Chống chỉ định phối hợp ở các bệnh nhân có hội chứng QT kéo dài do di truyền hoặc mắc phải.
2. Trên các đối tượng bệnh nhân khác, tốt nhất nên tránh phối hợp các thuốc này. Trong trường hợp cần thiết phối hợp, cần đánh giá cẩn thận nguy cơ/lợi ích và lượng giá các yếu tố nguy cơ trên từng bệnh nhân, đặc biệt là rối loạn điện giải (hạ kali máu, hạ magie máu, hạ calci máu), nhịp tim chậm, nữ giới trước khi quyết định kê đơn.",Quyết định 5948/BYT
583,Dược lực học,Piperaquin/dihydroartemisinin (piperaquin),Sparfloxacin,Chống chỉ định có điều kiện,Hiệp đồng tăng tác dụng,"Tăng nguy cơ kéo dài khoảng QT, xoắn đỉnh","1. Chống chỉ định phối hợp ở các bệnh nhân có hội chứng QT kéo dài do di truyền hoặc mắc phải.
2. Trên các đối tượng bệnh nhân khác, tốt nhất nên tránh phối hợp các thuốc này. Trong trường hợp cần thiết phối hợp, cần đánh giá cẩn thận nguy cơ/lợi ích và lượng giá các yếu tố nguy cơ trên từng bệnh nhân, đặc biệt là rối loạn điện giải (hạ kali máu, hạ magie máu, hạ calci máu), nhịp tim chậm, nữ giới trước khi quyết định kê đơn.",Quyết định 5948/BYT
584,Dược lực học,Piribedil,Sulpirid,Chống chỉ định,Đối kháng tác dụng của nhau,Giảm hiệu quả của cả hai thuốc,Chống chỉ định phối hợp,Quyết định 5948/BYT
585,Dược động học,Posaconazol,Simvastatin,Chống chỉ định,Posaconazol ức chế CYP3A4 mạnh làm giảm chuyển hóa của simvastatin,"Tăng nồng độ của simvastatin trong huyết thanh, tăng nguy cơ bệnh cơ hoặc tiêu cơ vân cấp","Chống chỉ định phối hợp. Cân nhắc thay đổi sang các thuốc nhóm khác có cùng chỉ định và ít có nguy cơ tương tác hơn:
- Trong trường hợp bắt buộc sử dụng thuốc kháng nấm azol, thay posaconazol bằng fluconazol (nhưng tránh dùng liều cao, có tác dụng ức chế mạnh CYP3A4) HOẶC
- Trong trường hợp bắt buộc sử dụng dẫn chất statin, thay simvastatin bằng các dẫn chất statin khác (ngoại trừ lovastatin).",Quyết định 5948/BYT
586,Dược động học,Posaconazol,Ticagrelor,Chống chỉ định,Posaconazol ức chế CYP3A4 mạnh làm giảm chuyển hóa của ticagrelor,"Tăng nồng độ của ticagrelor trong huyết thanh, tăng nguy cơ xuất huyết","Chống chỉ định phối hợp. Cân nhắc thay đổi sang các thuốc nhóm khác có cùng chỉ định và ít có nguy cơ tương tác hơn: Trong trường hợp bắt buộc sử dụng thuốc kháng nấm azol, thay posaconazol bằng fluconazol (nhưng tránh dùng liều cao, có tác dụng ức chế mạnh CYP3A4).",Quyết định 5948/BYT
587,Dược động học,Posaconazol,Ranolazin,Chống chỉ định,Posaconazol ức chế CYP3A4 mạnh làm giảm chuyển hóa của ranolazin,"Tăng nồng độ ranolazin trong huyết thanh, tăng nguy cơ kéo dài khoảng QT","Chống chỉ định phối hợp. Cân nhắc thay đổi sang các thuốc nhóm khác có cùng chỉ định và ít có nguy cơ tương tác hơn: Trong trường hợp bắt buộc sử dụng thuốc kháng nấm azol, thay posaconazol bằng fluconazol (nhưng tránh dùng liều cao, có tác dụng ức chế mạnh CYP3A4).",Quyết định 5948/BYT
588,Dược động học,Posaconazol,Tolvaptan,Chống chỉ định,Posaconazol ức chế CYP3A4 mạnh làm giảm chuyển hóa của tolvaptan,"Tăng nồng độ tolvaptan trong huyết thanh, tăng nguy cơ tác dụng không mong muốn (tăng nồng độ natri huyết thanh, đa niệu, khát nước, giảm thể tích tuần hoàn...)","Chống chỉ định phối hợp. Cân nhắc thay đổi sang các thuốc nhóm khác có cùng chỉ định và ít có nguy cơ tương tác hơn: Trong trường hợp bắt buộc sử dụng thuốc kháng nấm azol, thay posaconazol bằng fluconazol (nhưng tránh dùng liều cao, có tác dụng ức chế mạnh CYP3A4).",Quyết định 5948/BYT
589,Dược động học,Posaconazol,Quetiapin,Chống chỉ định,Posaconazol ức chế CYP3A4 mạnh làm giảm chuyển hóa của quetiapin,"Tăng nồng độ của quetiapin, tăng nguy cơ kéo dài khoảng QT","Chống chỉ định phối hợp. Cân nhắc thay đổi sang các thuốc nhóm khác có cùng chỉ định và ít có nguy cơ tương tác hơn: Trong trường hợp bắt buộc sử dụng thuốc kháng nấm azol, thay posaconazol bằng fluconazol (nhưng tránh dùng liều cao, có tác dụng ức chế mạnh CYP3A4).",Quyết định 5948/BYT
590,Dược lực học,Pramipexol,Sulpirid,Chống chỉ định,Đối kháng tác dụng của nhau,Giảm hiệu quả của cả hai thuốc,Chống chỉ định phối hợp,Quyết định 5948/BYT
591,Dược động học,Praziquantel,Rifampicin,Chống chỉ định,Rifampicin cảm ứng CYP3A4 làm tăng chuyển hóa của praziquantel,"Giảm nồng độ của praziquantel trong huyết thanh, dẫn đến giảm hiệu quả điều trị","Chống chỉ định phối hợp. Với rifampicin, chỉ bắt đầu sử dụng praziquantel sau khi ngừng rifampicin ít nhất 4 tuần. Rifampicin có thể sử dụng lại sau 1 ngày dừng praziquantel.",Quyết định 5948/BYT
592,Dược động học,Propafenon,Saquinavir/ritonavir (ritonavir),Chống chỉ định,Ritonavir ức chế chuyển hóa của propafenon qua CYP3A4 và CYP2D6.,"Tăng nồng độ, dẫn đến tăng độc tính của propafenon (đặc biệt là loạn nhịp tim).",Chống chỉ định phối hợp.,Quyết định 5948/BYT
593,Dược lực học,Pseudoephedrin (sử dụng đường uống),Xanh methylen (sử dụng đường tiêm tĩnh mạch),Chống chỉ định,Tăng tích lũy noradrenalin (norepinephrin),"Tăng nguy cơ xuất hiện cơn tăng huyết áp (đau đầu, đánh trống ngực, cứng cổ, tăng huyết áp)",Chống chỉ định sử dụng pseudoephedrin (sử dụng đường uống) đồng thời hoặc trong vòng 14 ngày trước đó có sử dụng xanh methylen.,Quyết định 5948/BYT
594,Dược động học,Quetiapin,Saquinavir +/- ritonavir,Chống chỉ định có điều kiện,Saquinavir ức chế CYP3A4 mạnh làm giảm chuyển hóa của quetiapin,"Tăng nồng độ của quetiapin, tăng nguy cơ kéo dài khoảng QT","Tốt nhất nên tránh phối hợp. Trong trường hợp bắt buộc sử dụng saquinavir, giảm liều quetiapin còn 1/6 liều so với liều bình thường.",Quyết định 5948/BYT
595,Dược động học,Quetiapin,Voriconazol,Chống chỉ định,Voriconazol ức chế CYP3A4 mạnh làm giảm chuyển hóa của quetiapin,"Tăng nồng độ của quetiapin, tăng nguy cơ kéo dài khoảng QT","Chống chỉ định phối hợp. Cân nhắc thay đổi sang các thuốc nhóm khác có cùng chỉ định và ít có nguy cơ tương tác hơn: Trong trường hợp bắt buộc sử dụng thuốc kháng nấm azol, thay voriconazol bằng fluconazol (nhưng tránh dùng liều cao, có tác dụng ức chế mạnh CYP3A4).",Quyết định 5948/BYT
596,Dược lực học,Quinapril,Sacubitril/valsartan (sacubitril),Chống chỉ định,Tăng tích lũy bradykinin gây phù mạch,Tăng nguy cơ phù mạch,Chống chỉ định phối hợp. Chỉ bắt đầu sử dụng Sacubitril/valsartan (sacubitril) sau khi ngừng quinapril ít nhất 36 giờ.,Quyết định 5948/BYT
597,Dược động học,Rabeprazol,Rilpivirin,Chống chỉ định,Giảm hấp thu rilpivirin do tăng pH dạ dày,"Giảm nồng độ rilpivirin trong huyết thanh, giảm hiệu quả điều trị","Chống chỉ định phối hợp. Trong trường hợp thay thế bằng thuốc kháng H2, sử dụng các thuốc H2 ít nhất 12 giờ trước hoặc 4 giờ sau khi uống rilpivirin.",Quyết định 5948/BYT
598,Dược lực học,Ramipril,Sacubitril/valsartan (sacubitril),Chống chỉ định,Tăng tích lũy bradykinin gây phù mạch,Tăng nguy cơ phù mạch,Chống chỉ định phối hợp. Chỉ bắt đầu sử dụng Sacubitril/valsartan (sacubitril) sau khi ngừng ramipril ít nhất 36 giờ.,Quyết định 5948/BYT
599,Dược động học,Ranolazin,Saquinavir +/- ritonavir,Chống chỉ định,Saquinavir ức chế CYP3A4 mạnh làm giảm chuyển hóa của ranolazin,"Tăng nồng độ ranolazin trong huyết thanh, tăng nguy cơ kéo dài khoảng QT",Chống chỉ định phối hợp,Quyết định 5948/BYT
600,Dược động học,Ranolazin,Voriconazol,Chống chỉ định,Voriconazol ức chế CYP3A4 mạnh làm giảm chuyển hóa của ranolazin,"Tăng nồng độ ranolazin trong huyết thanh, tăng nguy cơ kéo dài khoảng QT","Chống chỉ định phối hợp. Cân nhắc thay đổi sang các thuốc nhóm khác có cùng chỉ định và ít có nguy cơ tương tác hơn: Trong trường hợp bắt buộc sử dụng thuốc kháng nấm azol, thay voriconazol bằng fluconazol (nhưng tránh dùng liều cao, có tác dụng ức chế mạnh CYP3A4).",Quyết định 5948/BYT
601,Dược động học,Ranolazin,Rifampicin,Chống chỉ định,Rifampicin cảm ứng CYP3A4 và P-gp làm tăng chuyển hóa của ranolazin và thải trừ của ranolazin.,"Giảm nồng độ ranolazin trong huyết thanh, giảm hiệu quả điều trị",Chống chỉ định phối hợp,Quyết định 5948/BYT
602,Dược động học,Rifampicin,Rilpivirin,Chống chỉ định,Rifampicin cảm ứng CYP3A4 làm tăng chuyển hóa của rilpivirin,"Giảm nồng độ của rilpivirin trong huyết thanh, dẫn đến giảm hiệu quả điều trị",Chống chỉ định phối hợp.,Quyết định 5948/BYT
603,Dược động học,Rifampicin,Voriconazol,Chống chỉ định,Rifampicin cảm ứng CYP3A4 làm tăng chuyển hóa của voriconazol,"Giảm nồng độ của voriconazol trong huyết thanh, dẫn đến giảm hiệu quả điều trị","Chống chỉ định phối hợp. Trong trường hợp bắt buộc sử dụng voriconazol, cân nhắc thay đổi phác đồ chống lao cho bệnh nhân.",Quyết định 5948/BYT
604,Dược động học,Rifampicin,Sofosbuvir,Chống chỉ định,Rifampicin cảm ứng P-gp làm tăng thải trừ của sofusbuvir,"Giảm nồng độ của sofosbuvir trong huyết thanh, dẫn đến giảm hiệu quả điều trị",Chống chỉ định phối hợp,Quyết định 5948/BYT
605,Dược động học,Rifampicin,Saquinavir +/- ritonavir,Chống chỉ định,Rifampicin cảm ứng CYP3A4 làm tăng chuyển hóa của saquinavir,"Giảm nồng độ saquinavir trong huyết thanh, giảm hiệu quả điều trị",Chống chỉ định phối hợp,Quyết định 5948/BYT
606,Dược động học,Rosuvastatin,Sofosbuvir/ledipasvir (ledipasvir),Chống chỉ định,Ledipasvir ức chế BCRP và P-gp làm giảm thải trừ rosuvastatin khỏi cơ thể,"Tăng nồng độ rosuvastatin trong huyết thanh, tăng nguy cơ bệnh cơ hoặc tiêu cơ vân cấp",Chống chỉ định phối hợp,Quyết định 5948/BYT
607,Dược lực học,Rotigotin,Sulpirid,Chống chỉ định,Đối kháng tác dụng của nhau,Giảm hiệu quả của cả hai thuốc,Chống chỉ định phối hợp,Quyết định 5948/BYT
608,Dược lực học,Sacubitril/valsartan (sacubitril),Trandolapril,Chống chỉ định,Tăng tích lũy bradykinin gây phù mạch,Tăng nguy cơ phù mạch,Chống chỉ định phối hợp. Chỉ bắt đầu sử dụng Sacubitril/valsartan (sacubitril) sau khi ngừng trandolapril ít nhất 36 giờ.,Quyết định 5948/BYT
609,Dược lực học,Sacubitril/valsartan (sacubitril),Zofenopril,Chống chỉ định,Tăng tích lũy bradykinin gây phù mạch,Tăng nguy cơ phù mạch,Chống chỉ định phối hợp. Chỉ bắt đầu sử dụng Sacubitril/valsartan (sacubitril) sau khi ngừng zofenopril ít nhất 36 giờ.,Quyết định 5948/BYT
610,Dược động học,Saquinavir +/- ritonavir,Simvastatin,Chống chỉ định,Saquinavir ức chế CYP3A4 mạnh làm giảm chuyển hóa của simvastatin,"Tăng nồng độ của simvastatin trong huyết thanh, tăng nguy cơ bệnh cơ hoặc tiêu cơ vân cấp","Chống chỉ định phối hợp. Trong trường hợp bắt buộc sử dụng dẫn chất statin, thay simvastatin bằng các dẫn chất statin khác (ngoại trừ lovastatin) sử dụng liều thấp nhất có hiệu quả, atorvastatin không vượt quá 20 mg/ngày, pitavastatin và pravastatin không cần hiệu chỉnh liều khi phối hợp.",Quyết định 5948/BYT
611,Dược động học,Saquinavir +/- ritonavir,Ticagrelor,Chống chỉ định,Saquinavir ức chế CYP3A4 mạnh làm giảm chuyển hóa của ticagrelor,"Tăng nồng độ của ticagrelor trong huyết thanh, tăng nguy cơ xuất huyết",Chống chỉ định phối hợp,Quyết định 5948/BYT
612,Dược động học,Saquinavir +/- ritonavir,Tolvaptan,Chống chỉ định,Saquinavir ức chế CYP3A4 mạnh làm giảm chuyển hóa của tolvaptan,"Tăng nồng độ tolvaptan trong huyết thanh, tăng nguy cơ tác dụng không mong muốn (tăng nồng độ natri huyết thanh, đa niệu, khát nước, giảm thể tích tuần hoàn...)",Chống chỉ định phối hợp,Quyết định 5948/BYT
613,Dược động học,Saquinavir +/- ritonavir,Sildenafil,Chống chỉ định có điều kiện,Saquinavir ức chế CYP3A4 làm giảm chuyển hóa của sildenafil,"Tăng nồng độ sildenafil trong huyết thanh, tăng nguy cơ độc tính (hạ huyết áp, ngất, rối loạn thị giác)","1. Chống chỉ định phối hợp trong trường hợp sử dụng sildenafil điều trị tăng áp động mạch phổi.
2. Trong trường hợp sử dụng sildenafil điều trị rối loạn cương dương, liều sildenafil không vượt quá 25 mg mỗi 48 giờ ở người đang sử dụng saquinavir.",Quyết định 5948/BYT
614,Dược động học,Saquinavir/ritonavir (ritonavir),Vardenafil,Chống chỉ định,Ritonavir ức chế CYP3A4 làm giảm chuyển hóa của vardenafil,"Tăng nồng độ vardenafil trong huyết thanh, tăng nguy cơ kéo dài khoảng QT",Chống chỉ định phối hợp,Quyết định 5948/BYT
615,Dược động học,Saquinavir/ritonavir (ritonavir),Voriconazol,Chống chỉ định có điều kiện,Ritonavir cảm ứng CYP2C19 (hoặc ức chế CYP3A4 ở người thiếu hoặc giảm hoạt tính CYP2C19) làm tăng (hoặc giảm) chuyển hóa của voriconazol tùy thuộc từng cá thể (voriconazol là cơ chất của cả CYP3A4 và CYP2C19),Giảm (hoặc tăng) nồng độ voriconazol.,"1. Việc phối hợp voriconazol và ritonavir liều cao (400mg mỗi 12 giờ) làm giảm rõ rệt nồng độ voriconazol, vì vậy, chống chỉ định phối hợp voriconazol với ritonavir ở mức liều này.
2. Việc phối hợp voriconazol với ritonavir liều thấp (100mg mỗi 12 giờ) cũng đã cho thấy làm giảm nồng độ voriconazol mặc dù mức độ ít hơn so với liều cao ritonavir, vì vậy, nên tránh phối hợp thuốc trừ khi lợi ích vượt trội nguy cơ.",Quyết định 5948/BYT
616,Dược lực học,Sertralin,Xanh methylen (sử dụng đường tiêm tĩnh mạch),Chống chỉ định có điều kiện,Hiệp đồng tác dụng serotonin,"Tăng nguy cơ hội chứng serotonin (sốt cao, rối loạn nhận thức, tăng phản xạ, mất phối hợp, rung giật cơ, cứng cơ, co giật, nhịp tim nhanh, tăng huyết áp, tăng thân nhiệt, vã mồ hôi, ảo giác, kích động hoặc bồn chồn…)","1. Cố gắng tránh sử dụng đồng thời xanh methylen và doxylamin. Tốt nhất các thuốc này nên sử dụng cách nhau 2 tuần. Cân nhắc thay đổi sang các thuốc nhóm khác có cùng chỉ định và ít có nguy cơ tương tác hơn.
2. Trong hợp không thể trì hoãn điều trị được 2 tuần, bắt buộc sử dụng dài ngày hoặc khẩn cấp bằng xanh methylen và không có thuốc khác thay thế, cân bằng lợi ích và nguy cơ xảy ra hội chứng serotonin. Nếu lợi ích vượt trội nguy cơ, vẫn có thể sử dụng đồng thời nhưng cần giám sát chặt chẽ chặt chẽ bệnh nhân, đặc biệt trong tháng đầu tiên sử dụng đồng thời 2 thuốc.",Quyết định 5948/BYT
617,Dược lực học,Sevofluran,Thioridazin,Chống chỉ định có điều kiện,Hiệp đồng tăng tác dụng,"Tăng nguy cơ kéo dài khoảng QT, xoắn đỉnh","1. Chống chỉ định phối hợp ở các bệnh nhân có hội chứng QT kéo dài do di truyền hoặc mắc phải.
2. Trên các đối tượng bệnh nhân khác, tốt nhất nên tránh phối hợp các thuốc này. Trong trường hợp cần thiết phối hợp, cần đánh giá cẩn thận nguy cơ/lợi ích và lượng giá các yếu tố nguy cơ trên từng bệnh nhân, đặc biệt là rối loạn điện giải (hạ kali máu, hạ magie máu, hạ calci máu), nhịp tim chậm, nữ giới trước khi quyết định kê đơn.",Quyết định 5948/BYT
618,Dược lực học,Sevofluran,Sparfloxacin,Chống chỉ định có điều kiện,Hiệp đồng tăng tác dụng,"Tăng nguy cơ kéo dài khoảng QT, xoắn đỉnh","1. Chống chỉ định phối hợp ở các bệnh nhân có hội chứng QT kéo dài do di truyền hoặc mắc phải.
2. Trên các đối tượng bệnh nhân khác, tốt nhất nên tránh phối hợp các thuốc này. Trong trường hợp cần thiết phối hợp, cần đánh giá cẩn thận nguy cơ/lợi ích và lượng giá các yếu tố nguy cơ trên từng bệnh nhân, đặc biệt là rối loạn điện giải (hạ kali máu, hạ magie máu, hạ calci máu), nhịp tim chậm, nữ giới trước khi quyết định kê đơn.",Quyết định 5948/BYT
619,Dược động học,Simvastatin,Voriconazol,Chống chỉ định,Voriconazol ức chế CYP3A4 mạnh làm giảm chuyển hóa của simvastatin,"Tăng nồng độ của simvastatin trong huyết thanh, tăng nguy cơ bệnh cơ hoặc tiêu cơ vân cấp","Chống chỉ định phối hợp. Cân nhắc thay đổi sang các thuốc nhóm khác có cùng chỉ định và ít có nguy cơ tương tác hơn:
- Trong trường hợp bắt buộc sử dụng thuốc kháng nấm azol, thay voriconazol bằng fluconazol (nhưng tránh dùng liều cao, có tác dụng ức chế mạnh CYP3A4) HOẶC
- Trong trường hợp bắt buộc sử dụng dẫn chất statin, thay simvastatin bằng các dẫn chất statin khác (ngoại trừ lovastatin).",Quyết định 5948/BYT
620,Dược lực học,Sotalol,Thioridazin,Chống chỉ định có điều kiện,Hiệp đồng tăng tác dụng,"Tăng nguy cơ kéo dài khoảng QT, xoắn đỉnh","1. Chống chỉ định phối hợp ở các bệnh nhân có hội chứng QT kéo dài do di truyền hoặc mắc phải.
2. Trên các đối tượng bệnh nhân khác, tốt nhất nên tránh phối hợp các thuốc này. Trong trường hợp cần thiết phối hợp, cần đánh giá cẩn thận nguy cơ/lợi ích và lượng giá các yếu tố nguy cơ trên từng bệnh nhân, đặc biệt là rối loạn điện giải (hạ kali máu, hạ magie máu, hạ calci máu), nhịp tim chậm, nữ giới trước khi quyết định kê đơn.",Quyết định 5948/BYT
621,Dược lực học,Sotalol,Sparfloxacin,Chống chỉ định có điều kiện,Hiệp đồng tăng tác dụng,"Tăng nguy cơ kéo dài khoảng QT, xoắn đỉnh","1. Chống chỉ định phối hợp ở các bệnh nhân có hội chứng QT kéo dài do di truyền hoặc mắc phải.
2. Trên các đối tượng bệnh nhân khác, tốt nhất nên tránh phối hợp các thuốc này. Trong trường hợp cần thiết phối hợp, cần đánh giá cẩn thận nguy cơ/lợi ích và lượng giá các yếu tố nguy cơ trên từng bệnh nhân, đặc biệt là rối loạn điện giải (hạ kali máu, hạ magie máu, hạ calci máu), nhịp tim chậm, nữ giới trước khi quyết định kê đơn.",Quyết định 5948/BYT
622,Dược lực học,Sparfloxacin,Sulpirid,Chống chỉ định có điều kiện,Hiệp đồng tăng tác dụng,"Tăng nguy cơ kéo dài khoảng QT, xoắn đỉnh","1. Chống chỉ định phối hợp ở các bệnh nhân có hội chứng QT kéo dài do di truyền hoặc mắc phải.
2. Trên các đối tượng bệnh nhân khác, tốt nhất nên tránh phối hợp các thuốc này. Trong trường hợp cần thiết phối hợp, cần đánh giá cẩn thận nguy cơ/lợi ích và lượng giá các yếu tố nguy cơ trên từng bệnh nhân, đặc biệt là rối loạn điện giải (hạ kali máu, hạ magie máu, hạ calci máu), nhịp tim chậm, nữ giới trước khi quyết định kê đơn.",Quyết định 5948/BYT
623,Dược lực học,Sparfloxacin,Thioridazin,Chống chỉ định có điều kiện,Hiệp đồng tăng tác dụng,"Tăng nguy cơ kéo dài khoảng QT, xoắn đỉnh","1. Chống chỉ định phối hợp ở các bệnh nhân có hội chứng QT kéo dài do di truyền hoặc mắc phải.
2. Trên các đối tượng bệnh nhân khác, tốt nhất nên tránh phối hợp các thuốc này. Trong trường hợp cần thiết phối hợp, cần đánh giá cẩn thận nguy cơ/lợi ích và lượng giá các yếu tố nguy cơ trên từng bệnh nhân, đặc biệt là rối loạn điện giải (hạ kali máu, hạ magie máu, hạ calci máu), nhịp tim chậm, nữ giới trước khi quyết định kê đơn.",Quyết định 5948/BYT
624,Dược lực học,Sulpirid,Thioridazin,Chống chỉ định có điều kiện,Hiệp đồng tăng tác dụng,"Tăng nguy cơ kéo dài khoảng QT, xoắn đỉnh","1. Chống chỉ định phối hợp ở các bệnh nhân có hội chứng QT kéo dài do di truyền hoặc mắc phải.
2. Trên các đối tượng bệnh nhân khác, tốt nhất nên tránh phối hợp các thuốc này. Trong trường hợp cần thiết phối hợp, cần đánh giá cẩn thận nguy cơ/lợi ích và lượng giá các yếu tố nguy cơ trên từng bệnh nhân, đặc biệt là rối loạn điện giải (hạ kali máu, hạ magie máu, hạ calci máu), nhịp tim chậm, nữ giới trước khi quyết định kê đơn.",Quyết định 5948/BYT
625,Dược lực học,Sumatriptan,Xanh methylen (sử dụng đường tiêm tĩnh mạch),Chống chỉ định có điều kiện,Hiệp đồng tác dụng serotonin,"Tăng nguy cơ hội chứng serotonin (sốt cao, rối loạn nhận thức, tăng phản xạ, mất phối hợp, rung giật cơ, cứng cơ, co giật, nhịp tim nhanh, tăng huyết áp, tăng thân nhiệt, vã mồ hôi, ảo giác, kích động hoặc bồn chồn…)","1. Cố gắng tránh sử dụng đồng thời xanh methylen và sumatriptan. Tốt nhất các thuốc này nên sử dụng cách nhau 2 tuần. Cân nhắc thay đổi sang các thuốc nhóm khác có cùng chỉ định và ít có nguy cơ tương tác hơn.
2. Trong hợp không thể trì hoãn điều trị được 2 tuần, bắt buộc sử dụng dài ngày hoặc khẩn cấp bằng xanh methylen và không có thuốc khác thay thế, cân bằng lợi ích và nguy cơ xảy ra hội chứng serotonin. Nếu lợi ích vượt trội nguy cơ, vẫn có thể sử dụng đồng thời nhưng cần giám sát chặt chẽ chặt chẽ bệnh nhân, đặc biệt trong tháng đầu tiên sử dụng đồng thời 2 thuốc.",Quyết định 5948/BYT
626,Dược động học,Tamoxifen,Warfarin,Chống chỉ định có điều kiện,Tamoxifen ức chế CYP2C9 làm giảm chuyển hóa của warfarin,Tăng nguy cơ xuất huyết,"1. Chống chỉ định phối hợp ở bệnh nhân sử dụng tamoxifen dự phòng tiên phát ung thư vú.
2. Ở bệnh nhân ung thư vú, nên cân nhắc sử dụng heparin trọng lượng phân tử thấp (LMWH) hoặc các thuốc chống đông đường uống tác động trực tiếp (DOAC) thay thế acenocoumarol để điều trị thuyên tắc tĩnh mạch do huyết khối. Trong trường hợp bắt buộc sử dụng đồng thời tamoxifen với acenocoumarol, cần giảm liều acenocoumarol và theo dõi chặt chẽ bệnh nhân.",Quyết định 5948/BYT
627,Dược lực học,Tetracyclin,Tretinoin,Chống chỉ định,Hiệp đồng tăng độc tính,"Tăng nguy cơ tăng áp nội sọ lành tính (phù gai thị, đau đầu, buồn nôn và nôn, và rối loạn thị giác)",Chống chỉ định phối hợp,Quyết định 5948/BYT
628,Dược động học,Ticagrelor,Voriconazol,Chống chỉ định,Voriconazol ức chế CYP3A4 mạnh làm giảm chuyển hóa của ticagrelor,"Tăng nồng độ của ticagrelor trong huyết thanh, tăng nguy cơ xuất huyết","Chống chỉ định phối hợp. Cân nhắc thay đổi sang các thuốc nhóm khác có cùng chỉ định và ít có nguy cơ tương tác hơn: Trong trường hợp bắt buộc sử dụng thuốc kháng nấm azol, thay voriconazol bằng fluconazol (nhưng tránh dùng liều cao, có tác dụng ức chế mạnh CYP3A4).",Quyết định 5948/BYT
629,Dược lực học,Tigecyclin,Tretinoin,Chống chỉ định,Hiệp đồng tăng độc tính,"Tăng nguy cơ tăng áp nội sọ lành tính (phù gai thị, đau đầu, buồn nôn và nôn, và rối loạn thị giác)",Chống chỉ định phối hợp,Quyết định 5948/BYT
630,Dược động học,Tolvaptan,Voriconazol,Chống chỉ định,Voriconazol ức chế CYP3A4 mạnh làm giảm chuyển hóa của tolvaptan,"Tăng nồng độ tolvaptan trong huyết thanh, tăng nguy cơ tác dụng không mong muốn (tăng nồng độ natri huyết thanh, đa niệu, khát nước, giảm thể tích tuần hoàn...)","Chống chỉ định phối hợp. Cân nhắc thay đổi sang các thuốc nhóm khác có cùng chỉ định và ít có nguy cơ tương tác hơn: Trong trường hợp bắt buộc sử dụng thuốc kháng nấm azol, thay voriconazol bằng fluconazol (nhưng tránh dùng liều cao, có tác dụng ức chế mạnh CYP3A4).",Quyết định 5948/BYT
631,Dược lực học,Tramadol,Xanh methylen (sử dụng đường tiêm tĩnh mạch),Chống chỉ định có điều kiện,Hiệp đồng tác dụng serotonin,"Tăng nguy cơ hội chứng serotonin (sốt cao, rối loạn nhận thức, tăng phản xạ, mất phối hợp, rung giật cơ, cứng cơ, co giật, nhịp tim nhanh, tăng huyết áp, tăng thân nhiệt, vã mồ hôi, ảo giác, kích động hoặc bồn chồn…)","1. Cố gắng tránh sử dụng đồng thời xanh methylen và tramadol. Tốt nhất các thuốc này nên sử dụng cách nhau 2 tuần. Cân nhắc thay đổi sang các thuốc nhóm khác có cùng chỉ định và ít có nguy cơ tương tác hơn. Trong trường hợp bắt buộc sử dụng opioid, có thể đổi sang các opiod khác không có hoạt tính ức chế thu hồi serotonin (morphin, codein, oxycodon, buprenorphin)
2. Trong hợp không thể trì hoãn điều trị được 2 tuần, bắt buộc sử dụng dài ngày hoặc khẩn cấp bằng xanh methylen và không có thuốc khác thay thế, cân bằng lợi ích và nguy cơ xảy ra hội chứng serotonin. Nếu lợi ích vượt trội nguy cơ, vẫn có thể sử dụng đồng thời nhưng cần giám sát chặt chẽ chặt chẽ bệnh nhân, đặc biệt trong tháng đầu tiên sử dụng đồng thời 2 thuốc.",Quyết định 5948/BYT
632,Dược lực học,Trazodon,Xanh methylen (sử dụng đường tiêm tĩnh mạch),Chống chỉ định có điều kiện,Hiệp đồng tác dụng serotonin,"Tăng nguy cơ hội chứng serotonin (sốt cao, rối loạn nhận thức, tăng phản xạ, mất phối hợp, rung giật cơ, cứng cơ, co giật, nhịp tim nhanh, tăng huyết áp, tăng thân nhiệt, vã mồ
hôi, ảo giác, kích động hoặc bồn chồn…)","1. Cố gắng tránh sử dụng đồng thời xanh methylen và trazodon. Tốt nhất các thuốc này nên sử dụng cách nhau 2 tuần. Cân nhắc thay đổi sang các thuốc nhóm khác có cùng chỉ định và ít có nguy cơ tương tác hơn.
2. Trong hợp không thể trì hoãn điều trị được 2 tuần, bắt buộc sử dụng dài ngày hoặc khẩn cấp bằng xanh methylen và không có thuốc khác thay thế, cân bằng lợi ích và nguy cơ xảy ra hội chứng serotonin. Nếu lợi ích vượt trội nguy cơ, vẫn có thể sử dụng đồng thời nhưng cần giám sát chặt chẽ chặt chẽ bệnh nhân, đặc biệt trong tháng đầu tiên sử dụng đồng thời 2 thuốc.",Quyết định 5948/BYT
633,Dược lực học,Venlafaxin,Xanh methylen (sử dụng đường tiêm tĩnh mạch),Chống chỉ định có điều kiện,Hiệp đồng tác dụng serotonin,"Tăng nguy cơ hội chứng serotonin (sốt cao, rối loạn nhận thức, tăng phản xạ, mất phối hợp, rung giật cơ, cứng cơ, co giật, nhịp tim nhanh, tăng huyết áp, tăng thân nhiệt, vã mồ hôi, ảo giác, kích động hoặc bồn chồn…)","1. Cố gắng tránh sử dụng đồng thời xanh methylen và venlafaxin. Tốt nhất các thuốc này nên sử dụng cách nhau 2 tuần. Cân nhắc thay đổi sang các thuốc nhóm khác có cùng chỉ định và ít có nguy cơ tương tác hơn.
2. Trong hợp không thể trì hoãn điều trị được 2 tuần, bắt buộc sử dụng dài ngày hoặc khẩn cấp bằng xanh methylen và không có thuốc khác thay thế, cân bằng lợi ích và nguy cơ xảy ra hội chứng serotonin. Nếu lợi ích vượt trội nguy cơ, vẫn có thể sử dụng đồng thời nhưng cần giám sát chặt chẽ chặt chẽ bệnh nhân, đặc biệt trong tháng đầu tiên sử dụng đồng thời 2 thuốc.",Quyết định 5948/BYT
634,Dược lực học,Acenocoumarol,Dabigatran,Nghiêm trọng,Hiệp đồng tăng tác dụng,"Tăng tác dụng chống đông máu [1,2]","Ngừng dùng dabigatran khi đang chảy máu. Nếu cần sử dụng đồng thời, phải theo dõi chặt chẽ việc xuất huyết. [1,2]","1. Micromedex 2.0
2. EMC"
635,Dược lực học,Allopurinol,Captopril,Nghiêm trọng,Hiệp đồng tăng tác dụng,"Sử dụng đồng thời có thể dẫn đến phản ứng quá mẫn (hội chứng Stevens-Johnson, phát ban trên da). [1,2,3]","Cần hết sức thận trọng khi sử dụng đồng thời, đặc biệt với bệnh nhân suy giảm chức năng thận. Theo dõi phản ứng quá mẫn trên bệnh nhân. Nếu cần, phải dừng ngay thuốc. [1,2,3]","1. Micromedex 2.0
2. EMC
3. DIF 2015"
636,Dược lực học,Allopurinol,Perindopril,Nghiêm trọng,Hiệp đồng tăng tác dụng,"Tăng nguy cơ quá mẫn, giảm bạch cầu, mất bạch cầu hạt và nhiễm trùng nghiêm trọng, đặc biệt là ở người suy thận. [2,4]","Thận trọng khi sử dụng Perindopril cho bệnh nhân đang  điều trị bằng allopurinol, đặc biệt ở bệnh nhân suy giảm chức năng thận. Nếu sử dụng perindopril cho những bệnh nhân này, nên theo dõi định kỳ số lượng bạch cầu và hướng dẫn bệnh nhân nhận biết các dấu hiệu nhiễm trùng (ví dụ như đau họng, sốt).[2,4]","2. EMC
4. Drugs.com"
637,Dược lực học,Allopurinol,Enalapril,Nghiêm trọng,Hiệp đồng tăng tác dụng,"Sử dụng đồng thời có thể dẫn đến phản ứng quá mẫn (hội chứng Stevens-Johnson, phát ban trên da). [1,2,3]","Cần hết sức thận trọng khi sử dụng đồng thời, đặc biệt với bệnh nhân suy giảm chức năng thận. Theo dõi phản ứng quá mẫn trên bệnh nhân. Nếu có, phải dừng ngay thuốc. [1,2,3]","1. Micromedex 2.0
2. EMC
3. DIF 2015"
638,Dược lực học,Amikacin,Furosemid,Nghiêm trọng,Hiệp đồng độc tính,"Hiệp đồng độc tính: cho tai và / hoặc độc cho thận. [1,2,3].
Tăng nồng độ amikacin trong huyết thanh và trong mô [1]","Nên tránh phối hợp. Nếu vẫn sử dụng cần theo dõi độc tính trên tai và trên thận. [1,2,3]
Giảm liều một hoặc cả hai thuốc nếu cần thiết ở bệnh nhân suy giảm chức năng thận. [3]","1. Micromedex 2.0
2. EMC
3. DIF 2015"
639,Dược lực học,Amikacin,Rocuronium,Nghiêm trọng,Hiệp đồng tăng tác dụng,"Hiệp đồng phong tỏa thần kinh cơ nên gây ra kéo dài ức chế thần kinh cơ, có thể dẫn đến suy hô hấp hoặc liệt hô hấp. [1,2,3]","Nên tránh phối hợp. Chỉ sử dụng đồng thời khi cần thiết. Nếu vẫn sử dụng, cần theo dõi chặt chẽ tình trạng lâm sàng của bệnh nhân, đặc biệt là tình trạng hô hấp và oxy. [1,2,3]
Điều chỉnh liều lượng thuốc dựa vào đáp ứng thần kinh cơ. Có thể hỗ trợ thông khí nếu cần. [3]
Nên dùng calci, đặc biệt là nếu đã truyền lượng lớn máu. Có thể hỗ trợ thông khí bằng  Edrophonium, neostigmin hoặc atropin. Có thể cần phải thông khí nhân tạo và duy trì cho đến khi hô hấp trở lại. [1]","1. Micromedex 2.0
2. EMC
3. DIF 2015"
640,Dược lực học,Amiodaron,Levofloxacin,Nghiêm trọng,Hiệp đồng tăng tác dụng,"Tăng nguy cơ kéo dài khoảng QT, loạn nhịp tim,..đặc biệt là ở người cao tuổi và bệnh nhân có yếu tố nguy cơ xoắn đỉnh (QT kéo dài đã biết, hạ kali máu)  [1,2,3]","Tránh phối hợp [1,2,3]. Nếu sử dụng cần theo dõi chặt chẽ điện tâm đồ, đặc biệt trên các bệnh nhân có yếu tố nguy cơ kéo dài khoảng QT.","1. Micromedex 2.0
2. EMC
3. DIF 2015"
641,Dược lực học,Amiodaron,Ciprofloxacin,Nghiêm trọng,Hiệp đồng tăng tác dụng,"Tăng nguy cơ kéo dài khoảng QT, xoắn đỉnh [1,2]
Do thời gian bán thải dài của amiodarone, tương tác này có thể xảy ra ngay cả sau khi đã ngừng amiodarone [1]","Tránh phối hợp [1,2]. Nếu sử dụng cần theo dõi chặt chẽ điện tâm đồ, đặc biệt trên các bệnh nhân có yếu tố nguy cơ kéo dài khoảng QT.","1. Micromedex 2.0
2. EMC"
642,Dược lực học,Amiodaron,Diltiazem,Nghiêm trọng,Diltiazem ức chế chuyển hóa amiodaron qua CYP3A,"Dẫn đến tăng phơi nhiễm amiodaron và tăng nguy cơ gây nhịp tim chậm, ngừng nút xoang hoặc block AV. [1,2,3]","Nên tránh phối hợp. Khi cần dùng chung, phải theo dõi nhịp tim. Có thể điều chỉnh liều nếu cần thiết. Do thời gian bán thải dài của amiodaron, tương tác thuốc có thể tồn tại trong vài tuần đến vài tháng sau khi ngưng sử dụng. [1,2,3]","1. Micromedex 2.0
2. EMC
3. DIF 2015"
643,Dược lực học,Amiodaron,Hydroxychloroquin,Nghiêm trọng,Hiệp đồng tăng tác dụng,"Tăng nguy cơ kéo dài khoảng QT và xoắn đỉnh [1,2]","Nên tránh phối hợp. Do thời gian bán thải dài của amiodarone, tương tác này có thể xảy ra ngay cả sau khi ngừng amiodarone[1,2]","1. Micromedex 2.0
2. EMC"
644,Dược lực học,Amiodaron,Amitriptylin,Nghiêm trọng,Hiệp đồng tăng tác dụng,"Tăng nguy cơ kéo dài khoảng QT và xoắn đỉnh [1,2,3]","Tránh phối hợp[1,2]
Có thể ngừng dùng 1 hoặc cả 2 thuốc. [3]","1. Micromedex 2.0
2. EMC
3. DIF 2015"
645,Dược lực học,Amiodaron,Azithromycin,Nghiêm trọng,Hiệp đồng tăng tác dụng,"Tăng nguy cơ kéo dài QT, xoắn đỉnh, ngừng tim. [1,3]","Nên tránh sử dụng đồng thời. [1,3]
Nếu phải dùng đồng thời, cần cân nhắc kĩ lợi ích nguy cơ và theo dõi chặt chẽ chức năng tim. [1]","1.Micromedex 2.0
2. EMC
3. DIF 2015"
646,Dược lực học,Amiodaron,Clarithromycin,Nghiêm trọng,Hiệp đồng tăng tác dụng,"Tăng nguy cơ kéo dài QT và xoắn đỉnh [1,2,3]","Nên tránh phối hợp [1,2,3]. Do thời gian bán hủy của amiodaron dài, nên tương tác này có thể xảy ra ngay cả sau khi ngừng amiodaron [1]","1.Micromedex 2.0
2. EMC
3. DIF 2015"
647,Dược lực học,Amiodaron,Digoxin,Nghiêm trọng,Hiệp đồng độc tính,"Tăng nguy cơ gặp độc tính của Digoxin [1,2]","Giảm liều digoxin đường uống khoảng 30% đến 50%, hoặc liều digoxin IV hoặc IM khoảng 15% đến 30%. Theo dõi nồng độ digoxin và độc tính của digoxin như nhịp tim. Tương tác có thể tồn tại từ vài tuần đến vài tháng sau ngừng amiodaron[1]
Theo dõi lâm sàng, điện tâm đồ và sinh hóa, nên giảm một nửa liều lượng digoxin [1,2]","1.Micromedex 2.0
2. EMC
3. DIF 2015"
648,Dược lực học,Amiodaron,Fentanyl,Nghiêm trọng,Amiodarone ức chế chuyển hóa Fentanyl qua CYP 3A4,"Tăng nồng độ fentanyl trong huyết tương gây độc cho tim và tăng nguy cơ nhiễm độc fentanyl (ức chế thần kinh trung ương, ức chế hô hấp). [1,2,3]","Theo dõi bệnh nhân về các dấu hiệu của suy hô hấp, ức chế hệ thần kinh trung ương. [1,2,3]
Tương tác thuốc có thể tồn tại trong nhiều tuần đến vài tháng sau khi ngừng sử dụng amiodaron. [1]
Khi dùng đồng thời, nếu bệnh nhân bị chậm nhịp tim thì dùng liều lớn thuốc vận mạch (epinephrine, phenylephrine) [3]","1.Micromedex 2.0
2. EMC
3. DIF 2015"
649,Dược lực học,Amisulprid,Haloperidol,Nghiêm trọng,,"Tăng nguy cơ kéo dài khoảng QT và xoắn đỉnh [1,2]","Nên tránh phối hợp. Nếu cần thiết, nên theo dõi điện tâm đồ [1,2]","1.Micromedex 2.0
2. EMC"
650,Dược lực học,Amisulprid,Clozapin,Nghiêm trọng,,"Tăng nồng độ amisulprid trong huyết tương dẫn đến kéo dài khoảng QT, tăng nguy cơ loạn nhịp thất nghiêm trọng như xoắn đỉnh. [1,2]","Tránh phối hợp. Nếu cần thiết, nên theo dõi điện tâm đồ [1,2]","1.Micromedex 2.0
2. EMC"
651,Dược lực học,Amisulprid,Tamoxifen,Nghiêm trọng,,"tăng kéo dài khoảng QT [1,2]","Tránh phối hợp. Nếu cần thiết, theo dõi điện tâm đồ [1,2]","1.Micromedex 2.0
2. EMC"
652,Dược lực học,Amitriptylin,Escitalopram,Nghiêm trọng,,"tăng kéo dài khoảng QT [1,2]","Thận trọng khi dùng đồng thời [1,2]","1.Micromedex 2.0
2. EMC"
653,Dược lực học,Amitriptylin,Haloperidol,Nghiêm trọng,,"Haloperidol ức chế chuyển hóa Amitriptylin qua CYP2D6 do đó làm tăng nồng độ trong huyết tương của Amitriptylin, dẫn tới làm tăng tác động lên tim (kéo dài QT, xoắn đỉnh, ngừng tim). [1,2,3]","Không khuyến cáo sử dụng đồng thời [1,2,3]
Kiểm soát nồng độ trong huyết tương và giảm liều nếu cần [3]","1.Micromedex 2.0
2. EMC
3. DIF 2015"
654,Dược động học,Amitriptylin,Moxifloxacin,Nghiêm trọng,,"Tăng nguy cơ kéo dài khoảng QT [1,2,3]","Nên tránh phối hợp. Nếu không tránh được việc sử dụng đồng thời, không được vượt quá liều/ tốc độ truyền khuyến cáo của moxifloxacin và theo dõi những thay đổi trong khoảng QT [1,2,3]","1.Micromedex 2.0
2. EMC
3. DIF 2015"
655,Dược lực học,Aspirin,Clopidogrel,Nghiêm trọng,,"Tăng nguy cơ chảy máu (xuất huyết tiêu hóa) [1,2,3]","Nếu cần dùng đồng thời, cần theo dõi công thức máu. [1,2]
Tránh sử dụng aspirin ở bệnh nhân có nguy cơ cao như đột quỵ thiếu máu cục bộ gần đây hoặc cơn thiếu máu cục bộ thoáng qua [3]","1.Micromedex 2.0
2. EMC
3. DIF 2015"
656,Dược lực học,Aspirin,Piroxicam,Nghiêm trọng,,"Có thể làm tăng nguy cơ chảy máu (loét và xuất huyết tiêu hóa) và tăng nguy cơ biến cố tim mạch [1,2,3]","Cân nhắc khi sử dụng đồng thời [1,2,3]
Sử dụng NSAID sau ít nhất 1h hoặc 2h sau khi uống aspirin [1,3]","1.Micromedex 2.0
2. EMC
3. DIF 2015"
657,Dược lực học,Aspirin,Meloxicam,Nghiêm trọng,,"Có thể làm tăng nguy cơ chảy máu (loét và xuất huyết tiêu hóa) và tăng nguy cơ biến cố tim mạch [1,2,3]","Cân nhắc khi sử dụng đồng thời [1,2,3]
Sử dụng NSAID sau ít nhất 1h hoặc 2h sau khi uống aspirin [1,3]","1.Micromedex 2.0
2. EMC
3. DIF 2015"
658,Dược lực học,Aspirin,Diclofenac,Nghiêm trọng,,"Có thể làm tăng nguy cơ chảy máu (loét và xuất huyết tiêu hóa) và tăng nguy cơ biến cố tim mạch [1,2,3]","Cân nhắc khi sử dụng đồng thời [1,2,3]
Sử dụng NSAID sau ít nhất 1h hoặc 2h sau khi uống aspirin [1,3]","1.Micromedex 2.0
2. EMC
3. DIF 2015"
659,Dược động học,Ciprofloxacin,Antacid,Trung bình,,"Giảm hiệu quả của ciprofloxacin do giảm hấp thu [1,2]","Nên tránh dùng đồng thời, Ciprofloxacin có thể được dùng 2 giờ trước hoặc 6 giờ sau khi dùng thuốc kháng axit. [1,2]","1.Micromedex 2.0
2. EMC"
660,Dược động học,Ciprofloxacin,Theophylin,Nghiêm trọng,,"Giảm thanh thải theophylin, tăng nguy cơ ngộ độc theophylin (buồn nôn, nôn, đánh trống ngực, co giật). [1,2,3]","Nếu không thể tránh sử dụng đồng thời, cần theo dõi nồng độ theophylin trong huyết tương và điều chỉnh liều lượng khi thích hợp [1,2,3]","1.Micromedex 2.0
2. EMC
3. DIF 2015"
661,Dược lực học,Clarithromycin,Fluoxetin,Nghiêm trọng,,"Tăng nguy cơ kéo dài khoảng QT, loạn nhịp tim [1,2], hội chứng serotonin (kích động, thay đổi ý thức, mất điều hòa, rung giật cơ, rùng mình...) [3]","Tránh phối hợp, Nếu cần dùng chung, hãy xem xét điện tâm đồ và theo dõi điều trị. [1,2,3]
Có thể giảm liều một trong hai thuốc [3]","1.Micromedex 2.0
2. EMC
3. DIF 2015"
662,Dược động học,Clarithromycin,Salmeterol,Nghiêm trọng,,"Ức chế chuyển hóa salmeterol qua trung gian CYP3A nên tăng nguy cơ tác dụng phụ trên tim mạch (ví dụ: đau thắt ngực, hạ hoặc tăng huyết áp, nhịp tim nhanh) [1,2]","Không khuyến cáo sử dụng [1,2]","1.Micromedex 2.0
2. EMC"
663,Dược động học,Clarithromycin,Atorvastatin,Nghiêm trọng,,"Clarithromycin ức chế chuyển hóa Atorvastatin  qua CYP3A4 nên làm tăng nồng độ Atorvastatin trong máu dẫn đến tăng nguy cơ bệnh cơ, tiêu cơ vân... [1,2,3]","Thận trọng nếu dùng đồng thời.
Nếu dùng đồng thời, không dùng quá liều atorvastatin 20 mg mỗi ngày. Theo dõi độc tính trên cơ (đau, yếu cơ) và nồng độ Creatinin Kinase (CK), ngừng sử dụng statin nếu nồng độ CK tăng rõ rệt hoặc nghi ngờ tiêu cơ vân cấp. Xem xét thay atorvastatin bằng fluvastatin hoặc pravastatin [1,2,3]","1.Micromedex 2.0
2. EMC
3. DIF 2015"
664,Dược động học,Clopidogrel,Esomeprazol,Nghiêm trọng,,"Esomeprazol ức chế enzym  CYP2C19, nên làm giảm nồng độ trong huyết tương của chất chuyển hóa có hoạt tính của clopidogrel làm giảm tác dụng chống kết tập tiểu cầu. [1,2,3]","Tránh sử dụng đồng thời clopidogrel và esomeprazole. Rabeprazole (dùng 4 giờ sau khi dùng clopidogrel), pantoprazole, lansoprazole và dexlansoprazole ít ảnh hưởng đến hoạt động chống kết tập tiểu cầu của clopidogrel. Cân nhắc sử dụng liệu pháp chống kết tập tiểu cầu thay thế ở những bệnh nhân cần esomeprazole, ví dụ ranitidine [1,2,3]","1.Micromedex 2.0
2. EMC
3. DIF 2015"
665,Dược động học,Clopidogrel,Omeprazol,Nghiêm trọng,,"Omeprazole ức chế enzym  CYP2C19, nên làm giảm tác dụng chống kết tập tiểu cầu của clopidogrel. [1,2,3]","Tránh sử dụng đồng thời.
Thay omeprazol bằng rabeprazole (dùng 4 giờ sau khi dùng clopidogrel), lansoprazole và dexlansoprazole  [1]
Hoặc thay bằng kháng histamin H2 như famotidine, ranitidine ở bệnh nhân có nguy cơ chảy máu tiêu hóa thấp [3]","1.Micromedex 2.0
2. EMC
3. DIF 2015"
666,Dược động học,Clopidogrel,Rabeprazol,Nghiêm trọng,,"Giảm hiệu quả của Clopidogrel [1,2]","Dùng Clopidogrel sau bữa sáng và rabeprazole được dùng vào 4 giờ sau đó [1,2]","1.Micromedex 2.0
2. EMC"
667,Dược động học,Clopidogrel,Fluconazol,Nghiêm trọng,,"Fluconazol ức chế enzym  CYP2C19, nên làm giảm tác dụng chống kết tập tiểu cầu của clopidogrel. [1,2,3]","Cân nhắc tránh sử dụng đồng thời[1,2]","1. Micromedex 2.0
 2. EMC"
668,Dược lực học,Codein,Diphenhydramin,Nghiêm trọng,,"Tăng nguy cơ liệt ruột, tăng nguy cơ suy hô hấp và ức chế thần kinh trung ương[1,2], hạ huyết áp [2]","Tránh sử dụng đồng thời [1,2]. Nếu cần sử dụng đồng thời, sử dụng 1 trong 2 thuốc với liều thấp nhất và thời gian ngắn nhất [1]","1. Micromedex 2.0
2. EMC"
669,Dược lực học,Codein,Diazepam,Nghiêm trọng,,"Tăng nguy cơ suy hô hấp và ức chế thần kinh trung ương[1]
Tăng nguy cơ an thần, ức chế hô hấp, hôn mê và tử vong [2]","Tránh sử dụng đồng thời [1,2]. Nếu cần sử dụng đồng thời, sử dụng 1 trong 2 thuốc với liều thấp nhất và thời gian ngắn nhất [1]","1. Micromedex 2.0
 2. EMC"
670,Dược lực học,Codein,Sulpirid,Nghiêm trọng,,"Tăng nguy cơ suy hô hấp và ức chế thần kinh trung ương[1]
Tăng cường tác dụng an thần và hạ huyết áp[2]","Tránh sử dụng đồng thời [1,2]. Nếu cần sử dụng đồng thời, sử dụng 1 trong 2 thuốc với liều thấp nhất và thời gian ngắn nhất [1]","1. Micromedex 2.0
2. EMC"
671,Dược động học,Colchicin,Fluconazol,Nghiêm trọng,,"ức chế chuyển hóa colchicine qua trung gian CYP3A4 bởi fluconazole làm tăng nồng độ colchicine trong huyết tương và tăng nguy cơ nhiễm độc.[1,3]","Tránh phối hợp [1,2]
Giảm liều colchicin dựa theo chỉ định trong khi điều trị với Fluconazolnhư sau[1,3]:
+ Dự phòng gout: giảm liều colchicin 0,6mg x 2 lần/ngày xuống còn 0,6mg/lần/ngày; hoặc từ 0,6mg/lần/ngày còn 0,3mg/lần/ngày
+ Gout cấp: 1,2mg, lặp lại liều tiếp theo ít nhất sau 3 ngày
+ Sốt Địa Trung HẢi có tính gia đình: liều max colchicin 1,2mg/ngày chia làm 1-2 lần/ngày","1. Micromedex 2.0
2. EMC
3. DIF"
672,Dược lực học,Colchicin,Atorvastatin,Nghiêm trọng,,"Tăng nguy cơ bệnh cơ, tiêu cơ vân [1,2,3]","Thận trọng khi dùng đồng thời, theo dõi độc tính trên cơ (đau, yếu cơ) [1,3]","1. Micromedex 2.0
2. EMC
3. DIF"
673,Dược lực học,Colchicin,Rosuvastatin,Nghiêm trọng,,"có thể Tăng nguy cơ bệnh cơ, tiêu cơ vân [1,2,3]","Nếu cần thiết phải sử dụng đồng thời các thuốc này, hãy theo dõi bệnh nhân [1,3]
-","1. Micromedex 2.0
2. EMC
3. DIF"
674,Dược lực học,Colchicin,Simvastatin,Nghiêm trọng,,"Tăng nguy cơ bệnh cơ, tiêu cơ vân [1,2,3]","Thận trọng khi dùng đồng thời, theo dõi độc tính trên cơ (đau, yếu cơ) [1,3]","1. Micromedex 2.0
2. EMC
3. DIF 2015"
675,Dược lực học,Diclofenac,Meloxicam,Nghiêm trọng,,Tăng nguy cơ chảy máu[1],"Tránh phối hợp[1,2]","1. Micromedex 2.0
2. EMC"
676,Dược lực học,Domperidon,Amitriptylin,Nghiêm trọng,,"tăng kéo dài khoảng QT[1,2]","Nếu cần dùng chung, nên bắt đầu dùng domperidone ở liều thấp nhất có thể và được điều chỉnh một cách thận trọng[1]","1. Micromedex 2.0
2. EMC"
677,Dược động học,Domperidon,Diltiazem,Nghiêm trọng,,"ức chế chuyển hóa domperidone qua trung gian CYP3A4, làm tăng nồng độ domperidone trong huyết tương, gây ảnh hưởng nghiêm trọng đến tim (loạn nhịp thất và đột tử do tim).","Khuyến cáo không dùng đồng thời [4]
Lưu ý tương tác khi liều domperidone lớn hơn 30 mg/ngày và với bệnh nhân trên 60 tuổi. [1]
Nếu dùng đồng thời, Domperidone nên được bắt đầu với liều thấp nhất có thể và được chỉnh liều cẩn thận. Ngừng dùng domperidone nếu bệnh nhân bị chóng mặt, đánh trống ngực, ngất hoặc co giật.[1]","1. Micromedex 2.0
2. EMC
4. Công văn cục Quản lý Dược 9234"
678,Dược lực học,Enoxaparin,Diclofenac,Nghiêm trọng,,"giảm chức năng tiểu cầu; giảm đông máu; có thể làm tăng nguy cơ chảy máu.[1,3]","Nên ngừng sử dụng NSAID trước khi bắt đầu điều trị bằng LMWH. Nếu cần sử dụng đồng thời, theo dõi chặt chẽ các dấu hiệu và triệu chứng chảy máu[1,2,3]","1. Micromedex 2.0
2. EMC
3. DIF 2015"
679,Dược lực học,Enoxaparin,Meloxicam,Nghiêm trọng,,"giảm chức năng tiểu cầu; giảm đông máu; có thể làm tăng nguy cơ chảy máu.[1,3]","Nên ngừng sử dụng NSAID trước khi bắt đầu điều trị bằng LMWH. Nếu cần sử dụng đồng thời, theo dõi chặt chẽ các dấu hiệu và triệu chứng chảy máu[1,2,3]","1. Micromedex 2.0
2. EMC
3. DIF 2015"
680,Dược lực học,Enoxaparin,Ibuprofen,Nghiêm trọng,,"giảm chức năng tiểu cầu; giảm đông máu; có thể làm tăng nguy cơ chảy máu.[1,3]","Nên ngừng sử dụng NSAID trước khi bắt đầu điều trị bằng LMWH. Nếu cần sử dụng đồng thời, theo dõi chặt chẽ các dấu hiệu và triệu chứng chảy máu[1,2,3]","1.Micromedex 2.0
3.DIF 2015"
681,Dược lực học,Enoxaparin,Naproxen,Nghiêm trọng,,"Giảm chức năng tiểu cầu; giảm đông máu; có thể làm tăng nguy cơ chảy máu.[1,2,3]","Nên ngừng sử dụng NSAID trước khi bắt đầu điều trị bằng LMWH. Nếu cần sử dụng đồng thời, theo dõi chặt chẽ các dấu hiệu và triệu chứng chảy máu[1,2,3]","1. Micromedex 2.0
2. EMC
3. DIF 2015"
682,Dược lực học,Etoricoxib,Meloxicam,Nghiêm trọng,,"Tác dụng phụ hiệp đồng trên đường tiêu hóa. Sử dụng đồng thời tăng nguy cơ chảy máu trên tiêu hóa [1,2]","Tránh phối hợp [1,2]","1. Micromedex 2.0
2. EMC"
683,Dược lực học,Fenofibrat,Rosuvastatin,Nghiêm trọng,,"Tăng nguy cơ bệnh cơ hoặc tiêu cơ vân.[1,2,3]","Tránh phối hợp [1,2,3]
Nếu không thể tránh được việc dùng chung các thuốc này, thì phải giảm liều atorvastatin [1] và theo dõi chặt chẽ CK [1,2,3]","1. Micromedex 2.0
2. EMC
3. DIF 2015"
684,Dược lực học,Fenofibrat,Pravastatin,Nghiêm trọng,,"Ức chế cạnh tranh HMG-CoA. [3]
Tăng nguy cơ bệnh cơ hoặc tiêu cơ vân.[1,2,3]","Tránh phối hợp [1,2,3]
Nếu bắt buộc phải dùng chung, thận trọng và theo dõi chặt chẽ CK [1,2,3]","1. Micromedex 2.0
2. EMC
3. DIF 2015"
685,Dược lực học,Furosemid,Lisinopril,Trung bình,,"Hạ huyết áp tư thế (với liều đầu)[1,2]","Nếu có thể, ngưng thuốc lợi tiểu 2-3 ngày trước khi thêm thuốc ức chế men chuyển (ACEI). Nếu không thể, hãy bắt đầu ACEI với liều rất thấp vào buổi tối và theo dõi chặt chẽ huyết áp  trong 4 giờ sau khi sử dụng liều đầu.[1,2]","1. Micromedex 2.0
2. EMC"
686,Dược lực học,Furosemid,Ketorolac,Nghiêm trọng,,"Giảm tác dụng của thuốc lợi tiểu, có thể gây độc cho thận[1,2]",Theo dõi các dấu hiệu suy giảm chức năng thận và đảm bảo tác dụng trên lợi tiểu và huyết áp[1],"1. Micromedex 2.0
2. EMC"
687,Dược động học,Gemfibrozil,Pravastatin,Nghiêm trọng,,"Gemfibrozil ức chế vận chuyển pravastatin qua trung gian OATP1B1 và ​​OAT3 [1], làm giảm thanh thải Pravastatin[1,3]. Dẫn tới tăng nguy cơ xảy ra các tác dụng phụ liên quan đến cơ, bao gồm tiêu cơ vân.[1,2,3]","Tránh phối hợp [1,2,3]
Nếu cần điều trị đồng thời, hãy theo dõi độc tính trên cơ (đau hoặc yếu), và ngừng sử dụng nếu nồng độ CK tăng rõ rệt, hoặc nếu bệnh cơ/ tiêu cơ vân được chẩn đoán/nghi ngờ [1,3]","1. Micromedex 2.0
2. EMC
3. DIF 2015"
688,Dược lực học,Hydroxyzin,Levofloxacin,Nghiêm trọng,,Tăng kéo dài khoảng QT[1],Cân nhắc theo dõi chặt chẽ điện tâm đồ khi bắt đầu và trong khi điều trị đồng thời các thuốc kéo dài khoảng QT[1],"1. Micromedex 2.0
2. EMC"
689,Dược lực học,Kali clorid,Spironolacton,Nghiêm trọng,,"Tăng kali máu[1,2,3]","Ở bệnh nhân suy tim, ngừng bổ sung kali khi bắt đầu điều trị bằng spironolactone, Nếu dùng đồng thời, theo dõi chặt chẽ kali huyết thanh[1]
Chỉ dùng đồng thời khi bệnh nhân bị hạ kali máu. Tư vấn cho bệnh nhân về chế độ ăn uống nghiêm ngặt và theo dõi chặt chẽ nồng độ Kali huyết thanh [3]","1. Micromedex 2.0
2. EMC
3. DIF 2015"
690,Dược động học,Levofloxacin,Antacid,Trung bình,,"Antacid làm giảm hấp thu của QUINOLONES [1,2,3]","Dùng quinolon đường uống ít nhất hai giờ trước hoặc sau các sản phẩm có chứa nhôm, canxi hoặc magiê.[1,2]","1.Micromedex 2.0
3.DIF 2015"
691,Dược động học,Lisinopril,"Chế phẩm chứa kali (Kali clorid; Magnesi aspartat, kali aspartat)",Nghiêm trọng,,"Tăng kali máu[1,2,3]","Theo dõi nồng độ kali máu[1,2,3]","1.Micromedex 2.0
2.EMC
3.DIF 2015"
692,Dược động học,Lisinopril,Spironolacton,Nghiêm trọng,,"Tăng kali máu[1,2,3]","Theo dõi nồng độ kali máu[1,2,3]","1.Micromedex 2.0
2.EMC
3.DIF 2015"
693,Dược động học,Nifedipin,Phenobarbital,Nghiêm trọng,,"Giảm tác dụng của Nifedipin[1,2,3].","Tránh sử dụng đồng thời [1]
Tăng liều Nifedipin, nếu cần sử dụng đồng thời [3]","1.Micromedex 2.0
2.EMC
3.DIF 2015"
694,Dược động học,Nifedipin,Phenytoin,Nghiêm trọng,,"Giảm tác dụng của Nifedipine [1,2]
Tăng nguy cơ nhiễm độc Phenytoin [3]","Tránh phối hợp[1,2]
Theo dõi các triệu chứng độc tính của Phenytoin và theo dõi nồng độ Phenytoin khi bắt đầu/ ngừng sử dụng Nifedipin [3]","1.Micromedex 2.0
2.EMC
3.DIF 2015"
695,Dược động học,Nifedipin,Carbamazepin,Nghiêm trọng,,"Giảm tác dụng của Nifedipine [1,2]","Tránh phối hợp[1,2]","1.Micromedex 2.0
2.EMC"
696,Dược lực học,Paroxetin,Sumatriptan,Nghiêm trọng,,"Tăng nguy cơ mắc hội chứng serotonin [1,3]","Theo dõi chặt chẽ các triệu chứng hội chứng serotonin [1,3]
Ngưng dùng Paroxetin nếu bệnh nhân xuất hiện hội chứng serotonin [1,3], dùng thuốc đối kháng thuốc kháng serotonergic (ví dụ cyproheptadine) để điều trị triệu chứng [3]","1.Micromedex 2.0
2. EMC
3.DIF 2015"
697,Dược lực học,Perindopril,Spironolacton,Nghiêm trọng,,Tăng kali máu[1],"Theo dõi nồng độ kali máu [1,2]","1.Micromedex 2.0
2.EMC"
698,Dược lực học,Tramadol,Fluoxetin,Nghiêm trọng,,"Tăng nguy cơ mắc hội chứng serotonin, triệu chứng cai nghiện opioid [1,2,3]","Theo dõi chặt chẽ triệu chứng cai nghiện, hội chứng serotonin [1,3].
Giảm liều Tramadol nếu ngưng sử dụng Fluoxetin [1]","1.Micromedex 2.0
2.EMC
3. DIF 2015"
699,Dược lực học,Tramadol,Fluvoxamin,Nghiêm trọng,,"Tăng nguy cơ mắc hội chứng serotonin, triệu chứng cai nghiện, co giật [1,2,3]","Theo dõi chặt chẽ các cơn co giật, triệu chứng cai nghiện, hội chứng serotonin [1,3].
Giảm liều Tramadol nếu ngưng sử dụng Fluvoxamin [1]","1.Micromedex 2.0
2EMC
3.DIF 2015"
700,Dược lực học,Tramadol,Sertralin,Nghiêm trọng,,"Tăng nguy cơ mắc hội chứng serotonin, triệu chứng cai nghiện opioid [1,2,3]","Nếu dùng đồng thời, phải điều chỉnh liều Sertralin và theo dõi chặt chẽ các triệu chứng không mong muốn [1,3]
Giảm liều Tramadol nếu ngưng sử dụng Sertralin [1]","1.Micromedex 2.0
2.EMC
3.DIF 2015"
701,Dược lực học,Etoricoxib,Ketoprofen,Nghiêm trọng,,"Tăng nguy cơ chảy máu trên tiêu hóa [1,2]","Tránh phối hợp [1,2]","1. Micromedex 2.0
2. EMC"
702,Dược lực học,Amiodaron,Erythromycin (uống),Nghiêm trọng,,"Tăng nguy cơ kéo dài khoảng QT, loạn nhịp tim, xoắn đỉnh [1,2,3]","Nên tránh phối hợp [1,2,3]","1. Micromedex 2.0
2. EMC
3. DIF 2015"
703,Dược lực học,Acarbose,Gliclazide,Nghiêm trọng,,"Tăng nguy cơ hạ đường huyết [1,2]","Theo dõi chặt chẽ glucose máu. Điều chỉnh liều của một hoặc cả hai loại thuốc nếu cần. Tư vấn bệnh nhân mang theo viên nén glucose hoặc chế phẩm dạng lỏng glucose thay vì các sản phẩm chứa sucrose [1,2]","1. Micromedex 2.0
2. EMC"
704,Dược động học,Nifedipin,Clarithromycin,Nghiêm trọng,,"Clarithromycin ức chế mạnh CYP3A4 làm tăng nguy cơ gặp tác dụng không mong muốn của Nifedipine (hạ huyết áp, nhịp tim chậm, tổn thương thận cấp) [1,2,3]","Nếu cần dùng chung, cần điều chỉnh liều của nifedipine và theo dõi chặt chẽ nhịp tim, huyết áp của bệnh nhân [1,3].
Có thể thay clarithromycin bằng azithromycin [3]","1. Micromedex 2.0
2. EMC
3. DIF 2015"
705,Dược động học,Clarithromycin,Digoxin,Nghiêm trọng,,"Clarithromycin ức chế chuyển hóa digoxin qua P-gp  dẫn tới tăng nồng độ digoxin trong máu, có thể gây ngộ độc digoxin [1,2,3]","Đo nồng độ digoxin trong máu trước khi bắt đầu sử dụng clarithromycin [1]. Giảm liều digoxin đường uống từ 30% đến 50% [1]. Tiếp tục theo dõi nồng độ digoxin trong máu và các triệu chứng độc tính của digoxin [1,2,3].","1. Micromedex 2.0
2. EMC
3. DIF 2015"
706,Dược động học,Amlodipin,Simvastatin,Nghiêm trọng,,"Tăng nồng độ simvastatin trong máu dẫn tới tăng nguy cơ mắc bệnh cơ và tiêu cơ vân.[1,2,3]","Nếu cần dùng chung, liều simvastatin không được vượt quá 20 mg/ngày[1,2,3].
Những bệnh nhân đã điều trị ổn định trên 1 năm với simvastatin liều 80mg/ngày, nếu cần bắt đầu dùng amlodipin thì cần được chuyển sang statin khác [1]","1. Micromedex 2.0
2. EMC
3. DIF 2015"
707,Dược động học,Amiodaron,Simvastatin,Nghiêm trọng,,"Làm tăng độc tính của simvastatin [1,2,3]","Nếu cần dùng chung, liều simvastatin không được vượt quá 20 mg/ngày[1,2,3].
Những bệnh nhân đã điều trị ổn định trên 1 năm với simvastatin liều 80mg/ngày, nếu cần bắt đầu dùng amiodaron thì cần được chuyển sang statin khác (pravastatin) [1]","1. Micromedex 2.0
 2. EMC
 3. DIF 2015"
708,Dược động học,Amiodaron,Atorvastatin,Nghiêm trọng,,"Làm tăng độc tính của statin [1,2,3]","Nếu cần dùng chung, liều simvastatin không được vượt quá 20 mg/ngày[3].
Theo dõi chặt chẽ dấu hiệu của bệnh tiêu cơ vân, giám sát nồng độ CK trên bệnh nhân. Nếu có triệu chứng hoặc CK tăng lên rõ rệt thì cân nhắc dừng thuốc. Hoặc có thể thay thế bằng statin khác không chuyển hoá qua CYP3A4 (pravastatin) [1,2]","1. Micromedex
2. EMC
3. DIF 2015"
709,Dược động học,Fluconazol,Simvastatin,Nghiêm trọng,,"Fluconazol ức chế CYP 3A4 làm tăng nồng độ Simvastatin, tăng nguy cơ nhiễm độc cơ vân [1], [2], [3]","Theo dõi dấu hiệu và triệu chứng của bệnh cơ và tiêu cơ vân (đau cơ, mỏi cơ, yếu cơ) [1,2,3]
Theo dõi nồng độ creatine kinase (CK), ngừng sử dụng nếu nồng độ CK tăng cao rõ rệt, hoặc nếu chẩn đoán hoặc nghi ngờ bệnh cơ hoặc tiêu cơ vân [1,2]. Có thể thay thế bằng Paravastatin [3].","1. Micromedex 2.0
2. EMC
3. DIF 2015"
710,Dược động học,Fluconazol,Atorvastatin,Nghiêm trọng,,"Fluconazol ức chế CYP 3A4 làm tăng nồng độ Atorvastatin, tăng nguy cơ nhiễm độc cơ vân [1], [2], [3]","Theo dõi dấu hiệu và triệu chứng của bệnh cơ và tiêu cơ vân (đau cơ, mỏi cơ, yếu cơ) [1,2,3]
Theo dõi nồng độ creatine kinase (CK), ngừng sử dụng nếu nồng độ CK tăng cao rõ rệt, hoặc nếu chẩn đoán hoặc nghi ngờ bệnh cơ hoặc tiêu cơ vân [1,2]. Có thể thay thế bằng Paravastatin [3].","1. Micromedex 2.0
2. EMC
3. DIF 2015"
711,Dược lực học,Digoxin,Canxi,Nghiêm trọng,,"Tăng nguy cơ rối loạn nhịp tim và trụy tim mạch nghiêm trọng.[1]
Canxi được sử dụng qua đường truyền tĩnh mạch nhanh có thể gây ra rối loạn nhịp tim nghiêm trọng ở những bệnh nhân đang điều trị Digoxin cho những rối loạn tim mạch[1,2]","Theo dõi bệnh nhân cẩn thận, Canxi sử dụng đường uống không được khuyến cáo [1]","1. Micromedex
2. EMC"
712,Dược động học,Digoxin,Magie,Trung bình,,"Các muối Mg ngăn cản hấp thu Digoxin, làm giảm sinh khả dụng của DIGOXIN, hiệu quả điều trị có thể giảm [3]","Theo dõi bệnh nhân trong việc giảm đáp ứng điều trị, tăng liều DIGOXIN có thể cần thiết [3]",3. DIF 2015
713,Dược lực học,Enoxaparin,Aspirin,Nghiêm trọng,,"Tăng nguy cơ chảy máu.[1,2,3]","Theo dõi bệnh nhân chặt chẽ và đánh giá kịp thời bất kỳ dấu hiệu hoặc triệu chứng mất máu nào xảy ra ở bệnh nhân[1,3], theo dõi thời gian chảy máu [2], theo dõi các thông số đông máu [3]","1. Micromedex 2.0
2. EMC
3. DIF 2015"
714,Dược lực học,Diltiazem,Clarithromycin,Nghiêm trọng,,"Clarithromycin ức chế CYP 3A4 làm tăng nồng độ Diltiazem làm tăng nguy cơ hạ huyết áp [1,2,3], tăng độc tính trên tim mạch [3]","Tránh sử dụng đồng thời [1,3]
Theo dõi các dấu hiệu lâm sàng, cân nhắc thay đổi liều nếu cần thiết, theo dõi dấu hiệu tác dụng phụ của Dilitiazem (hạ huyết áp, độc tính trên tim mạch) [1]","1. Micromedex 2.0
2. EMC
3. DIF 2015"
715,Dược lực học,Diltiazem,Erythromycin,Nghiêm trọng,,"-Tăng nguy cơ nhiễm độc tim (kéo dài QT, xoắn đỉnh, ngừng tim).[1,3]
-Tăng nồng độ Diltiazem trong máu do Erythromycin ức chế CYP 3A4, tăng nguy cơ hạ huyết áp [3]","Tránh sử dụng đồng thời [1,3], theo dõi kéo dài khoảng QT nếu sử dụng đồng thời [1]","1. Micromedex
3. DIF 2015"
716,Dược động học,Carbamazepin,Clarithromycin,Nghiêm trọng,,"Ức chế chuyển hóa CYP3A4 làm tăng nồng độ Carbamazepin và do đó làm tăng độc tính Carbamazepin (chóng mặt, buồn ngủ, mất thăng bằng, hoa mắt, nhìn đôi) [1,2,3]
Cảm ứng chuyển hóa clarithromycin qua trung gian CYP3A4 bởi carbamazepine làm giảm nồng độ Clarithromycin [1]","Tránh sử dụng đồng thời [3]
Nếu sử dụng đồng thời hãy theo dõi chặt chẽ nồng độ carbamazepine và cân nhắc điều chỉnh liều của clarithromycin và / hoặc carbamazepine [1,2,3], thay thế bằng Azithromycin hoặc sử dụng kháng sinh khác mà không gây ra tương tác [3]","1. Micromedex
3. DIF 2015"
717,Dược động học,Carbamazepin,Erythromycin,Nghiêm trọng,,"Ức chế chuyển hóa CYP3A4 làm tăng nồng độ Carbamazepin và do đó làm tăng độc tính Carbamazepin (chóng mặt, buồn ngủ, mất thăng bằng, hoa mắt, nhìn đôi) [1,2,3]
Làm giảm nồng độ Erythromycin trong máu [1]","Nên tránh sử dụng đồng thời [3]
Nếu sử dụng đồng thời hãy theo dõi nồng độ của CBZ và quan sát độc tính trên bệnh nhân [2,3], cân nhắc dừng thuốc hoặc thay thế bằng macrolid khác (Azithromycin) hoặc kháng sinh khác thay thế mà không gây ra tương tác. [3]","1. Micromedex
2. EMC
3. DIF 2015"
718,Dược lực học,Adrenalin,Propranolol,Nghiêm trọng,,"Có thể gây tăng huyết áp và nhịp tim chậm do đối kháng tác dụng co mạch của Adrenalin [1,3], kháng epinephrine trong sốc phản vệ.[1]","- Nên tránh sử dụng đồng thời [1,3]. Nếu sử dụng đồng thời cần theo dõi cẩn thận bệnh nhân về huyết áp nặng [1,3]
- Nếu gặp tình trạng kháng epinephrine trong sốc phản vệ: dùng glucagon với liều cho người lớn là 1 đến 5 mg tiêm tĩnh mạch trong 5 phút sau đó truyền 5 đến 15 mcg / phút theo dõi đáp ứng; liều dùng cho trẻ em là 20 đến 30 mcg / kg (tối đa 1 mg) tiêm tĩnh mạch trong 5 phút, sau đó truyền 5 đến 15 mcg / phút theo dõi đáp ứng [1]
- Ngừng BETA-BLOCKER 3 ngày trước khi sử dụng Epinephrine. Theo dõi chặt chẽ các dấu hiệu lâm sàng. Nếu có các phản ứng trên tim mạch, một số thuốc có thể sử dụng bao gồm IV chlorpromazine, IV hydralazine, IV aminophylline hoặc atropine.[3]","1. Micromedex 2.0
3. DIF 2015"
719,Dược lực học,Levofloxacin,Azithromycin,Nghiêm trọng,,"Tăng nguy cơ kéo dài khoảng QT[1].
Tăng nguy cơ rối loạn nhịp tim đe doạ đến tính mạng, bao gồm cả xoắn đỉnh [3]","Nên tránh sử dụng đồng thời [1,2,3] đặc biệt trên những bệnh nhân cao tuổi hoặc bệnh nhân có yếu tố nguy cơ xoắn đỉnh (kéo dài QT, hạ Kali máu) [1]","1. Micromedex 2.0
2. EMC
3. DIF 2015"
720,Dược lực học,Levofloxacin,Clarithromycin,Nghiêm trọng,,"Tăng nguy cơ kéo dài khoảng QT[1].
Tăng nguy cơ rối loạn nhịp tim đe doạ đến tính mạng, bao gồm cả xoắn đỉnh [3]","Nên tránh sử dụng đồng thời [1,2,3] đặc biệt trên những bệnh nhân cao tuổi hoặc bệnh nhân có yếu tố nguy cơ xoắn đỉnh (kéo dài QT, hạ Kali máu) [1]","1. Micromedex 2.0
2. EMC
3. DIF 2015"
721,Dược lực học,Levofloxacin,Fluconazol,Nghiêm trọng,,"Tăng nguy cơ kéo dài khoảng QT, xoắn đỉnh [1,3].","Nên tránh sử dụng đồng thời [1,3]
Theo dõi chặt chẽ kéo dài khoảng QT nếu sử dụng đồng thời [3]","1. Micromedex 2.0
3. DIF 2015"
722,Dược lực học,Levofloxacin,Chlorpromazin,Nghiêm trọng,,"Tăng nguy cơ kéo dài khoảng QT [1,2,3]
Tăng nguy cơ gặp các tác dụng phụ trên tim, bao gồm loạn nhịp tim và xoắn đỉnh. [1,3]","Tránh sử dụng đồng thời [1,2,3]
Thay thế bằng một Quinolon khác không gây ra kéo dài khoảng QT hoặc không chuyển hóa qua CYP 3A4 [3]","1. Micromedex
2. EMC
3. DIF 2015"
723,Dược lực học,Moxifloxacin,Azithromycin,Nghiêm trọng,,"Tăng nguy cơ kéo dài khoảng QT[1].
Tăng nguy cơ rối loạn nhịp tim đe doạ đến tính mạng, bao gồm cả xoắn đỉnh [3]","Tránh dùng đồng thời [1,3] đặc biệt đối với bệnh nhân cao tuổi được điều trị bằng moxifloxacin IV [1]
Nếu sử dụng đồng thời, không vượt quá liều và tốc độ truyền moxifloxacin khuyến cáo, theo dõi những thay đổi trong khoảng QT.[1]","1. Micromedex 2.0
3. DIF 2015"
724,Dược lực học,Moxifloxacin,Clarithromycin,Nghiêm trọng,,"Tăng nguy cơ kéo dài khoảng QT[1].
Tăng nguy cơ rối loạn nhịp tim đe doạ đến tính mạng, bao gồm cả xoắn đỉnh [3]","Tránh dùng đồng thời [1,3] đặc biệt đối với bệnh nhân cao tuổi được điều trị bằng moxifloxacin IV [1]
Nếu sử dụng đồng thời, không vượt quá liều và tốc độ truyền khuyến cáo, theo dõi những thay đổi trong khoảng QT.[1]","1. Micromedex 2.0
3. DIF 2015"
725,Dược lực học,Moxifloxacin,Fluconazol,Nghiêm trọng,,"Tăng nguy cơ kéo dài khoảng QT[1].
Tăng nguy cơ rối loạn nhịp tim đe doạ đến tính mạng, bao gồm cả xoắn đỉnh [3]","Tránh dùng đồng thời [1,3] đặc biệt đối với bệnh nhân cao tuổi được điều trị bằng moxifloxacin IV [1]
Nếu sử dụng đồng thời, không vượt quá liều và tốc độ truyền khuyến cáo [1], theo dõi những thay đổi trong khoảng QT.[1,3]","1. Micromedex 2.0
3. DIF 2015"
726,Dược động học,Fluconazol,Theophylin,Nghiêm trọng,,"Tăng nồng độ theophylin [1,2]","Giám sát chặt chẽ nồng độ theophylin trong máu và các triệu chứng của ngộ độc theophylin khi sử dùng đồng thời với fluconazol [1,2]","1. Micromedex 2.0
2. EMC"
727,Dược lực học,Furosemid,Gentamicin,Nghiêm trọng,,"Có thể làm tăng nồng độ gentamicin trong huyết tương và mô, gây độc cho tai và / hoặc độc thận [1,2,3]","Nếu cần điều trị đồng thời, theo dõi độc tính trên tai và trên thận [1,3]. Cân nhắc giảm liều của 1 hoặc cả 2 thuốc khi sử dụng cho bệnh nhân suy giảm chức năng thận [3]","1. Micromedex 2.0
2. EMC
3. DIF 2015"
728,Dược lực học,Furosemid,Tobramycin,Nghiêm trọng,,"Có thể làm tăng nồng độ tobramycin trong huyết tương và mô, gây độc cho tai và / hoặc độc thận [1,2,3]","Nếu cần điều trị đồng thời, theo dõi độc tính trên tai và trên thận [1,3]. Cân nhắc giảm liều của 1 hoặc cả 2 thuốc khi sử dụng cho bệnh nhân suy giảm chức năng thận [3]","1. Micromedex 2.0
2. EMC
3. DIF 2015"
729,Dược động học,Levofloxacin,Theophylin,Nghiêm trọng,,"Giảm thanh thải theophylline, có thể dẫn đến ngộ độc theophylline (buồn nôn, nôn, đánh trống ngực, co giật) [1,2]",Giám sát chặt chẽ nồng độ theophylin trong máu và chỉnh liều phù hợp [1],"1. Micromedex 2.0
2. EMC"
730,Dược lực học,Piperacillin,Vancomycin,Nghiêm trọng,,"Tổn thương thận cấp [1,2]",Theo dõi chức năng thận khi sử dụng đồng thời [1],"1. Micromedex 2.0
2. EMC"
731,Dược lực học,"Flouroquinolon (Ciprofloxacin, Moxifloxacin, Levofloxacin)","Corticoid (Methylprednisolon, prednisolon, dexamethason)",Nghiêm trọng,,"Tăng nguy cơ đứt gân [1,2,3]","Ngừng flourquinolon ngay lập tức khi bệnh nhân bị đau, sưng ,viêm gân [1]","1. Micromedex 2.0
2. EMC
3. DIF 2015"
732,Dược lực học,"ACEI (Lisinopril, perindopril)","ARB (Irbesartan, valsartan, telmisartan, losartan)",Nghiêm trọng,,"Tăng nguy cơ xảy ra các tác dụng phụ (ví dụ: hạ huyết áp, ngất, tăng kali máu, thay đổi chức năng thận, suy thận cấp) [1,2]","Nên tránh phối hợp; tuy nhiên, nếu cần dùng chung, theo dõi chặt chẽ huyết áp, chức năng thận và điện giải [1]","1. Micromedex 2.0
2. EMC"
733,Dược lực học,"NSAIDs (Aspirin, Ketorolac, Dclofenac, Etoricoxib, Meloxicam)",Spironolacton,Nghiêm trọng,,"Làm giảm hiệu quả lợi tiểu, tăng kali máu, hoặc có thể gây độc cho thận [1,2]","Theo dõi các dấu hiệu suy giảm chức năng thận, đảm bảo tác dụng lợi tiểu và tác dụng trên huyết áp. Cân nhắc theo dõi nồng độ kali trong huyết thanh [1]","1. Micromedex 2.0
2. EMC"
734,Dược lực học,"NSAIDs (Aspirin, Ketorolac, Dclofenac, Etoricoxib, Meloxicam)",Furosemid,Nghiêm trọng,,"Giảm hiệu quả của furosemid [1,2,3], có thể gây độc cho thận [1]","Theo dõi các dấu hiệu suy giảm chức năng thận, đảm bảo hiệu quả lợi tiểu và hiệu quả trên huyết áp [1]. Cân nhắc tăng liều furosemid [3]","1. Micromedex 2.0
2. EMC
 3. DIF 2015"
735,Dược động học,Amlodipin,Clarithromycin,Nghiêm trọng,,"Clarithromycin ức chế chuyển hóa amlodipin qua Cyp3A4, làm tăng nguy cơ phơi nhiễm và gặp tác dụng phụ của amlodipin [1,2]","Cân nhắc chỉnh liều amlodipin và theo dõi các tác dụng phụ (hạ huyết áp ) [1,2]","1. Micromedex 2.0
2. EMC"
736,Dược động học,Pazopanib,"PPI (Esomeprazol, Pantoprazol, Rabeprazol)",Nghiêm trọng,,"Giảm sinh khả dụng của pazopanib [1,2]","Tránh phối hợp [1,2]
Nếu bắt buộc phải sử dụng đồng thời, uống pazopanib 1 lần/ngày vào buổi tối [1,2]","1. Micromedex 2.0
2. EMC"
737,Dược lực học,Methotrexat,Sulfamethoxazol/Trimethoprim,Nghiêm trọng,,"Tăng nguy cơ gặp độc tính của methotrexat (độc tính trên tủy xương, giảm bạch cầu) [1,2,3]","Tránh phối hợp [1,2,3]","1. Micromedex 2.0
2. EMC
3. DIF 2015"
738,Dược lực học,Gefitinib,Vinorelbin,Nghiêm trọng,,"Tăng nguy cơ gặp độc tính trên tủy, đặc biệt là giảm bạch cầu [1,2]",Nên tránh phối hợp [1],"1. Micromedex 2.0
 2. EMC"
739,Dược động học,Fentanyl,Nilotinib,Nghiêm trọng,,"Nilotinib ức chế chuyển hóa fentanyl qua Cyp3A4, làm tăng phơi nhiễm và ngộ độc fentanyl [1,2]","Thận trọng khi phối hợp, giám sát bệnh nhân và giảm liều fentanyl [1,2]","1. Micromedex 2.0
2. EMC"
740,Dược động học,Fentanyl,Imatinib,Nghiêm trọng,,"Imatinib ức chế chuyển hóa fentanyl qua Cyp3A4, làm tăng phơi nhiễm và ngộ độc fentanyl [1,2]","Thận trọng khi phối hợp, giám sát bệnh nhân và giảm liều fentanyl [1,2]","1. Micromedex 2.0
2. EMC"
741,Dược động học,Fentanyl,Fluconazol,Nghiêm trọng,,"Fluconazol ức chế chuyển hóa fentanyl qua Cyp3A4, làm tăng phơi nhiễm và ngộ độc fentanyl [1,2,3]","Thận trọng khi phối hợp, cân nhắc giảm liều fentanyl [1,3]","1. Micromedex 2.0
2. EMC
 3. DIF 2015"
742,Dược động học,Clarithromycin,Vinorelbin,Nghiêm trọng,,"Tăng phơi nhiễm với vinorelbin [1,2,3], tăng nguy cơ độc tính trên tủy [1,3]","Tránh phối hợp [1]
Nếu cần dùng đồng thời, cân nhắc giảm liều vinorelbin [1,3]","1. Micromedex 2.0
 2. EMC
 3. DIF 2015"
743,Dược động học,Clarithromycin,Midazolam,Nghiêm trọng,,"Tăng phơi nhiễm với midazolam, làm tăng và kéo dài tác dụng an thần [1,2,3]",Thận trọng khi phối hợp [2],"1. Micromedex 2.0
 2. EMC
 3. DIF 2015"
744,Dược động học,Clarithromycin,Fentanyl,Nghiêm trọng,,"Tặng nguy cơ ngộ độc fentanyl [1,2,3]","Thận trọng khi phối hợp [1,2,3]
Nếu cần sử dụng đồng thời, giảm liều fentanyl và theo dõi các tác dụng phụ trên thần kinh và hô hấp [1,3]","1. Micromedex
2. EMC
3. DIF 2015"
745,Dược lực học,Cisplatin,Vinorelbin,Nghiêm trọng,,"Giảm bạch cầu hạt [1,2]","Theo dõi các dấu hiệu và triệu chứng của suy tủy, đặc biệt là giảm bạch cầu hạt độ 3 và 4 [1]","1. Micromedex 2.0
2. EMC"
745,Dược động học,Levofloxacin,Maloox,Trung bình,,Giảm hấp thu levofloxacin => giảm hiệu quả điều trị,Uống cách xa nhau ít nhất 2 giờ,
