Hoạt chất,Hàm lượng,Biệt dược,Dạng bào chế,Nước sản xuất,Chỉ định,Chống chỉ định,Liều dùng,Liều dùng tối đa,Thận trọng,Sử dụng thuốc cho PN có thai và cho con bú,Tương tác thuốc,Tác dụng không mong muốn,Bảo quản,Tài liệu tham khảo,Hình ảnh biệt dược
Galantamin hydrobromid,5mg,Nivalin,Viên nén,Bulgaria,Điều trị sa sút trí tuệ Alzheimer từ nhẹ đến trung bình,"Mẫn cảm với bất kỳ thành phần thuốc
Suy gan nặng (child-Pugh >9)
Suy thận nặng (Creatinin < 9ml/phut)
Không dùng cho trẻ em
Đồng thời suy giảm nhiều chức năng gan và thận","1 viên (5mg)/lần x 2 lần/ngày x 4 tuần
Sau đó có thể tăng lên 2 v/l x 2 l/ngày",Suy gan/thận độ trung bình: Không quá 3 v/ngày,"- Tim mạch: BN loạn nhịp trên thất, dùng thuốc chậm tim
- Tiêu hóa: BN tiền sử loét dạ dày - tá tràng, đang dùng NSAIDs
- Tiết niệu: gây bí tiểu tiện
- Thần kinh: tăng nguy cơ co giật, động kinh
- Hô hấp: BN tiền sử hen or BPTNMT
- Người suy gan/thận từ nhẹ đến trung bình
- Khi gây mê dùng succinylcholin/thuốc chẹn thần kinh cơ","Cẩn trọng khi dùng cho PNCT
Không chỉ định thuốc với PN cho con bú","- Hiệp đồng thuốc giãn cơ
- Thuốc kháng chilinergic: đối kháng
- Thuốc kích thích cholinergic: hiệp đồng khi dùng đồng thời
- NSAIDs: tăng nguy cơ chảy máu tiêu hóa
- Thuốc chậm nhịp tim + ức chế beta: có khả năng xảy ra tt
- Thuốc ức chế CP450: thay đổi chuyển hóa
- Cimetidin, paroxetin: tăng AUCc, AUCt
- Amitriptylin, fluocetin, fluvoxamin, quinidin: giảm thanh thải","ADR>1/1000: buồn nôn, tiêu chảy, chán ăn, sụt cân, đau bụng, khó tiêu","<30 độ, trong bao bì gốc",https://drive.google.com/file/d/1_Co7jZ0ZI4A41MZ0TdGPp2BClcgk1hWo/view,
Cefaclor monohydrat,500mg,Met-cefaclor,Viên nang cứng,Romania,"Điều trị nhiễm khuẩn do vi khuẩn nhạy cảm:
- NK đường hô hấp
- Viêm tại giữa
- NK da và mô mềm
- NK đường tiết niệu","Quá mẫn với bất kỳ thành phần của thuốc
Quá mẫn với các cephalosporin khác","- Người lớn: 250mg mỗi 8h, có thể tăng gấp đôi liều nếu nặng
- Bệnh nhân đang thẩm tách máu: Khởi đầu 250mg-1g trước khi lọc máu, duy trì 250-500mg mỗi 6-8h
- Trẻ em: 20mg/kg/ngày chia nhiều lần sau 8h; VPQ/VP chia 3 lần; viêm tai giữa, viêm họng dùng cách nhau 12 giờ; nặng khuyến cáo 40mg/kg/ngày","- Người lớn: 4g
- Trẻ em: 1g","- Chức năng thận suy giảm rõ rệt
- Tiền sử bệnh dạ dày -  ruột, đặc biệt là viêm đại tràng
- Xét nghiệm Coombs dương tính có thể do thuốc
- Dương tích giả với glucose niệu",Thận trọng,"- Prothrombin ức chế bài tiết cefa
- Tăng thời gian prothrombin: wafarin + wafarin","- Tiêu chảy
- Dị ứng
- Rối loạn tăng động có hồi phục, kích động, lo lắng
- Tăng bạch cầu ái toan","<30 độ, trong bao bì gốc",https://drive.google.com/file/d/1cZgMlcw46w28yn0JPwWu6hGVX_v3eyLE/view,
"Amlodipine camsylate
Losartan kali","5mg/50mg
5mg/100mg",Cozaae XQ,viên nén bao phim,Hàn Quốc,Điều trị THA vô căn ở người lớn không kiểm soát tốt với đơn trị liệu bằng losartan hay amlodipine,"Tiền sử nhạy cảm với các hoạt chất hoặc dihydropyridine
PNMT,PNCB
Suy gan nặng
Hẹp van động mạch chủ nặng
BN bị sốc
BN ĐTĐ: Không dùng đồng thời với aliskiren",Liều khuyến cáo : 1 viên/ ngày,5mg/100mg,"BN bị giảm thể tích
BN có chế độ ăn hạn chế muối nghiêm ngặt
BN suy thận nặng hoặc đang thẩm phân
Tụt HA
Suy gan
Trẻ em <18 tuối",Thận trọng,"Dùng đồng thời các thuốc lợi tiểu giữ kali, thuốc bỏ sung kali, thay thế muối chứa kali có thể làm tăng kali huyết thanh
Giảm thải trừ lithi
Tổn hải chức năng thận với BN suy giảm CN thận
Theo dõi chặt chẽ Huyết áp,  chức năng thận và điện giải khi dùng COZAAR XQ với các thuốc ảnh hưởng đến RAAS
Không dùng Aliskiren với COZAAR với BN ĐTĐ
Enzym CYP 450 làm giảm nồng độ chuyển hóa các chất chuyển hóa có hoạt tính Losartan
Kết hợp với Simvastatin làm tăng 77% mức tiếp xúc của simvastatin
Chất ức chế CYP3A4 làm tăng nồng độ amlodipine gây hạ huyết áp, phù nề","RL hệ TK:Choáng váng, nhức đầu, buồn ngủ
RL toàn thân và tại chỗ: suy nhược, khó chịu ở ngực, đau ngực, chóng no, phù ngoại biên, phù ấn lõm
RL tiêu hóa: bụng khó chịu, khó tiêu, buồn nôn, viêm thực quản
RL da, mô dưới da: ngứa, mày đay
RL tim đỏ bừng, hạ HA tư thế đứng
RL hô hấp, ngực, trung thất: Khó thở
RL cơ quan cảm giác: chóng mặt
 RL thận và tiết niệu: đái rắt","<30 độ, trong bao bì gốc. Tránh ẩm",https://drive.google.com/file/d/1WPrVO8kPSspukCJN82_XXPAA_MNRD6Zw/view,
N-Acetyl DL-Leucine,500 mg,Savi Leucin,Viên nén,Việt Nam,Điều trị triệu chứng cơn chóng mặt,Quá mẫn với N-Acetyl DL-leucin hay bất kỳ thành phần nào của thuốc,"Người lớn: Uống 3 đến 4 viên 500 mg mỗi ngày, chia làm 2 lần/ngày",,,Không nên sử dụng,,"Rất hiếm gặp, ADR < 1/10000.
Phát ban (đôi khi kèm theo ngứa), nổi mày đay","Nơi khô, nhiệt độ không quá 30°C, tránh ánh sáng",http://drive.google.com/file/d/13FonZW1LB9fv3bx1V9dRfkrx7RuBvRd-/view,
"Paracetamol
Methocarbamol","P...325mg
M...400mg",SaviMetoc,Viên nén bao phim,Việt Nam,"Giảm đau liên quan đến co thắt cơ như đau lưng, co cứng cổ, trật khớp hoặc bong gân","- Quá mẫn với methocarbamol, paracetamol hoặc bất cứ thành phần nào của thuốc.
- Suy gan nặng
- Tổn thương não, động kinh.
- Hôn mê hoặc tiền hôn mê.
- Nhược cơ","Người lớn và trẻ em từ 12 tuổi trở lên
Uống 2 viên/lần, cách 6 giờ uống 1 lần
Không dùng SaviMetos cho trẻ em dưới 12 tuổi",8 viên/ngày,"Không dùng thuốc khác chứa P or M
Ngưng thuốc khi có phản ứng dị ứng
Thông báo nếu nghiện rượu, suy gan, thận, PNCT or CCB
Không dùng khi đang dùng IMAO hoặc đã ngưng IMAO trong vòng 2 tuần trước đó",Không nên dùng SaViMetoc ở phụ nữ có thai trừ khi lợi ích mang lại vượt hẳn nguy cơ,"- Tăng tác dụng: Chất ức chế và KT hệ TKTW, kháng cholinergic, hướng thần; Chống đông coumarin + dc indandion (liều cao dài ngày)
- Ức chế tác dụng: Pyridostigmine bromid
- Tăng độc tính: Rượu, isoniazid, chống lao","Ngưng thuốc và đến gặp bác sĩ hoặc cơ sở y tế gần nhất ngày nếu xuất hiện các phản ứng dị ứng như thở khò khè, phát ban và ngứa.","Nơi khô, nhiệt độ không quá 30°C, tránh ánh sáng",https://drive.google.com/file/d/1G9pZ5cBpo92KjqC2XN4rlmAj_vj6IVas/view,
Bisoprolol + hydroclorothiazid,"B...5mg
H....6,26mg",Savi Prolol Plus HCT 5/6.25,Viên nén,Việt Nam,Kiểm soát tình trạng tăng huyết áp,"- Quá mẫn với bất kỳ thành phần nào của thuốc, các thuốc lợi tiểu thiazide hoặc các dẫn xuất sulfonamide khác.
-  Suy tim cấp tính hoặc suy tim mất bù cần điều trị thuốc co cơ đường tiêm tĩnh mạch.
-  Sốc tim.
-  Block nhĩ thất độ II hoặc III.
-  Hội chứng nút xoang.
-  Block xoang-nhĩ
-  Nhịp tim chậm
-  Hen suyễn nặng.
-  Tắc động mạch ngoại vi và hội chứng Raynaud dạng nặng.
-  U tế bào ưa crom.
-  Suy thận nặng (độ thanh thải/creatinine ≤  30 ml/phút).
-  Suy gan nặng.
-  Toan chuyển hóa.
-  Hạ kali huyết kéo dài.
-  Chậm nhịp xoang nặng.
-  Vô niệu.",Khởi đầu: 1v/ngày,"20mg/12,5mg (~2 liều 10mg/6,25mg) mỗi ngày 1 lần","- Dấu hiệu về dịch và rối loạn chất điện giải
- Tăng acid uric huyết
- Tăng đường huyết",Khi lợi ích vượt nguy cơ,"- Tăng tác dụng: thuốc hạ huyết áp
- Không dùng phối hợp với thuốc beta khác
- Thận trọng dùng chung với các thuốc ức chế co bóp cơ tim, ức chế dẫn truyền nhĩ thất or thuốc trầm cảm","Thường gặp
- Rối loạn tiêu hóa
- Cảm giác lạnh hoặc tê tứ chi
- Chóng mặt, đau đầu, mệt mỏi","Nơi khô, nhiệt độ không quá 30°C, tránh ánh sáng",https://drive.google.com/file/d/1QM3B18c5eScIUy13fzQQu8gzItXIHVVA/view,
Deferasirox,90/180/360 mg,Jadenu,Viên nén bao phim,Rumani,"ĐT quá tài sắt mạn tính do truyền máu thường xuyên (≥ 7 ml hồng cầu lắng/kg/tháng) ở bệnh nhân từ 6 tuổi trở lên bị bệnh beta thalassaemia thể nặng.
ĐT quá tải sắt mạn tính do truyền máu khi chống chì định dùng deferoxamine hoặc điều trị bằng deferoxamine không thỏa đáng ở các nhóm bệnh nhân sau:
-trẻ em từ 2-5 tuổi bị bệnh beta thalassaemia thể nặng có quá tải sắt do truyền máu thường xuyên (≥ 7 ml hồng cầu lắng/kg/tháng),
- người lớn và trẻ em từ 2 tuổi trở lên bị bệnh beta thalassaemia thể nặng có quá tải sắt do truyền máu không thường xuyên (< 7 ml hồng cầu lăng/kg/thàng),
-  người lớn và trẻ em từ 2 tuổi trở lên bị các bệnh thiếu máu khác.
JADENU cũng được chỉ định để điều trị quá tải sắt mạn tinh đỏi hỏi liệu pháp thải sắt (chelat hóa sắt) khi chống chỉ định dùng deferoxamine hoặc điều trị bằng deferoxamine không thoa đáng ở bệnh nhân từ 10 tuổi trở lên bị hội chứng thalassaemia không phụ thuộc truyền máu.","Quá mẫn với bất kỳ thành phần của thuốc
BN có độ thanh thai creatinin ước tính< 60ml/phút",Liều khởi đầu:7-14mg/kg/ngày,28-40mg/kg/ngày,"-Tăng nồng độ creatinin huyết thanh > 33% ở ≥ 2 lần xét nghiệm liên tiếp, đôi khi vượt quá giới hạn trên của mức bình thường, xảy ra ở khoảng 36% bệnh nhân. Sự tăng này phụ thuộc liều dùng
-Trường hợp suy thận cấp đã được báo cáo sau khi sử dụng deferasirox hậu mãi
-Cần thận trọng để duy trì sự bú nước đầy đủ ở những bệnh nhân bị tiêu chảy hoặc nôn.
-Đã có báo cáo hậu mãi về nhiễm acid chuyển hóa xảy ra trong khi điều trị bằng deferasirox. Đa số những bệnh nhân này bị suy thận, bệnh ống thận (hội chứng Fanconi) hoặc tiêu chảy, hoặc các tinh trạng mà sự mất cân bằng acid-base là một biến chứng đã biết. Cần theo dõi cân bằng acid-base khi có chỉ định lâm sàng ở những nhóm bệnh nhân này. Cần xem xét tạm ngưng điều trị băng JADENU ở những bệnh nhân phát sinh nhiễm acid chuyển hóa.
- Bệnh lý thận (như hội chứng Fanconi) và suy thận liên quan đến những thay đổi trong ý thức khi có bệnh não do tăng amoniac máu đã được báo cáo",Khuyến cáo không sủ dụng,"-Không được kết hợp với các liệu pháp thải sắt khác
-rifampicin,carbamazepine, phenytoin, phenobarbital, ritonavir: giảm nồng đô toàn thân của JADENU
- Ciclosporin, simvastatin, thuốc tránh thai hormon, bepridil, ergotamine: giảm nồng độ midazolam
-Tránh sử dụng đồng thời deferasirox với repaglinide, paclitaxel
- Không khuyến cáo dùng đồng thời deferasirox với theophylline
- không khuyến cáo dùng deferasirox dạng viên với các chế phẩm kháng acid chứa nhôm.
- Dùng đồng thởi deferasirox với  acid acetylsalicylic ở liêu cao, corticosteroid hoặc bisphosphonate đường uống có thể làm tăng nguy cơ nhiễm độc đường tiêu hóa
- Sử dụng đồng thời deferasirox với thuốc chống đông cũng có thể làm tăng nguy cơ xuất huyết đường tiêu hóa. Cần phải theo dõi lâm sàng khi kết hợp deferasirox với các thuốc này.
-Dùng đồng thời deferasirox và busulfan dẫn đến gia tăng phơi nhiễm với busulfan (AUC), nhưng cơ chề tương tác vẫn chưa rõ ràng. Nếu có
thể, nên đánh giá dược động học (AUC, độ thanh thải) của liều thử nghiệm busulfan để cho phép điều chỉnh liều.",,,https://drive.google.com/file/d/19vyXEYEnLNa3clvMA4Faqf5VhyhgX40C/view,
Risedronat natri,35mg,Savirisone 35,Viên bén bao phim,Việt Nam,"Điều trị loãng xương sau mãn kinh để giảm nguy cơ gãy xương cột sống và gãy xương hông.
Điều trị loãng xương ở nam giới có nguy cơ gãy xương cao","Mẫn cảm với bất kỳ thành phần nào của thuốc.
Hạ calci huyết.
Phụ nữ có thai và cho con bú.
Suy thận nặng (Độ thanh thải creatinin < 30ml/phút)","- Người lớn: 1 viên 35mg/lần/tuần.
- Suy thận: Không cần chỉnh liều ở bệnh nhân suy thận nhẹ và trung bình.
- Không khuyến cáo sử dụng SaViRisone 35 cho trẻ em dưới 18 tuổi",,"- BN có tiền sử rối loạn thực quản gây chậm làm rỗng thực quản như hẹp hoặc không co giãn.
- BN không thể ngồi thẳng ít nhất 30 phút sau khi uống thuốc.
- BN đang mắc hoặc gần đây có vấn đề về tiêu hóa hoặc thực quản (bao gồm thực quản Barrett).",Không nên sử dụng,Không có nghiên cứu chính thức,"Nhẹ, trung bình
- Đau đầu, táo bón, khó tiêu, buồn nôn
- Đau cơ xương","Nơi khô, nhiệt độ không quá 30°C, tránh ánh sáng",https://drive.google.com/file/d/1JGiYl43tsod0pcpM1oi2lTpiowQkw6d8/view,
Doxazosin mesylate,2mg,Schaaf,Viên nén bao phim,Việt Nam,"- Kiểm soát tăng huyết áp
- Điều trị tắc nghẽn đường tiểu trong phì đại lãnh tính tuyến tiền liệt","Quá mẫn với dẫn chất quinazolin, doxazosin hoặc với bất kỳ thành phần nào của thuốc.
Bệnh nhân có tiền sử hạ huyết áp tư thế, phì đại lành tính tuyến tiền liệt và đồng thời bị tắc nghẽn đường tiết niệu trên, nhiễm trùng đường tiết niệu mạn tính hoặc sỏi bàng quang.
Phụ nữ cho con bú (chỉ cho chỉ định tăng huyết áp).
Bệnh nhân bị tụt huyết áp (chỉ cho chỉ định phì đại lành tính tuyến tiền liệt).
Doxazosin chống chỉ định dùng đơn trị ở bệnh nhân bị tràn bàng quang hoặc vô niệu kèm hoặc không kèm suy thận tiến triển.",Người lớn: 1 - 2mg/1 lần/ngày (huyết áp); 1 - 4mg/ngày,Không quá 16mg/ngày,"- Hạ huyết áp tư thế/hôn mê
- Dùng thuốc ở BN có tình trạng cấp tính ở tim
- BN suy gan, thận
- Dùng đồng thời với các thuốc ức chế PDE5
- Bệnh nhân phẫu thuật đục thủy tinh thể
- Cương dương kéo dài
- Khám sàng lọc ung thư tiền liệt tuyến
- Tá dược polysorbate có thể gây dị ứng, dầu thầu dầu gây buồn nôn, đau bụng, tiêu chayt",Chỉ được dùng khi cần thiết,Thuốc ức chế PDE-5 (gây hạ áp); Thuốc hạ áp khác; NSAID; Cimetidin; Estrogen.,"Chóng mặt, đau đầu; Đánh trống ngực, hạ huyết áp tư thế; Khó thở; Buồn nôn; Suy nhược, phù.","Nơi khô ráo, tránh ánh sáng, dưới 30°C.",https://drive.google.com/file/d/1zIsjOXXbuAskYeyDofaiUwiOkPqdfQF4/view,
Bromhexin hydroclorid,16mg,Agi-Bromhexine® 16,Viên nang cứng,Việt Nam,"Rối loạn tiết dịch phế quản, nhất là trong viêm phế quản cấp tính  của viêm phế quản mạn tính.
Bromhexin thường được dùng như một chất bổ trợ với kháng sinh, khi bị nhiễm khuẩn nặng đường hô hấp",Mẫn cảm với bromhexin hoặc với bất kỳ thành phần nào của thuốc,"Người lớn và trẻ em trên 10 tuổi: Uống 1 viên/lần, ngày uống 3 lần",,"- Tránh phối hợp với thuốc chống ho, giảm tiết phế quản
- BN tiền sử loét dạ dày
- BN hen
- BN suy gan or suy thận, người cao tuổi or suy nhược, yếu, trẻ em",Không khuyến cáo,"Không phối hợp bromhexin với thuốc làm giảm tiết dịch (giảm cả dịch tiết khí phế quản) như các thuốc kiểu atropin (hoặc anticholinergic) vì làm giảm tác dụng của bromhexin. Không phối hợp với các thuốc chống họ.
Khi kết hợp bromhexin với các kháng sinh (amoxicilin, cefuroxim, erythromycin, doxycyclin) làm tăng nồng độ kháng sinh vào mô phổi và phế quản","It gặp: 1/1000 <ADR< 1/100
Tiêu hóa: Đau vùng thượng vị, buồn nôn, nôn, tiêu chảy.
Thần kinh: Nhức đầu, chóng mặt, ra mồ hôi.
Da: Ban da, mày đay.
Hô hấp: Nguy cơ ứ dịch tiết phế quản ở người bệnh không có khả năng khạc đờm.","Nơi khô, nhiệt độ không quá 30°C, tránh ánh sáng",https://drive.google.com/file/d/1jk47MhT5pYSZIPeFBHDtOZXU4MiBFMHr/view,
Furosemid,40mg,Agifuros,Viên nén tròn,Việt Nam,"Agifuros là thuốc lợi tiểu thuộc nhóm sulfonamid, được chỉ định trong điều trị các tình trạng sau:
- Phù phổi cấp.
- Phù do suy tim, suy gan, suy thận và các loại phù khác.
- Tăng huyết áp, đặc biệt khi có tổn thương thận.
- Tăng calci huyết.","Mẫn cảm với furosemid hoặc các dẫn chất sulfonamid.
- Rối loạn điện giải nặng (hạ natri, hạ kali, giảm thể tích máu).
- Mất nước và/hoặc tụt huyết áp.
- Tiền hôn mê gan, hôn mê gan kèm xơ gan.
- Vô niệu hoặc suy thận do thuốc độc với thận hoặc gan.
- Bệnh Addison.
- Nhiễm độc digitalis.
- Phụ nữ đang cho con bú.","- Người lớn và trẻ em trên 12 tuổi:
+ Điều trị phù: Liều uống ban đầu thường là 40mg/ngày. Có thể điều chỉnh liều tùy theo đáp ứng lâm sàng. Liều có thể tăng tới 600mg/ngày nếu cần thiết.
+ Phù nhẹ: Có thể dùng liều 20mg/ngày hoặc 40mg cách nhật.
+ Điều trị tăng huyết áp: 40–80mg/ngày, có thể dùng đơn độc hoặc phối hợp với các thuốc hạ áp khác.
+ Điều trị tăng calci huyết: 120mg/ngày, chia 2–3 lần.
- Trẻ em dưới 12 tuổi: Liều dùng tính theo cân nặng và sử dụng dạng bào chế phù hợp.",,"- Người bị suy gan, suy thận, người cao tuổi.
- Bệnh nhân đái tháo đường, bệnh gout.
- Người có nguy cơ rối loạn điện giải, giảm thể tích tuần hoàn.
- Người bị phì đại tuyến tiền liệt hoặc bí tiểu tiện.
- Bệnh nhân giảm protein huyết (ví dụ hội chứng thận hư): cần hiệu chỉnh liều",Chỉ dùng khi thật sử cần thiết,"- Tăng nguy cơ độc tính: aminoglycosid, cephalosporin, vancomycin, lithium, digoxin.
- Tăng tác dụng hạ huyết áp: thuốc giãn mạch, ức chế men chuyển, nitrat, theophyllin, rượu, thuốc mê.
- Giảm hấp thu hoặc giảm tác dụng: sucralfat, cholestyramin, carbamazepin.
- Làm thay đổi nồng độ đường huyết: thuốc đái tháo đường.
- Tăng nguy cơ hạ kali máu: corticosteroid, cam thảo, thuốc nhuận tràng, chất kích thích thần kinh trung ương.","Các tác dụng phụ có thể gặp, đặc biệt khi dùng liều cao, kéo dài:
Rất thường gặp (>1/10):
- Hạ huyết áp, chóng mặt, rối loạn điện giải (hạ kali, natri, calci, magnesi), nhiễm calci thận ở trẻ em.
Thường gặp (1/100 – 1/10):
- Rối loạn tiêu hóa: buồn nôn, tiêu chảy, táo bón.
- Tăng acid uric, tăng cholesterol và triglycerid, tăng đường huyết.
 Ít gặp (1/1000 – 1/100):
- Điếc (có thể không hồi phục), loạn nhịp, đau cơ, tiểu khó, mệt mỏi.","Nơi khô, nhiệt độ không quá 30°C, tránh ánh sáng",https://drive.google.com/file/d/1qBjAVLKmtVCH9cP6HdTaUlu3ymeMddbn/view,
Clindamycin  hydrochloride,"150mg
300mg",Hyuga,Viên nang cứng,Việt Nam,"ĐT nhiễm khuẩn nặng do các vi khuẩn Gram dương hiếu khí nhạy cảm, staphylococci (cả penicillinase và non-penicillinase), streptococci (trừ Streptococcus faecalis) và pneumococci hoặc các vi khuẩn kỵ khí nhạy cảm với thuốc.","Có tiền sử quá mẫn với clindamycin, lincomycin hoặc bất kỳ thành phần nào của thuốc. Không nên dùng clindamycin cho bệnh nhân đang bị tiêu chảy.","-Người lớn:
150 - 300 mg/6 giờ
Nghiêm trọng của nhiễm khuẩn có thể kê liều 300 - 450 mg/6 giờ.
-Trẻ em:
 3 - 6 mg/kg mỗi 6 giờ dựa
Trẻ dưới 1 tuổi và/hoặc dưới 10 kg có thể dùng liều thấp hơn.
-Bệnh nhân suy thận và/hoặc suy gan: Không cần thiết thay đổi liều clindamycin ở những bệnh nhân suy thận hoặc suy gan. Lưu ý: Điều trị nhiễm khuẩn do Streptococcus beta hemolytic lần huyết nên được tiếp tục ít nhất 10 ngày để phòng ngừa xảy ra sốt thấp khớp hoặc viêm tiểu cầu thận",,"-Người có tiền sử bệnh dạ dày - ruột, đặc biệt là viêm đại tràng.
Xét nghiệm chức năng gan và thận định kỳ nên được tiến hành trong suốt quá trình điều trị kéo dài, kể cả trẻ sơ sinh và trẻ nhỏ.
-SD clindamycin kéo dài, có thể dẫn đến bội nhiễm do vi khuẩn kháng clindamycin.
-Thận trọng trong việc sử dụng clindamycin ở người bị dị ứng.
- không dùng thuốc này để điều trị viêm màng não.
-Việc sử dụng clindamycin có thể làm dẫn đến sự phát triển vượt trội của các vi sinh vật không nhạy cảm đặc biệt là nấm men.
-Cảnh báo tá dược :Viên nang clindamycin có chứa lactose, Bệnh nhân bị các rối loạn di truyền hiếm gặp như không dung nạp galactose, thiếu Lapp lactase hoặc rối loạn hấp thu glucose - galactose thì không nên dùng thuốc này.","- Người mẹ nên ngừng cho con bú trong suốt quá trình điều trị.
-Không nên dùng clindamycin cho phụ nữ đang cho con bù do có thể gây ra các phản ủng bất lợi nghiêm trọng trên trẻ sơ sinh","-Thuốc giãn cơ: Clindamycin được thấy có đặc tinh chẹn thần kinh cơ nên có thể làm tăng tác dụng của các thuốc chẹn thần kinh cơ. Do vậy, cần thận trọng trên các bệnh nhân đang dùng các thuốc này.
-Thuốc kháng sinh:
Không dùng đồng thời clindamycin và erythromycin
Neostigmine và pyridostigmine: Clindamycin đối khủng với các thuốc kháng cholinesterase.
-Vaccin: tránh dùng clindamycin trong 3 ngày trước và sau khi tiêm chủng ngừa thương hàn.
-Thuốc chống đông kháng vitamin K: thường xuyên theo dõi các kết quả xét nghiệm đông máu ở những bệnh nhân đang sử dụng thuốc kháng vitamin K.như warfarin, acenocoumarol và fluindione","-Nhiễm trùng và nhiễm ký sinh trùng:Viêm đại tràng giả mạc, Viêm đại tràng do Clostridium difficilo, nhiễm khuấn âm đạo
-RL máu và hệ bạch huyết: Mất bạch cầu hạt, giảm bạch câu, giảm bạch cầu trung tính, giảm tiểu cầu, tăng bạch cầu ưa eosin
-RL hệ miễn dich:Sốc phản vệ, phản ứng dạng phản vệ, phản ứng phản vệ, quá mẫn
-RL hệ thần kinh: RL vị giác
-RL tiêu hóa: đau bụng, tiêu chảy, buồn nôn, nôn, viêm thực quản, loét thực quản
-RL gan mật: vàng da
-RL da và mô dưới da: ngứa, mày đay, hồng cầu đa dạng, Hoại từ biểu bị nhiễm độc
(TEN), hội chứng Stevens-Johnson (SJS), phản ứng do thuốc kèm tăng bạch cầu ưa eosin và những triệu chứng toàn thân (DRESS), ngoại ban mụn mù loàn thân cấp tính (AGEP), phủ mạch, viêm da tróc vày, viêm da bọng nước, ban dạng sởi
-RL cơ xương: viêm đa khớp
- Xét nhiệm chức năng gan bất thường","Nơi khô ráo, nhiệt độ không quá
30°C, tránh ánh sáng.",https://drive.google.com/file/d/1EoHjg_UQPUAFExPOtfU4_wCQ8grjkqgU/view,
Donepezil hydroclorid,5mg,Alzepil,Viên nén bao phim,Hungary,Điều trị triệu chứng suy giảm trí nhớ ở mức độ nhẹ   hoặc vừa trong bệnh Alzheimer,Mẫn cảm với donepezil hydroclorid; các dẫn xuất của piperidin hoặc với bất   kỳ thành phần tá dược nào của thuốc,Người lớn/người già: 5 - 10mg/lần/ngày,,"- Gây mê: tăng cười sự giãn cơ
- Tim mạch: chậm nhịp tim
- BN nguy cơ u loét đường tiêu hóa cao or đang dùng NSAIDs
- Có thể gây bí tiểu
- Hội chứng an thần kinh ác tính: BN dùng đồng thời thuốc chống loạn thần
- BN tiền sử hen suyễn or COPD",Không nên sử dụng,"- Thuốc ức chế CYP3A4: Ức chế chuyển hóa donepezil
- Thuốc cảm ứng enzym: Giảm nồng độ donepezil","- Thường gặp nhất là tiêu chảy, co rút cơ, mệt mỏi, buồn nôn, nôn và mất ngủ
- Chóng mặt, nhức đầu, đau, tai nạn và cảm lạnh thông thường","Bảo quản ở nhiệt độ không quá 30°C, giữ thuốc trong hoa bị gốc để tránh ẩm",https://drive.google.com/file/d/1_WREJlNvEitoKbqySuAvmyeGi-DUOYf3/view,
Amiodaron hydroclorid,200mg,Amcoda 200,Viên nén,Việt Nam,"- Dự phòng và điều trị: Loạn nhịp thất (sơn nhanh thất tái phát hoặc rung thất tái phát), đặc biệt khi không đáp ứng với điều trị thông thường chống loạn nhịp.
- Dự phòng và điều trị: Loạn nhịp trên thất tái phát kháng lại điều trị thông thường, đặc biệt khi có kết hợp hội chứng W-p-W (Wolf-Parkin son-White) bao gồm rung nhĩ, cuồng động nhĩ","sốc ca tim; suy nút xoang nặng dẫn đến nhịp chậm xoang và blốc xoang nhĩ blốc nhĩ - thất độ II III; blốc nhánh hoặc bệnh nút xoang (chỉ dùng khi có máy tạo nhịp); chậm nhịp từng cơn gây ngắt, trừ khi dùng cùng với máy tạo nhịp. Amiodaron cũng chống chỉ định cho người bệnh quá mẫn với iod hoặc bất kỳ thành phần nào của thuốc, bệnh tuyến giáp hoặc nghi ngờ mắc bệnh tuyến giáp, hạ huyết áp động mạch; phẫu thuật laser khúc xạ","- Người lớn:
Bắt đầu 200mg/lần x3 lần mỗi ngày trong 1 tuần, sau đó 200mg/lân x2 lần mỗi ngày trong 1 tuần, sau đó liều duy trì thống thưởng 200 mg hoặc Ít hơn mỗi ngày, tùy theo đáp ứng.
Trong một số trường hợp, có thể phải dùng liều tấn công cao hơn (800mg/ngày), cho đến khi kiểm soát được bệnh hoặc xuất hiện tác dụng có hại quá mức. Sau đó giảm liều dần đến liều duy trì thấp nhất có tác dụng (100-400 mg/ngày),
- Loạn nhịp thất đe dọa tính mạng:
Liễu tấn công: 800 - 1600 mg/ngày trong 1 - 3 tuần hoặc cho tới khi có đáp ứng điều trị ban đầu. Điều chỉnh liệu khi đã kiểm soát được loạn nhịp hoặc khi xuất hiện tác dụng có hại quá mức, giảm liều tới 600 - 800 mg/ngày, trong khoảng 1 tháng. Liều duy trì 400 - 600 ng/ngày, nếu có thể, giảm liều tới 200 mg/ngày
- Trẻ em: Trẻ em 12 - 18 tuổi: 200 mg/lần, 3 lần/ngày trong 1 tuần, sau đó 200mg/lần x2lần/ngày trong 1 tuần, sau đó thường 200 mg/ngày, điều chỉnh theo đáp ứng.
- Trẻ em 1 tháng - dưới 12 tuổi: Bắt đầu 5 - 10 mg/kg (tối đa 200 mg) x2 lần/ngày trong 7 - 10 ngày, sau đó giảm liều, duy trì 5 - 10 mg/kg ngày uống 1 lần (tối đa 200 mg/ngày)
-Đối với liều 100mg/lần: Sử dụng viên nên AMCODA 100.",,"- Độc tính cao => dùng trong bệnh viện
- Làm nặng thêm tình trạng loạn nhịp or gây ra loạn nhịp
- BN suy tim sung huyết
- BN lớn tuổi, BN tiền sử bị rối loạn chắc năng tuyến giáp
- BN có bệnh về gan, phổi
- Người đc gây mê đang sử dụng amiodaron hoặc đã dùng thuốc trong vòng 1-2 tháng qua",Không sử dụng,"Hiệp đồng tác dụng
- Thuốc kéo dài khoảng QT
- Thuốc chống loạn nhịp
- Thuốc tiêu cơ vân
- Thuốc chẹn beta và calci
Thuốc ức chế CYP3A4 làm tăng nồng độ amiodaron","Thường gặp, ADR 100
Thần kinh: Run, khô chịu, mệt mỏi, tê cóng hoặc đau nhói ngăn chân, ngón tay, mất điều hòa, hoa mắt và dị cảm.
Tiêu hóa: Buồn nôn, nôn, chán ăn và táo bón.
Tuần hoàn: Gây loạn nhịp, tim chậm, blốc nhĩ - thất và suy tim.
Hô hấp: Viêm phế nặng lan tỏa hoặc xơ phải hoặc viêm phổi kẽ.
Đại Mẫn cảm ánh nắng gây ban đồ, nhiễm sắc tố da
Mắt: Rối loạn thị giác.
Nội tiết: Suy giáp trạng, cường giáp trạng.
Các phản ứng khác: Nóng bừng, thay đổi vị giác và khứu giác, rối loạn đồng mẫu.","Nơi khô ráo, nhiệt độ không quá 30độ, tránh ánh sáng",https://drive.google.com/file/d/1bcAQHlBHgXBrkZdXizgrS-b5JadZ7G74/view,
Hydroxyurea,500mg,Hytinon,Viên nang cứng,Hàn Quốc,"-Điều trị bệnh bạch cầu mạn tính dòng tủy.
-Kết hợp với xa trị để điều trị ung thư cổ tử cung.","-Bệnh nhân mẫn cảm với hydroxyurea hay bất cứ thành phần nào của thuốc.
-Bệnh nhân bị giảm bạch cầu đáng kê (<2,5 x 109/L), giảm tiểu cầu (<100 x 109/L), hay thiếu máu nặng.","-Điều trị liên tục: Hydroxyurea 20-30 mg/kg đùng một liều mỗi ngày. Chỉnh liều dựa vào cân nặng thực tế hay căn nặng lý tưởng của bệnh nhân, tùy theo cần nặng nào thấp hơn. Nên theo dõi điều trị bằng cách lặp lại các xét nghiệm công thức máu.
-Điều tri gián đoạn: Hydroxyurea 80 mg/kg dùng một liều mỗi 3 ngày. Với chế điều trị gián đoạn, ít có nguy cơ giảm bạch cầu hơn, nhưng nếu giảm bạch cầu vẫn xáy ra, nên bỏ qua 1 hay nhiều liều hơn của hydroxyurea.
-Các bệnh nhân lớn tuổi có thể nhạy cảm hơn với tác động của hydroxyurea, và có thể cần phải dùng liều thấp hơn.
-Suy giảm chức năng thận:giảm liều hydroxyurea ở những đổi tượng này.",,"-Kiếm tra tính trạng tổng thể của máu bao gôm dánh giá chức năng tủy xương, cũng như chức năng gan và thận trước và trong khi điêu trị.
-Ung thư thứ phát ở bệnh nhân rối loạn tăng sinh tủy xương (như đa hồng cầu) khi điều trị hydroxyurea kéo dài. Chưa rõ mối liên quan trực tiếp giữa hydroxyurea và bệnh nền.
-Ung thư da cũng đã được ghi nhận ở bệnh nhân dùng hydroxyurea dài ngày. Khuyến cáo bệnh nhân bảo vệ da khỏi ánh nắng, tự theo dõi tổn thương da và được tầm soát ung thư thứ phát trong các lần thăm khám định kỳ.
- Hoại tử mạch máu da ở bệnh nhân rối loạn tăng sinh tủy xương trong quá trình điều trị với hydroxyurea. Nguy cơ tăng ở bệnh nhân đã hoặc đang điều trị bằng interferon. Khi xuất hiện viêm loét mạch máu da, cần ngừng hydroxyurea và thay thế bằng thuốc độc tế bào khác.
-Hydroxyurea có thể gây tăng acid uric huyết, dẫn đến bệnh gút hoặc bệnh thận do acid uric, đặc biệt khi dùng phối hợp với các thuốc độc tế bào khác. Cần theo dõi định kỳ nồng độ acid uric và đảm bảo đủ lượng nước đưa vào cơ thể trong quá trình điều trị.
-Tiêm chủng: Không khuyến cáo sử dụng vaccin chứa vi rút sống trong khi điều trị và ít nhất 6 tháng sau khi ngừng hydroxyurea do nguy cơ nhiễm khuẩn nghiêm trọng và giảm đáp ứng miễn dịch với vaccin.",Khuyến cáo không sủ dụng,"Hoạt tính ức chế tủy xương có thể xảy ra ở BN đã hoặc dang dùng tiệu pháp xa trị hoặc thuốc gây độc tế bào. Viêm tụy gây/không gây từ vong đã xảy ra ở những bệnh nhãn nhiễm HTV trong khi điều trị với hydroxyurea và didanosin, phối hợp hoặc không phối hợp với stavudin. Độc tính trên gan và suy gan dẫn đến tử vong được báo cáo sau khi đưa thuốc ra thị trường trên những bệnh nhân HIV điều trị với hydroxyurea và các thuốc ức chế retrovirus khác. Biển cố ở gan gây tử vong thưởng được báo cáo ở những bệnh nhãn điều trị phối hợp hydroxyurea, didanosin và sta vudin. Nên tránh dùng phối hợp nảy. Viêm thần kinh ngoại biên, thường nghiêm trọng ở một số trường hợp, dã được báo cáo ở những bệnh nhân nhiễm HIV dùng hydroxyurea phổi hợp với các thuốc kháng retrovirus, bao gôm didanosin, phối hợp hoặc không phối hợp với stavudin.
Các nghiên cứu cho thấyy hydroxyurea có ảnh hướng trên kêt quả phân tích đổi với các enzym (urease, uricase, và lactic dehydrogenase) sử dụng để định lượng urê, acid unic và acid lactic, làm tăng gia các kết quả của các xét nghiệm này ở những bệnh nhân điều trị với hydroxyurea.
Tiêm vaccin: Tăng nguy cơ nhiễm trùng nghiêm trọng hoặc gây tử vong khi dùng chung với vaccin sống. Khuyến cáo không dùng racein sống ở những bệnh nhân suy giảm miễn dịch","-Ức chế tủy xương là độc tính chính của hydroxyurea.
Rất thường gặp:
-Rối loạn máu và hệ tạo máu: suy tủy, giảm bạch cầu, giảm tiểu cầu, thiếu máu, giảm CD4.
-Rối loạn tiêu hóa: viêm tụy, buồn nôn, nôn, tiêu chảy, viêm dạ dày, táo bón, viêm niêm mạc, đau bụng, phân đen.
-Rối loạn da và mô dưới da: tăng sắc tố da, viêm da, ban da, sẩn, rụng tóc, loét da, sẹo, hôi đầu, thay đổi móng.
-Rối loạn toàn thân: sốt, suy nhược, ớn lạnh, mệt mỏi.
Thường gặp:
-Ung thư da và các khối u lành/ác tính.
-Rối loạn tâm thần: ảo giác, mất phương hướng.
-Rối loạn thần kinh: co giật, chóng mặt, đau đầu, buồn ngủ.
-Rối loạn hô hấp: xơ phổi, phù phổi, thâm nhiễm phổi, khó thở.
-Rối loạn gan: viêm gan, tăng men gan, vàng da.
Hiếm gặp: Nhiễm khuẩn và ký sinh trùng: hoại tử.
Khác:
-Độc tính mạch máu da (viêm loét, hoại tử), tăng nguy cơ khi dùng cùng interferon.
-Tăng acid uric, tăng ure, tăng creatinin.
-Viêm tụy, độc gan và viêm thần kinh ngoại biên nặng, đặc biệt ở bệnh nhân HIV dùng phối hợp với didanosin, stavudin.","Dưới 30°C, nơi khô ráo, tránh ánh sáng",https://drive.google.com/file/d/1gNSc6zZPLfvt7FGS5xyhf27OuNKUxSM9/view,
"Perindopril 3,34mg + Amlodipine 10mg","3,34/10",Amlessa,Viên nén,Solvenia,Điều trị thay thế trong tăng huyết áp vô căn và/hoặc bệnh mạch vành ổn định ở bệnh nhân đã được kiểm soát đồng thời bằng perindopril và amlodipine ở hàm lượng tương tự,"- Mẫn cảm với perindopril (hoặc thuốc ức chế ACE khác), amlodipine (hoặc các dihydropyridin khác) hay bất kỳ tá dược nào của thuốc.
- Tiền sử phù mạch liên quan đến thuốc ức chế ACE, phù mạch di truyền hoặc tự phát.
- Phụ nữ mang thai: Chống chỉ định trong 3 tháng giữa và 3 tháng cuối thai kỳ.
- Dùng đồng thời với Sacubitril/Valsartan: Do nguy cơ phù mạch.
- Sử dụng cùng Aliskiren: Ở bệnh nhân đái tháo đường hoặc suy thận (GFR < 60 ml/phút).
- Liên quan đến Amlodipine: Hạ huyết áp mạnh, sốc (bao gồm sốc tim), tắc nghẽn dòng chảy tâm thất trái (hẹp ĐMC nặng), đau thắt ngực không ổn định, suy tim sau nhồi máu cơ tim cấp (28 ngày đầu).
- Hẹp động mạch thận hai bên hoặc một bên ở thận còn chức năng","1v/ngày
Thuốc chỉ dùng được khi độ thanh lọc creatinin (ClCr) từ 60 ml/phút
Không nên dùng cho trẻ em và trẻ vị thành niên",,"- Phù mạch: Có thể xảy ra ở mặt, chân tay, môi, lưỡi, thanh môn và/hoặc thanh quản, có thể gây tử vong.
- Hạ huyết áp triệu chứng: Thường gặp ở bệnh nhân giảm thể tích tuần hoàn (dùng thuốc lợi tiểu, ăn kiêng muối, tiêu chảy, nôn).
- Tăng kali máu: Nguy cơ cao ở người suy thận, người già (> 70 tuổi), đái tháo đường, hoặc dùng chung thuốc giữ kali.
- Ho
- Phẫu thuật/Gây mê: Nên dừng thuốc 1 ngày trước khi phẫu thuật.","- Không khuyến cáo dùng trong 3 tháng đầu thai kỳ
- Chống chỉ định trong 3 tháng giữa và cuối.
- Không khuyến cáo dùng khi đang cho con bú.","- Không khuyến cáo kết hợp: Lithi, thuốc lợi tiểu giữ kali, thực phẩm bổ sung kali.
- Thận trọng khi dùng cùng: Thuốc trị đái tháo đường (nguy cơ hạ đường huyết), NSAID (giảm tác dụng hạ áp, nguy cơ suy thận), Baclofen, thuốc hạ huyết áp khác, thuốc chẹn alpha, thuốc chống trầm cảm ba vòng.
- Liên quan amlodipine: Tránh dùng cùng bưởi chùm hoặc nước bưởi chùm vì có thể làm tăng tác dụng hạ huyết áp. Thận trọng với các chất ức chế/gây cảm ứng CYP3A4.","Các phản ứng thường gặp bao gồm:
- Phù nề, chóng mặt, nhức đầu, buồn ngủ.
- Rối loạn thị giác, ù tai, đánh trống ngực, đỏ bừng mặt.
- Ho, khó thở, đau bụng, buồn nôn, nôn, tiêu chảy, táo bón.
- Phát ban, ngứa, sưng khớp, co rút cơ, mệt mỏi","Nơi khô ráo, nhiệt độ không quá 30độ, tránh ánh sáng",https://drive.google.com/file/d/1UsDIOaqCBVmlgHns-aJA2UwsuKNDDXgA/view,
Amlodipine besilate,5mg,Amlodipine 5mg cap,Viên nang cứng,Việt Nam,"- Tăng huyết áp.
- Đau thắt ngực ổn định mạn tính.
- Đau thắt ngực do co thắt mạch (Đau thắt ngực Prinzmetal).","- Nhạy cảm với các dẫn chất dihydropyridine, amlodipine hoặc bất kỳ thành phần nào của thuốc.
- Hạ huyết áp nghiêm trọng.
- Sốc (bao gồm sốc tim).
- Tắc nghẽn đường ra thất trái (ví dụ: hẹp động mạch chủ nặng).
- Suy tim huyết động không ổn định sau nhồi máu cơ tim cấp.","- Người lớn: Liều khởi đầu: 5 mg/lần/ngày
- Trẻ em và thiếu niên (6 - 17 tuổi): Khởi đầu 2,5 mg/lần/ngày, có thể tăng lên 5 mg/lần/ngày sau 4 tuần nếu chưa đạt huyết áp mục tiêu",10mg/lần/ngày,"- BN suy tim
- BN suy giảm chức năng gan",Chỉ sử dụng khi không có biện pháp thay thế an toàn hơn,"- Simvastatin: Giới hạn liều simvastatin không quá 20 mg/ngày khi dùng chung với amlodipine.
- Nước bưởi chùm: Không nên dùng cùng vì có thể làm tăng nồng độ thuốc dẫn đến tăng tác dụng hạ huyết áp.
- Chất ức chế CYP3A4 : Có thể làm tăng nồng độ amlodipine trong máu.
- Tacrolimus & Cyclosporin: Có nguy cơ làm tăng nồng độ các thuốc này trong máu, cần giám sát và điều chỉnh liều nếu cần","Thường gặp: Đau đầu, chóng mặt, đánh trống ngực, mặt đỏ bừng, đau bụng, buồn nôn, phù mắt cá chân, mệt mỏi.","Nơi khô ráo, nhiệt độ không quá 30độ, tránh ánh sáng",https://drive.google.com/file/d/1VQ_4S2FPiY_XrTllge67t5CLLghHreKK/view,
Topiramat,25mg,Huether-25,Viên nén bao phim,Việt Nam,"-Dùng cho người lớn, thanh thiếu niên và trẻ em từ 6 tuổi trở lên bị động kinh khởi phát cục bộ, có hoặc không kèm cơn co cứng – co giật toàn thể thứ phát; và cơn co cứng – co giật toàn thể nguyên phát.
-Dùng cho người lớn, thanh thiếu niên và trẻ em từ 2 tuổi trở lên bị động kinh khởi phát cục bộ, có hoặc không kèm cơn co cứng – co giật toàn thể thứ phát hoặc toàn thể nguyên phát; và trong điều trị động kinh liên quan đến hội chứng Lennox–Gastaut.
-Dự phòng đau nửa đầu
-Dùng cho người lớn để dự phòng đau nửa đầu sau khi đã đánh giá cẩn thận các lựa chọn điều trị thay thế.
-Không dùng topiramat trong điều trị cơn đau nửa đầu cấp tính","-Mẫn cảm với topiramat hoặc với bất kỳ thành phần nào của thuốc.
-Dự phòng đau nửa đầu ở PNMT và phụ nữ có khả năng mang thai nếu không sử dụng biện pháp tránh thai có hiệu quả cao.","Đơn trị động kinh
-Người lớn
Khởi đầu: 25 mg/ngày, uống tối 1 tuần.
Tăng liều 25–50 mg/ngày/mỗi 1–2 tuần
Liều duy trì: 100–200 mg/ngày, chia 2 lần.
-Trẻ em ≥ 6 tuổi
Khởi đầu: 0,5–1 mg/kg/ngày.
Tăng liều: mỗi 1–2 tuần, tăng 0,5–1 mg/kg/ngày.
Duy trì: khoảng 2 mg/kg/ngày (tối đa 100 mg/ngày).
Điều trị hỗ trợ động kinh
-Người lớn
Khởi đầu: 25–50 mg/ngày.
Duy trì: 200–400 mg/ngày, chia 2 lần.
-Trẻ em ≥ 2 tuổi
Duy trì: 5–9 mg/kg/ngày, chia 2 lần.
Dự phòng đau nửa đầu (người lớn)
Duy trì: 100 mg/ngày, chia 2 lần.
Khởi đầu: 25 mg/ngày, tăng 25 mg mỗi tuần.
Đau nửa đầu
-Người lớn
Liều mục tiêu: 100 mg/ngày, chia 2 lần.
Khởi đầu: 25 mg/ngày trong 1 tuần.
Tăng liều: mỗi tuần tăng 25 mg/ngày.
Liều có hiệu quả: 50–200 mg/ngày (liều cao làm tăng nguy cơ ADR).
-Trẻ em: Không khuyến cáo sử dụng do chưa đủ dữ liệu an toàn và hiệu quả.
Đối tượng đặc biệt
Suy thận (ClCr ≤ 70 ml/phút): giảm 1/2 liều.
Suy gan: thận trọng.","Đơn trị động kinh
Tối đa: 500 mg/ngày.","-BN có thể bị tăng tần suất động kinh hoặc khởi phát dạng động kinh mới khi dùng topiramat. Cần đảm bảo cung cấp đủ nước khi dùng topirarnai.
-Oligohydrosis: Giảm tiết mồ hôi và sốt có thể xảy ra đặc biệt ở trẻ em phơi nhiễm với điều kiện nhiệt độ cao. Rối loạn cảm xúc trầm cảm
-Tự tử /ý tưởng tự tử
-Sỏi thận
-Suy giảm chức năng thận  (Clcr 70 mL/phút), nên thận trọng khi sử dụng topiramat vì độ thanh thải huyết tương và độ thanh thải qua thận của topiramat bị giảm.
-Suy giảm chức năng gan , nên thận trọng khi sử dụng topirarat vì độ thanh thải topiramat có thể bị giảm.
-Cận thị cấp và tăng nhãn áp góc đáng thứ phát
-Nhiễm toan chuyển hóa
-Suy giảm chức năng nhận thức
-Thực phẩm bổ sung dinh dưỡng","-Phụ nữ có khả năng mang thai cần được tư vấn chuyên khoa. Không ngừng thuốc chống động kinh đột ngột do nguy cơ co giật nặng cho mẹ và thai. Nên đơn trị khi có thể vì đa trị làm tăng nguy cơ dị tật bẩm sinh. Cần phải sử dụng biện pháp tránh thai hiệu quả cao và cân nhắc thay đổi điều trị.
-Topiramat gây độc thai trên động vật và qua được nhau thai. Dữ liệu lâm sàng cho thấy:
Tăng nguy cơ dị tật bẩm sinh (đặc biệt sứt môi – hở hàm ếch, bất thường hệ sinh dục, dị dạng đa cơ quan) khi phơi nhiễm trong 3 tháng đầu.
Tăng nguy cơ trẻ nhẹ cân khi sinh (< 2500 g).
Tăng nguy cơ trẻ nhỏ so với tuổi thai (SGA).
-Động kinh: Chỉ dùng khi lợi ích vượt nguy cơ. Nếu dùng trong 3 tháng đầu, phải theo dõi chặt chẽ trước sinh.
-Dự phòng đau nửa đầu: chống chỉ định
-Phụ nữ cho con bú: cân nhắc ngừng cho bú hoặc ngừng thuốc tùy mức độ cần thiết của điều trị đối với người mẹ.","-Phenytoin: có thể tăng nồng độ khi phối hợp với topiramat do ức chế CYP2C19, cần theo dõi nồng độ và dấu hiệu ngộ độc.
-Topiramat ức chế CYP2C19, có thể làm tăng nồng độ các thuốc chuyển hóa qua enzym này như: diazepam, imipramin, moclobemid, proguanil, omeprazol.
-Phenytoin, carbamazepin: làm giảm nồng độ topiramat .
-Tương tác với thuốc khác Digoxin, Thuốc ức chế thần kinh trung ương, Thuốc tránh thai đường uống, Lithi, Risperidon, Hydrochlorothiazid ,Metformin, Pioglitazon, Glyburid","Rất thường gặp
-Nhiễm trùng: viêm mũi họng.
-Tâm thần: trầm cảm.
-Thần kinh: dị cảm, buồn ngủ, chóng mặt.
-Tiêu hóa: buồn nôn, tiêu chảy.
-Toàn thân: mệt mỏi.
-Xét nghiệm: sụt cân.
Thường gặp
-Máu và hệ bạch huyết: thiếu máu.
-Miễn dịch: quá mẫn.
-Chuyển hóa – dinh dưỡng: biếng ăn, giảm cảm giác ngon miệng.
-Tâm thần: chậm suy nghĩ, mất ngủ, lo âu, lú lẫn, kích động, thay đổi cảm xúc, hung hăng, thay đổi tâm trạng, hành vi bất thường.
-Thần kinh: giảm tập trung, suy giảm trí nhớ, rối loạn nhận thức, co giật, run, rối loạn phối hợp, rung giật nhãn cầu, loạn vị giác, rối loạn thăng bằng, an thần.
-Thị giác: nhìn mờ, nhìn đôi, giảm thị lực.
T-ai – mê đạo: chóng mặt, ù tai, đau tai.
-Hô hấp: khó thở, chảy máu cam, nghẹt mũi, chảy mũi, ho.
-Tiêu hóa: nôn, táo bón, đau thượng vị, khô miệng, viêm dạ dày, đau bụng, dị cảm miệng.
-Da và mô dưới da: rụng tóc, phát ban, ngứa.
-Cơ xương khớp: đau khớp, co thắt cơ, đau cơ, yếu cơ.
-Thận – tiết niệu: sỏi thận, tiểu rát, khó tiểu.
-Toàn thân: sốt, suy nhược, khó chịu, dáng đi bất thường, cảm giác bất thường.","Giữ thuốc trong bao bì gốc của nhà sản xuất, đậy kín.
Để thuốc nơi khô ráo, tránh ánh sáng nhiệt độ không quá 30°C và ngoài tầm với của trẻ em.",https://drive.google.com/file/d/1aCmeTZrxkWfQICm48QpvvaQCDnfDaqc1/view,
"Dinatri uridin monophosphat
Dinatri cytidin monophosphat","3mg
5mg",Hornol,Viên nang cứng,Việt Nam,"- Hỗ trợ điều trị các bệnh về thần kinh ngoại biên liên quan đến bệnh xương - khớp, chuyển hóa, nhiễm khuẩn.
- Hỗ trợ điều trị chứng đau dây thần kinh mặt, dây thần kinh sinh ba, thần kinh gian sườn, đau lưng.",Quá mẫn với bất cứ thành phần nào của thuốc,"- Người lớn: uống 1 - 2 viên x 2 lần/ ngày.
- Trẻ em, uống 1 viên x 2 lần/ ngày.",,,Thận trọng khi sử dụng cho phụ nữ mang thai.,,Chưa được ghi nhận.,"Nơi khô ráo, tránh ánh sáng, nhiệt độ không quá 30C",https://drive.google.com/file/d/1-gILt0xPiyDhWqUDkWKWjbbCYUg67ucQ/view,
"Cao lá bạch quả
Cao rễ đinh lăng","40mg
120mg",Hoạt huyết dưỡng não,Cao lỏng,Việt Nam,"Phòng và điều trị các bệnh:
-Thiểu năng tuần hoàn não, hội chứng tiền đình với các biểu hiện: Đau đầu, hoa mắt, chóng mặt, mất ngủ, mệt mỏi, mất thăng bằng.
- Giảm chức năng não bộ: Giảm trí nhớ, kém tập trung, suy nhược thần kinh, di chứng sau tai biến mạch máu não.
- Chứng run giật của bệnh nhân Parkinson.","- PNCT, người rối loạn về máu, người đang xuất huyết.
- Không dùng cho BN mẫn cảm với bất cứ thành phần nào của thuốc
- Không dùng đồng thời với các thuốc có tác dụng chỉ huyết.
-Không dùng thay thế thuốc điều trị THA","- Trẻ em từ 7 - 15 tuổi:
1 ống hoặc 8 ml x 2 - 3 lần/ngày.
- Người lớn:
2 ống hoặc 16 ml x 2 - 3 lần/ngày.",,"Cần sử dụng thận trọng ở phụ nữ cho con bú.
Cảnh báo tá dược Thuốc này có chứa:
Tá dược sucralose, sorbitol, nếu bệnh nhân bị rối loạn di truyền hiếm gặp như không dung nạp fructose, kém hấp thu glucose-galactose hoặc thiếu hụt enzym sucrase-isomaltase không nên dùng",Chống chỉ định PNCT,Chưa tìm thấy tài liệu về tương tác thuố,"- Rất hiếm gặp: Nhức đầu, nổi mẩn da, rối loạn tiêu hóa.
- Ngừng dùng thuốc nếu có các phản ứng quá mẫn.","Nơi khô ráo, nhiệt độ không quá 30°C, tránh ánh sáng.",https://drive.google.com/file/d/1WDF3rAjrpFzUN46CNvhOOyhXdzwgpPXT/view,
Hydroxychloroquine sulfate,200mg,HCQ,Viên nén bao phim,Ấn Độ,"-Phòng ngừa hoặc điều trị sốt rét cấp tính do Plasmodium vivax, P. malariae, P. ovale và chủng P.falciparum nhạy cảm với thuốc.
-Thuốc cũng được dùng điều trị lupus ban đỏ (hệ thống và hình đĩa) và viêm khớp dạng thấp.","Bệnh nhân có các bất thường về võng mạc hoặc thị trường mắt gây nên bởi hợp chất 4-aminoquinoline
Bệnh nhân mẫn cảm với các hợp chất 4-aminoquinoline
Điều trị kéo dài ở trẻ em","Phòng ngừa sốt rét:
-Người lớn: 400 mg/tuần (310 mg base), uống cùng ngày cố định mỗi tuần.
-Trẻ em: 5 mg base/kg/tuần, không vượt liều người lớn.
Nếu không kịp chuẩn bị:
-Người lớn: liều tấn công 800 mg chia thành 2 lần cách 6 giờ.
-Trẻ em: 10 mg base/kg chia 2 lần cách 6 giờ.
Điều trị cơn sốt rét cấp
-Người lớn:800 mg ban đầu, sau 6–8 giờ: 400 mg, ngày 2 và 3: 400 mg/ngày. Hoặc theo cân nặng (tổng 25 mg base/kg trong 3 ngày):
Liều 1: 10 mg/kg (tối đa 620 mg)
Liều 2: 5 mg/kg sau 6 giờ (tối đa 310 mg)
Liều 3: 5 mg/kg sau 18 giờ
Liều 4: 5 mg/kg sau 24 giờ
P. vivax, P. malariae: phối hợp thêm 8-aminoquinoline.
LUPUS ban đỏ
-Khởi đầu: 400 mg/ngày, uống 1–2 lần.
-Duy trì: 200–400 mg/ngày.
Viêm khớp dạng thấp
-Liều tấn công:400-600 mg/ngày
-Liều duy trì: 200-400 mg/ngày sau khi có đáp ứng
-Ngừng thuốc nếu không đáp ứng sau 6 tháng.
-Có thể phối hợp corticosteroid hoặc salicylate và giảm dần khi đáp ứng tốt.",,"-Thận trọng khi dùng cho bệnh nhân bệnh gan, nghiện rượu hoặc đang dùng thuốc độc gan.
-Cần theo dõi công thức máu định kỳ khi điều trị kéo dài; ngừng thuốc nếu xuất hiện rối loạn huyết học nặng không do bệnh nền.
-Thận trọng ở bệnh nhân thiếu men G6PD.
Lupus ban đỏ và viêm khớp dạng thấp
-Có thể gây phản ứng da, thận trọng ở bệnh nhân có tiền sử viêm da do thuốc.
-Cần theo dõi mắt định kỳ để phát hiện sớm bệnh võng mạc: soi đáy mắt, kiểm tra thị trường vùng tâm và thử nghiệm màu đỏ.
-Bất kỳ rối loạn thị lực nào đều phải được đánh giá ngay.
Xử trí khi nhiễm độc nặng hoặc quá liều
-Có thể dùng amoni clorid 8 g/ngày (chia nhiều lần), uống 3–4 ngày/tuần trong vài tháng sau khi ngừng thuốc để tăng thải trừ.
-Thận trọng ở bệnh nhân suy thận hoặc nhiễm toan chuyển hóa.",Không khuyến cáo sử dụng,Chưa có báo cáo về tương tác của thuốc này,"Sốt rét:
-Có thể gặp đau đầu thoáng qua, chóng mặt, rối loạn tiêu hóa (buồn nôn, nôn, tiêu chảy, chán ăn, co thắt bụng).
-Hiếm khi gặp bệnh cơ tim khi dùng liều cao kéo dài.
ĐT lupus ban đỏ và viêm khớp dạng thấp
-Hệ thần kinh trung ương::Kích thích, bồn chồn, thay đổi tâm tính, ác mộng, rối loạn tâm thần, đau đầu, chóng mặt, ù tai, rung giật nhãn cầu, co giật, mất điều hòa, điếc thần kinh.
-Thần kinh – cơ:bBệnh cơ hoặc bệnh thần kinh – cơ, yếu cơ, teo cơ, giảm phản xạ.
-Mắt:
Mi: rối loạn điều tiết, nhìn mờ (phụ thuộc liều, hồi phục khi ngừng thuốc).
Giác mạc: phù, đục, giảm nhạy cảm, quầng sáng, sợ ánh sáng (thường hồi phục).
Võng mạc/điểm vàng: phù, teo, rối loạn màu sắc, ám điểm, giảm thị lực, hẹp thị trường, mù màu.
-Da: Rụng tóc, bạc tóc, tăng sắc tố da/niêm mạc, ngứa, nhạy cảm ánh sáng, phát ban (kể cả hội chứng Stevens-Johnson, viêm da tróc vảy).
-Huyết học:Giảm bạch cầu, giảm tiểu cầu, thiếu máu, mất bạch cầu hạt; tan máu ở bệnh nhân thiếu G6PD.
-Tiêu hóa: Chán ăn, buồn nôn, nôn, tiêu chảy, co thắt bụng; hiếm khi suy gan.
-Phản ứng dị ứng: Ngứa, phù mạch, co thắt phế quản.
-Khác: Sụt cân, mệt mỏi, làm nặng porphyria và vảy nến.
-Hiếm: Bệnh cơ tim khi dùng liều cao kéo dài.",Bảo quản ở nhiệt độ dưới 30°C,https://drive.google.com/file/d/1rfJz0AoIge7bE9G2hXzIk4WW7bPWwjQR/view,
Acetaminophen,500mg,Hapacol Caplet 500,Viên nén,Việt Nam,"-Giảm đau mức độ nhẹ, có tác dụng hạ sốt và được đau răng, đau lưng, đau cơ, thấp khớp, đau bụng kinh, đau họng, giảm sốt bệnh cảm, cúm.
- Ngoài ra thuốc cũng được sử dụng để làm giảm triệu chứng đau do viêm khớp không nghiêm trọng.",Quá mẫn với acetaminophen hoặc bất kỳ thành phần nào của thuốc,"-Người trưởng thành, kể cả người cao tuổi và trẻ em trên 16 tuổi: 1 - 2 viên, có thể lên đến 4 lần/ngày nếu cần.
-Trẻ em: 10 - 15 tuổi: 1 viên, có thể lên đến 4 lần/ ngày nếu cần.
-Sản phẩm không thích hợp cho trẻ < 10 tuổi.
-Trẻ em không nên sử dụng thuốc nhiều hơn 3 ngày mà không tham khảo ý kiến bác sĩ. Khoảng cách giữa các liều tối thiểu là 4 giờ và không nên uống quá 4 lần/ ngày",,"Thận trọng:
-Không dùng chung với thuốc khác có acetaminophen.
-Nguy cơ độc gan: thận trọng ở người bệnh gan, nghiện rượu, suy gan – suy thận
-Không dùng quá liều.
-Đau đầu kéo dài hoặc phải dùng giảm đau hằng ngày
-Thận trọng ở người thiếu glutathion.
-Có thể gây phản ứng da nặng (SJS, TEN, AGEP).
-Tá dược có tinh bột mì (không dùng nếu dị ứng lúa mì); thuốc ít natri.
-Để xa tầm tay trẻ em.
Quá liều:
≥ 10 g: nguy cơ suy gan nặng.
≥ 5 g: nguy cơ cao nếu uống rượu nhiều, dùng thuốc cảm ứng enzym gan hoặc thiếu glutathion.
Triệu chứng: buồn nôn, nôn, đau bụng, sau 12–48h có thể tổn thương gan, suy gan, suy thận.
Cần đưa đến bệnh viện, kể cả triệu trứng nhẹ","-PNCT: sử dụng ở liều thấp nhất có hiệu quả trong thời gian ngắn nhất có thể.
-Không chống chỉ định ở phụ nữ cho con bú","-Metoclopramid, domperidon: tăng tốc độ hấp thu acetaminophen.
-Cholestyramin: giảm hấp thu acetaminophen.
-Warfarin và các coumarin: dùng acetaminophen thường xuyên, kéo dài có thể tăng tác dụng kháng đông và nguy cơ chảy máu; dùng ngắt quãng: ảnh hưởng không đáng kể.","Rất hiếm gặp
-Rối loạn máu và hệ bạch huyết: Giảm tiểu cầu, mất bạch cầu hạt
-Rối loạn hệ miễn dịch: Shock phản vệ, các phản ứng mẫn cảm ở da bao gồm phát ban, phù mạch
-Rối loạn hô hấp, ngực, trung thất: Co thắt phế quản
-Rối loạn hệ gan mật: Rối loạn chức năng gan","Nơi khô, nhiệt độ không quá 30°C, tránh ánh sáng",https://drive.google.com/file/d/1eFXczuEnQpKu0kWRgfeRj3RLDDPTLe2T/view,
Sertraline hydrochloride,50mg,ASENTRA 50 mg,Viên nén bao phim,Solvenia,"Trầm cảm và phòng ngừa trầm cảm tái phát (ở người lớn).
Rối loạn lo âu cộng đồng (ở người lớn).
Rối loạn stress sau chấn thương (PTSD) (ở người lớn).
Rối loạn hoảng sợ.
Rối loạn xung lực cưỡng bức ám ảnh (OCD) (ở người lớn, trẻ em và thanh niên từ 6-17 tuổi)","- Mẫn cảm với Sertraline hoặc bất cứ thành phần nào của thuốc.
- Đang dùng thuốc chẹn monoamine oxidase hoặc các thuốc tương tự MAOI. Nếu dừng điều trị với Sertraline, phải đợi ít nhất một tuần trước khi bắt đầu điều trị với MAOI. Sau khi ngừng điều trị với MAOI, phải đợi ít nhất 2 tuần trước có thể bắt đầu điều trị với Sertraline.
- Đang dùng các thuốc khác như pimozide (thuốc an thần)","Người lớn:
- Trầm cảm và rối loạn ám ảnh cưỡng bức: 50 - 100mg/ngày
- RL hoảng sợ, lo âu cộng đồng và rối loạn căng thẳng sau chấn thương: khởi đầu 25mg/ngày, tăng 50mg/ngày
Trẻ em và thanh thiếu niên từ 6-12 tuổi: 25 - 50mg/ngày
Thanh niên 13-17 tuổi: 50mg/ngày",200mg/ngày,"- Báo ngay bác sĩ nếu có bệnh nền: Gan, thận, tiểu đường, động kinh, hạ natri máu hoặc các rối loạn tâm thần khác.
- Theo dõi sát ý định tự tử: Đặc biệt trong 2 tuần đầu điều trị và ở người trẻ dưới 25 tuổi.
- Trẻ em (6-17 tuổi): Chỉ dùng để điều trị rối loạn ám ảnh cưỡng bức (OCD).
- Không ngừng thuốc đột ngột: Phải giảm liều từ từ theo chỉ dẫn để tránh các phản ứng cai thuốc (chóng mặt, lo âu, đau đầu...).
- Lưu ý khác: Tuyệt đối tránh rượu, thận trọng khi lái xe và cẩn thận nếu đang dùng thuốc chống đông máu.-",Dùng khi bác sĩ cho rằng lợi ích cho người mẹ vượt qua mất kỳ nguy cơ nào cho thai nhi,"- Chống chỉ định phối hợp cùng IMAO
- Không khuyến cáo dùng đồng thời với thuốc giảm đau CNS và rượu","- Buồn nôn
- Nghiêm trọng: ban da, dị ứng","Bảo quản dưới 30°C, tránh ánh sáng và ẩm. Bảo quản trong bao bì gốc",https://drive.google.com/file/d/1mb5fjiTVXaSPM34pz0z3Kx5m2zRF3YTi/view,
Haloperidol,"1,5mg",Haloperidol,Viên nén,Việt Nam,"-Trong chuyên khoa tâm thần: Các trạng thái kích động tâm thần - vận động nguyên nhân khác nhau (trạng thái hưng cảm, cơn hoang tưởng cấp, mê sảng, run do rượu); các trạng thái loạn tâm thần mãn tính (hoang tưởng mãn tính, hội chứng paranoia, hội chứng paraphrenia, bệnh tâm thần phân liệt); trạng thái mê sảng, lú lẫn kèm theo kích động; hành vi gây gổ tấn công; các bệnh tâm căn và cơ thể tâm sinh có biểu hiện lo âu (dùng liều thấp).
- Chuyên khoa khác: Chống nôn, gây mê, làm dịu các phản ứng sau liệu pháp tia xạ và hoá trị liệu bệnh ung thư.","-Mẫn cảm với bất kỳ thành phần nào của thuốc.
-Bn Ngộ độc barbiturat, opiat hoặc rượu; Bệnh Parkinson; Loạn chuyển hóa porphyrin.
-Tránh dùng hoặc dùng rất thận trọng ở BN:
Rối loạn vận động ngoại tháp, hội chứng liệt cứng.
Bệnh gan, thận, bệnh máu, động kinh.
Trầm cảm, cường giáp.
Đang dùng thuốc ức chế TKTW, adrenalin hoặc thuốc giống giao cảm.","Loạn thần và rối loạn hành vi
-Người lớn:0,5–5 mg x 2–3 lần/ngày. Trường hợp nặng/kháng trị: đến 60 mg/ngày, tối đa 100 mg/ngày.
-Trẻ em: 3–12 tuổi (15–40 kg): khởi đầu 0,025–0,05 mg/kg/ngày, chia 2 lần.
-Người cao tuổi: 0,5–2 mg/ngày, chia 2–3 lần.
Buồn nôn, nôn
1–2 mg x 2 lần/ngày.","Loạn thần và rối loạn hành vi:
-Người lớn:tối đa 100 mg/ngày.
-Trẻ em: Tối đa: 10 mg/ngày (có thể tới 0,15 mg/kg/ngày).","-Trẻ em, thanh thiếu niên (dễ gặp tác dụng ngoại tháp).
-Người suy tuỷ, u tế bào ưa crôm.
-Người suy gan, thận; bệnh tim mạch, mạch máu não; bệnh hô hấp.
-Glôcôm góc đóng, đái tháo đường, nhược cơ, phì đại tuyến tiền liệt.
-Người cao tuổi (dễ bị ngoại tháp và/hoặc hạ huyết áp tư thế).","PNMT: Chỉ dùng khi lợi ích vượt nguy cơ, tránh dùng đầu và cuối thai kỳ nếu không thật cần thiết.
PNCOB: Không nên cho con bú khi đang điều trị.","-Rượu: Tăng nguy cơ loạn trương lực, bồn chồn vận động và độc tính thần kinh.
-Thuốc chống trầm cảm (đặc biệt TCA): Tăng an thần, kháng cholinergic, hạ huyết áp; ức chế chuyển hoá qua gan.
-Lithi: Nguy cơ độc thần kinh, tăng triệu chứng ngoại tháp.
-Carbamazepin, rifampicin: Giảm nồng độ haloperidol
-Methyldopa: Tăng hạ huyết áp, rối loạn tâm thần (mất định hướng, chậm suy nghĩ).
-Levodopa: Đối kháng tác dụng; có thể làm nặng rối loạn tâm thần.
-Cocain: Tăng nguy cơ loạn trương lực cấp.
-NSAIDs: Có thể gây ngủ gà, lú lẫn nặng.

.","Rất thường gặp:
-Hội chứng ngoại tháp (10–70%): loạn trương lực cấp, Parkinson, bồn chồn vận động, loạn vận động xảy ra muộn khi dùng dài ngày.
-Tăng prolactin huyết.
Thường gặp:
-Đau đầu, chóng mặt, trầm cảm, an thần.
Ít gặp:
-Tăng tiết nước bọt/mồ hôi, chán ăn, mất ngủ, thay đổi cân nặng.
-Tim nhanh, hạ huyết áp, tăng tiết sữa, to vú nam, rối loạn kinh nguyệt.
-Buồn nôn, táo bón, khó tiêu, khô miệng.
-Yếu cơ, kích thích vận động, suy nhược.
-Co giật, kích động, lú lẫn, bí tiểu, nhìn mờ.
Hiếm gặp:
-Quá mẫn (phát ban, mày đay, sốc phản vệ).
-Hội chứng an thần kinh ác tính.
-Giảm bạch cầu, mất bạch cầu hạt, giảm tiểu cầu.
-Loạn nhịp thất, hạ đường huyết, viêm gan, ứ mật trong gan.
Lưu ý:
-Phản ứng ngoại tháp có thể kiểm soát bằng giảm liều hoặc thuốc chống Parkinson.
-Tăng nhãn áp khi dùng chung với thuốc kháng cholinergic.","Nơi khô, nhiệt độ dưới 30°C.",https://drive.google.com/file/d/1HB6pQ2NSukcHjftpPAxVyTNmHgMjHyU8/view,
metformin hydrochloride,750mg,Glucophage XR 750mg,Viên nén phóng thích kéo dài,Pháp,"Tiền đái tháo đường (người lớn quá cân):
-Giảm nguy cơ/ trì hoãn tiến triển thành ĐTĐ typ 2 khi:
Có IGT/IFG và/hoặc HbA1c 5,7–6,4%
Đã thay đổi lối sống 3–6 tháng nhưng chưa kiểm soát được
Có thêm yếu tố nguy cơ (béo phì, tăng HA, tim mạch, tiền sử gia đình, rối loạn lipid, ĐTĐ thai kỳ, PCOS…).
-Duy trì thay đổi lối sống khi dùng thuốc.
Đái tháo đường typ 2 (người lớn, đặc biệt thừa cân):
-Khi ăn kiêng + tập luyện không đủ kiểm soát đường huyết.
-Dùng đơn trị hoặc phối hợp thuốc uống khác/insulin.","- Mẫn cảm với metformin hoặc với bất cứ thành phần nào của thuốc.
- Bất kỳ thể nào của nhiễm toan chuyển hóa cấp hoặc mạn tinh (nhiễm acid lactic, nhiễm toan thể ceton do đái tháo đường).
- Tiền hôn mê đái tháo đường.
- Suy thận nặng (độ lọc cầu thận ước lượng (eGFR) < 30 mL/phút/1,73 m ) (xem mục Những lưu ý đặc biệt và cảnh báo khi dùng thuốc)
- Các trường hợp cấp tính có khả năng làm thay đổi chức năng thận như: mất nước, nhiễm trùng nặng, sốc.
- Các bệnh có thể gây nên tình trạng thiếu oxy mô (đặc biệt bệnh cấp tỉnh, hoặc tình trạng nặng thêm của bệnh mạn tinh) như: suy tim mất bù, suy hô hấp, nhồi máu cơ tim gần đây, sốc.
- Suy gan, nhiễm độc rượu cấp tính, chứng nghiện rượu.
- Cho con bú.","Tiền đái tháo đường (người lớn, eGFR ≥ 90 mL/phút/1,73m²)
-Chỉ dùng khi đã thay đổi lối sống 3–6 tháng không hiệu quả.
-Khởi đầu: 500 mg 1 lần/ngày cùng bữa tối.
-Điều chỉnh liều: sau 10–15 ngày theo OGTT/FPG/HbA1c.
-Theo dõi: đường huyết & yếu tố nguy cơ mỗi 3–6 tháng; đánh giá lại để tiếp tục/giảm/ngừng.
ĐTĐ typ 2
-Đơn trị hoặc phối hợp thuốc uống khác
-Dùng XR 750 mg tương đương tổng liều metformin đang dùng.
-Đánh giá liều: sau 10–15 ngày.
-Phối hợp insulin: XR 750 mg tương đương liều metformin hiện tại. Điều chỉnh insulin theo đường huyết.
Suy thận
-Đánh giá eGFR trước và định kỳ.
eGFR 60–89: cân nhắc giảm liều.
eGFR 30–59: Khởi đầu 500 mg/ngày,
Chống chỉ định: eGFR < 30
Đối tượng đặc biệt
-Người cao tuổi: chỉnh liều theo chức năng thận, theo dõi thường xuyên.
- > 75 tuổi: không khuyến cáo khởi đầu để dự phòng ĐTĐ.","Tiền đái tháo đường (người lớn, eGFR ≥ 90 mL/phút/1,73m²)
-Tối đa: 1500 mg/ngày (2 viên XR 750 mg) uống 1 lần buổi tối.
ĐTĐ typ 2
-Tối đa: 1500 mg/ngày, uống bữa tối.
-Phối hợp insulin: XR 750 mg tương đương liều metformin hiện tại, tối đa 1500 mg/ngày buổi tối. Điều chỉnh insulin theo đường huyết.
Suy thận
eGFR 30–59: Tối đa 1000 mg/ngày, chỉ dùng khi không có yếu tố nguy cơ nhiễm acid lactic.",đọc hdsd,"PNMT
-Không khuyến cáo dùng metformin.
- Khi có kế hoạch mang thai hoặc đang mang thai nên chuyển sang insulin để kiểm soát đường huyết, nhằm giảm nguy cơ dị tật thai.
PNCOB
-Chưa ghi nhận tác hại rõ ràng trên trẻ, nhưng dữ liệu còn hạn chế.
-Không khuyến khích cho con bú khi đang dùng thuốc; cân nhắc giữa lợi ích nuôi con bằng sữa mẹ và nguy cơ tiềm ẩn cho trẻ.","Không khuyến cáo phối hợp
-Rượu: tăng nguy cơ nhiễm acid lactic.
-Thuốc cản quang chứa iod: ngừng metformin trước/ lúc chụp, chỉ dùng lại sau ≥ 48 giờ và khi chức năng thận ổn định.
Cần thận trọng khi phối hợp
-Thuốc làm suy thận: NSAID, COX-2, ACEI, ARB, thuốc lợi tiểu: tăng nguy cơ acid lactic.
-Thuốc làm tăng đường huyết: glucocorticoid, thuốc kích thích giao cảm: giảm hiệu quả metformin.
Tương tác qua chất vận chuyển OCT
-Ức chế OCT1 (verapamil): giảm hiệu quả metformin.
-Cảm ứng OCT1 (rifampicin): tăng hấp thu, tăng tác dụng.
-Ức chế OCT2 (cimetidin, dolutegravir, ranolazin, trimethoprim, vandetanib, isavuconazole): giảm thải trừ, tăng nồng độ metformin.
-Ức chế OCT1 & OCT2 (crizotinib, olaparib) → thay đổi hiệu quả và thải trừ.
Theo dõi đường huyết và chức năng thận khi phối hợp.","Rối loạn dinh dưỡng – chuyển hóa (Rất hiếm gặp)
-Nhiễm acid lactic (nguy hiểm).
-Giảm hấp thu vitamin B12 khi dùng kéo dài → có thể gây thiếu máu hồng cầu to.
Rối loạn thần kinh
-Thường gặp: rối loạn vị giác, rối loạn tiêu hóa
-Rất thường gặp:Buồn nôn, nôn, tiêu chảy, đau bụng, chán ăn.(Thường xuất hiện lúc bắt đầu điều trị và tự hết; tăng liều từ từ giúp giảm).
Rối loạn gan mật:(Rất hiếm gặp)
Tăng men gan, viêm gan hồi phục khi ngừng thuốc.
Da và mô dưới da (Rất hiếm gặp)
Ban đỏ, ngứa, mày đay.","dưới 30°C, tránh ẩm.",https://drive.google.com/file/d/1KekxM04XQHN3iJogcjlpZtKboNrhccN8/view,
Aspirin,81mg,Aspirin 81,Viên nén bao tan trong ruột,Việt Nam,"- Giảm nguy cơ tử vong do mạch máu ở bệnh nhân nghi ngờ mắc bệnh nhồi máu cơ tim cấp;
- Giảm nguy cơ nhồi máu cơ tim không gây tử vong lần đầu ở các bệnh nhân được bác sĩ xác định là có nguy cơ
- Giảm nguy cơ mắc bệnh và tử vong ở bệnh nhân đau thắt ngực không ổn định và ở những người có tiền sử bị nhồi máu cơ tim;
- Giảm nguy cơ các cơn thiếu máu não thoáng qua và phòng ngừa thứ phát nhồi máu não do xơ vữa động mạch","- Bệnh nhân quá mẫn với acid acetylsalicylic, salicylat, thuốc chống viêm không steroid (NSAIDs), thuốc giảm đau, hạ sốt hoặc bất kỳ thành phần nào của thuốc.
- Loét đường tiêu hóa cấp tính.
- Tiền sử loét đường tiêu hóa.
- Xuất huyết nội tạng.
- Bệnh nhân suy gan nặng, suy thận nặng, suy tim xung huyết.
- Bệnh nhân có tiền sử hen suyễn do sử dụng salicylat hoặc các chất có tác dụng tương tự, đặc biệt là NSAIDs.
- Dùng phối hợp với methotrexat liều >15 mg tuần.
- Phụ nữ mang thai trong 3 tháng cuối của thai kỳ với liều > 100 mg.
- Trẻ em dưới 16 tuổi (trừ trường hợp mắc hội chứng Kawasaki).
- Bệnh nhân đang bị gout.","- Nghi ngờ NMCT cấp: Khởi đầu 162mg
- Phòng ngừa NMCT lần đầu + tiền sử NMCT hoặc đau thắt ngực không ổn định + thiếu máu não thoáng qua và phòng ngừa thứ phát XVĐM và nhồi máu não: 81-325mg/lần/ngày",,"Thận trọng khi dùng Aspirin 81 cho bệnh nhân:
- Tăng huyết áp không kiểm soát.
- Suy gan, suy thận hoặc suy tim.
- Tiền sử xuất huyết, thiếu máu đáng kể và/hoặc hạ huyết áp.
- Bệnh nhân đang điều trị với thuốc chống đông máu.
- Bệnh nhân đang điều trị với ibuprofen.
- Bệnh nhân đang điều trị với NSAIDs","- Không nên dùng trong tam cá nguyệt thứ nhất và thứ hai của thai kỳ
- 3 tháng cuối: Chống chỉ định
- PN cho con bú: Ngừng cho con bú khi dùng thường xuyên hoặc liều cao","- Cẩn thận dùng các thuốc chống đông hoặc chống kết tập tiểu cầu
- CCĐ dùng cùng methotrexate
- Liều cao tăng tác dụng thuốc hạ đường huyết, giảm tác dụng thuốc lợi tiểu, tăng uric niệu
- Hiệp đồng tác dụng SSRI, NSAIDs khác","- Rối loạn đường tiêu hóa, xuất huyết","Dưới 30 độ, nơi khô ráo, tránh ánh sáng",https://drive.google.com/file/d/16U9UD9OR6P42jCWFrUNCCTR5gDq3wOLx/view,
Betahistine dihydrochloride,21mg,Betaserc 24mg,Viên nén,Pháp,Điều trị triệu chứng của chóng mặt tái phát liên quan hoặc không liên quan đến ốc tai,Mẫn cảm với một trong các thành phần của thuốc U tuyến thượng thận,"48mg/ngày ~ 1v x 2 lần/ngày
Không dùng cho người dưới 18 tuổi",,"- Bệnh nhân hen cần được theo dõi cẩn thận trong khi dùng betahistine
- BN tiền sử loét dạ dày tá tràng
- Betahistine không thích hợp để điều trị các điều kiện sau:
Chóng mặt kịch phát lành tính.
Chóng mặt kèm theo rối loạn thần kinh trung ương.",Không nên sử dụng,Thận trọng dùng đồng thời với IMAO,"- Thường gặp: buồn nôn, khó tiêu, đau đầ
- Rối loạn hệ bạch huyết, hệ miễn dịch, phản ứng quá mẫn","Dưới 30 độ, nơi khô ráo, tránh ánh sáng",https://drive.google.com/file/d/1ciTdYVVbV0R_K31CZgZAXf2KC4gp_LwD/view,
Sitagliptin phosphat monohydrat,100mg,Bividia 100,Viên nén bao phim,Việt Nam,Cải thiện kiểm soát đường huyết ở bệnh nhân đái tháo đường tuýp 2,Bệnh nhân quá mẫn với bất kỳ thành phần nào của thuốc,"- Khuyến cáo: 100mg/1 lần/ngày
- Suy thận trung bình: 50mg ngày 1 lần
- Suy thận nặng hoặc giai đoạn cuối: 25mg ngày 1 lần",,"- Viêm tụy: Đã có báo cáo về viêm tụy cấp (có thể gây tử vong)
- Hạ đường huyết: Nguy cơ tăng lên khi kết hợp với Sulfamid hạ đường huyết hoặc Insulin; cần xem xét giảm liều các thuốc này.
- Phản ứng quá mẫn
- Bóng nước Pemphigoid
- Đối tượng đặc biệt: Không dùng cho đái tháo đường tuýp 1 hoặc nhiễm acid ceton",Không nên sử dụng,"- Digoxin: Nồng độ Digoxin tăng nhẹ nhưng không cần chỉnh liều.
- Cyclosporin: Không cần chỉnh liều Sitagliptin khi dùng chung.","Thường gặp: Đau đầu, hạ đường huyết (khi phối hợp), táo bón","Dưới 30 độ, nơi khô ráo, tránh ánh sáng",https://drive.google.com/file/d/16d4tFUjGT4xL0GSyZsVFqIwC5wulFvTd/view,
"Địa long
Hoàng kỳ
Đương quy
Xích thược
Xuyên khung
Đào nhân
Hồng hoa","360,0 mg
1350,0 mg
720,0 mg
540,0 mg
360,0 mg
360,0 mg
360,0 mg",Gipat,Viên nang cứng,Việt Nam,"-Di chứng sau tai biến mạch máu não như: liệt nửa người, méo miệng, lệch mắt, chân tay yếu, tiểu tiện không tự chủ,...
- Phong thấp nhức mỏi, tê buồn chân tay
- Bí đại tiểu tiện, cao huyết áp, rối loạn tiền đình.
- Phòng ngừa hình thành cục máu đông trong các trường hợp xơ vữa động mạch, tai biến mạch máu não, nhồi máu cơ tim...","- Người mẫn cảm với các thành phần của thuốc.
- Phụ nữ có thai và đang cho con bú.
- Phụ nữ rong kinh, kinh kéo dài.
- Người đang bị xuất huyết và có nguy cơ bị xuất huyết.
- Không được dùng cho trẻ dưới 16 tuổi.",Uống từ 2 - 3 viên/lần x 3 lần/ ngày.,,Thận trọng khi dùng cho người huyết áp thấp.,Không dùng cho phụ nữ có thai và đang cho con bú.,"- Tránh dùng đồ tanh lạnh, các chất kích thích: bia, rượu... khi đang dùng thuốc.
- Không dùng đồng thời với các thuốc chống đông máu vì có thể làm giảm tác dụng của thuốc.",Chưa ghi nhận được báo cáo,"Để nơi khô mát, tránh ánh sáng, nhiệt độ dưới 30 độ",https://drive.google.com/file/d/1tVweoNgec5Mb_DE5d74kdxsH0kK_rgPS/view,
Ivabradine hydrochloride,"5mg/7,5mg",Bixebra 5mg 7.5mg,Viên nén bao phim,Slovenia,"- Điều trị triệu chứng đau thắt ngực ổn định mạn tính ở người trưởng thành có bệnh mạch vành với nhịp xoang bình thường và nhịp tim ≥ 70 nhịp/phút có chỉ định:
+ Người lớn không dung nạp hoặc chống chỉ định với thuốc chẹn beta.
+ Kết hợp với thuốc chẹn beta ở các bệnh nhân chưa được kiểm soát đầy đủ với liều tối ưu thuốc chẹn beta
- Suy tim mạn tính độ II đến IV theo phân loại NYHA có rối loạn chức năng tâm thu, ở những bệnh nhân có nhịp xoang và tần số tim ≥ 75 nhịp/phút, kết hợp với điều trị chuẩn bao gồm chẹn beta hoặc khi thuốc chẹn beta bị chống chỉ định hay không dung nạp.","- Nhịp tim lúc nghỉ dưới 60 nhịp/phút trước khi bắt đầu điều trị.
- Sốc tim, nhồi máu cơ tim cấp, suy tim cấp.
- Bloc nhĩ-thất độ 3.
- Suy gan nặng.
- Nhịp xoang không ổn định hoặc hội chứng nút xoang bệnh lý.
- Bệnh nhân có hội chứng QT dài bẩm sinh hoặc mắc phải.
- Phụ nữ mang thai hoặc đang cho con bú.
- Quá mẫn với Ivabradine hoặc bất kỳ thành phần nào của thuốc","- Khởi đầu: 5mg 2 lần mỗi ngày
- Chỉnh liều giao động 2.5 - 7.5mg",,"- Cần theo dõi nhịp tim thường xuyên trong suốt quá trình điều trị, đặc biệt trong giai đoạn điều chỉnh liều.
- Thận trọng khi dùng đồng thời với các thuốc có thể làm giảm nhịp tim như chẹn kênh calci (verapamil, diltiazem), các thuốc chống loạn nhịp, thuốc ức chế thần kinh trung ương.
- Không nên sử dụng ở bệnh nhân rung nhĩ hoặc các loại rối loạn nhịp khác ngoài nhịp xoang.
- Cân nhắc nguy cơ và lợi ích khi dùng cho bệnh nhân có hội chứng QT dài.
- Thận trọng ở bệnh nhân suy gan hoặc suy thận mức độ trung bình.","Chống chỉ định PNCT, ngừng cho con bú nếu dùng thuốc","- Không được dùng chung với các thuốc ức chế mạnh CYP3A4
- Tránh dùng chung với verapamil hoặc diltiazem vì làm giảm nhịp tim quá mức và tăng nguy cơ tác dụng phụ.
- Thận trọng khi dùng cùng thuốc lợi tiểu, digitalis, thuốc hạ áp hoặc thuốc kéo dài khoảng QT.
- Nước bưởi có thể làm tăng nồng độ thuốc – nên hạn chế dùng trong thời gian điều trị.","- Tác dụng phụ thường gặp: nhịp tim chậm (bradycardia), hiện tượng nhìn chói sáng (phosphene), nhức đầu, chóng mặt, mệt mỏi, hạ huyết áp.
- Ít gặp hơn: ngoại tâm thu, buồn nôn, đau bụng, táo bón, phát ban, co thắt phế quản.
- Hiếm gặp: nhịp chậm nặng phải ngừng thuốc, bloc nhĩ-thất, phù ngoại vi.","Để nơi khô mát, tránh ánh sáng, nhiệt độ dưới 30 độ",https://drive.google.com/file/d/1fUpLCJ5YeriM8rszoTiVxnbtJCao4Wsn/view,
Hydrocortison,10mg,Gimtafort,Viên nén,Việt Nam,"Rối loạn nội tiết
Rối loạn thấp khớp
Rối loạn collagen
Dị ứng
Bệnh da liễu
Bệnh nhãn khoa
Bệnh hô hấp
Rối loạn huyết học
Bệnh khối u
Phù
Bệnh tiêu hóa
Việm màng não do lao ở kốii dưới màng nhện khi được sử dụng đồng thời với hóa trị liệu chống nhiễm trùng thích hợp
Bệnh giun xoắn có biến chứng tim mạch và thần kinh.","Nhiễm nấm toàn thân
BN đang dùng vaccine sống","20 - 240 mg/ngày. Nếu dùng thuốc trong thời gian dài, không được ngừng thuốc đột ngột mà phải giảm liều từ từ để tránh suy thượng thận thứ cấp",,"-Không ngừng thuốc đột ngột vì có thể gây suy thượng thận thứ phát, phải giảm liều từ từ.
-Stress (nhiễm trùng, phẫu thuật, sốt) cần tăng liều tạm thời.
Thận trọng ở:
-Suy giáp, xơ gan
-Herpes simplex ở mắt
-Loét dạ dày – tá tràng, viêm loét đại tràng, viêm túi thừa
-Suy thận, tăng huyết áp, loãng xương, nhược cơ
-Rrối loạn tâm thần: mất ngủ, kích động, thay đổi tính cách, trầm cảm, loạn thần
-Trẻ em: theo dõi chậm tăng trưởng
-Có thể gây kaposi sarcoma, ngừng thuốc có thể cải thiện.
-Tác dụng phụ phụ thuộc liều và thời gian, nên dùng liều thấp nhất trong thời gian ngắn nhất.
-Nguy cơ gây cơn u tủy thượng thận (có thể tử vong) ở người nghi ngờ u tủy thượng thận.",cân nhắc lợi ích,"-Phenobarbital, phenytoin, rifampin: giảm tác dụng.
-Troleandomycin, ketoconazole:  tăng nguy cơ nhiễm độc.
-Aspirin (liều cao, dùng kéo dài): corticosteroid làm tăng thải aspirin → giảm nồng độ; khi ngừng corticosteroid → tăng nguy cơ ngộ độc salicylat.
-Thuốc chống đông đường uống: tăng hoặc giảm tác dụng, cần theo dõi đông máu, chỉnh liều.",,"Dưới 30 độ, tránh ẩm, tránh ánh sáng",https://drive.google.com/file/d/1HXM2INOt13NKBriwn-0jxiJ2vhDw065B/view,
Calcitriol,"0,5mcg","Calcitriol DHT 0,5mcg",Viên nang mềm,Việt Nam,"Điều chỉnh rối loạn chuyển hóa calci và phosphat ở bệnh nhân loạn dưỡng xương do thận
Điều trị loãng xương sau khi mãn kinh","Calcitriol chống chỉ định:
Trong tất cả các bệnh liên quan đến chứng tăng calci huyết.
Bệnh nhân có bằng chứng của sự vôi hóa ác tính.
Quá mẫn với calcitriol (hoặc tất cả các thuốc cùng nhóm) hoặc với bất kỳ thành phần nào của thuốc
Có dấu hiệu rõ ràng ngộ độc vitamin D","- Loãng xương do thận: 0,25 mcg 2 lần mỗi ngày
- Loãng xương sau mãn kinh: 0,5 mcg/ngày",,"- Tăng calci huyết do chế độ ăn (nhiều sữa), dùng thuốc calci kèm theo hoặc khi nằm bất động lâu ngày.
- Thận trọng tối đa với người suy thận (nguy cơ vôi hóa lạc chỗ), sỏi thận hoặc bệnh mạch vành.
- Tương tác: Tuyệt đối không tự ý dùng thêm các loại Vitamin D khác để tránh ngộ độc.
- Dị ứng tá dược: Lưu ý nếu bạn dị ứng với đậu nành, màu Sunset yellow hoặc các chất bảo quản nhóm Paraben (Nipagin/Nipasol).","Chỉ sử dụng calcitriol khi lợi ích điều trị cao hơn nhiều so với nguy cơ có thể xảy ra cho bào thai, không nên cho con bú khi điều trị bằng thuốc","- Lợi tiểu thiazid: tăng nguy cơ tăng Calci huyết
- Đối kháng chức năng với corticoid và các chất giống vitD
- Tăng Mg huyết","- Tăng calci huyết
- Rối hoạn hệ miễn dịch, rối lạn tâm thần, thần kinh...","Dưới 30 độ, tránh ẩm, tránh ánh sáng",https://drive.google.com/file/d/15rBJt9Mw5JMIbW0UIZCuzB-Yecp8VgPU/view,
"Calci carbonat
Cholecalciferol (vitamin D3)","1250 mg
125 IU",Caldihasan,Viên nén,Việt Nam,"- Phòng và điều trị thiếu hụt vitamin D và calci.
- Bổ sung vitamin D và calci như một liệu pháp hỗ trợ cho điều trị đặc hiệu loãng xương, ở bệnh nhân có nguy cơ cao thiếu hụt kết hợp cả vitamin D và calci","Quá mẫn với calci carbonat, cholecalciferol hoặc bất kỳ thành phần nào của thuốc.
Người mắc bệnh hoặc tình trạng dẫn đến tăng calci huyết và/ hoặc
calci niệu (u tủy, di căn xương, cường tuyến cận giáp nguyên phát).
Bệnh sỏi thận/ lắng đọng calci ở thận.
Suy thận nặng và thận hư.
Ngộ độc quá liều vitamin D","Người lớn và người cao tuổi:
+ Liên quan đến loãng xương: 1 viên x 2−3 lần/ngày.
+ Thiếu hụt calci và vitamin D3: 1 viên x 1 − 3 lần/ngày.
Trẻ em thiếu hụt calci và vitamin D3: 1 viên x 1 − 2 lần/ngày.",,"- Điều trị kéo dài: theo dõi nồng độ calci huyết thanh và chức năng thận
- Theo dõi đặc biệt quan trong ở người cao tuổi đang điều trị  đồng thời với glycosid tim hoặc thuốc lợi tiểu và ở bệnh nhân có nhiều nguy cơ hình thành sôi.
- BN suy giảm chức năng thận và theo dõi ảnh hưởng đến nồng độ calci và phosphat.
- BN đang mắc chứng u hạt do nguy cơ vitamin D được tăng cường chuyển hóa thành dạng có hoạt tính.
- BN bất động kèm với loãng xương do nguy cơ tăng calci huyết.
- Cân nhắc khi kê đơn cùng các thuốc khác có chứa vitamin D.
- Những bệnh nhân có các vấn đề di truyền hiếm gặp về không dung nạp galactose, thiếu hụt Lapp lactase hay kém hấp thu glucose – galactose không nên dùng thuốc này.","- Có thể được dùng cho phụ nữ mang thai và cho con bú trong trường hợp thiếu hụt calci và vitamin D3.
- Khi mang thai, liều dùng mỗi ngày không vượt quá 1500 mg calci và 600 IU vitamin D","- Nhóm làm tăng Calci huyết: Thuốc lợi tiểu Thiazid (giảm bài tiết calci) và Glycosid tim (tăng độc tính khi calci cao);
- Nhóm làm giảm hấp thu Vitamin D: Nhựa trao đổi ion (cholestyramin), thuốc nhuận tràng (dầu parafin), Rifampicin, phenytoin và barbiturat (làm tăng chuyển hóa/giảm hoạt tính Vitamin D).
- Nhóm bị Calci làm giảm hấp thu (Cần uống cách xa):
+ Cách 2 giờ: Tetracyclin, kháng sinh Quinolon, sắt, kẽm, stronti, Estramustin và hormon tuyến giáp.
+ Cách 3 giờ: Biphosphonat, natri fluorid.
+ Cách 4–6 giờ: Tetracyclin (nếu uống sau calci).
- Nhóm làm giảm hấp thu Calci: Corticosteroid toàn thân (có thể cần tăng liều calci)","- Hệ miễn dịch: Các phản ứng quá mẫn nghiêm trọng như phù mạch (sưng mặt, lưỡi, môi), phủ thanh quản (không rõ tần suất).
- Hệ tiêu hóa: Táo bón, đầy hơi, buồn nôn, đau bụng, tiêu chảy (hiếm gặp). Khó tiêu (rất hiếm gặp).
- Da và mô dưới da: Ngứa, phát ban, nổi mề đay (hiếm gặp).
- Bệnh nhân suy thận: Nguy cơ tăng phosphat huyết, sỏi thận và lắng đọng calci ở thận.","Nơi khô, dưới 30°C. Tránh ánh sáng",https://drive.google.com/file/d/1snhK9dnxiF1BjxubnnzBb8EzCPIL8eE3/view,
Phenobarbital,10mg,Garnotal 10,Viên nén,Việt Nam,"Điều trị động kinh ở người lớn và trẻ em, dùng đơn trị liệu hoặc phối hợp với thuốc điều trị động kinh khác.
- Cơn động kinh toàn thể: Cơn co giật, cơn co cứng, cơn co cứng - co giật.
- Cơn động kinh cục bộ: Cơn động kinh cục bộ có hoặc không có kèm cơn cục bộ toàn thể hóa thứ phát","- Quá mẫn với phenobarbital, các barbiturat khác hoặc bất kỳ thành phần nào của thuốc.
- Người bệnh suy hô hấp nặng, có khó thở hoặc tắc nghẽn.
- Người bệnh rối loạn chuyển hóa porphyrin.
- Suy gan nặng hoặc suy thận nặng.
- Đang điều trị bằng cobicistat, rilpivirin, telaprevir, acid cholic, ifosfamid, daclatasvir, delamanid, dasabuvir, ombitasvir-paritaprevir, ledipasvir hoặc voriconazol.
- Sử dụng kết hợp với St. John's wort.","Trẻ em
- >20 kg: 5 mg/kg/ngày, chia 1 hoặc 2 lần.
-  20 - 30 kg: 3 đến 4 mg/kg/ngày, chia 1 hoặc 2 lần.
- < 30 kg: 2 đến 3 mg/kg/ngày, chia 1 hoặc 2 lần.
- Đối với trẻ dưới 6 tuổi, nên nghiền viên thuốc và trộn với thức ăn trước khi dùng.
Người lớn: 2 - 3 mg/kg/ngày, 1 lần/ngày khi đi ngủ.",,"-Không ngừng thuốc đột ngột do có thể gây trạng thái động kinh.
-Dùng đều đặn hằng ngày.
-Không uống rượu/bia/nước có cồn.
-Không dùng khi cho con bú.
Tá dược có lactose: không dùng nếu không dung nạp galactose, thiếu lactase, kém hấp thu glucose–galactose
Ngừng/giảm liều
-Người lớn:
≥ 6 tháng không có cơn: giảm liều
≥ 2 năm không có cơn: mới ngừng thuốc
-Trẻ em ≥ 3 tháng không có cơn: có thể giảm và ngừng
-Giảm liều ở: suy gan, suy thận, người già, nghiện rượu.
Trẻ em
-Trẻ nhỏ: bổ sung vitamin D (phòng còi xương).
-Trẻ sơ sinh có mẹ dùng thuốc: nguy cơ chảy máu, vì vậy người mẹ uống vitamin K trong tháng cuối thai kỳ, trẻ
Nguy cơ nghiêm trọng
-Ý nghĩ/hành vi tự tử → theo dõi chặt.
-Hội chứng Stevens–Johnson / TEN:
-Nguy cơ cao trong những tuần đầu
-Có ban da, phỏng nước, tổn thương niêm mạc: ngừng thuốc ngay, không dùng lại","PNMT: Chỉ dùng khi thật cần thiết, cân nhắc lợi–nguy cơ; dùng liều thấp nhất có hiệu quả.
PNCOB:Thận trọng cao khi bắt buộc dùng; theo dõi sát trẻ.","Chống chỉ định phối hợp
-Acid cholic:đối kháng tác dụng
-Cobicistat: giảm hiệu lực
-Daclatasvir, delamanid, ombitasvir/paritaprevir, rilpivirin: giảm nồng độ
-Dasabuvir: giảm nồng độ
-Ledipasvir, telaprevir: giảm mạnh nồng độ
-Voriconazol: giảm hiệu quả
-St. John’s wort:giảm nồng độ & hiệu quả
Không nên phối hợp
-Rượu: tăng an thần, nguy hiểm
-Methotrexat: tăng độc tính huyết học
-Phenytoin: nồng độ dao động, nguy cơ ngộ độc hai thuốc
Thận trọng khi phối hợp
-Giảm hiệu quả: felodipin, nimodipin, doxycyclin, corticoid, ciclosporin, quinidin, theophyllin, thuốc chống đông uống, digitoxin, disopyramid, chẹn beta: cần chỉnh liều
-Mất tác dụng thuốc tránh thai uống: cần dùng biện pháp khác
-Giảm nồng độ phenobarbital: acid folic, TCA → có thể tăng liều
-Tăng nồng độ phenobarbital: progabid, acid valproic
-Levothyroxin: theo dõi T3, T4 để chỉnh liều
-Tăng ức chế TKTW khi dùng với: thuốc an thần, benzodiazepin, clonidin, morphin, kháng H1, thuốc an thần kinh, thuốc giải lo âu.","Thường gặp
-Toàn thân: Buồn ngủ.
-Máu: Hồng cầu khổng lồ.
-Thần kinh: Rung giật nhãn cầu, mất điều hòa, kích thích, sợ hãi, lú lẫn (người cao tuổi).
Da: Phát ban dị ứng (hay gặp ở trẻ).
Ít gặp
-Cơ xương: Còi xương, nhuyễn xương, loạn dưỡng cơ (trẻ sau ~1 năm), đau khớp.
-Chuyển hóa: Rối loạn porphyrin.
-Da: Hội chứng Lyell (có thể tử vong).
Hiếm gặp
-Máu: Thiếu máu hồng cầu khổng lồ do thiếu acid folic.
-Da: SJS, TEN.
Rất hiếm gặp
Hội chứng quá mẫn toàn thân: sốt, phát ban, hạch, tăng bạch cầu/ưa eosin, bất thường huyết học.","Nơi khô thoáng, tránh ánh sáng, nhiệt độ không quá 30°C",https://drive.google.com/file/d/17-HKRUlmgrQCQyNMSRclcSidsDj6lFIy/view,
Phenobarbital,100mg,Garnotal 10,Viên nén,Việt Nam,"- Động kinh (trừ động kinh cơn nhỏ): Động kinh cơn lớn, động kinh giật cơ, động kinh cục bộ.
- Phòng co giật do sốt cao tái phát ở trẻ nhỏ.
- Vàng da sơ sinh, người bệnh mắc chứng tăng bilirubin huyết không liên hợp bẩm sinh, không tan huyết bẩm sinh và ở người bệnh ứ mật mạn tính trong gan.","- Người bệnh quá mẫn với phenobarbital.
- Người bệnh suy hô hấp nặng, có khó thở hoặc tắc nghẽn.
- Người bệnh rối loạn chuyển hóa porphyrin.
- Suy gan nặng.","Người lớn
- Chống co giật: Uống 1 - 3 viên mỗi ngày, do có thời gian bán hủy dài nên không nhất thiết phải chia nhỏ liều.
- An thần: 1 viên/ngày, uống trước lúc đi ngủ.
- Gây ngủ: 1 - 3 viên/ngày. Không được dùng quá 2 tuần điều trị mất ngủ.
- Chống tăng bilirubin huyết: 1 - 2 viên/ngày.
Trẻ em
- Chống co giật: 3 - 5 mg/kg/ngày hoặc 125 mg/m22/ngày, uống 1 lần hoặc chia nhỏ liều.
- An thần: 6 mg/kg/ngày hoặc 180 mg/m2/ngày, 3 lần mỗi ngày.
- Trước khi phẫu thuật: 1 - 3 mg/kg.
- Chống tăng bilirubin - huyết: Sơ sinh: 5 - 10 mg/kg/ngày, trong vài ngày đầu khi mới sinh.
- Trẻ em tới 12 tuổi: 1 - 4 mg/kg, 3 lần mỗi ngày.",,"-Thận trọng ở người nghiện rượu/ma túy, suy thận, người cao tuổi, người trầm cảm.
-Không ngừng thuốc đột ngột (nguy cơ động kinh liên tục).
-Dùng lâu dài có thể gây lệ thuộc thuốc.
-Trẻ nhỏ: bổ sung vitamin D2 để phòng còi xương.
-Thai kỳ: mẹ dùng thuốc khiến trẻ sơ sinh có nguy cơ chảy máu sớm → mẹ uống vitamin K tháng cuối thai kỳ, trẻ dùng vitamin K ngay sau sinh.
- Cho con bú: không khuyến cáo dùng.","-PNMT:Chỉ dùng khi lợi ích vượt nguy cơ, và dùng liều thấp nhất để kiểm soát cơn động kinh.
-Phụ nữ cho con bú: Không khuyến cáo, chỉ dùng khi thật cần thiết và phải theo dõi trẻ chặt chẽ.","Không nên phối hợp
-Felodipin, nimodipin: giảm nồng độ
-Thuốc tránh thai uống: mất tác dụng.
-Rượu: tăng an thần, nguy hiểm.
-Methotrexat: tăng độc tính huyết học.
Thận trọng khi phối hợp
- Giảm tác dụng/nồng độ của: Doxycyclin, corticoid toàn thân, ciclosporin, quinidin/hydroquinidin, theophyllin, digitoxin, disopyramid, thuốc chống đông uống, thuốc chẹn beta (metoprolol, propranolol…), levothyroxin, thuốc tránh thai.
- Làm thay đổi nồng độ phenobarbital:Tăng acid valproic, progabid; Giảm: acid folic, thuốc chống trầm cảm 3 vòng.
- Tăng ức chế TKTW khi dùng cùng: Thuốc an thần, benzodiazepin, opioid, kháng H1, clonidin, thuốc an thần kinh.
Tương tác đặc biệt:
-Phenytoin: nồng độ hai thuốc biến động → nguy cơ ngộ độc.
-Carbamazepin: giảm nồng độ nhưng thường không giảm hiệu quả.
-Thuốc chống trầm cảm 3 vòng: tăng nguy cơ co giật → cần chỉnh liều AED.","Thường gặp:
-Buồn ngủ.
-Rung giật nhãn cầu, mất điều hòa, kích thích, lú lẫn (người cao tuổi).
-Hồng cầu khổng lồ trong máu.
-Phát ban dị ứng (hay gặp ở trẻ).
Ít gặp:
-Còi xương, nhuyễn xương, loạn dưỡng cơ, đau khớp.
-Rối loạn chuyển hóa porphyrin.
-Hội chứng Lyell.
Hiếm gặp:Thiếu máu hồng cầu khổng lồ do thiếu acid folic.","nơi khô thoáng, tránh ánh sáng, nhiệt độ dưới 30°C.",https://drive.google.com/file/d/1XTI0syAVlXclSTLC992N6UsxsBNkg2vn/view,
Capecitabine,500mg,Capecitabine 500mg,Viên nén bao phim,Cộng Hòa Síp,"- Điều trị Ung thư vú
- Ung thư đại trực tràng
- Ung thư dạ dày","- Quá mẫn với capecitabine hoặc với bất kỳ thành phân nào của thuốc
- Chống chỉ định trên những bệnh nhân được biết là có thiếu hụt DPD
- Không nên dùng capecitabine cùng với sorivudin hoặc các chất tương tự có liên quan về mặt hóa học, như là brivudin. Những bệnh nhân suy gan nặng (Child Push C).
- Những bệnh nhân bị suy thận nặng (độ thanh thải creatinin giảm dưới 30 ml/phút).
- Nếu có chống chỉ định của bất kì thuốc nào trong điều trị kết hợp, thì không dùng thuốc đó.
- Trẻ em (dưới 18 tuổi).
- Phụ nữ có thai và cho con bú","- Liều capecitabine dựa trên diện tích bề mặt cơ thể tính từ chiều cao và cân nặng.
- Liều thông thường cho người lớn là 1250 mg/m2 diện tích bề mặt cơ thể, uống hai lần mỗi ngày (sáng và tối, tương đương 2500 mg/m2 tổng liều mỗi ngày).",,"- Thiếu hụt enzym DPD: Bệnh nhân thiếu hụt hoàn toàn hoạt tính DPD không được điều trị bằng Capecitabine do nguy cơ độc tính đe dọa tính mạng.
- Độc tính tim mạch: Cần thận trọng với người có tiền sử bệnh tim, có thể gây nhồi máu cơ tim, đau thắt ngực, rối loạn nhịp tim hoặc suy tim.
- Suy gan & Suy thận: Cần theo dõi cẩn thận; đặc biệt suy thận mức độ trung bình cần giảm liều khởi đầu xuống 75%.
- Phản ứng da nghiêm trọng: Ngừng vĩnh viễn nếu xuất hiện hội chứng Stevens-Johnson hoặc hoại tử thượng bì nhiễm độc.",Tuyệt đối tránh mang thai khi dùng thuốc; nên ngừng cho con bú trong quá trình điều trị,"- Thuốc chống đông Coumarin: Làm tăng đáng kể thông số đông máu (INR) và nguy cơ chảy máu; cần theo dõi chặt chẽ và điều chỉnh liều thuốc chống đông.
- Sorivudin và các thuốc tương tự (Brivudin): Tương tác gây tăng độc tính nguy hiểm đến tính mạng; không được dùng cùng lúc và phải đợi ít nhất 4 tuần sau khi ngừng Sorivudin mới được dùng Capecitabine.
- Phenytoin: Capecitabine làm tăng nồng độ Phenytoin trong huyết tương, có thể gây ngộ độc.
- Leucovorin: có thể làm tăng độc tính của Capecitabine.
- Allopurinol: Có thể làm giảm hiệu quả của 5-FU (chất chuyển hóa của Capecitabine); nên tránh sử dụng đồng thời.","Rất phổ biến:
- Tiêu hóa: Tiêu chảy, buồn nôn, nôn, viêm miệng, đau bụng.
- Da: Hội chứng tay - chân (đỏ, sưng, đau lòng bàn tay/bàn chân).
- Toàn thân: Mệt mỏi, suy nhược.
- Máu (khi dùng kết hợp): Giảm bạch cầu trung tính, thiếu máu, giảm tiểu cầu.","Nơi khô thoáng, tránh ánh sáng, nhiệt độ dưới 30 độ",https://drive.google.com/file/d/1ombuePPyYEHoOaV22sFrx7BZwVyOAGC3/view,
Oxcarbazepin,300mg,Carbamaz,Viên nén bao phim,Việt Nam,"- Thuốc chống động kinh đầu tay trong đơn trị liệu hoặc đa trị liệu.
- Có thể thay thế các thuốc chống động kính khác khi trị liệu hiện tại chưa đủ để kiểm soát động kinh",Quá mẫn với các thành phần của thuốc,"- Người lớn và người già
+ Đơn trị liệu: Bắt đầu: 500 mg ngày (8 - 10 mg/kg/ngày chia hai lần). Hiệu quả điều trị tốt được thấy ở mức liều 600 - 2400 mg/ngày.
+ Đa trị liệu: Bắt đầu: 600 mg ngày (8 - 10 mg/kg/ngày chia hai lần). Hiệu quả điều trị tốt được thấy ở mức liều 600 - 2400 mg/ngày.
-Trẻ em 4 - 16 tuổi:
+ Đa trị liệu, liều khởi đầu 8 - 10 mg/kg/ngày chia hai lần. Liều mục tiêu nên đạt được sau 2 tuần và phụ thuộc vào cân nặng
+ Đơn trị liệu 8 - 10 mg/kg/ngày chia hai lần.
Liều có thể tăng 5 mg/kg/ngày mỗi 3 ngày đến khi đạt được tiếu khuyến cáo hàng ngày theo khối lượng cân nặng
- Đối với bệnh nhân suy chức năng thận (độ thanh thải creatinin dưới 30 ml/phút), khởi đầu với liều dùng nửa liều thường dùng (300 mg/ngày) và tăng dần liều để được đáp ứng lâm sàng mong muốn",- Không quá 600 mg/ngày (Trẻ em 4 - 16 tuổi),"- Bệnh nhân đã từng có phản ứng quá mẫn với carbamazepin
- Dùng đồng thời với các thuốc tránh thái hormon có thể làm giảm hiệu quả thuốc tránh thai
- Nên giảm liều từ từ khi ngừng sử dụng","Lợi ích phải được cân nhắc với nguy cơ, nên dừng thuốc khi cho con bú",- Ít khả năng gây tương tác thuốc,"Các phản ứng có hại của oxcarbazepin thường nhẹ và thoáng qua, chủ yếu xảy ra lúc bắt đầu điều trị.
- Toàn thân
+ Rất thường gặp: Mệt mỏi.
+ Thường gặp: Suy nhược.","Nơi khô thoáng, tránh ánh sáng, nhiệt độ dưới 30 độ",https://drive.google.com/file/d/1OfVQEoqKNZBDMlOgNgYHCjCmGEgkW_0t/view,
Carbamazepin,200mg,Carbamazepin 200mg,Viên nén,Việt Nam,"- Bệnh động kinh: Cơn động kinh cục bộ và cơn động kinh co cứng - giật rung phát triển toàn thể
- Đau dây thần kinh sinh ba tự phát
- Dự phòng chứng rối loạn tâm thần hưng - trầm cảm ở bệnh nhân không đáp ứng với liệu pháp lithi.","Quá mẫn với carbamazepin hoặc các thuốc có liên quan về cấu trúc (thuốc chống trầm cảm 3 vòng hoặc với bất kỳ thành phần nào của thuốc).
Bệnh nhân bị block nhĩ thất.
Bệnh nhân có tiền sử suy tủy xương.
Bệnh nhân có tiền sử rối loạn chuyển hóa porphyrin gan (ví dụ rối loạn chuyển hóa porphyrin cấp từng cơn, rối loạn chuyển hóa porphyrin hỗn hợp, rối loạn chuyển hóa porphyrin biểu hiện da  muộn).
Chống chỉ định sử dụng Carbamazepin kết hợp với thuốc ức chế monoamine - oxidase (MAD)","Nên tăng liều từ từ và điều chỉnh phù hợp với nhu cầu của từng bệnh nhân, nên chia liều carbamazepin làm nhiều lần
+ Bệnh động kinh
- Người lớn: 100 - 200mg, 1 hoặc 2 lần/ngày. Sau đó, nên tăng liều từ từ cho đến khi đạt được đáp ứng tối ưu, thông thường là 800 - 1200 mg/ngày.
- Trẻ em và thanh thiếu niên: thông thường: 10 – 20 mg/kg thể trọng mỗi ngày.
- Dạng bào chế viên nén carbamazepin 200mg không khuyến cáo cho trẻ quá nhỏ (< 5 tuổi).
5 - 10 tuổi: 400 - 600 mg/ ngày (2 - 3 viên x 200 mg/ngày, chia làm nhiều lần).
10 – 15 tuổi: 600 – 1000 mg/ngày (3 - 5 viên x 200mg/ ngày, chia làm nhiều lần).
> 15 tuổi: 800 - 1200 mg/ngày (giống liều người lớn.
+ Đau dây thần kinh sinh 3: Khởi đầu 200 - 400mg, tăng từ từ. Người cao tuổi giảm một nửa
+ Dự phòng rối loạn tâm thần hưng - trầm cảm: Thông thường: 400 - 600mg/ngày","Đến 6 tuổi: 35 mg/kg/ngày.
6 - 15 tuổi: 1000 mg/ngày.
>15 tuổi: 1203 mg/ngày.","- Chỉ nên dùng thuốc dưới sự giám sát y khoa.
- Carbamazepin chỉ nên được kê đơn sau khi đánh giá kỳ lợi ích và nguy cơ, dưới sự theo dõi chặt chẽ ở những bệnh nhân có tiền sử về tổn thương tim, gan hoặc thận, có các phản ứng phụ về huyết học đối với các thuốc khác, hoặc tiến hành điều trị bằng carbamazepin bị gián đoạn.","Không nên dùng, cần được cân nhắc kỹ","Các thuốc có thể làm tăng năng độ carbamazepin trong huyết tương, vì nồng độ rarianazenin tăng có thể dẫn đến các phản ứng bất lợi (ví dụ: Chóng mặt, buồn ngủ, mất đầu hỏa, xong thôi), cầm điều chỉnh liều carbamazepin cho phù hợp và hoặc theo dõi nồng độ trung huyết tương khi dùng đồng thời với các thuốc đó.","Rất phổ biến: Giảm bạch cầu, chóng mặt, buồn ngủ
Thường gặp:
- Giảm liên cầu, tăng bạch cầu temin
- Phù, ứ dịch, tăng cân, hạ Na huyết, giảm áp lực thẩm thấu
- Nhức đầu, rối loạn điều tiết
- Khô miệng","Nơi khô thoáng, tránh ánh sáng, nhiệt độ dưới 30 %",https://drive.google.com/file/d/1lFhXIDIt8578CQRlGbi0I55BorfEqGtS/view,
Cinnarizin,25mg,Cinnarizin,Viên nén,Việt Nam,"Phòng say tàu xe
Rối loạn tiền đình như chóng mặt, ù tai, buồn nôn, nôn trong bệnh Ménière.
Rối loạn mạch não và mạch ngoại vi khác.","Mẫn cảm với cinnarizin hoặc bất cứ thành phần nào của thuốc.
Rối loạn chuyển hóa porphyrin.","Phòng say tàu xe: người lớn uống 25 mg, 2 giờ trước khi đi tàu xe
Trẻ em 5 - 12 tuổi: ½ liều người lớn.
Rối loạn tiền đình: người lớn uống 25 mg, 3 lần mỗi ngày.
Trẻ em 5 - 12 tuổi:  ½  liều người lớn.
Rối loạn mạch não: liều 75 mg, ngày 1 lần.
Rối loạn mạch ngoại vi: liều 75 mg/lần, 2 - 3 lần/ ngày.",,"- BN mắc rối loạn di truyền hiếm gặp về dung nạp galactose không nên sử dụng
- Dị ứng lúa mì không nên sử dụng
- Nên uống sau bữa ăn
- Có thể gây ngủ gà đặc biệt lúc khởi đầu điều trị
- Tránh dùng dài ngày ở người cao tuổi, dùng liều cao cho BN giảm HA có thể gây giảm áp lực máu",Không nên sử dụng,"Rượu (chất ức chế hệ thần kinh trung ương), thuốc chống trầm cảm 3 vòng: sử dụng đồng thời với cinnarizin có thể làm tăng tác dụng an thần của mỗi thuốc nêu trên hoặc của cinnarizin.","Thường gặp, ADR >1/100
+ TKTW: ngủ gà
+ Tiêu hóa: rối loạn tiêu hóa","Dưới 30°C, nơi khô ráo, tránh ánh sáng",https://drive.google.com/file/d/1j5X3oZQucxhssnVcid34488TtbPsMtxo/view,
Clarithromycin,500mg,Clabact 500,Viên nén bao phim,Việt Nam,Chỉ định trong điều trị nhiễm trùng do một hoặc nhiều vi khuẩn nhạy cảm.,,"- Người lớn: Thông thường 500 mg/lần, ngày 2 lần (trong 5-14 ngày).
- Diệt H. pylori: 500 mg x 2 lần/ngày phối hợp thuốc khác trong 7-14 ngày.
- Suy thận (ClCr < 30 ml/phút): Giảm liều xuống còn một nửa (ví dụ 250 mg x 1 lần/ngày hoặc 250 mg x 2 lần/ngày nếu nặng).",,"Thận trọng ở bệnh nhân có bệnh mạch vành, suy tim hoặc rối loạn điện giải",Không nên sử dụng trừ khi lợi ích lớn hơn nguy cơ (đặc biệt trong 3 tháng đầu thai kỳ),"- Làm tăng nồng độ và độc tính của: Digoxin, Warfarin, Quinidin, các thuốc chẹn kênh calci (gây hạ huyết áp).
- Làm tăng nguy cơ ly giải cơ vân khi dùng cùng một số thuốc Statin hạ mỡ máu.
- Làm tăng nồng độ Colchicin dẫn đến nguy cơ ngộ độc chết người","- Thường gặp: Đau bụng, tiêu chảy, buồn nôn, nôn và loạn vị giác (cảm giác đắng miệng).
- Ở bệnh nhân suy giảm miễn dịch (liều cao): Có thể gặp rối loạn thính giác, tăng men gan (SGOT/SGPT), giảm tiểu cầu và bạch cầu","Dưới 30°C, nơi khô ráo, tránh ánh sáng",https://drive.google.com/file/d/1w8athrQ0gGrPk4AbTuLbx2WNln48UlQh/view,
Clozapine,25mg; 100mg,Clomedin tablets,Viên nén,Cộng Hòa Síp,"- Tâm thần phân liệt kháng trị: Dùng cho bệnh nhân không đáp ứng hoặc gặp phản ứng phụ nghiêm trọng với các thuốc chống loạn thần khác.
- Rối loạn tâm thần trong bệnh Parkinson: Khi các phương pháp điều trị chuẩn đã thất bại","- Vấn đề về máu: Bệnh nhân không thể xét nghiệm máu định kỳ, người có tiền sử giảm hoặc mất bạch cầu hạt.
- Bệnh lý: Động kinh không kiểm soát, viêm cơ tim, suy thận/tim nặng, bệnh gan tiến triển hoặc suy gan.
- Tình trạng khác: Liệt ruột, hôn mê, nhiễm độc thuốc hoặc rối loạn tâm thần do rượu.","- Tâm thần phân liệt kháng trị:
Bắt đầu: 12,5 mg (1-2 lần/ngày), sau đó tăng dần mỗi ngày 25-50 mg.
Liều duy trì: Thường từ 200 - 450 mg/ngày (chia nhiều lần).
- Bệnh Parkinson: Liều thấp hơn, bắt đầu tối đa 12,5 mg/ngày vào buổi tối. Liều trung bình 25 - 37,5 mg/ngày.
- Lưu ý: Nếu ngưng thuốc trên 2 ngày, khi dùng lại phải bắt đầu từ liều thấp nhất 12,5 mg",Tối đa không quá 900 mg/ngày,"- Rối loạn huyết học: Thuốc có nguy cơ gây mất bạch cầu hạt đe dọa tính mạng.
- Nguy cơ khác: Hạ huyết áp tư thế (dễ gây ngất), co giật (đặc biệt khi dùng liều cao), sốt tạm thời trong 3 tuần đầu điều trị.
- Lái xe: Gây buồn ngủ mạnh, không nên lái xe hay vận hành máy móc.",Không nên sử dụng,"- Cấm phối hợp: Các thuốc có khả năng ức chế tủy xương hoặc gây giảm bạch cầu.
- Rượu (Alcool): Tăng tác dụng an thần, gây nguy hiểm","- Rất phổ biến: Buồn ngủ, chóng mặt, nhịp tim nhanh, táo bón, tăng tiết nước bọt.
- Nghiêm trọng: Co giật, viêm cơ tim (thường trong 2 tháng đầu), tăng đường huyết nặng (tiểu đường)","Dưới 30°C, nơi khô ráo, tránh ánh sáng",https://drive.google.com/file/d/1g-BntOx3TOi9lHn0M6LqJP0wiX3gTi9V/view,
"Valsartan
Hydrochlorothiazide","V....80
H... 12,5",Co-Diovan,Viên nén bao phim,Thụy Sĩ,"Điều trị tăng huyết áp cho người lớn từ 18 tuổi trở lên, đặc biệt khi đơn trị liệu không kiểm soát được huyết áp hoặc dùng làm điều trị khởi đầu cho bệnh nhân cần phối hợp nhiều thuốc.","- Quá mẫn với bất kỳ thành phần nào của thuốc hoặc các dẫn xuất sulfonamide.
- Phụ nữ có thai: Không được sử dụng do nguy cơ gây tổn thương hoặc tử vong cho thai nhi.
- Vô niệu: Do có thành phần hydrochlorothiazide.
- Phối hợp với Aliskiren: Chống chỉ định ở bệnh nhân đái tháo đường type 2",- Liều khuyến cáo: 1 viên mỗi ngày,,"- Điện giải: Có thể gây hạ kali, hạ natri hoặc tăng calci huyết; cần kiểm tra định kỳ nồng độ điện giải trong máu.
- Phù mạch: Ngừng thuốc ngay lập tức nếu có biểu hiện sưng mặt, môi, cổ họng hoặc lưỡi và không được tái sử dụng.
- Lupus ban đỏ: Có thể làm nặng thêm hoặc kích hoạt bệnh lupus ban đỏ hệ thống.
- Chuyển hóa: Có thể làm thay đổi khả năng dung nạp đường glucose, tăng nồng độ cholesterol, triglyceride và acid uric (gây gút).
- Mắt: Hydrochlorothiazide có thể gây cận thị cấp tính hoặc tăng nhãn áp góc đóng cấp tính (cần ngừng thuốc ngay)",Chống chỉ định,"- Lithium: Làm tăng nồng độ và độc tính của Lithium trong máu.
- Thuốc bổ sung Kali/Lợi tiểu giữ Kali: Cần thận trọng vì có thể làm thay đổi nồng độ kali huyết thanh.
- NSAIDs (thuốc kháng viêm): Có thể làm giảm hiệu quả hạ huyết áp và làm chức năng thận xấu đi, đặc biệt ở người già.
- Rượu, thuốc ngủ, thuốc mê: Có thể làm tăng khả năng hạ huyết áp tư thế đứng.
- Thuốc chống đái tháo đường: Có thể cần điều chỉnh liều insulin hoặc thuốc uống do thay đổi dung nạp glucose","Mất nước, chóng mặt, cảm giác bất thường (dị cảm), mệt mỏi, ho, đau cơ/khớp","Dưới 30°C, nơi khô ráo, tránh ánh sáng",https://drive.google.com/file/d/1pnDXnjZK4A6xO_MDcTMXn5uhWRUqMdba/view,
Bisoprolol fumarate,5mg,Concor 5mg,Viên nén bao phim,Áo,"- Điều trị tăng huyết áp.
- Điều trị bệnh mạch vành (đau thắt ngực).
- Điều trị bệnh suy tim mãn tính ổn định kèm suy giảm chức năng tâm thu thất trái (thường kết hợp với các thuốc khác như thuốc ức chế men chuyển, lợi tiểu).","- Suy tim cấp hoặc suy tim mất bù cần tiêm truyền thuốc co cơ tim.
- Sốc do tim.
- Rối loạn dẫn truyền nhĩ thất nghiêm trọng (blốc nhĩ thất độ II hoặc III) mà không có máy tạo nhịp.
- Nhịp tim chậm hoặc huyết áp thấp gây triệu chứng thực thể.
- Hen phế quản nặng hoặc bệnh tắc động mạch ngoại biên thể nặng.
- U tuyến thượng thận chưa điều trị (u tế bào ưa crôm).
- Toan chuyển hóa hoặc mẫn cảm với thành phần thuốc.","- Tăng huyết áp và bệnh mạch vành: Liều khởi đầu thông thường là 5mg/lần/ngày. Có thể tăng lên 10~mg/ngày.
- Suy tim mãn tính ổn định: Cần được khởi đầu với liều thấp và tăng dần theo từng bước (từ 1,25mg; 2,5mg; 3,75mg... đến liều duy trì 10mg/ngày)
- Bệnh nhân suy gan/thận nặng: Liều tối đa không quá 10~mg bisoprolol mỗi ngày.","- Liều tối đa THA khuyến cáo là 20mg/ngày.
- Liều tối đa là 10mg/ngày cho Suy tim mạn, suy gan thận nặng","- Đái tháo đường: Thuốc có thể che giấu các triệu chứng của hạ đường huyết
- BN bị bệnh tắc nghẽn đường thở hoặc hen phế quản nhẹ đến trung bình.
- Không được ngừng điều trị đột ngột vì có thể làm suy tim nặng hơn; cần giảm liều từ từ theo hướng dẫn của bác sĩ.","Không khuyến cáo sử dụng, cần cân nhắc giữa lợi ích và nguy cơ","- Không nên kết hợp: Các thuốc chống loạn nhịp nhóm I (quinidin, lidocain...), thuốc đối kháng calci (verapamil, diltiazem), và thuốc hạ huyết áp tác dụng trung tâm (clonidin, methyldopa...).
- Cần thận trọng khi dùng chung: Thuốc chống viêm không steroid (NSAIDs) vì có thể làm giảm tác dụng hạ áp; insulin và thuốc trị đái tháo đường.","- Rất thường gặp: Chậm nhịp tim (đối với bệnh nhân suy tim mãn).
- Thường gặp: Chóng mặt, nhức đầu, mệt mỏi, buồn nôn, nôn, tiêu chảy, táo bón, cảm thấy lạnh hoặc tê cóng tay chân, hạ huyết áp.","Dưới 30°C, nơi khô ráo, tránh ánh sáng",https://drive.google.com/file/d/1stU2BngMoNOSiF0J0E_BF36xXcdU9Mi5/view,
"Sulfamethoxazol
Trimethoprim","S...400mg
T...80mg",Cotrimoxazol 480mg,Viên nén,Việt Nam,Thuốc được chỉ định cho các nhiễm khuẩn do vi khuẩn nhạy cảm,"- Dị ứng với Sulfonamid, Trimethoprim hoặc thành phần của thuốc.
- Suy thận nặng hoặc suy gan nặng.
- Thiếu máu nguyên hồng cầu khổng lồ do thiếu acid folic.
- Trẻ nhỏ dưới 2 tháng tuổi.
- Phụ nữ đang cho con bú","- Liều thông thường (Người lớn và trẻ trên 12 tuổi): 2 viên/lần, ngày 2 lần (sáng và tối).
- Bệnh nhân suy thận: Cần giảm liều theo độ thanh thải creatinin (nếu dưới 15 ml/phút thì không dùng).Trẻ em dưới 12 tuổi: Liều tính theo cân nặng (8mg Trimethoprim/kg/ngày chia 2 lần) và cần có tư vấn của bác sĩ",,"Thận trọng tối đa với người già, người suy thận, người thiếu hụt men G6PD hoặc nhiễm HIV do tỷ lệ tác dụng phụ cao","Không được dùng khi cho con bú, không nên dùng cho PNCT","- Thuốc lợi tiểu (thiazid): Tăng nguy cơ giảm tiểu cầu ở người già.
- Methotrexat: Tăng độc tính của thuốc điều trị ung thư này.
- Warfarin: Kéo dài thời gian đông máu.
- Digoxin: Làm tăng nồng độ Digoxin trong máu.
- Phenytoin: Làm tăng quá mức tác dụng của thuốc chống động kinh.","- Thường gặp: Sốt, buồn nôn, nôn, tiêu chảy, viêm lưỡi, ngứa, ngoại ban.
- Nghiêm trọng (Hiếm gặp): Hội chứng Stevens-Johnson, hội chứng Lyell (nhiễm độc da nặng có thể gây chết), giảm toàn thể huyết cầu, vàng da, hoại tử gan, suy thận","Dưới 30°C, nơi khô ráo, tránh ánh sáng",https://drive.google.com/file/d/1jBa00bK0I9S8oERfCIxE2VQ0HjcNgfXX/view,
Acid ursodeoxycholic,200mg,Galcholic 200,Viên nén bao phim,Việt Nam,"-Điều trị sòi mặt cholesterol thầu xạ (ví dụ sói không cản quang) ở bệnh nhân có chức năng túi mật binh thường.
- Điều trị xơ gan mật nguyên phát.
-Rối loạn chức năng gan mật liên quan đến xơ nang ở trẻ em 6-18 tuổi.","-Quá mẫn với acid ursodeoxycholic hoặc bất kỳ thành phần nào của thuốc.
-Viêm túi mật hoặc ổng dần mật cấp.
-Tẳc đường mật (tăc ống mật chủ hoặc ống túi mật).
-Thường xuyên gặp phải cơn đau quạn gan.
-Sỏi mật càn quang bị vôi hóa.
-Giảm chức năng co thắt túi mật.
-Mât chức năng túi mật.
-Bệnh viêm đường ruột.
-Viêm hôi tràng từng vùng, ứ mật ngoài gan, ứ mật trong gan, cắt hồi tràng, viêm hồi tràng.
-Bệnh gan nặng câp tính hoặc mạn tính.
-Loét dạ dày-tá tràng tiên triển.
-Phụ nữ mang thai.
-Phẫu thuật nối thông mật ruột không thành công hay không phục hôi dân lưu đường mật ở trẻ em tăc nghèn đường mật.","ĐT sỏi mật cholesterol
-Người lớn và người cao tuổi: 8–10 mg/kg/ngày. Liều thấp nhất có hiệu quả: 4 mg/kg/ngày
-Trẻ em: điều chỉnh liều theo cân nặng
ĐT xơ gan mật nguyên phát
-Người lớn và người cao tuổi: 10–15 mg/kg/ngày, chia 2–4 lần
-Trẻ em: Điều chỉnh liều theo cân nặng
Xơ nang (trẻ 6–18 tuổi)
20-30 mg/kg/ngày, chia 2–3 lần",,"-Theo dõi chức năng gan (AST, ALT, γGT) định kỳ: 4 tuần/lần trong 3 tháng đầu, sau đó mỗi 3 tháng.
-Theo dõi túi mật(x-quang/siêu âm) sau 6–10 tháng khi điều trị sỏi mật, không dùng nếu túi mật không thấy trên x-quang
-Tránh ăn nhiều calo, cholesterol
-ĐT xơ nang tiến triển: có thể làm nặng triệu chứng lúc đầu (như ngứa), cần giảm liều rồi tăng dần.
-Hiếm gặp suy gan mất bù sau khi ngừng thuốc.
-Tiêu chảy: giảm liều, kéo dài thì ngừng thuốc.
-Tránh dùng ở người không dung nạp galactose, thiếu lactase hoặc kém hấp thu glucose–galactose-T","-PNMT: Không sự dụng trừ khi thật sự cần thiết. Khả năng mang thai phải được loại trừ thước khi bắt đầu điẻu trị..
-Phụ nữ cho con bú: không khuyên cáo sử dụng GALCHOLIC ở nhóm bệnh nhãn này.","-Cholestyramin, colestipol, antacid (nhôm hydroxyd): giảm hấp thu galcholic; uống cách nhau ít nhất 2 giờ.
-Than hoạt: giảm hấp thu galcholic.
-Ciclosporin: acid ursodeoxycholic làm tăng hoặc giảm hấp thu ciclosporin
-Ciprofloxacin: acid ursodeoxycholic có thể làm giảm hấp thu.
-Rosuvastatin: tăng nồng độ rosuvastatin trong huyết tương.
-Nitrendipin: giảm nồng độ đỉnh (Cmax) và AUC.
-Dapsone: giảm hiệu quả điều trị.
-Thuốc chuyển hóa qua cyp450 3A: có thể bị ức chế/biến đổi chuyển hóa
-Không khuyến cáo dùng chung với Estrogen, thuốc tránh thai, thuốc hạ cholesterol máu","-RL đường tiêu hóa: Tiêu chảy, phân nhão (thường gặp). Đau bụng trên nghiêm trọng (rất hiếm gặp). Nôn, buồn nôn (không rõ tần suất).
-Rối loạn chức năng gan mật: Vôi hóa sỏi mật, xơ gan mất bù (rất hiếm gặp).
-Da và mô dưới da: Mày đay (rất hiếm gặp). Ngứa (không rõ tần suất).","Nơi khô, dưới 30°C. Tránh ánh sáng.",https://drive.google.com/file/d/1lgtgEtRsyI1Ply7Z9jCCOivVglSMiljJ/view,
Pancreatin,300mg,Creon 25000,Viên nang cứng,Đức,"Điều trị thiểu năng tụy ngoại tiết ở trẻ em và người lớn (tình trạng tụy không tiết đủ men tiêu hóa),",Mẫn cảm với bất kỳ thành phần nào của thuốc,"- Bệnh xơ nang: Khởi đầu 1000 đơn vị lipase/kg/bữa ăn (trẻ < 4 tuổi) và 500 đơn vị lipase/kg/bữa ăn (trẻ > 4 tuổi).
- Các tình trạng khác: Thường dùng từ 25 000 đến 80 000 đơn vị lipase cho mỗi bữa ăn chính",,"- Cảnh báo quan trọng: Bệnh xơ kết đại tràng (hẹp thành ruột kết) đã được báo cáo ở bệnh nhân xơ nang dùng liều cao pancreatin (> 10 000 đơn vị lipase/kg/ngày).
- Bổ sung nước: Cần đảm bảo uống đủ nước mỗi ngày để tránh làm tình trạng táo bón nặng thêm","Có thể sử dụng nếu cần thiết để đáp ứng tình trạng dinh dưỡng, nhưng cần thận trọng khi kê đơn cho phụ nữ mang thai",Chưa có nghiên cứu,"Rất thường gặp: Đau bụng.Thường gặp: Buồn nôn, nôn, táo bón, đầy bụng, tiêu chảy",,https://drive.google.com/file/d/1o7q2q0RK39iT79f0LdrczJ99eYx3Li6u/view,
Cao khô Trinh nữ hoàng cung,500mg,Crila Forte,Viên nang cứng,Việt Nam,"- Điều trị phì đại lành tính tuyến tiền liệt. Giảm các triệu chứng của bệnh phì đại lành tính tuyến tiền liệt (đi tiểu khó, đi tiểu nhiều lần vào ban đêm)
- Điều trị u xơ tử cung",Mẫn cảm với một trong thành phần của thuốc,"- Điều trị phì đại lành tính tuyến tiền liệt: Ngày uống 2 lần x 2v
- Điều trị u xơ tử cung: Ngày uống 2 lần, lần thứ nhất 3 viên, lần thứ hai 2 viên",,,Không nên dùng,Chưa có báo cáo,"Có thể chóng mặt nhẹ, đầy bụng, song rất hiếm và sẽ tự hết sau 1, 2 ngày điều trị","Bảo quản nơi khô mát, tránh ánh sáng. Nhiệt độ dưới 30°C",https://drive.google.com/file/d/1hcb5Sd6ic1XpvlLw5RFOYjvekuCAKVAO/view,
"Amoxicillin
Acid clavulanic",Amox : Cla = 875:125,Curam 1000mg,Viên nén bao phim,Áo,"Điều trị các bệnh nhiễm khuẩn ở người lớn và trẻ em:
- Hô hấp: Viêm xoang cấp, viêm tai giữa cấp, đợt cấp viêm phế quản mạn, viêm phổi mắc phải cộng đồng.
- Tiết niệu: Viêm bàng quang, viêm thận - bể thận.
- Da & Mô mềm: Viêm mô tế bào, vết động vật cắn, áp xe răng nặng.
- Xương & Khớp: Viêm tủy xương.","- Mẫn cảm với Penicillin hoặc bất kỳ thành phần nào của thuốc.
- Tiền sử phản ứng quá mẫn tức khắc nặng (phản vệ) với kháng sinh nhóm beta-lactam khác (như Cephalosporin).
- Tiền sử vàng da hoặc suy gan do dùng Amoxicillin/Acid clavulanic.","- Liều dùng cho người lớn và trẻ em >40 kg:
+ Liều thường dùng: 1 viên x 2 lần/ngày.
+ Nhiễm khuẩn nặng (viêm phổi, viêm tai giữa...): 1 viên x 3 lần/ngày.
- Trẻ em < 40 kg: Liều tính theo cân nặng (25/3,6 đến 45/6,4mg/kg/ngày), chia làm 2 lần",,"- Cần điều tra kỹ tiền sử dị ứng trước khi dùng.
- Độc tính trên gan
- Viêm đại tràng
- Suy thận: Không khuyến cáo dùng viên 1000 mg cho bệnh nhân có độ thanh thải creatinin < 30 ml/phút.",Sử dụng khi có chỉ định của bác sĩ,"- Probenecid: Làm tăng nồng độ Amoxicillin trong máu (không khuyến cáo dùng chung).
- Thuốc chống đông máu: Có thể làm kéo dài thời gian đông máu (INR), cần theo dõi khi phối hợp.
- Methotrexat: Penicillin làm tăng độc tính của Methotrexat","- Rất thường gặp: Tiêu chảy.
- Thường gặp: Nhiễm nấm Candida niêm mạc, buồn nôn, nôn.","Bảo quản nơi khô mát, tránh ánh sáng. Nhiệt độ dưới 30°C",https://drive.google.com/file/d/1FzgpOGFt1XZGvHeihPSd15TEy-Vvu649/view,
Diosmin,900mg,Daflon 1000mg,Viên nén bao phim,Pháp,Điều trị triệu chứng thực thể liên quan đến trĩ cấp,Quá mẫn với flavonoid vi hạt tinh chế hoặc với bất cứ thành phần nào của thuốc,"3 viên một ngày trong 4 ngày đầu, sau đó 2 viên một ngày trong 3 ngày tiếp theo",,"- Việc uống thuốc này để điều trị các triệu chứng trĩ cấp không làm ngăn cản việc điều trị khác tại hậu môn. Việc điều trị bằng thuốc là ngắn hạn.
- Nếu các triệu chứng không giảm nhanh chóng, cần khám trực tràng và việc điều trị cần được xem xét lại.","Có thể sử dụng cho PNCT, không được khuyến cáo sử dụng cho phụ nữ cho con bú",Chưa có nghiên cứu và báo cáo,"Phổ biến: tiêu chảy, táo bón, buồn nôn, nôn","Bảo quản nơi khô mát, tránh ánh sáng. Nhiệt độ dưới 30°C",https://drive.google.com/file/d/10n-vwGG3uyXJLb4qDxFbJZ9-qKm7Tji_/view,
Dapagliflozin,10mg,Forxiga,Viên nén bao phim,Mỹ,"Đái tháo đường týp 2
FORXIGA được chỉ định như là liệu pháp bổ sung vào chế độ ăn kiêng và tập thể dục để điều trị cho bệnh nhân trưởng thành bị đái tháo đường týp 2 không kiểm soát tốt đường huyết trong:
•	Đơn trị liệu ở bệnh nhân không thích hợp sử dụng metformin do không dung nạp.
•	Phối hợp với các thuốc khác để điều trị đái tháo đường týp 2.
FORXIGA được chỉ định để làm giảm nguy cơ nhập viện do suy tim ở bệnh nhân trưởng thành bị đái tháo đường týp 2 và hoặc có tiền sử bệnh lý tim mạch hoặc nhiều yếu tố nguy cơ tim mạch.
Suy tim
FORXIGA được chỉ định để làm giảm nguy cơ tử vong tim mạch, nhập viện do suy tim và khám cấp cứu do suy tim ở bệnh nhân trưởng thành bị suy tim.
Bệnh thận mạn tính
FORXIGA được chỉ định để làm giảm nguy cơ suy giảm eGFR kéo dài, bệnh thận giai đoạn cuối, tử vong tim mạch và nhập viện do suy tim ở bệnh nhân trưởng thành bị bệnh thận mạn tính có nguy cơ tiến triển.",Quá mẫn với hoạt chất hoặc bất kỳ thành phần tá dược nào liệt kê trong phần “Thành phần Tá Dược”.,"eGFR từ 45 trở lên: 10 mg đường uống, 1 lần/ngày.
eGFR từ 25 đến dưới 45:  Không khuyến cáo dùng FORXIGA trong kiểm soát đường huyết ở bệnh nhân trưởng thành bị đái tháo đường týp 2.
Đối với tất cả các chỉ định khác, 10 mg đường uống, 1 lần/ngày.
eGFR dưới 25:  Không khuyến cáo khởi trị, tuy nhiên, bệnh nhân có thể tiếp tục dùng 10 mg đường uống, 1 lần/ngày để làm giảm nguy cơ suy giảm eGFR kéo dài, bệnh thận giai đoạn cuối (ESKD), tử vong tim mạch (CV) và nhập viện do suy tim (hHF).",,"-Không dùng cho đái tháo đường typ 1 hoặc điều trị nhiễm toan ceton.
-Chức năng thận:Không khuyến cáo nếu eGFR < 45 ml/phút/1,73 m²;
-Suy gan: Thận trọng, đặc biệt suy gan nặng (tăng phơi nhiễm thuốc).
-Nguy cơ giảm thể tích, hạ huyết áp, rối loạn điện giải
-Nhiễm toan ceton do đái tháo đường (DKA)
-Nhiễm trùng đường tiết niệu
-Người cao tuổi: tăng nguy cơ suy thận và giảm thể tích. Không khuyến cáo khởi trị ≥ 75 tuổi.
- Pioglitazon: không khuyến cáo (nghi ngờ nguy cơ ung thư bàng quang).
-Có thể làm tăng hematocrit.
-Nước tiểu sẽ dương tính với glucose.
-Tránh dùng nếu không dung nạp galactose, thiếu lactase, kém hấp thu glucose–galactose.","-PN có thai: không khuyến cáo sử dụng dapaglitflozin trong 3 tháng giữa và 3 tháng cuối của thai kỳ. Khi phát hiện có thai, nên ngưng điểu trị với dapagliflozin
-Cho con bú: Không nên sử dụng dapagliflozin khi đang cho con bú.",,"Nhiễm trùng – ký sinh
-Viêm âm hộ–âm đạo, viêm quy đầu
-Nhiễm trùng đường sinh dục
-Nhiễm trùng đường tiết niệu
-Nhiễm nấm
RL chuyển hóa – dinh dưỡng
-Hạ đường huyết (khi phối hợp insulin hoặc SU)
-Giảm thể tích tuần hoàn, khát
-Nhiễm toan ceton do đái tháo đường
RL thần kinh:chóng mặt
RL tiêu hóa: táo bón, khô miệng
RL da và mô dưới da: phát ban
RL cơ - xương - mô liên kết: đau lưng
RL thận và đường niệu: tiểu nhiều, tiểu khó, tiểu đêm
RL sinh dục:ngứa âm đạo-âm hộ - đường sinh dục
Cận lâm sàng
-Tăng hematocrit
-RL lipid máu
-Tăng ure trong máu
-Giảm cân",>30°C,https://drive.google.com/file/d/1k18N2yDtEYjBNxSU5rKS5vd2BYJ-2319/view,
Fluvastatin,20mg,Fluvas-QCM,Viên nang cứng,Việt Nam,"-RL lipid máu: ĐT cho người lớn bị tăng cholesterol máu nguyên phát hoặc RL lipid mảu hỗn hợp khi đáp ứng với ché độ ăn kiêng và các phương pháp điéu trị không dùng thuốc khác (ví dụ: tập thé dục, giảm cân) là không đủ.
-Phòng ngừa bệnh mạch vành: Phòng ngừa thứ phát các bién cố tim mạch ở người lớn mắc bệnh mạch vành sau can thiệp mạch vành.","-Mẫn cảm với bẫt cứ thành phán nào của thuốc
-Bệnh nhân đang mác bệnh gan tiến triển hoặc nóng độ transamlnase huyết thanh không giải thích được","-Phạm vi liều: 20–80 mg/ngày.
Điều trị tăng lipid máu
- Giảm LDL-C < 25%: khởi đầu 20 mg/ngày
-Giảm LDL-C ≥ 25%: khởi đầu 40 mg/ngày
BN bệnh mạch vành sau can thiệp mạch vành: 80 mg/ngày.
Trẻ em
-ĐT tăng cholesterol máu di truyền dị hợp tử ≥9 tuổi.
-Khởi đầu: 20 mg/ngày, chỉnh liều mỗi ≥6 tuần.
Đối tượng đặc biệt
-Suy thận nặng (ClCr <30 ml/phút): thận trọng, không quá 40 mg/ngày.
-Suy gan: chống chỉ định nếu bệnh gan tiến triển hoặc men gan tăng không rõ nguyên nhân.
-Người cao tuổi: không cần chỉnh liều.","Điều trị tăng lipid máu
- Có thể chỉnh liều tối đa 80 mg/ngày (40 mg x 2 lần: sáng + tối).
-Hiệu quả tối đa: sau ~4 tuần → chỉnh liều mỗi ≥4 tuần.
Trẻ em tối đa: 80 mg/ngày (40 mg x 2 lần).","-Thận trọng ở người suy thận nặng (ClCr < 30 ml/phút):không  dùng liều > 40 mg/ngày.
-Ngừng thuốc nếu xuất hiện đau cơ, yếu cơ, chuột rút, nước tiểu sẫm màu (nghi tiêu cơ vân).
-Nguy cơ viêm cơ, tiêu cơ vân tăng khi phối hợp với fibrat, niacin liều cao, hoặc thuốc làm tăng nồng độ statin.
-Thận trọng ở người: suy thận, suy giáp, nhiễm trùng nặng, chấn thương, phẫu thuật lớn, nghiện rượu, tiền sử bệnh cơ
-Ngừng fluvastatin tạm thời khi có nhiễm trùng nặng, hạ huyết áp, phẫu thuật lớn, chấn thương nặng.
-Thận trọng khi phối hợp colchicin, ciclosporin, fibrat, niacin.
-Không dùng cho trẻ < 9 tuổi.
-Không dùng nếu không dung nạp galactose, thiếu lactase, kém hấp thu glucose–galactose.","Chống chỉ định cho phụ nữ có thai, cho con bú","-Gemfibrozil, các fibrat khác, niacin liều cao (>1 g/ngày), colchicin: tăng nguy cơ tổn thương cơ, tiêu cơ vân.
-Ciclosporin: Tăng nồng độ fluvastatin, nên dùng thận trọng.L iều khởi đầu và duy trì của fluvastatin nên thấp nhất có thể.
-Warfarin, dẫn xuất coumarin: fluvastatin làm tăng thời gian prothrombin, cần theo dõi INR khi bắt đầu hoặc đổi liều.
-Rifampicin:Làm giảm nồng độ fluvastatin ~50%, có thể cần chỉnh liều.
-Thuốc điều trị đái tháo đường (sulfonylurea, tolbutamid), không thấy thay đổi kiểm soát đường huyết, nhưng cần theo dõi khi phối hợp.
-Colchicin:Tăng nguy cơ viêm cơ, tiêu cơ vân.
-Fibrat, niacin liều cao: tăng nguy cơ tổn thương cơ.
-Fluconazol :tăng nồng độ fluvastatin.
-Cimetidin, ranitidin, omeprazol: tăng nồng độ fluvastatin.
-Acid fusidic: tăng nguy cơ tiêu cơ vân, không dùng đồng thời; nếu cần phải ngưng fluvastatin.","-Hệ máu – bạch huyết: giảm tiểu cầu
-Hệ miễn dịch: phản ứng dị ứng (phát ban, mề đay)
-tâm thần: sốc phản vệ
-Hệ thần kinh: mất ngủ, đau đầu, dị cảm, rối loạn điều hòa, rối loạn cảm giác
-Mạch máu: viêm động mạch
-tiêu hóa: buồn nôn, đau bụng, khó tiêu, viêm tụy
-Viêm gan
-da và mô dưới da: phù mạch, phù mặt/chi, viêm da, xuất huyết da
-Cơ xương và mô liên kết: đau cơ, yếu cơ, bệnh cơ, tiêu cơ vân, hội chứng lupus
-Hệ sinh dục: rối loạn cương dương
Xét nghiệm: tăng CPK, tăng transaminase","khô ráo, nhiệt độ không quá 30’C, tránh ánh sáng trực tiếp.",https://drive.google.com/file/d/1oUPwnO5WlMyZwQsTd4BqZIjnZ6j6VEJM/view,
Pregabalin,75mg,Dalyric,Viên nang cứng,Việt Nam,"- Đau thần kinh liên quan đến bệnh thần kinh ngoại biên ở người bệnh tiểu đường.
- Đau thần kinh sau herpes.
- Điều trị bổ trợ động kinh cục bộ ở người lớn.
- Điều trị hội chứng đau cơ xơ hóa.",Mẫn cảm với pregabalin hay với bất cứ thành phần nào của thuốc,"Liều khởi đầu: 75 mg x 2 lần/ngày (150 mg/ngày)
Cần chỉnh liều ở bệnh nhân suy thận",,"- Phù mạch
- Phản ứng quá mẫn
- Tránh ngưng sử dụng đột ngột
- Thuốc chống động kinh, bao gồm pregabalin làm tăng nguy cơ dẫn đến hành vi và suy nghĩ tự tử.
-  Thận trọng đối với người lái xe và vận hành máy móc
- Đối với người già ≥ 65 tuổi, các phản ứng bất lợi về thần kinh thường xảy ra hơn
- Thuốc có chứa mannitol, có thể có tác dụng nhuận tràng nhẹ","Cân nhắc lợi ích so với nguy cơ, cân nhắc việc ngừng thuốc hoặc ngừng cho con bú",Hầu như pregabalin không tham gia vào tương tác dược động học đáng kể,"Thường gặp:
- Tim mạch; Phù ngoại vi.
- TKTW: Chóng mặt ngủ gà, mất điều vận, đau đầu,
- Hệ tiêu hóa: Tăng cân, khô miệng.
- Hệ cơ - xương: Run cơ
- Một: Nhìn mà, song thị
- Khác Nhiễm khuẩn.","Bảo quản nơi khô mát, tránh ánh sáng. Nhiệt độ dưới 30°C",https://drive.google.com/file/d/1JRsZz3ZL_5PVETUbyAD7KReEg6BqyUhv/view,
Pregabalin,75mg,Davyca,Viên nang cứng,Việt Nam,"- Điều trị bổ trợ động kinh cục bộ ở người lớn.
- Rối loạn lo âu lan tỏa.
- Đau thần kinh: Đau do viêm dây thần kinh ngoại vi (đái tháo đường), đau sau Herpes, đau do tổn thương tủy sống .
- Đau cơ do xơ hóa",Mẫn cảm với Pregabalin hoặc bất kỳ tá dược nào,Thông thường bắt đầu ở mức 150 mg/ngày,600 mg/ngày,"- Thần kinh: Gây chóng mặt, buồn ngủ (thận trọng khi lái xe và vận hành máy móc) .
- Tâm thần: Tăng nguy cơ có suy nghĩ và hành vi tự sát .
- Phù & Tăng cân: Có thể gây phù ngoại biên và tăng cân liên quan đến liều dùng .
- Triệu chứng ngưng thuốc: Nếu dừng thuốc đột ngột có thể gây mất ngủ, đau đầu, buồn nôn, co giật. Cần giảm liều từ từ trong ít nhất 1 tuần",PN cho con bú có thể sử dụng,"- Thuốc ức chế thần kinh trung ương: Tăng tác dụng của Ethanol (rượu), Lorazepam và Oxycodon (gây suy giảm nhận thức và chức năng vận động) .
- Thuốc điều trị đái tháo đường (Thiazolidinedion): Tăng nguy cơ phù và tăng cân khi phối hợp.
- Thuốc gây táo bón (Opioid): Tăng nguy cơ tắc ruột, liệt ruột.","- Rất thường gặp: Chóng mặt, buồn ngủ, nhức đầu
- Thường gặp: Tăng cảm giác ngon miệng, tăng cân, khô miệng, táo bón, nhìn mờ, rối loạn cương dương, phù ngoại biên
- Nghiêm trọng (Hiếm gặp): Hội chứng Stevens-Johnson (SJS), hoại tử biểu bì nhiễm độc (TEN), suy tim sung huyết, tiêu cơ vân, suy hô hấp","Bảo quản nơi khô mát, tránh ánh sáng. Nhiệt độ dưới 30°C",https://drive.google.com/file/d/10cQwD2eCQWVN1TLQcZxI6JbFBrAYuo-a/view,
Ezetimibe,10mg,Ezoleta Tablet,Viên nén,Solvenia,"-Tăng cholesterol máu nguyên phát
-Phòng ngừa các biến cố tim mạch
-Tăng cholesterol dị hợp tử có tính gia đình","-Quá mẫn với bất kỳ thành phần nào của thuốc.
-Bệnh gan tiến triển hoặc tăng transaminase kéo dài không rõ nguyên nhân.
-Phụ nữ có thai và cho con bú.","10mg/lần/ngày
-Trẻ em <10 tuổi: không nên dùng
-Không dùng cho BN suy gan trung bình, nặng, trẻ em >10 tuổi, suy thận
-Không cần điều chỉnh liều cho suy gan nhẹ, trẻ em >10 tuổi, người cao tuổi
-Dùng Ezoleta trước 2 giờ hoặc sau 4 giờ khi dùng thuốc hấp phụ acid mật",,"-Men gan: đánh giá chức năng gan trước khi bắt đầu điều trị
-Cơ xương khớp: Nguy cơ bệnh cơ/tiêu cơ vân, tăng khi phối hợp statin.heo dõi triệu chứng đau cơ; đo CPK khi cần, ngừng thuốc nếu CPK >10 lần ULN hoặc có triệu chứng nặng.
-Xuất huyết/INR: Khi dùng cùng warfarin/coumarin
-Cyclosporine: Thận trọng, theo dõi nồng độ cyclosporine và tác dụng phụ.
- Fibrate: Không phối hợp với fibrate khác trừ fenofibrate (chỉ dùng khi cần, theo dõi cơ).
- Suy gan: Không khuyến cáo ở suy gan trung bình–nặng.","-PNMT: khi lợi ích cáo hơn nguy cơ
-CCB: Ngưng dùng thuốc","-Không ảnh hưởng đáng kể đến dược động học của: dapsone, dextromethorphan, digoxin, thuốc tránh thai (ethinyl estradiol, levonorgestrel), glipizide, tolbutamide, midazolam.
-Kháng acid: giảm hấp thu ezetimibe không có ý nghĩa lâm sàng.
- Cholestyramine: giảm ~55% AUC ezetimibe → giảm hiệu quả hạ LDL-C (tránh dùng cùng hoặc uống cách xa).
-Cyclosporine: làm tăng nồng độ ezetimibe (có thể gấp nhiều lần) → theo dõi nồng độ cyclosporine và ADR.
-Fibrate:
Fenofibrate: tăng ~1,5 lần nồng độ ezetimibe, thường không có ý nghĩa lâm sàng.
Gemfibrozil: tăng ~1,7 lần nồng độ ezetimibe → không khuyến cáo phối hợp.
-Statin: không có tương tác dược động học đáng kể khi phối hợp với atorvastatin, simvastatin, pravastatin, lovastatin, fluvastatin, rosuvastatin.
-Thuốc chống đông (warfarin, fluindione): có thể tăng INR → theo dõi INR khi phối hợp.","-Xét nghiệm: tăng ALT/AST, tăng CK; tăng bilirubin, acid uric, GGT; tăng nguy cơ protein niệu, tiểu máu.
-RL Thần kinh: chóng mặt, đau đầu (hiếm: co giật).
-RL Tiêu hóa: đau bụng, khó chịu, buồn nôn, nôn, chướng hơi, táo bón.
-RL Da: phát ban, ngứa.
-RL Cơ xương khớp: đau khớp, đau cơ, yếu cơ (hiếm: tiêu cơ vân).
-RL Toàn thân và tại chỗ: suy nhược, mệt mỏi, phù ngoại biên.
-RL Tâm thần: rối loạn giấc ngủ; hiếm: trầm cảm.
-Khác (hiếm): giảm tiểu cầu, viêm tụy.","Bảo quản nơi khô ráo, tránh ánh sáng, dộ ẩm. Nhiệt độ dưới 30°C",https://drive.google.com/file/d/1z1C35ee-6woN0XJdlzSUA68s4rqjLbtS/view,
Natri valproat,200mg,Depakine 200mg,Viên nén kháng acid dạ dày,Tây Ban Nha,"Sử dụng như một thuốc đơn trị liệu, hoặc phối hợp với các thuốc điều trị chống động kinh khác","- Phụ nữ mang thai trừ khi không có phương pháp điều trị thay thế nào phù hợp
- Dị ứng với natri valproat hoặc bất cứ thành phần nào của thuốc.
- Viêm gan cấp tính.
- Viêm gan mạn tính,
- Tiền sử cá nhân hay gia đình có viêm gan nặng, nhất là khí liên quan đến thuộc,
- Rối loạn chuyển hóa porphyrin,
- Tiền sử bệnh gan và/hoặc các rối loạn chức năng tụy hoặc gan nặng,
- Rối loạn chu trình chuyển hóa ure.
- Những bệnh nhân đã được biết cả rối loạn ti thể do đột biến gen trong nhân mã hóa cho enzym polymerase gamma của ti thể (PÖLG). Trẻ em dưới 2 tuổi nghi ngờ mắc rối loạn liên quan đến POLG","Không phù hợp cho trẻ em dưới 6 tuổi (nguy cơ bị tắc nghẽn đường thở)
- Trẻ nhỏ và trẻ em: 30 mg/kg
- Thanh thiếu niên và người lớn: 20 đến 30 mg/kg",,"- Không sử dụng valproat ở bé gái và phụ nữ có khả năng mang thai trừ khi các phương pháp điều trị khác không hiệu quả hoặc không dung nạp
- Phải liên hệ với chuyên gia điều trị ngay khi bé gái này có kỳ kinh nguyệt đầu tiên trong thời gian đang sử dụng valproat","Chống chỉ định trong những tình huống sau:
- Phụ nữ mang thai trừ khi không có phương pháp điều trị thay thế nào phù hợp,
- Phụ nữ có khả năng mang thai, trừ khi đáp ứng các điều kiện của Chương Trình Ngăn Ngừa Mang Thai với valproat","Chống chỉ định/Không phối hợp:
- Cỏ St. John's Wort: Làm giảm nồng độ Depakine, mất hiệu quả chống co giật.
- Lamotrigin: Tăng nguy cơ phản ứng da nghiêm trọng (hoại tử da) và ngộ độc Lamotrigin.
- Kháng sinh nhóm Panem (Carbapenem): Làm giảm nhanh nồng độ Depakine, gây nguy cơ tái phát cơn động kinh.
Thận trọng đặc biệt (Nguy cơ bệnh não do tăng Amoniac máu):
- Tránh phối hợp hoặc theo dõi sát khi dùng cùng: Acetazolamide, Phenobarbital, Phenytoin, Topiramat, Zonisamide.","Rất thường gặp: Run rẩy, buồn nôn.
Thường gặp:
- Máu: Thiếu máu, giảm tiểu cầu (gây xuất huyết).
- Thần kinh: Đau đầu, sững sờ, buồn ngủ, rối loạn trí nhớ, giật nhãn cầu.
- Tiêu hóa: Nôn, đau thượng vị, tiêu chảy, tăng sản nướu răng, viêm miệng.
- Khác: Tăng cân, rụng tóc thoáng qua, giảm thính lực, tiểu không kiểm soát","Bảo quản nơi khô mát, tránh ánh sáng. Nhiệt độ dưới 30°C",https://drive.google.com/file/d/12zSIakTWkHHe-X_w1VnldlVgfBCNJHOM/view,
Metformin hydrochloride,1000mg,DH- Metglu XR 1000,Viên nén phóng thích kéo dài,Việt Nam,Điều trị bệnh đái tháo đường týp 2 ở người lớn,"- Quá mẫn với metformin hydroclorid hoặc bất kỳ thành phần nào của thuốc.
- Bệnh nhân toan chuyển hóa cấp tính hoặc mãn tính (bao gồm cả nhiễm toan lactic, nhiễm toan ceton do đái tháo đường), tiền hôn mê đái tháo đường.
- Bệnh nhân suy thận nặng (eGFR dưới 30 ml/phút/1,73m2’)
- Các bệnh lý cấp tính có nguy cơ làm thay đổi chức năng thận như mất nước, nhiễm khuẩn nặng, sốc.
- Bệnh cấp tính hoặc tình trạng xấu đi của bệnh mạn tính có thể dẫn tới giảm oxy ở mô như suy tim mất bù, suy hô hấp, mới bị nhồi máu cơ tim, sốc.
- Suy gan, nhiễm độc rượu cấp tính, nghiện rượu","- Liều khởi đầu (người mới): 500 mg/ngày. Có thể tăng thêm 500 mg sau mỗi 10-15 ngày nếu dung nạp tốt.
- Liều duy trì: Tương đương liều Metformin đang dùng (1000 mg hoặc 2000 mg).",Liều tối đa: 2000 mg/ngày.,Nhiễm toan acid lactic,"Cần cân nhắc khi sử dụng ở phụ nữ cho con bú
PNCT không nên điều trị","- CCĐ: Kết hợp chất cản quang chứa iod
- Không được khuyến cáo: Nhiễm độc rượu","Thường gặp về tiêu hóa: Buồn nôn, nôn, tiêu chảy, đau bụng, chán ăn","Bảo quản nơi khô mát, tránh ánh sáng. Nhiệt độ dưới 30°C",https://drive.google.com/file/d/179uIZah5dNGkHrMtEYJ7A3-8zxeJYqL1/view,
Eperison hydrochlorid,50mg,Eperison 50,Viên nén bao phim,Việt Nam,"-Thuốc được chỉ định để cải thiện các triệu chứng tăng trương lực cơ liên quan đến các bệnh sau: Hội chứng đốt sống cổ, viêm quanh khớp vai và đau cột sống thắt lưng.
-Liệt cứng trong các bệnh sau: bệnh mạch máu não, liệt cứng do tủy, thoái hóa đốt sống cổ, di chứng sau phẫu thuật (bao gồm cả u não tủy), di chứng chấn thương (chấn thương tủy, chấn thương đầu), xơ cứng cột bên teo cơ, bại não, thoái hóa tủy, bệnh mạch máu tủy và các bệnh lý não tủy khác.","-Bệnh nhân mẫn cảm với bất kỳ thành phần nào của thuốc.
-Hiệu quả của eperison hydrochlorid trên bệnh nhi chưa có báo cáo nên chống chỉ định thuốc này ở trẻ em.","-Người lớn: uống 3 viên/ ngày chia làm 3 lần sau bữa ăn.
-Trẻ em: không được khuyên dùng",,"-Có thể gây mệt mỏi, nhức đầu nhẹ, buồn ngủ: giảm liều hoặc ngưng thuốc khi xuất hiện.
- Không lái xe/vận hành máy móc khi đang dùng thuốc.
-Thận trọng ở bệnh nhân rối loạn chức năng gan.
-Không dùng cho người không dung nạp galactose, thiếu lactase Lapp, hoặc kém hấp thu glucose–galactose.","-Thai kỳ: Chỉ dùng khi lợi ích vượt trội nguy cơ cho thai nhi.
-Cho con bú: Không khuyến cáo. Nếu cần dùng thuốc, phải ngưng cho con bú.","-Đã ghi nhận rối loạn điều tiết mắt khi dùng đồng thời methocarbamol với tolperison HCl (cấu trúc tương tự eperison).
-Không trộn lẫn thuốc này với các thuốc khác","-Xét nghiệm: rối loạn chức năng gan, thận; bất thường số lượng hồng cầu hoặc Hb.
-Da: phát ban.
-Thần kinh: mất ngủ, nhức đầu, buồn ngủ, chóng mặt, cảm giác co cứng/tê cứng, run, đau chi.
-Tiêu hóa: buồn nôn, nôn, chán ăn, khô miệng, táo bón, tiêu chảy, đau bụng.
-Khác: tiểu tiện rối loạn (ví dụ: tiểu nhiều), mệt mỏi, suy nhược, chóng mặt tư thế, đỏ bừng mặt, ra mồ hôi, phù.
-Khuyến cáo: khi dùng eperison HCl cần theo dõi chức năng gan, thận và xét nghiệm huyết học.","Dưới 30°C, nơi khô ráo, tránh ánh sáng",https://drive.google.com/file/d/1r3Tf4zwYtwTyGHZ3dcw11VEniuPagOzV/view,
Gliclazide,30mg,Diamicron MR,Viên nén phóng thích có kiểm soát,Pháp,"Đái tháo đường không phụ thuộc insulin (đái tháo đường tuýp 2) ở người lớn, khi chế độ dinh dưỡng, thể dục và giảm cân đơn thuần không đủ để kiểm soát đường huyết.","- Mẫn cảm với gliclazide hoặc với bất cứ thành phần tá dược, các thuốc khác thuộc nhóm sulfonylurea, các sulfonamid
- Đái tháo đường tuýp 1
- Trạng thái tiền hôn mê hoặc hôn mê đái tháo đường; nhiễm toan ceton do đái tháo đường
- Suy thận hoặc suy gan nặng: trong những trường hợp này đề nghị sử dụng insulin
- Điều trị bằng miconazole
- Cho con bú.",1 - 4 viên/ngày ~ 30 - 120mg,,"- Hạ đường huyết
- Suy thận và suy gan
- Kiểm soát glucose huyết kém
- Rối loạn đường huyết
- Bệnh nhân porphyria","CCĐ phụ nữ cho con bú
Tránh sử dụng cho PNCT","- Kết hợp tăng nguy cơ hạ đường huyết:
+ CCĐ: Miconazole
+ Không khuyên dùng: Phenylbutazone, rượu
+ Thận trọng: Các thuốc chống ĐTĐ khác
- Kết hợp tăng đường huyết
+ Không khuyên dùng: Danazol
+ Thận trọng: Chlorpromazine, Glucocorticoid...","- Hạ đường huyết
- Rối loạn tiêu hoá, bao gồm triệu chứng đau bụng, buồn nôn, nôn, khó tiêu, tiêu chảy và táo bón","Bảo quản nơi khô mát, tránh ánh sáng. Nhiệt độ dưới 30°C",https://drive.google.com/file/d/1OGHo2EVFTHfj3g8XXV4QBJM1X9OnXX4P/view,
Gliclazide,60mg,Diamicron MR 60mg,Viên nén phóng thích có kiểm soát,Pháp,"Đái tháo đường không phụ thuộc insulin (đái tháo đường tuýp 2) ở người lớn, khi chế độ dinh dưỡng, thể dục và giảm cân đơn thuần không đủ để kiểm soát đường huyết.","- Mẫn cảm với gliclazide hoặc với bất cứ thành phần tá dược, các thuốc khác thuộc nhóm sulfonylurea, các sulfonamid
- Đái tháo đường tuýp 1
- Trạng thái tiền hôn mê hoặc hôn mê đái tháo đường; nhiễm toan ceton do đái tháo đường
- Suy thận hoặc suy gan nặng: trong những trường hợp này đề nghị sử dụng insulin
- Điều trị bằng miconazole
- Cho con bú.",1/2 - 2 viên/ngày ~ 30 - 120mg,,"- Hạ đường huyết
- Suy thận và suy gan
- Kiểm soát glucose huyết kém
- Rối loạn đường huyết
- Bệnh nhân porphyria","CCĐ phụ nữ cho con bú
Tránh sử dụng cho PNCT","- Kết hợp tăng nguy cơ hạ đường huyết:
+ CCĐ: Miconazole
+ Không khuyên dùng: Phenylbutazone, rượu
+ Thận trọng: Các thuốc chống ĐTĐ khác
- Kết hợp tăng đường huyết
+ Không khuyên dùng: Danazol
+ Thận trọng: Chlorpromazine, Glucocorticoid...","- Hạ đường huyết
- Rối loạn tiêu hoá, bao gồm triệu chứng đau bụng, buồn nôn, nôn, khó tiêu, tiêu chảy và táo bón","Bảo quản nơi khô mát, tránh ánh sáng. Nhiệt độ dưới 30°C",https://drive.google.com/file/d/1rStPghb_FT8_Iw19dpR4rxaItpe8njG1/view,
Sulfasalazin,500mg,Dicsep,Viên nén bao tan trong ruột,Việt Nam,"- Viêm loét đại tràng, trực tràng chảy máu.
- Bệnh Crohn thể hoạt động.
- Viêm khớp dạng thấp ở người bệnh không đáp ứng với các thuốc giảm đau và thuốc chống viêm không steroid","- Trường hợp quá mẫn với sulfasalazin, sulfonamid hoặc salicylat.
- Loạn chuyển hóa porphyrin.
- Suy gan hoặc thận; tắc ruột hoặc tắc tiết niệu; trẻ em dưới 2 tuổi (vì thuốc có thể gây bệnh vàng da nhân).","Trẻ em:
- Viêm loét đại tràng / Bệnh Crohn: Cấp tính:
+ 2-12 tuổi: 10-15 mg/kg (tối đa 1g)
+ 12-18 tuổi: 1-2g.
- Duy trì:
+ 2-12 tuổi: 5-7,5 mg/kg (tối đa 500 mg)
+ 12-18 tuổi: 500 mg
Người lớn
- Viêm khớp dạng thấp: Bắt đầu 500 mg/ngày ở tuần đầu, sau đó tăng dần 500 mg mỗi tuần. Liều tối đa 2-3g/ngày.
- Viêm loét đại tràng / Bệnh Crohn:
+ Cấp tính: 1-2g
+ Duy trì: 500 mg",,"- Tiền sử loạn tạo máu. thiếu hụt G6PD
- Phụ nữ có thai, cho con bú
- BN dị ứng nặng
- Khi dùng cùng thuốc chống đông cumarin hoặc dẫn chất indandion",Thận trọng khi sử dụng,"- Sinh khả dụng của digoxin bị giảm khi dùng đồng thời với sulfasalazin.
- Các thuốc chống đông, các thuốc chống co giật hoặc các thuốc uống chống đái tháo đường: tăng hoặc kéo dài tác dụng hoặc độc tính.
- Dùng đồng thời với các thuốc gây tan máu có thể làm tăng khả năng gây độc của thuốc,
- Hiệu lực của methotrexat, phenylbutazon, sulfinpyrazon có thể tăng lên khi dùng đồng thời với sulfonamid","Thường gặp:
- Toàn thân: Đau đầu, sốt, chán ăn.
- Máu: Giảm bạch cầu, thiếu máu tan máu, chứng đại hồng cầu.
- Tiêu hóa: Đau bụng, buồn nôn, đau thượng vị.
- Da: Ngoại ban, nổi mày đay, ngứa, ban đỏ.
- Gan: Tăng nhất thời transaminase,
- Phản ứng khác; Giảm tinh trùng có hồi phục.","Bảo quản nơi khô mát, tránh ánh sáng. Nhiệt độ dưới 30°C",https://drive.google.com/file/d/1_sDJKqZTDws8pByvND4S-8CmOBs8Wfxe/view,
"Tenofovir disoproxil fumarat
Lamivudin","T...300mg
L...100mg",Dinara,Viên nén bao phim,Việt Nam,Điều trị bệnh viêm gan siêu vi B mạn tính ở người lớn trong trường hợp thất bại điều trị,"- Mẫn cảm với Lamivudin, Tenofovir hoặc bất kỳ tá dược nào.
- Suy thận trung bình đến nặng.
- Suy gan",1 viên x 1 lần/ngày,,"- Độc tính trên gan
- Ảnh hưởng xương & mỡ: Có thể gây giảm mật độ khoáng của xương và gây hội chứng tái phân bố mỡ",Không khuyến cáo dùng khi đang mang thai; phải ngừng cho con bú nếu mẹ dùng thuốc,"- Không dùng cùng: Adefovir dipivoxil.
- Tương tác thận: Tránh dùng chung với các thuốc độc thận (Acyclovir, Ganciclovir...) vì làm tăng nồng độ thuốc trong máu.
- Didanosin: Tenofovir làm tăng nồng độ Didanosin, cần thận trọng khi phối hợp.","- Rất thường gặp: Đau đầu, mất ngủ, chóng mặt, mệt mỏi, tiêu chảy, buồn nôn, nôn, đau bụng, tăng men gan (AST, ALT).
- Nghiêm trọng (Hiếm gặp): Suy thận cấp, hội chứng Fanconi, viêm tụy, nhiễm toan lactic","Bảo quản nơi khô mát, tránh ánh sáng. Nhiệt độ dưới 30°C",https://drive.google.com/file/d/1Sdg6CYvVzuKulHiqUrL0UdmYhtPEylN6/view,
"Magnesi aspartat
Kali aspartat","Mg... 140mg
K... 158mg",Dipartate,Viên nén bao phim,Việt Nam,"Bổ sung magnesi và kali trong trường hợp thiếu hụt. Hỗ trợ điều trị một số bệnh tim mãn tính như suy tim, sau nhồi máu cơ tim, trong một số trường hợp loạn nhịp tim","- Mẫn cảm với các thành phần của thuốc
- Suy thận cấp hoặc mãn
- Bệnh nhân Addison
- Tăng kali huyết
- Không dùng đồng thời với thuốc lợi tiểu giữ kali
- Block nhĩ thất độ 3
- Shock tim",Liều thông thường là 2 viên/lần x 3 lần/ngày.,,Cần thận trọng với bệnh nhân bị tăng kali huyết. Cần đánh giá kỹ nồng độ kali để điều chỉnh liều cho phù hợp,Chưa có dữ liệu,"- Dipartate ức chế hấp thu tetracyclin, muối sắt và natri florid
- Tăng kali huyết: dùng đồng thời với thuốc lợi tiểu giữ K và các thuốc ACEi",Liều cao cũng có thể gây ra nhuận trường,"Nơi khô mát, nhiệt độ không quá 30°C, trong bao bì kín",https://drive.google.com/file/d/1JvlXw7_fOVpjiC7Cq25QANwnf7fzhYna/view,
"- Cao khô lá Bạch quả (hàm lượng Ginkgo avonoid toàn phần 1,54 mg) 7 mg
- Heptaminol hydroclorid 150 mg
- Troxerutin 150mg",7/150/150,Dopolys,Viên nang cứng,Việt Nam,"- Điều trị triệu chứng suy tĩnh mạch bạch huyết: Nặng chân, chuột rút, đau nhức, hội chứng chân không nghỉ.
- Điều trị những dấu hiệu chức năng có liên quan đến cơn trĩ cấp.","- Mẫn cảm với một trong các thành phần của thuốc.
- Bệnh cường giáp.
- Phối hợp với IMAO.
- Tăng huyết áp nặng","- Suy tĩnh mạch bạch huyết: 2 viên x 2 lần/ngày
- Đối với trĩ cấp, điều trị tấn công: 6 - 8 viên/ngày",,Theo dõi huyết áp khi bắt đầu điều trị ở bệnh nhân tăng huyết áp nặng.,"Không nên dùng thuốc trong thời gian cho con bú
Chưa có báo cáo gây độc trong 3 tháng đầu thai kỳ",Không phối hợp với IMAO,"- Rối loạn đường tiêu hóa: Đau bụng trên, khó chịu vùng thượng vị, buồn nôn, tiêu chảy.
- Rối loạn hệ thần kinh: Nhức đầu.
- Rối loạn da và mô dưới da: Nổi mày đay, ngứa, phát ban, viêm da dị ứng (eczema).
- Heptaminol có thể gây kích thích tim, tăng huyết áp","Nơi khô, nhiệt độ dưới 30 °C, tránh ánh sáng",https://drive.google.com/file/d/1CzELgmepoxoAqCDYMflklV8CIq2gLRHy/view,
"Vildagliptin
Metformin HCl","V.... 50mg
M... 1000mg",Duobivent,Viên nén bao phim,Việt Nam,"Điều trị đái tháo đường tuýp 2 (T2DM) ở người lớn trong các trường hợp:
- Thay thế Metformin đơn trị liệu khi không kiểm soát được đường huyết với liều tối đa.
- Phối hợp với Sulphonylurea hoặc Insulin khi các phác đồ trước đó không hiệu quả.","- Quá mẫn với các thành phần của thuốc.
- Suy thận nặng.
- Nhiễm toan chuyển hóa cấp tính (như nhiễm toan lactic hoặc nhiễm toan ceton).
- Suy gan, ngộ độc rượu cấp tính hoặc nghiện rượu.Phụ nữ cho con bú: Chống chỉ định tuyệt đối",Khởi đầu thông thường là 1 viên x 2 lần/ngày,Không vượt quá 100 mg/ngày,"- Nhiễm toan lactic
- Theo dõi men gan định kỳ
- Viêm tụy cấp
- Sử dụng thuốc cản quang",Chống chỉ định tuyệt đối phụ nữ cho con bú,,"Thường gặp: Run, đau đầu, chóng mặt, buồn nôn, hạ đường huyết.",,https://drive.google.com/file/d/1MRwvn0d536VWuvcMi53xP7RXK2q178yX/view,
Paracetamol,150mg,Efferalgan Paracetamol,Thuốc đạn,Pháp,"Thuốc được dùng để làm giảm đau từ nhẹ đến vừa, hạ sốt. Điều trị cho trẻ em cần nặng từ 10-15 kg.","- Dị ứng với paracetamol hoặc với proparacaine hydroclorid (tiền chất của paracetamol hoặc các thành phần của thuốc.
- Bệnh gan nặng.
- Mới bị viêm hậu môn, hoặc trực trăng, hoặc chảy máu trực tràng.","Khuyến cáo: khoảng 60 mg/kg/ngày, được chia làm 4 lần dùng. khoảng 15 mg/kg mỗi 6 giờ","Trẻ em cân nặng từ 10-15kg, tăng liều paracetamol không được vượt quá 60 mg/kg mỗi ngày","Trong TH sau:
- Suy tố bàn nan, bao gồm hội chứng Gilbert
- Suy thận nặng
- Thiếu hụt G6PD
- Chán ăn, chúng đi vô độ hoặc suy mòn, suy dinh dưỡng kéo dài (tức kém dự trữ glutathion gan).",Không áp dụng,,"- Kích thích hậu môn và trực tràng
- Đau bụng, tiêu chảy
- Ban đỏ, dị ứng
- Rối loạn gan mật, hệ miễn dịch",Bảo quản dưới 30 độ C,https://drive.google.com/file/d/1_pPCcbR9DJ6KSZIGX0iHg0ktbLAK087A/view,
Itopride hydrochloride,50mg,Elthon 50mg,Viên nén bao phim,Nhật Bản,"Chữa trị những triệu chứng về dạ dày-ruột gây ra bởi viêm dạ dày mạn (cảm giác đầy chướng bụng, đau bụng trên, chán ăn, ợ nóng, buồn nôn và nôn)",BN có tiền sử mẫn cảm với bất kỳ thành phần nào của thuốc. Không dùng cho phụ nữ có thai hoặc cho con bú trừ khi thật cần thiết,"Người lớn: 150 mg ~ 3 viên mỗi ngày, chia 3 lần, mỗi lần 1 viên",,"- Nên lưu ý khi sử dụng vì thuốc này làm tăng hoạt tính của acetylcholin.
- Không nên dùng kéo dài khi không thấy có sự cải thiện về những triệu chứng của dạ dày-ruột.
- Bệnh nhân cao tuổi","Sử dụng khi lợi ích lớn hơn rủi ro
Không nên sử dụng thuốc khi cho con bú",Lưu ý khi dùng kết hợp: Thuốc kháng Cholinergic,"Tiêu chảy, đau bụng, táo bón, tăng AST, ALT",Bảo quản dưới 30 độ C,http://drive.google.com/file/d/1zX-XY-K1_VXuCUAkIJsBbrAQzMrxfPOb/view,
"Bisoprolol
Hydroclorothiazid","5mg
12,5mg",Bisoplus HCT 5/12.5,viên nén bao phim,Việt Nam,Điều trị tăng huyết áp không được kiểm soát thích đáng với bisoprolol fumarate và hydrochlorothiazide riêng rẽ,"-Quá mẫn với hoạt chất, thiazide, sulphonamid hoặc tá dược.
-Suy tim cấp/mất bù cần thuốc co bóp TM; sốc tim.
-Blốc nhĩ thất độ 2 hoặc độ 3 (không đặt máy tạo nhịp)., hội chứng nút xoang, blốc xoang nhĩ, nhịp chậm <60 lần/phút.
-Hen phế quản nặng.
-Bệnh mạch ngoại biên giai đoạn cuối, Raynaud nặng.
-U tủy thượng thận chưa điều trị.
-Nhiễm toan chuyển hóa.
-Suy thận nặng (ClCr <30 ml/phút, creatinin ≥1,8 mg/dL), thiểu/vô niệu; viêm cầu thận cấp.
-Hôn mê/tiền hôn mê gan.
-Hạ K+ kháng trị, hạ Na+ nặng, tăng Ca2+.
-Bệnh gút.","-Người lớn: 1-2 viên/ngày
-Suy thận, gan: giảm liều
-Trẻ em: không khuyến cáo",,"-Không ngừng thuốc đột ngột, đặc biệt ở bệnh nhân bệnh mạch vành (nguy cơ cơn tim cấp).
-Thận trọng khi có: suy tim, hen phế quản/COPD, đái tháo đường (che lấp hạ đường huyết), nhịn ăn, điều trị giải mẫn cảm, block nhĩ thất độ 1, đau thắt ngực Prinzmetal, bệnh mạch ngoại biên, giảm lưu lượng máu, suy gan.
-Có thể che lấp triệu chứng nhiễm độc giáp.
-Có thể làm nặng phản ứng dị ứng, giảm đáp ứng với adrenaline.
-Ở u tủy thượng thận: chỉ dùng sau khi đã chẹn alpha.
-Rối loạn điện giải do HCTZ: hạ K⁺, Na⁺, Mg²⁺, Cl⁻; tăng Ca²⁺ → nguy cơ loạn nhịp, xoắn đỉnh.
-Nguy cơ gout do tăng acid uric.
-Theo dõi định kỳ: điện giải, creatinin, ure, lipid, acid uric, glucose.
-Có thể gây viêm túi mật cấp ở người sỏi mật.
-Nhạy cảm ánh sáng, tăng nguy cơ ung thư da không hắc tố (BCC, SCC) → tránh nắng, theo dõi da.
-Có thể gây dương tính xét nghiệm doping.","-Không khuyến cáo dùng trong thai kỳ, cho con bú
-","Không Khuyến Cáo
-Verapamil, diltiazem (đặc biệt đường tiêm) → tụt huyết áp, block tim.
-Clonidine, methyldopa, moxonidine, reserpine: suy tim nặng, tăng huyết áp dội ngược khi ngưng.
-Lithium → tăng độc tính.
Phối Hợp Cần Thận Trọng
-Dihydropyridine (nifedipine, amlodipine) → tụt huyết áp, suy tim.
-Thuốc chống trầm cảm ba vòng, barbiturate, phenothiazine → tăng hạ huyết áp.
-ACEI, ARB → tụt huyết áp mạnh, suy thận (đặc biệt thiếu Na⁺).
-Chống loạn nhịp nhóm I, III → kéo dài dẫn truyền, nguy cơ xoắn đỉnh.
-Thuốc kéo dài QT (erythromycin tiêm, halofantrine, pentamidine, terfenadine…) + hạ K⁺ → xoắn đỉnh.
-Insulin, thuốc ĐTĐ → tăng nguy cơ hạ đường huyết, che triệu chứng.
-Thuốc gây mê → tụt huyết áp, chậm nhịp.
-Glycoside tim → tăng độc tính khi hạ K⁺/Mg²⁺.
-NSAIDs → giảm tác dụng hạ áp, nguy cơ suy thận.
-Glucocorticoid, amphotericin B, furosemide, thuốc nhuận tràng → tăng mất K⁺.
-Cholestyramine, colestipol → giảm hấp thu HCTZ.
-Methyldopa → nguy cơ tán huyết.
-Corticosteroid, mefloquine, MAOI, salicylate liều cao → tăng nguy cơ ADR.","-Thường Gặp: Rối loạn điện giải (↓K, ↓Na, ↓Mg), tăng glucose và acid uric; chóng mặt, đau đầu; lạnh/tê tay chân; buồn nôn, tiêu chảy, táo bón; mệt mỏi; tăng lipid, glucose niệu.
-Ít Gặp: Rối loạn giấc ngủ, trầm cảm; nhịp tim chậm, suy tim nặng hơn; hạ huyết áp tư thế; co thắt phế quản; viêm tụy; yếu cơ, chuột rút; suy nhược; tăng creatinin, ure.
-Hiếm Gặp: Ảo giác; giảm bạch cầu, tiểu cầu; rối loạn thị giác, giảm thính lực; ngất; viêm gan, vàng da; dị ứng da; rối loạn cương; tăng men gan.
-Rất Hiếm: Mất bạch cầu hạt; kiềm chuyển hóa; viêm kết mạc; làm nặng vảy nến, rụng tóc.
-Chưa Rõ:Ung thư da không hắc tố; glôcôm góc hẹp; bệnh phổi kẽ.","Bảo quản trong bao kín, nơi khô, tránh ánh sáng. Nhiệt độ không quá 30 độ C",https://drive.google.com/file/d/1-2cuCRQqZnxPDqiUgd8OSsuD2I14mLDM/view,
Cao đặc Diệp Hạ Châu,200mg,Diệp Hạ Châu Vinaplat,viên nén bao phim,Việt Nam,"- Trị viêm gan do virus, viêm gan vàng da cấp và mạn tính, men gan tăng, giải độc gan, mẩn ngứa, dị ứng, nổi mày đay, mụn nhọt, viêm da thần kinh, chàm, viêm thận, phù thũng, sỏi tiết niệu, viêm ruột, tiêu chảy.
-Hỗ trợ giải độc gan khi uống rượu, bia nhiều hay sử dụng thuốc, hóa chất độc hại.",Không dùng thuốc cho phụ nữ có thai,"2–3 lần/ngày, mỗi lần 3–5 viên, sau bữa ăn.",,Cần thận trọng cho nam giới có ý định sinh con.,"-Chống chỉ định cho phụ nữ có thai.
-Hiện vẫn chưa có tài liệu nào báo cáo về trường hợp dùng thuốc cho phụ nữ cho con bú.",chưa có tài liệu,chưa có tài liệu,"Nơi khô, nhiệt độ dưới 30 độ C",https://drive.google.com/file/d/1JCm90VQ6_9XVrUdMqYLCj4aIjKSGwEow/view,
"Sinh địa
 Mạch môn
Thiên hoa phấn
Hoàng kỳ
Câu kỷ tử
Bạch linh
Ngũ vị tử
Mẫu đơn bì
Hoàng liên
Nhân sâm
Thạch cao","150mg
75mg
75mg
75mg
75mg
12,8mg
11,2mg
11,2mg
7,5mg
7,5mg
37,5mg",Giáng chỉ đường an,viên nén bao phim,Việt Nam,Điều trị cho người lớn bị tiểu đường thể nhẹ và trung bình tuýp II mà chưa bị phụ thuộc bởi Insulin.,"-Mẫn cảm với bất cứ thành phần nào của thuốc
-PNCT","2 - 3 lần/ngày, mỗi lần 4 - 5 viên.",,Chưa có tài liệu báo cáo.,"-Thời kỳ mang thai: Không dùng cho phụ nữ có thai.
-Thời kỳ cho con bú: Tiếp tục cho con bú khi dùng thuốc.",Không trộn lẫn thuốc này với các thuốc khác.,Chưa ghi nhận được báo cáo,"Nơi khô mát, nhiệt độ không quá 30 độC.",https://drive.google.com/file/d/1XR1H9JPE3VV9PraLnxBd4R1_njTKJJx1/view,
"Tyrothricin
Benzocain
Benzalkonium","0,5mg
1mg
1,5mg",Dorithricin,Viên ngậm họng,Đức,"Điều trị các triệu chứng nhiễm khuẩn miệng - họng như đau họng, nuốt khó.","-Quá mẫn với bất cứ thành phần nào của thuốc.
-Không ngậm viên thuốc nếu có vết thương mới khá rộng trong miệng hoặc họng.
-Bệnh nhân bị chứng di truyền hiếm gặp không dung nạp fructose","Ngậm 1-2 viên/lần, mỗi lần cách nhau 2-3 giờ.",,"-Viêm amiđan có mủ kèm sốt: phải phối hợp kháng sinh toàn thân.
-Đau họng nặng, sốt cao, đau đầu, buồn nôn/nôn: không dùng quá 2 ngày nếu chưa hỏi nhân viên y tế.
-Người có cơ địa dị ứng da: dễ mẫn cảm với thuốc.
-BN đái tháo đường: mỗi viên chứa sorbitol tương đương ~0,07 BU.
-Trẻ em: chỉ dùng khi trẻ biết ngậm đúng cách; không dùng cho trẻ sơ sinh và trẻ nhỏ.",Chỉ nên sử dụng Dorithricin cho phụ nữ có thai hoặc cho con bú khi được bác sỹ tư vấn và cân nhắc nếu lợi ích mang lại vượt trội nguy cơ có thế xảy ra đối với thai nhi hoặc trẻ sơ sinh/trẻ nhỏ.,chưa có tài liệu,"Hiếm gặp:
-Dị ứng da với benzocain (ester PABA).
-Methemoglobin huyết khi dùng benzocain tại chỗ (nhất là trẻ em hoặc bôi trên vết thương rộng).
Chưa rõ tần suất:
-Mẫn cảm chéo với các chất có nhóm para (penicillin, sulfonamid, kem chống nắng, acid p-aminosalicylic).
-Phản ứng quá mẫn (kể cả khó thở) với tinh dầu bạc hà.
Khuyến cáo:Thông báo cho bác sĩ khi gặp tác dụng không mong muốn.",>30 độ C,https://drive.google.com/file/d/11D2Nm2q6ZA37Af4-h3IIm2dLudeGEjdJ/view,
Misoprotol,200mcg,Heraprostol,viên nén,Việt Nam,"-Giảm nguy cơ loét dạ dày do NSAID ở người nguy cơ cao.
-Phá thai nội khoa theo Hướng dẫn Bộ Y tế (QĐ 4128/QĐ-BYT).","Tuyệt đối
-Quá mẫn misoprostol, mifepristone hoặc prostaglandin.
-Hẹp van 2 lá, tắc mạch hoặc tiền sử tắc mạch.
-Bệnh tuyến thượng thận.
-Rối loạn đông máu, đang dùng thuốc chống đông.
-Thiếu máu trung bình – nặng.
-Thai ngoài tử cung hoặc nghi ngờ thai ngoài tử cung.
-Thai tại vết sẹo mổ cũ (≤ 12 tuần).
-Sẹo mổ thân tử cung (13–22 tuần).
-Rau cài răng lược.
Tương đối
-Đang dùng corticoid toàn thân kéo dài.
-Tăng huyết áp.
-Viêm nhiễm sinh dục cấp.
-Dị dạng sinh dục (chỉ thực hiện tại tuyến trung ương).
-Có sẹo mổ tử cung: phải giảm liều misoprostol, tăng khoảng cách liều, chỉ làm tại bệnh viện chuyên khoa.","Liều phòng loét do NSAID (người lớn)
-200 mcg x 4 lần/ngày cùng bữa ăn.
-Không dung nạp: 100 mcg/lần.
-Uống suốt thời gian dùng NSAID, liều cuối trước khi ngủ.
Phá thai
≤ 63 ngày: 200 mg. Sau 24–48 giờ: 800 mcg ngậm dưới lưỡi/ngậm má.
64–84 ngày: 200 mg. Sau 24–48 giờ: đặt âm đạo 800 mcg.Sau đó mỗi 3 giờ: 400 mcg (tối đa 4 liều). Nếu chưa sảy: có thể lặp lại theo phác đồ.
13–18 tuần: 200 mg. Sau 24–48 giờ: 400 mcg mỗi 3 giờ cho đến sảy.
19–22 tuần: 200 mg. Sau 24–48 giờ: Đặt âm đạo 400 mcg, sau 3 giờ: ngậm dưới lưỡi/ bên má 400 mcg. Lặp lại mỗi 3 giờ cho đến khi sảy thai, sau 3 ngày chưa sảy → chuyển phương pháp khác.
Suy thận: giảm liều nếu không dung nạp được liều 200mcg",,"-Không tự ý phá thai bằng thuốc; phải theo Hướng dẫn Quốc gia (QĐ 4128/QĐ-BYT, 29/07/2016).
-Không dùng cho phụ nữ trong độ tuổi sinh đẻ trừ khi điều trị dự phòng loét do NSAID và đã dùng biện pháp tránh thai hiệu quả.
-Không dùng điều trị loét dạ dày cho người dự định mang thai (nguy cơ sảy thai).
-Thận trọng ở người bệnh tim mạch, mạch máu não (nguy cơ tụt huyết áp gây biến chứng), người viêm ruột, tiêu chảy nặng
-Không dùng ở người nguy cơ vỡ tử cung (đa thai, tử cung có sẹo mổ cũ).
-Chỉ dùng 1 lần để chấm dứt thai kỳ; nếu thất bại phải chuyển phương pháp khác.
-Chưa xác lập an toàn, hiệu quả ở trẻ < 18 tuổi.","-PNMT: Chống chỉ định tuyệt đối
-Phụ nữ cho con bú:Không dùng, có thể gây tiêu chảy ở trẻ.","Thức ăn, thuốc kháng acid:
-Làm giảm tốc độ hấp thu và nồng độ đỉnh của misoprostol acid; có thể giảm sinh khả dụng (
-Kháng acid chứa magnesi làm tăng tiêu chảy → tránh dùng, ưu tiên kháng acid chứa nhôm.
NSAID (ibuprofen, piroxicam, diclofenac): Không có tương tác dược động học đáng kể.","-Tiêu hóa: Tiêu chảy (hay gặp nhất), đau bụng, buồn nôn, nôn, đầy hơi.
-Thần kinh: Nhức đầu, chóng mặt, buồn ngủ.
-Sinh dục – tiết niệu: Co tử cung, chảy máu tử cung/âm đạo, rối loạn kinh.
-Tim mạch: Hạ huyết áp, đau ngực, loạn nhịp (hiếm).
-Da – dị ứng: Ban, viêm da, phản vệ (hiếm).
-Gan: Chức năng gan bất thường, tăng phosphatase kiềm hoặc aminotransferase.
-Hô hấp: Nhiễm khuẩn hô hấp trên, viêm phế quản, co thắt phế quản, khó thở, viêm phổi.
-Khác: Sốt, rét run, thay đổi thể trọng, khát, đau khớp, đau cơ, co cứng cơ, đau lưng, giảm ham muốn, liệt dương.","Bảo quản trong bao kín, nơi khô ráo. Nhiệt độ không quá 30 độ C",https://drive.google.com/file/d/1dpeW_zL98KnlJXnhApQEKhaIPDTGgEW4/view,
Paracetamol,80mg,Efferalgan,Thuốc đạn,Pháp,Giảm đau từ nhẹ đến vừa và hạ sốt. ĐT cho Trẻ em 5-10kg,"-Dị ứng với paracetamol hoặc với propacetamol hydroclorid hoặc các thành phần của thuốc.
- Có bệnh gan nặng.
- Mới bị viêm hậu môn, hoặc trực tràng, hoặc chảy máu trực tràng","Liều dùng chung: 60 mg/kg/ngày, chia 4 lần ~ 15 mg/kg mỗi 6 giờ
Trẻ nặng từ 5- <10 kg (2- <24 tháng):80 mg/lần,
Suy thận nặng:
-Cl ≥ 10 mL/phút: mỗi 6 giờ
-Cl < 10 mL/phút: mỗi 8 giờ
Hỗ trợ khi sốt cao (>38,5°C):Cởi bớt quần áo, cho uống thêm nước, không để nơi quá nóng, có thể lau/tắm nước ấm.","Trẻ em <10kg:không vượt quá 320 mg/ngày, ngày dùng tối đa 4 lần,","-Không dùng đồng thời các thuốc khác (kê đơn/không kê đơn) có chứa paracetamol.
Có thể gây kích ứng tại chỗ, tăng theo liều, thời gian dùng và thời điểm đặt thuốc.
Quá liều:
-Liều cao hơn khuyến cáo có thể gây tổn thương gan rất nặng.
-Dấu hiệu gan thường xuất hiện sau 1–2 ngày, nặng nhất sau 3–4 ngày → cần dùng thuốc giải độc càng sớm càng tốt.
-Phản ứng da nặng: Hội chứng Stevens–Johnson (SJS), hoại tử da nhiễm độc (TEN/Lyell), AGEP → ngừng thuốc và đi khám ngay.
Dùng thận trọng khi:
-Suy gan, hội chứng Gilbert
-Suy thận nặng (ClCr ≤ 30 mL/phút)
-Thiếu men G6PD
-Suy dinh dưỡng, chán ăn, suy mòn
-Mất nước, giảm thể tích máu",Không áp dụng,"-Warfarin và các coumarin: Có thể làm thay đổi INR → cần theo dõi INR khi dùng chung và 1 tuần sau khi ngưng paracetamol.
-Xét nghiệm: Có thể gây sai lệch acid uric (PPW) và glucose máu (GOD-POD).
-Phenytoin: Giảm hiệu quả paracetamol, tăng nguy cơ độc gan → tránh liều cao/kéo dài, theo dõi gan.
-Probenecid: Giảm thanh thải paracetamol ~2 lần → cần giảm liều paracetamol.
-Salicylamid: Kéo dài thời gian bán thải của paracetamol.
-Chất cảm ứng enzym (barbiturat, isoniazid, carbamazepin, rifampin, rượu): Tăng độc tính gan → thận trọng","-Rối loạn hệ máu và bạch huyết: Giảm tiểu cầu.
-Rối loạn tiêu hóa: Đau bụng, tiêu chảy.
-Rối loạn gan mật: Tăng enzym gan, viêm gan, hoại tử gan, suy gan.
-Rối loạn hệ miễn dịch: Phản vệ, quá mẫn, phù mạch.
-Rối loạn da và mô dưới da: Ban đỏ, ngứa, phát ban, mày đay; hội chứng ngoại ban mụn mủ toàn thân cấp tính (AGEP), hội chứng hoại tử da nhiễm độc (TEN), hội chứng Stevens–Johnson (SJS).
-Thăm khám cận lâm sàng: Tăng enzym gan.
-Thuốc đạn có thể gây kích thích hậu môn – trực tràng.",>30 độ C,https://drive.google.com/file/d/1KqH9fQPqLo2jWyQ32DOxURHsiDm_Z0lD/view,
Paracetamol,300mg,Efferalgan,Thuốc đạn,Pháp,Giảm đau từ nhẹ đến vừa và hạ sốt. ĐT cho Trẻ em 15-30kg,"-Dị ứng với paracetamol hoặc với propacetamol hydroclorid hoặc các thành phần của thuốc.
- Suy tế bào gan nặng hoặc bệnh gan mất bù thể hoạt động
- Mới bị viêm hậu môn, hoặc trực tràng, hoặc chảy máu trực tràng","-Liều khuyến cáo: 60 mg/kg/ngày, chia làm 4 lần ~ 15 mg/kg mỗi 6 giờ.
-Trẻ em nặng 15- < 30 kg  3–9 tuổi): 1 viên 300 mg/lần, mỗi lần cách ít nhất 6 giờ
Suy thận:
-Cl ≥ 10 mL/phút: mỗi 6 giờ
-Cl < 10 mL/phút: mỗi 8 giờ
Bệnh gan mạn, suy tế bào gan, nghiện rượu, suy dinh dưỡng kéo dài, mất nước: giảm liều hoặc kéo dài khoảng cách giữa các lần dùng.","-Trẻ em: không quá 60 mg/kg/ngày
-Trẻ 15–<30 kg: không quá 1.200 mg/ngày
-Người suy gan, suy dinh dưỡng, nghiện rượu: không quá 60 mg/kg/ngày hoặc 2 g/ngày","-Không dùng chung với thuốc khác có paracetamol.
-Không vượt liều tối đa: Trẻ 15–<30 kg ≤ 60 mg/kg/ngày.
-Quá liều gây tổn thương gan nặng, có thể tử vong (biểu hiện sau 1–2 ngày, nặng nhất 3–4 ngày).
-Nguy cơ phản ứng da nặng: SJS, TEN/Lyell, AGEP.
-Thuốc đạn có thể kích ứng hậu môn.
Thận trọng khi dùng nếu:
-Suy gan, thiếu G6PD.
-Nghiện rượu, suy dinh dưỡng.
-Mất nước, giảm thể tích máu.
Lưu ý: Không dùng thuốc đạn khi tiêu chảy.","-PNMT: sử dụng khi đánh giá cẩn thận lợi ích điều trị và nguy cơ
-Cho con bú: thận trọng khi sử dụng","-Warfarin và các coumarin: Có thể làm thay đổi INR → cần theo dõi INR khi dùng chung và 1 tuần sau khi ngưng paracetamol.
-Xét nghiệm: Có thể gây sai lệch acid uric (PPW) và glucose máu (GOD-POD).
-Phenytoin: Giảm hiệu quả paracetamol, tăng nguy cơ độc gan → tránh liều cao/kéo dài, theo dõi gan.
-Probenecid: Giảm thanh thải paracetamol ~2 lần → cần giảm liều paracetamol.
-Salicylamid: Kéo dài thời gian bán thải của paracetamol.
-Chất cảm ứng enzym (barbiturat, isoniazid, carbamazepin, rifampin, rượu): Tăng độc tính gan → thận trọng","-Rối loạn hệ máu và bạch huyết: Giảm tiểu cầu.
-Rối loạn tiêu hóa: Đau bụng, tiêu chảy.
-Rối loạn gan mật: Tăng enzym gan, viêm gan, hoại tử gan, suy gan.
-Rối loạn hệ miễn dịch: Phản vệ, quá mẫn, phù mạch.
-Rối loạn da và mô dưới da: Ban đỏ, ngứa, phát ban, mày đay; hội chứng ngoại ban mụn mủ toàn thân cấp tính (AGEP), hội chứng hoại tử da nhiễm độc (TEN), hội chứng Stevens–Johnson (SJS).
-Thăm khám cận lâm sàng: Tăng enzym gan.
-Thuốc đạn có thể gây kích thích hậu môn – trực tràng.",>30 độ C,https://drive.google.com/file/d/1MPW6Mh29hJbiR81NhW6JVgINUrc4T0Vw/view,
methotrexate,"2,5mg",Hemetrex,viên nén,Việt Nam,"-Viêm khớp dạng thấp nặng, không đáp ứng điều trị thông thường.
-Vảy nến nặng, kháng các liệu pháp khác.
-Ung thư: bạch cầu cấp, u lympho không Hodgkin, sarcoma, và các u đặc (vú, phổi, đầu–cổ, bàng quang, cổ tử cung, buồng trứng, tinh hoàn)","-Suy gan đáng kể.
-Suy thận đáng kể:
ClCr <30 ml/phút → khi liều <100 mg/m²
ClCr <60 ml/phút → khi liều >100 mg/m²
-Rối loạn huyết học có sẵn: giảm sản tủy, giảm bạch cầu, giảm tiểu cầu, thiếu máu nặng.
-Nghiện rượu.
-Nhiễm trùng nặng (cấp hoặc mạn) / suy giảm miễn dịch.
-Viêm miệng, loét miệng, loét tiêu hóa hoạt động.
-Phụ nữ mang thai hoặc cho con bú.
-Quá mẫn với methotrexate hoặc tá dược.
-Không tiêm vắc xin sống trong khi điều trị.
-Không phối hợp thuốc kháng folate (co-trimoxazole).","-Chỉ dùng 1 lần/tuần. Dùng sai có thể tử vong.
Vảy nến
Test: 2,5–5 mg
Liều: 7,5–25 mg/tuần
Viêm khớp dạng thấp: 7,5–25 mg/tuần
Trẻ em:Theo phác đồ nhi. Chưa xác lập an toàn (trừ ung thư).
Người cao tuổi: Giảm liều, thận trọng.
Suy thận
- < 100 mg/m²
  ClCr > 60 → 100% liều
  ClCr 30–59 → 50% liều
   ClCr < 30 → chống chỉ định
- > 100 mg/m²
   ClCr > 80 → 100%
   ClCr ≈ 80 → 75%
   ClCr ≈ 60 → 63%
   ClCr < 60 → chống chỉ định
Suy gan: rất thận trọng, nhất là do rượu.
Tràn dịch/cổ trướng: có thể giảm hoặc ngừng thuốc.
Đổi uống → tiêm: cân nhắc giảm liều.",tối đa 20-25mg/tuần,"Suy gan nặng.
Suy thận: <30 ml/phút (liều <100 mg/m²) hoặc <60 ml/phút (liều >100 mg/m²).
Rối loạn huyết học nặng.
Nghiện rượu.
Nhiễm trùng nặng/suy giảm miễn dịch.
Loét miệng, loét tiêu hóa hoạt động.
Mang thai, cho con bú.
Quá mẫn.
Không tiêm vắc xin sống.
Không phối hợp thuốc kháng folate (co-trimoxazol).
NSAID, PPI, trimethoprim/sulfamethoxazole, leflunomide → tăng độc tính.
Có thể dùng leucovorin (acid folinic) khi ngộ độc.","-Gây độc gen, ảnh hưởng sinh tinh/sinh trứng.
-Không dùng khi mang thai (trừ ung thư).
-Tránh thai ≥ 6 tháng sau ngừng (cả nam và nữ).
-Nguy cơ: sảy thai, chết thai, dị tật.
-Có thể mang thai bình thường nếu đã ngừng thuốc trước thụ thai.","-Salicylate, phenylbutazone, phenytoin, barbiturate, tetracycline, doxorubicin, thuốc tránh thai uống: Tăng MTX tự do (đẩy khỏi protein)
-NSAID, aspirin, probenecid, sulfinpyrazone, penicillin, sulfonamide, ciprofloxacin, cefalotin, omeprazole/pantoprazole, levetiracetam: Giảm thải qua thận → tăng độc
-Tăng độc gan – tủy – thận: leflunomide, sulfasalazine, azathioprine, retinoid, rượu, cisplatin → leflunomide + MTX: dễ giảm toàn thể huyết cầu.
- Đối kháng folate → suy tủy: trimethoprim/sulfamethoxazole, sulfonamide, chloramphenicol, pyrimethamine.
-Khác cần tránh: theophylline/caffeine, 5-FU, nitrous oxide, ciclosporin, phenytoin, mercaptopurine, procarbazine, vaccine sống.","-Tủy xương: thiếu máu, giảm BC, TC, suy tủy
-Gan: tăng men gan, viêm gan, xơ gan
-Thận: suy thận, tăng ure
-Phổi: viêm phổi kẽ, xơ phổi
-Tiêu hóa: buồn nôn, nôn, tiêu chảy, loét miệng
-Da: phát ban, rụng tóc, SJS
-Thần kinh: đau đầu, lú lẫn, co giật
-Sinh sản: quái thai, giảm tinh trùng","bao bì kín, nơi khô ráo, >30 độ C",https://drive.google.com/file/d/1hUrSWPl1sMBeST_YluPh6GfC8ZRVPGcj/view,
Perindopril,5mg,Coversyl 5mg,viên nén bao phim,Pháp,"- tăng huyết áp
-Suy tim triệu chứng
-Giảm nguy cơ biến cố tim mạch ở BN có tiền sử nhồi máu cơ tim và/hoặc tái thông mạch","-Quá mẫn với perindopril, tá dược hoặc thuốc ức chế men chuyển khác.
-Tiền sử phù mạch do ACEI, phù mạch di truyền hoặc vô căn.
-Thai kỳ 3 tháng giữa và cuối.
-Dùng cùng aliskiren ở bệnh nhân đái tháo đường hoặc suy thận (GFR < 60 ml/phút/1,73 m²).
-Dùng cùng sacubitril/valsartan.
-Đang điều trị ngoài cơ thể làm máu tiếp xúc với bề mặt tích điện âm.
-Hẹp động mạch thận hai bên hoặc hẹp đáng kể ở thận độc nhất.","Tăng huyết áp:
- 5 mg/ngày uống buổi sáng.
-Nếu có nguy cơ tụt huyết áp (mất muối, đang dùng lợi tiểu, suy tim, hẹp ĐM thận…): khởi đầu 2,5 mg/ngày.
-Có thể tăng dần lên tối đa 10 mg/ngày sau ít nhất 1 tháng.
Người cao tuổi: Bắt đầu 2,5 mg/ngày → sau 1 tuần 5 mg/ngày → nếu dung nạp, tăng tối đa 10 mg/ngày.
Suy tim triệu chứng: 2,5 mg/ngày, có thể tăng lên 5 mg/ngày sau 2 tuần nếu dung nạp.
Bệnh động mạch vành ổn định: 5 mg/ngày trong 2 tuần, sau đó tăng 10 mg/ngày nếu dung nạp.
Suy thận:
ClCr ≥ 60: 5 mg/ngày.
ClCr 30–<60: 2,5 mg/ngày.
ClCr 15–<30: 2,5 mg cách ngày.
ClCr < 15 hoặc thẩm tách: 2,5 mg vào ngày thẩm tách (uống sau thẩm tách).
Suy gan: không cần chỉnh liều.
Trẻ em: không khuyến cáo sử dụng.",,"-Hạ huyết áp: dễ gặp khi mất dịch, dùng lợi tiểu, suy tim → có thể gây nhồi máu cơ tim/đột quỵ.
-Suy thận / hẹp ĐM thận: có thể tăng creatinin, kali → phải theo dõi.
-Phù mạch (mặt, môi, lưỡi, thanh quản): ngưng thuốc ngay, cấp cứu.
-Tăng kali máu: nhất là khi suy thận, ĐTĐ, dùng thuốc giữ kali → nguy cơ loạn nhịp.
-Bệnh tim hẹp van / bệnh cơ tim phì đại: dùng thận trọng.
-Đái tháo đường: có thể hạ đường huyết → theo dõi.
-Thẩm tích máu, lọc LDL, giải mẫn cảm: nguy cơ phản vệ.
-Phẫu thuật/gây mê: ngưng trước 1 ngày.
-Thai kỳ: chống chỉ định.
-Không dung nạp lactose: không dùng.","Mang thai
-Không khuyến cáo dùng trong 3 tháng đầu.
-Tháng thứ 3 trở đi: chống chỉ định
-Dùng từ tam cá nguyệt 2–3 có thể gây độc cho thai- và độc cho trẻ sơ sinh
-Nếu đã dùng sau tháng thứ 3: siêu âm thận, kiểm tra hộp sọ, theo dõi trẻ sau sinh.
-Phụ nữ có kế hoạch mang thai nên đổi sang thuốc an toàn hơn.
Cho con bú: không khuyến cáo dùng, nên thay thuốc an toàn hơn (nhất là với trẻ sơ sinh, sinh non).
Khả năng sinh sản:Không ảnh hưởng.","Không dùng chung
-Aliskiren (đặc biệt ở BN ĐTĐ hoặc suy thận) → ↑ kali, suy thận, tử vong.
-Sacubitril/valsartan → nguy cơ phù mạch (phải cách ≥ 36 giờ).
-Phong bế kép RAA (ACEI + ARB + aliskiren) → hạ HA, tăng kali, suy thận.
Làm tăng kali máu
-Muối kali
-Lợi tiểu giữ kali: spironolactone, eplerenone, amiloride, triamterene
-Heparin
-Cyclosporin, tacrolimus
-Trimethoprim/cotrimoxazole
Tăng nguy cơ suy thận / giảm hiệu quả
-NSAID (kể cả aspirin liều cao) → ↓ tác dụng hạ HA, ↑ suy thận, ↑ kali.
-Thuốc lợi tiểu → tụt HA mạnh lúc khởi trị.
Hạ huyết áp:Thuốc hạ áp khác, Nitrate, thuốc giãn mạch, Thuốc gây mê, TCA, thuốc an thần, Rượu
Khác
-Lithium → ↑ độc tính.
-Thuốc ĐTĐ (insulin, uống) → nguy cơ hạ đường huyết.
-Baclofen → tăng tác dụng hạ HA.
-Racecadotril, gliptin, mTOR → ↑ nguy cơ phù mạch.
-Muối vàng tiêm → phản ứng nitritoid (đỏ bừng, buồn nôn, tụt HA).
-Thuốc giống giao cảm → ↓ tác dụng hạ HA.","Thường gặp:Chóng mặt, đau đầu; Dị cảm; Rối loạn thị giác; Ù tai; Ho khan; Buồn nôn, nôn, đau bụng, tiêu chảy, táo bón; Phát ban, ngứa; Chuột rút; Hạ huyết áp
Ít gặp: Rối loạn giấc ngủ, rối loạn khí sắc; Ngất, ngủ lơ mơ; Đau ngực, đánh trống ngực; Viêm mũi, khó thở; Phù mặt, môi, lưỡi, thanh môn; Nhạy cảm ánh sáng, nổi bóng nước, ra nhiều mồ hôi
Hiếm, rất hiếm:Phù mạch; Rối loạn huyết học: giảm bạch cầu, tiểu cầu, thiếu máu; Suy thận cấp, tăng creatinin, tăng kali máu; Tổn thương gan: viêm gan, vàng da; Đột quỵ, nhồi máu cơ tim; Hội chứng Raynaud; Ban đỏ đa dạng, trầm trọng bệnh vảy nến",">30 độ C, tránh ẩm",https://drive.google.com/file/d/1Yz6GxGtktsdqMLxiE7gBVWk-kWgqd2cv/view,
Rosuvastatin,5mg/10mg/20mg,Crestor,viên nén bao phim,Anh,"-Tăng cholesterol máu typ IIa, IIb khi ăn kiêng không đủ.
-Rối loạn lipid typ III.
-Tăng triglycerid ở người lớn.
-Tăng cholesterol gia đình:
        Đồng hợp tử ≥7 tuổi
        Dị hợp tử 8–17 tuổi khi LDL còn cao.
-Làm chậm xơ vữa động mạch.
-Phòng ngừa tim mạch nguyên phát (nguy cơ cao):Nam ≥50t, Nữ ≥60t, hsCRP ≥2 mg/L + ≥1 yếu tố nguy cơ →
Giảm đột quỵ, nhồi máu cơ tim, tái tưới máu mạch vành.
-Chưa có dữ liệu ởrối loạn lipid typ I, V.","-Dị ứng rosuvastatin/tá dược.
-Bệnh gan tiến triển hoặc AST/ALT >3 lần ULN.
-Suy thận nặng (ClCr <30 ml/phút).
-Bệnh lý cơ.
-Đang dùng cyclosporin.
-Có thai, cho con bú, hoặc có thể có thai nhưng không tránh thai.
Không dùng liều 40 mg khi có nguy cơ bệnh cơ/tiêu cơ vân:
-Suy thận độ vừa (ClCr <60 ml/phút).
-Suy giáp.
-Tiền sử cá nhân/gia đình bệnh cơ di truyền.
-Tiền sử tổn thương cơ do statin/fibrat.
-Nghiện rượu.
-Tình trạng tăng nồng độ thuốc trong máu.
-Người Châu Á.
-Dùng phối hợp fibrat.","-Khởi đầu: 5–10 mg/ngày → chỉnh liều sau ≥4 tuần.
Theo đối tượng
-Dự phòng tim mạch: 20 mg/ngày.
-Trẻ em:
    HeFH: 8–<10t: 5–10 mg; 10–17t: 5–20 mg.
    HoFH: 7–17t: 20 mg/ngày.
-Người ≥70t: khởi đầu 5 mg/ngày.
-Suy thận:
     Nhẹ–TB: không chỉnh liều; CrCl <60 ml/phút: khởi đầu 5 mg.
     Chống chỉ định liều 40 mg, suy thận nặng: chống chỉ định.
-Suy gan: dùng khi Child-Pugh ≤7; chống chỉ định nếu bệnh gan tiến triển.
-Người Châu Á: khởi đầu 5 mg/ngày.
-Phối hợp thuốc:Gemfibrozil, atazanavir/ritonavir, lopinavir/ritonavir, simeprevir: khởi đầu 5 mg/ngày, không quá 10 mg/ngày.","Tối đa: 40 mg/ngày (chỉ dùng khi nguy cơ tim mạch rất cao, theo dõi chặt).","-Thận: protein niệu thoáng qua, hay gặp liều 40 mg → theo dõi chức năng thận.
-Cơ: đau cơ, viêm cơ, tiêu cơ vân (hiếm nhưng nặng).
-Nguy cơ tăng khi: suy thận, suy giáp, >70 tuổi, tiền sử bệnh cơ, nghiện rượu, dùng fibrat/thuốc làm tăng nồng độ thuốc.
-CK: CK >5×ULN → không dùng/ ngừng thuốc.
-Thuốc phối hợp nguy hiểm: gemfibrozil, fibrat, niacin liều cao, colchicin.
-Tránh dùng khi: nhiễm trùng nặng, phẫu thuật lớn, chấn thương, rối loạn điện giải, co giật.
-Gan: theo dõi men gan, ngừng nếu >3×ULN.
-Có thể tăng đường huyết.",Chống chỉ định,"-↑ mạnh nồng độ → nguy cơ tiêu cơ vân:ciclosporin (CCĐ), thuốc ức chế protease (atazanavir/ritonavir, lopinavir/ritonavir, darunavir/ritonavir, tipranavir/ritonavir) → khởi 5 mg, tránh liều cao.
-Gemfibrozil, fibrat, niacin liều cao → ↑ bệnh cơ → không dùng 40 mg, bắt đầu 5 mg.
-Ezetimib → ↑ nhẹ AUC (~1,2 lần) → theo dõi đau cơ.
-Kháng acid Al/Mg → ↓ nồng độ ~50% → uống sau Crestor ≥ 2 giờ.
-Erythromycin → ↓ AUC, Cmax rosuvastatin.
-CYP450 (fluconazol, ketoconazol: không tương tác quan trọng).
-Warfarin → có thể ↑ INR → theo dõi.
-Acid fusidic → tránh phối hợp (nguy cơ tiêu cơ vân).","Thường gặp
-Nhức đầu, chóng mặt
-Táo bón, buồn nôn, đau bụng
-Đau cơ
-Ngứa, phát ban
-Suy nhược
-Tăng nguy cơ đái tháo đường
Hiếm / rất hiếm
-Giảm tiểu cầu
-Quá mẫn, phù mạch
-Tăng men gan, viêm gan, vàng da
-Viêm tụy
-Bệnh cơ, tiêu cơ vân
Đa dây thần kinh, giảm trí nhớ
-Stevens–Johnson
-Tiểu máu
-Nữ hóa tuyến vú, phù
Khác:Trầm cảm, Rối loạn giấc ngủ, Ho, khó thở,Tiêu chảy,Căng cơ, hoại tử cơ qua trung gian miễn dịch
Cảnh báo: Đau cơ + CK ↑ → ngưng thuốc; men gan ↑ → theo dõi; nguy cơ cơ tăng khi liều cao/ tương tác.",">30 độ C, bảo quản trong bao bì gốc",https://drive.google.com/file/d/1gj7QhFJdV52gMiefeV0LmogcUYIs3rEP/view,
Carbocistein,750mg,Ausmuco 750V,Viên nén bao phim,Việt Nam,"- Người lớn và trẻ em trên 15 tuổi.
- Điều trị hỗ trợ các bệnh lý đường hô hấp có tăng tiết chất nhầy (đờm), bao gồm cả bệnh phổi tắc nghẽn mạn tính (COPD)","- Quá mẫn với bất kỳ thành phần nào của thuốc.
- Bệnh nhân đang có loét đường tiêu hóa cấp","- Liều ban đầu: 1 viên/lần x 3 lần/ngày.
- Liều duy trì (khi đã có đáp ứng): Giảm xuống 1 viên/lần x 2 lần/ngày",,"Tiền sử loét dạ dày - tá tràng, người cao tuổi, hoặc đang dùng thuốc gây xuất huyết tiêu hóa (nếu chảy máu phải ngưng thuốc)","- Phụ nữ mang thai: Không khuyến cáo sử dụng.
- Phụ nữ cho con bú: Cần thận trọng (chưa đủ thông tin về sự bài tiết vào sữa)",Không nên sử dụng cùng lúc với thuốc giảm ho (làm giảm phản xạ ho tống đờm).,"Tiêu hóa (Rất thường gặp/Thường gặp): Buồn nôn, nôn, đau dạ dày, tiêu chảy, xuất huyết tiêu hóa","Nơi khô, nhiệt độ dưới 30 độ C",https://drive.google.com/file/d/1pDsk_fa3BdlsnKPsAI-ZA4pplVs2c9ee/view,
Candesartan cilexetil,16mg,Guarente 16,Viên nén,Ba Lan,Điều trị tăng huyết áp ở người lớn và trẻ em 6-18 tuổi. Điều trị suy tim và suy giảm chức năng tâm thu thất trái ở người lớn,Quá mẫn với thành phần thuốc. Phụ nữ mang thai 3 tháng giữa và 3 tháng cuối. Suy gan nặng và/hoặc tắc mật. Trẻ em dưới 1 tuổi,"-Tăng huyết áp: Khởi đầu 8 mg/ngày. Có thể tăng lên 16 mg
- Suy tim: Khởi đầu 4 mg/ngày. Tăng liều gấp đôi sau mỗi 2 tuần đến liều mục tiêu 32 mg/ngày (nếu dung nạp)",Tối đa 32 mg/ngày,"- Nguy cơ tụt huyết áp ở bệnh nhân giảm thể tích dịch.
- Hẹp động mạch thận.
-Tăng kali máu.
- Không khuyến cáo dùng cho bệnh nhân cường aldosteron nguyên phát",Chống chỉ định trong quý 2 và quý 3 thai kỳ (gây độc cho thai nhi). Không khuyến cáo khi cho con bú,"- Lithi: Tăng nồng độ và độc tính của Lithi.
- NSAIDs (bao gồm COX-2): Làm giảm tác dụng hạ áp, tăng nguy cơ suy thận và tăng kali máu.
- Thuốc lợi tiểu giữ kali, chế phẩm bổ sung kali: Gây tăng kali huyết","Nhiễm trùng hô hấp, chóng mặt, đau đầu, hạ huyết áp, tăng kali máu, suy giảm chức năng thận",Dưới 30°C,https://drive.google.com/file/d/1-KEx-ftXeIIxhkabRY4bcL_7CJhyPjsG/view,
Metoprolol tartrat,25 mg hoặc 50 mg,Carmotop 25/50,Viên nén,Romania,"Tăng huyết áp, đau thắt ngực, điều trị duy trì sau nhồi máu cơ tim, loạn nhịp tim (nhịp nhanh trên thất), dự phòng đau nửa đầu (migrain)","- Block nhĩ thất (độ II, III)
- Suy tim mất bù, nhịp xoang chậm (<45-50 nhịp/phút), sốc tim, hội chứng suy nút xoan
- Hen phế quản nặng hoặc COPD nặng
- U tủy thượng thận chưa điều trị
- Mẫn cảm với thuốc chẹn beta","- Tăng huyết áp: Khởi đầu 100 mg/ngày (chia 1-2 lần), có thể tăng liều.
- Đau thắt ngực: 50-100 mg x 2-3 lần/ngày.
- Loạn nhịp tim: 50-100 mg x 2-3 lần/ngày.",,"BN đái tháo đường, suy gan, co thắt phế quản, hoặc đang lái xe (gây chóng mặt, mệt mỏi)",Chỉ dùng khi lợi ích vượt trội nguy cơ,"- Chống chỉ định phối hợp: Verapamil, diltiazem (đường tĩnh mạch), thuốc ức chế MAO,.
- Cần chỉnh liều: Thuốc chống loạn nhịp (amiodaron, quinidin), thuốc gây mê, digitalis glycosid, NSAIDs (indomethacin), insulin và thuốc trị đái tháo đường uống (nguy cơ che lấp dấu hiệu hạ đường huyết), rượu, thuốc cảm ứng/ức chế men gan (rifampicin, cimetidin)","Thường gặp: Chậm nhịp tim, hạ huyết áp tư thế, lạnh tay chân, đánh trống ngực, mệt mỏi, chóng mặt, đau đầu, buồn nôn, đau bụng, khó thở khi gắng sức","Nơi khô, nhiệt độ dưới 30 độ C",https://drive.google.com/file/d/1wBoc7GmemCuC56x1JdR4wHYwUthLIlPb/view,
Cephalexin monohydrat,500mg,Cephalexin PMP 500,Viên nang cứng,Việt Nam,"- Nhiễm khuẩn hô hấp (viêm phế quản, viêm họng, viêm amidan...)
- Viêm tai giữa
- Nhiễm khuẩn đường tiết niệu
- Nhiễm khuẩn da - mô mềm
- Nhiễm khuẩn xương khớp",Mẫn cảm với cephalosporin hoặc tiền sử sốc phản vệ với penicillin,"- Người lớn: 250-500 mg
- Trẻ em: 25-60 mg/kg/24 giờ",Tối đa 4 g/ngày.,"- Có thể dị ứng chéo với penicillin
- Cần chỉnh liều ở bệnh nhân suy thận
- Dùng dài ngày có thể gây phát triển quá mức các vi khuẩn không nhạy cảm","Chỉ dùng khi cần thiết, thận trọng khi cho con bú","- Aminoglycosid, Furosemid: Dùng đồng thời làm tăng độc tính với thận.
- Probenecid: Làm kéo dài thời gian đào thải và tăng nồng độ cephalexin trong máu.
- Xét nghiệm: Có thể gây dương tính giả xét nghiệm glucose niệu hoặc thử nghiệm Coombs","Thường gặp: Tiêu chảy, buồn nôn. Ít gặp: Nổi ban, mày đay, tăng bạch cầu ưa eosin","Nơi khô, nhiệt độ dưới 30 độ C",https://drive.google.com/file/d/1soO1g6ZjWQlM7GkEknRAn030QDrJusT-/view,
Thalidomid,50mg,Domide Capsules 50mg,Viên nén bao phim,Đài Loan,"- Điều trị các biểu hiện ngoài da mức độ trung bình đến nặng của bệnh phong (hồng ban nút do phong - ENL).
- Điều trị duy trì để phòng ngừa và kiểm soát đợt tái phát của ENL","- Phụ nữ mang thai (gây quái thai nghiêm trọng) hoặc phụ nữ có khả năng mang thai mà không tuân thủ biện pháp tránh thai.
- Nam giới không tuân thủ biện pháp tránh thai.
- Quá mẫn với thalidomid","- Điều trị đợt cấp ENL: 100-300 mg/ngày, uống 1 lần vào giờ đi ngủ (có thể chia liều nếu cần). Tối đa 400 mg nếu nặng.
- Điều trị duy trì: Liều thấp nhất có hiệu quả để phòng ngừa tái phát.",,"- Nguy cơ gây quái thai rất cao (tật thocomelia - chi hải cẩu)
- Nguy cơ huyết khối tĩnh mạch và nghẽn mạch phổi.
- Gây buồn ngủ, chóng mặt (không lái xe/vận hành máy móc).
- Bệnh lý thần kinh ngoại biên không hồi phục",Chống chỉ định tuyệt đối cho phụ nữ mang thai. Không dùng cho phụ nữ cho con bú (thuốc qua sữa mẹ),"- Thuốc an thần/ức chế thần kinh trung ương (barbiturat, rượu, chlorpromazin, reserpin)
- Thuốc gây nhịp tim chậm: Thận trọng khi phối hợp.
- Thuốc gây bệnh lý thần kinh ngoại biên: Dùng chung làm tăng nguy cơ này","Thường gặp: Buồn ngủ, chóng mặt, táo bón, phát ban, khô da, phù ngoại biên, bệnh lý thần kinh ngoại biên (tê bì, ngứa ran), giảm bạch cầu","Nơi khô thoáng, nhiệt độ dưới 30°C",https://drive.google.com/file/d/1j0bH2_zS0spP9TZBBrFyyF09KJYm2Dsc/view,
Metformin hydrochloride,1000mg,Glucophage XR 1000mg,Viên nén phóng thích kéo dài,Pháp,Điều trị đái tháo đường type 2 (đặc biệt ở người quá cân) khi chế độ ăn và tập luyện không hiệu quả. Giảm nguy cơ hoặc trì hoãn khởi phát đái tháo đường type 2 (tiền đái tháo đường),"Suy thận nặng (eGFR < 30 mL/phút), nhiễm toan chuyển hóa cấp/mãn tính (bao gồm nhiễm toan lactic, nhiễm toan ceton). Tiền hôn mê đái tháo đường. Các tình trạng cấp tính gây suy thận (mất nước, nhiễm trùng nặng, sốc). Suy gan, ngộ độc rượu cấp","- Khởi đầu: 500 mg x 1 lần/ngày vào bữa ăn tối.
- Tăng liều: Sau mỗi 10-15 ngày dựa trên đường huyết.",Tối đa: 2000 mg/ngày,Nguy cơ nhiễm toan lactic (hiếm gặp nhưng nghiêm trọng). Phải theo dõi chức năng thận thường xuyên. Ngưng thuốc trước khi phẫu thuật gây mê,Có thể xem xét sử dụng nếu cần thiết,"- Thuốc cản quang chứa iod: Phải ngưng metformin trước hoặc tại thời điểm chụp và 48h sau đó (nguy cơ suy thận cấp và nhiễm toan lactic
- Rượu: Tăng nguy cơ nhiễm toan lactic.
- NSAIDs, thuốc lợi tiểu, ức chế men chuyển: Cẩn trọng vì có thể gây suy giảm chức năng thận","Rất thường gặp: Rối loạn tiêu hóa (buồn nôn, nôn, tiêu chảy, đau bụng, chán ăn - thường xảy ra khi mới bắt đầu và tự hết).","Nơi khô thoáng, nhiệt độ dưới 30°C",https://drive.google.com/file/d/1-azSiw1XKhCBXYdzcO3MuYjlAvgWv73d/view,
Clarithromycin,250mg,Clarithromycin stella 250mg,Viên nén bao phim,Việt Nam,"Nhiễm trùng đường hô hấp (viêm xoang, viêm họng, viêm phổi, viêm phế quản), nhiễm trùng da và mô mềm, loét dạ dày tá tràng do H. pylori (phối hợp thuốc khác)","- Quá mẫn với macrolid.
- Đang dùng: Terfenadin, astemizol, cisaprid, pimozid, ergotamin, statin (lovastatin, simvastatin), colchicin (ở bệnh nhân suy thận/gan).
- Bệnh nhân có tiền sử khoảng QT kéo dài hoặc loạn nhịp thất, suy gan nặng kèm suy thận","- Người lớn: 250 mg x 2 lần/ngày. Nhiễm trùng nặng có thể tăng 500 mg x 2 lần/ngày.
- Diệt H. pylori: Theo phác đồ phối hợp (thường 500 mg x 2 lần/ngày)",,"Thận trọng với bệnh nhân suy thận, suy gan. Nguy cơ viêm đại tràng giả mạc","Không nên dùng (trừ khi không còn cách nào khác), đặc biệt trong 3 tháng đầu. Thận trọng khi cho con bú","- Chống chỉ định phối hợp: Cisaprid, pimozid, ergotamin (gây ngộ độc nấm cựa gà), statin (nguy cơ tiêu cơ vân).
- Thận trọng/Tăng nồng độ: Theophyllin, carbamazepin, digoxin, warfarin (tăng nguy cơ chảy máu), colchicin (độc tính nghiêm trọng), sildenafil, triazolam.
- Ritonavir: Làm tăng đáng kể nồng độ clarithromycin","Thường gặp: Rối loạn tiêu hóa (buồn nôn, tiêu chảy, đau bụng), thay đổi vị giác","Trong bao bì kín, nơi khô, dưới 30°C",https://drive.google.com/file/d/1_Z_TaCHxLvnMWXMU6X_ayGGsiZD1WInA/view,
Etoricoxib,90mg,Etoricoxib 90,Viên nén bao phim,Việt Nam,"Viêm khớp dạng thấp, viêm cột sống dính khớp, viêm khớp thống phong cấp (Gout), giảm đau cấp sau phẫu thuật nha khoa","- Loét dạ dày - tá tràng hoạt động hoặc chảy máu tiêu hóa.
- Suy gan nặng (Child-Pugh ≥ 10), suy thận nặng (ClCr < 30ml/phút).
- Tiền sử hen/dị ứng với Aspirin/NSAIDs.
- Suy tim sung huyết (NYHA II-IV), bệnh tim thiếu máu cục bộ, bệnh động mạch ngoại biên/mạch máu não, tăng huyết áp không kiểm soát (>140/90 mmHg).
- Trẻ em < 16 tuổi","- Viêm khớp dạng thấp/Cột sống dính khớp: 90 mg/lần/ngày.
- Gout cấp: 120 mg/lần/ngày (tối đa 8 ngày).
- Sau phẫu thuật nha khoa: 90 mg/lần/ngày (tối đa 3 ngày).",,"Nguy cơ huyết khối tim mạch (nhồi máu cơ tim, đột quỵ) tăng theo liều và thời gian dùng.
Có thể gây giữ nước, phù, tăng huyết á",Chống chỉ định (có thể gây đóng sớm ống động mạch thai nhi). Ngưng thuốc nếu cho con bú,"- Warfarin: Tăng chỉ số INR (nguy cơ chảy máu).
- Rifampicin: Làm giảm nồng độ Etoricoxib trong máu.
- Methotrexat, Lithium: Tăng nồng độ và độc tính của các thuốc này.
- Thuốc tránh thai uống: Tăng tác dụng phụ của ethinyl estradiol","Thường gặp: Viêm xương ổ răng (khô ổ răng sau nhổ), phù, giữ nước, chóng mặt, đánh trống ngực, tăng huyết áp, rối loạn tiêu hóa (buồn nôn, tiêu chảy, khó tiêu), men gan tăng","Nơi khô, nhiệt độ dưới 30 độ C",https://drive.google.com/file/d/1LtA007GPBk2yIFodL_AzrHeJzAGP5FOS/view,
Dequalinium chloride,10mg,Fluomizin,Viên nén đặt âm đạo,Thụy Sĩ,"Nhiễm khuẩn âm đạo, nhiễm nấm âm đạo (Candida), bệnh do Trichomonas. Vô khuẩn trước các phẫu thuật phụ khoa và sinh đẻ","-Quá mẫn với thành phần thuốc.
-Loét biểu mô âm đạo hoặc phần âm đạo của tử cung.
-Những thiếu nữ chưa đạt sự trưởng thành về sinh dục","Đặt 1 viên/ngày, dùng liên tục trong 6 ngày.",,Không thụt rửa âm đạo trong khi điều trị,Có thể dùng trong thai kỳ (không ảnh hưởng thai nhi). Thận trọng khi dùng cho phụ nữ cho con bú,Tương kỵ với xà phòng và các chất hoạt động bề mặt dạng anion,"Kích ứng tại chỗ (ngứa, nóng rát, đỏ - thường do nhiễm khuẩn gây ra). Hiếm gặp: Chảy máu bề mặt do tổn thương niêm mạc âm đạo (vết xước)",Dưới 30°C,https://drive.google.com/file/d/1YbWYQ9FQdnP84adV-arM45OcMRGkMvVf/view,
Colchicin,1mg,Colchicin,Viên nén dài,Việt Nam,"Đợt cấp bệnh gút (Gout), phòng ngừa gút tái phát, sốt Địa Trung Hải, bệnh Behcet, viêm màng ngoài tim cấp/tái phá","- Suy thận nặng (ClCr < 30ml/phút), suy gan nặng, mang thai
- Đang dùng thuốc ức chế P-gp hoặc CYP3A4 mạnh","- Gút cấp: Ngày 1: 3 mg (chia 3 lần); Ngày 2, 3: 2 mg (chia 2 lần); Ngày 4 trở đi: 1 mg.
- Phòng ngừa gút: 1 mg/ngày (hoặc ít hơn cho người suy thận/người già)",,"Giảm liều ở người già, suy gan/thận nhẹ.","Hạn chế sử dụng, chỉ dùng khi thật cần thiết","- Chống chỉ định phối hợp: Macrolid (clarithromycin, erythromycin...), pristinamycin, thuốc ức chế protease (ritonavir), ciclosporin, verapamil (nguy cơ ngộ độc colchicin tử vong).
- Thận trọng: Statin (tăng nguy cơ bệnh cơ), kháng vitamin K (cần theo dõi INR)","Rất thường gặp: Buồn nôn, nôn, đau bụng, tiêu chảy (dấu hiệu báo động ngộ độc)","Dưới 30°C, tránh ánh sáng",https://drive.google.com/file/d/1OKHZmS2W8F4b6tn6pkRURX_8Z_2Wx3UY/view,
Bisoprolol fumarate,2.5mg,"Concor Cor 2,5mg",Viên nén bao phim,Đức,"Điều trị suy tim mãn tính ổn định kèm suy giảm chức năng tâm thu thất trái (phối hợp cùng thuốc ức chế men chuyển, lợi tiểu và các glycosid tim)","- Suy tim cấp hoặc các đợt suy tim mất bù cần tiêm truyền tĩnh mạch thuốc gây co cơ tim.
- Sốc do tim, block nhĩ thất độ II hay III (không có máy tạo nhịp), hội chứng suy nút xoang, block xoang nhĩ.
- Nhịp tim chậm có triệu chứng, huyết áp thấp có triệu chứng.
- Hen phế quản nặng hoặc tắc nghẽn phổi mãn tính (COPD) nặng.
- U tủy thượng thận chưa điều trị, nhiễm toan chuyển hóa.
- Mẫn cảm với Bisoprolol","- Khởi đầu: 1.25 mg/lần/ngày.
- Tăng dần sau mỗi 1-4 tuần (lên 2.5 mg, 3.75 mg, 5 mg, 7.5 mg) tùy theo sự dung nạp.
- Liều duy trì đích: 10 mg/lần/ngày",,"- Không được ngưng thuốc đột ngột (trừ khi có chỉ định), vì có thể làm tình trạng suy tim xấu đi cấp tính,.
- Thận trọng với bệnh nhân đái tháo đường (mức đường huyết không ổn định), nhịn ăn nghiêm ngặt, đang điều trị giải mẫn cảm (nguy cơ phản ứng phản vệ nặng hơn), block nhĩ thất độ I, đau thắt ngực Prinzmetal, bệnh tắc nghẽn động mạch ngoại biên",Không khuyến cáo,"- Không khuyên dùng phối hợp: Thuốc chống loạn nhịp nhóm I (quinidin, lidocain...), thuốc đối kháng Calci loại verapamil và diltiazem (gây giảm co bóp cơ tim, chậm nhịp tim), thuốc hạ áp trung ương (clonidin - nguy cơ tăng huyết áp dội ngược nếu ngưng đột ngột).
- Thận trọng khi phối hợp: Thuốc chống loạn nhịp nhóm III (amiodaron), thuốc chẹn beta tại chỗ (thuốc nhỏ mắt), Insulin và thuốc tiểu đường uống (che lấp dấu hiệu hạ đường huyết), thuốc gây mê, Digitalis glycosid (tăng thời gian dẫn truyền nhĩ thất), NSAIDs (làm giảm tác dụng hạ áp), các thuốc cường giao cảm","- Rất thường gặp: Chậm nhịp tim (ở bệnh nhân suy tim),.
- Thường gặp: Chóng mặt, nhức đầu, rối loạn tiêu hóa (buồn nôn, nôn, tiêu chảy, táo bón), cảm thấy lạnh hoặc tê cóng tay chân, hạ huyết áp, suy nhược/mệt mỏi","Dưới 30°C, tránh ánh sáng",https://drive.google.com/file/d/1sZ1EGxNS-apZJ7cz8prW0LnA_5bD-JFV/view,
Tamsulosin hydrochloride,"0,4mg","Harnal ocas 0,4mg",Viên nén bao phim phóng thích chậm,Hà Lan,Điều trị triệu chứng đường tiểu dưới (LUTS) liên quan đến tăng sản lành tính tuyến tiền liệt (BPH),Quá mẫn với tamsulosin. Tiền sử hạ huyết áp thế đứng. Suy gan nặng,1 viên/ngày,,"Có thể gây hạ huyết áp thế đứng (hiếm gặp ngất).
Hội chứng mống mắt nhẹ trong phẫu thuật (IFIS) có thể xảy ra khi mổ đục thủy tinh thể.
Thận trọng với người suy thận nặng (ClCr < 10ml/phút)",Không sử dụng cho phụ nữ,"- Diclofenac, Warfarin: Làm tăng tốc độ đào thải tamsulosin.
- Ketoconazol (ức chế CYP3A4 mạnh), Paroxetin (ức chế CYP2D6 mạnh): Làm tăng nồng độ tamsulosin trong máu (cần thận trọng).
- Thuốc đối kháng alpha-1 khác: Gây hạ huyết áp","Thường gặp: Chóng mặt (1.3%), rối loạn xuất tinh (xuất tinh ngược dòng, không xuất tinh).",Dưới 30°C,https://drive.google.com/file/d/1H349GR48onZ8zj64g6BTXtp9-AlpzepH/view,
Olanzapine,5mg,Gorsyta Orodispersible Tablet,viên nén phân tán trong miệng,Slovenia,"Tâm thần phân liệt, bệnh lưỡng cực. Đợt cấp hưng cảm hay hỗn hợp, bệnh lưỡng cực chu kỳ nhanh, kích động cấp do tâm thần phân liệt hoặc do bệnh lưỡng cực","-Người có tiền sử mẫn cảm với bất kỳ thành phần nào của thuốc
-Người có nguy cơ bệnh glôcôm góc hẹp","-5–10 mg/ngày khởi đầu; duy trì 5–20 mg/ngày
-Người cao tuổi / suy gan / suy thận / chuyển hoá chậm :Khởi đầu: 5 mg/ngày
-Tăng liều 5 mg/lần, cách ≥ 24 giờ",Liều tối đa:20mg/ngày,"-Tăng đường huyết / ĐTĐ: theo dõi glucose, cân nặng.
-Rối loạn lipid: theo dõi mỡ máu định kỳ.
-Tăng men gan / viêm gan: theo dõi ALT, AST; ngừng nếu viêm gan.
-Giảm bạch cầu trung tính: theo dõi CTM, đặc biệt khi dùng chung valproate.
-Động kinh: thận trọng ở người có tiền sử co giật.
-Rối loạn vận động muộn: giảm liều hoặc ngừng nếu xuất hiện.
-Hạ huyết áp tư thế: đặc biệt người ≥65 tuổi.
-Kéo dài QT: thận trọng khi dùng cùng thuốc kéo dài QT.
-Huyết khối tĩnh mạch: chú ý yếu tố nguy cơ.
-Ngừng đột ngột: có thể gây mất ngủ, run, buồn nôn.","-PNMT:cân nhắc nguy cơ- lợi ích
-CCB: Không sử dụng hoặc không cho con bú khi bắt buộc ĐT cho người mẹ","CYP1A2:
-Cảm ứng: hút thuốc, carbamazepine → ↓ olanzapine
-Ức chế: fluvoxamine, ciprofloxacin → ↑ olanzapine → giảm liều
CNS: rượu/thuốc ức chế TKTW → tăng an thần
QT: thận trọng với thuốc kéo dài QT","-Thường gặp: ngủ gà, chóng mặt, táo bón, tăng cân, khô miệng, buồn nôn, tăng đường huyết, tăng mỡ máu, tăng prolactin, hạ HA, nhịp nhanh.
-Ít gặp: giảm BC, kéo dài QT, nhịp chậm, động kinh, nhạy cảm ánh sáng.
-Hiếm: viêm tụy, hội chứng an thần kinh ác tính, rối loạn nhịp – HA.","Nơi khô ráo, tránh ánh sáng, độ ẩm, nhiệt độ >30 độ C",https://drive.google.com/file/d/1PHjPDBzmXPw53dYCmmBgtBoOTtpqgUHT/view,
Hải sâm,200mg,Haisamin,viên nang mềm,Việt Nam,"-Tăng cường sinh lực
-Dùng cho người có nguy cơ bị xơ vữa động mạch, người bị xơ vữa động mạch, người có nguy cơ bị ung thư cao và những người mắc bệnh ung thư đang được điều trị",mẫn cảm với bất cứ thành phần nào của thuốc,"2 viên/ lần, 2-3 lần/ ngày",,Không có,,Chưa có báo cáo,Chưa có báo cáo,"Để nơi khô ráo, nhiệt độ không quá 30°C, tránh ánh sáng.",https://drive.google.com/file/d/1-UmHto0DmNrMVrF09eurPzTEw-T1ZJAy/view,
Alpha chymotrypsin,4200IU,Alphachymotrypsin ODT,viên nén phân tán,Việt Nam,"Phù nề sau chấn thương, phẫu thuật, bỏng",Quá mẫn với alphachymotrypsin hoặc bất kỳ thành phần nào của thuốc.,4-6 viên/ngày.,,Không dùng alphachymotrypsin cho người bệnh tăng áp suất dịch kính và có vết thương hở hoặc người bệnh đục nhân mắt bẩm sinh.,"-PNCT: được dùng
-CCB: không nên dùng","Không có các nghiên cứu về tính tương ky của thuốc, không trôn lẫn thuốc này với các thuốc khác.",tăng nhất thời nhãn áp do các mảnh vụn dây chẳng bị tiêu hủy làm tắc mạng bó dây,"Dưới 30°C, nơi khô ráo, tránh ánh sáng",https://drive.google.com/file/d/1EHGE5mb5rRYvjQJZRmfgbADqpuxxrgR1/view,
"Diosmin
Hesperidin","450mg
50mg",Diosrin,Viên nén bao phim phóng thích chậm,Việt Nam,"-Điều trị các triệu chứng liên quan đến suy tuần hoàn tĩnh mạch bạch huyết (nặng chân, đau chân, bứt rứt khi mới nằm).
- Điều trị các triệu chứng chức năng liên quan đến cơn đau trĩ cấp.","Quá mẫn cảm với diosmin, hesperidin hay với bất kỳ thành phần nào của thuốc.","- Suy tĩnh mạch: 2 viên/ngày
- Cơn đau trĩ cấp tính: 6 viên/ngày 4 ngày đầu, sau đó 4 viên/ngày trong 3 ngày kế tiếp",,,"-PNMT: thận trọng
-CCB: không khuyến cáo",chưa có báo cáo,"-Miễn dịch: phù mặt, phù môi (Quincke).
-Thần kinh: chóng mặt, đau đầu, khó ở.
-Tiêu hóa: tiêu chảy, buồn nôn, nôn; ít gặp: viêm đại tràng; đau bụng.
-Da: phát ban, ngứa, mày đay.
-Quá liều: chưa ghi nhận; có thể tăng tác dụng phụ.",">30 độ C, tránh ẩm",https://drive.google.com/file/d/12sdwZfcQpmrj1rWf0jz-trn9mJ-5rrTs/view,
Entecavir,0.5 mg,EnvirAPC 0.5,Viên nén bao phim,Việt Nam,Viêm gan B mạn tính,Mẫn cảm với thành phần thuốc,0.5mg - 1mg x 1 lần/ngày,1 mg/ngày,"Nhiễm toan lactic, gan to, bùng phát viêm gan sau điều trị",Chỉ dùng khi thật cần thiết; không cho con bú,Các thuốc đào thải qua thận,"Đau đầu, mệt mỏi, buồn nôn, tăng men gan","Dưới 30°C, tránh ánh sáng/ẩm",https://drive.google.com/file/d/1hMoEVnVonN22TPjbJs52pY-bvncl0NN7/view,
Ticagrelor,90 mg,Brilinta,Viên nén bao phim,Thụy Điển,"-Hội chứng mạch vành cấp (ACS)
-Đột quỵ thiếu máu cục bộ cấp tính hoặc cơn thiếu máu cục bộ thoáng qua (TIA).","-Quá mẫn với bất kỳ thành phần nào của thuốc
-Đang chảy máu
-Tiền sử chảy máu nội sọ
-Suy gan nặng
-Dùng chung với chất ức chế mạnh CYP3A4.","-ACS: Khởi đầu 180mg, duy trì 90mg x 2 lần/ngày trong 12 tháng
- Đột quỵ/TIA: Khởi đầu 180mg, duy trì 90mg x 2 lần/ngày trong tối đa 30 ngày.",180 mg/ngày (liều duy trì).,"-Nguy cơ xuất huyết
-Bệnh nhân có xu hướng chảy máu
- Phẫu thuật
-Nhịp chậm
-Khó thở
-Tăng Creatinin/Acid uric.",Thai kỳ: Không khuyến cáo. Cho con bú: Cân nhắc ngừng thuốc hoặc ngừng cho con bú.,Chất ức chế/cảm ứng mạnh CYP3A4; Digoxin; Simvastatin; Atorvastatin; NSAID; Thuốc chống đông/tiêu sợi huyết.,"-Xuất huyết
-Khó thở
-Chóng mặt
- Đau đầu
-Buồn nôn
-Tăng acid uric/creatinine máu.",Không quá 30°C,https://drive.google.com/file/d/1dYhYDjubWr9UZdLkRg5dZVli0L3BtGZk/view,
Methimazol,10 mg,Glockner-10,Viên nén,Việt Nam,"Cường giáp (Graves-Basedow), chuẩn bị phẫu thuật/iod phóng xạ, cơn nhiễm độc giáp","Mẫn cảm, phụ nữ cho con bú, suy gan nặng, bệnh về máu nặng","-Cường giáp: Khởi đầu 15-60mg/ngày (chia 3 lần), duy trì 5-15mg/ngày
-Trẻ em: Khởi đầu 0,4mg/kg/ngày",Khoảng 60 mg/ngày (liều cao cho trường hợp nặng),"Giảm bạch cầu, suy tủy, theo dõi prothrombin, suy gan","-PNCT: Dùng liều thấp nhất, thận trọng. Cho con bú: Chống chỉ định,","Aminophyllin, theophyllin, amiodaron, thuốc chống đông (coumarin), thuốc chẹn beta","Dị ứng da, phát ban, buồn nôn, giảm bạch cầu, mất vị giác, rụng tóc, viêm gan,","Khô ráo, tránh ánh sáng, ≤ 30°C",https://drive.google.com/file/d/1-m95cR669wYywZ16yCOjo_wHJs8-nyQg/view,
Valproat natri + Acid valproic,500 mg,Depakine Chrono,Viên nén giải phóng kéo dài,Pháp,"Động kinh, hưng cảm trong rối loạn lưỡng cực","Mẫn cảm, viêm gan cấp/mãn, tiền sử suy gan nặng, porphyrin",Trung bình 20-30mg/kg/ngày,Tùy đáp ứng lâm sàng,"Nguy cơ dị tật bẩm sinh cao, độc gan, viêm tụy",Cảnh báo nguy cơ dị tật cao; không cho con bú,"Thuốc an thần, Aspirin, thuốc chống động kinh khác","Run, buồn nôn, tăng cân, rụng tóc","Khô ráo, dưới 30°C",https://drive.google.com/file/d/101SZ9L7KTOQNSO-vu5FREhTxnR07BDLS/view,
Calci nguyên tố,250 mg,Calcium Hasan 250mg,Viên nén sủi bọt,Việt Nam,"Thiếu hụt calci, loãng xương, còi xương","Mẫn cảm, tăng calci huyết/niệu, sỏi thận","1000mg/ngày (4 viên), chia 2-4 lần",2000 mg/ngày,"Sỏi thận, suy thận, đang dùng glycosid tim",Theo nhu cầu; tối đa 1500mg/ngày,"Thiazid, Tetracyclin, Quinolon, Sắt (cách 2-3h)","Táo bón, đầy hơi, buồn nôn","Khô ráo, dưới 30°C, tránh ánh sáng",https://drive.google.com/file/d/1s1zrl9LyOoXe7KZimamxO7NsMiVAURvO/view,
Cyclosporin,"25mg, 100mg",CKDCIPOL-N,Viên nang mềm vi nhũ tương,Hàn Quốc,"Ghép tạng, ghép tủy, hội chứng thận hư, viêm khớp, vảy nến","Mẫn cảm, suy thận, HA không kiểm soát, nhiễm trùng",Thay đổi theo chỉ định (ghép tạng: 10-15mg/kg khởi đầu),5 mg/kg/ngày (cho bệnh tự miễn),"Theo dõi chức năng thận, HA, nồng độ thuốc",Chỉ dùng khi cần thiết; không cho con bú,"Nước bưởi, ức chế/cảm ứng CYP3A4, thuốc độc thận","Run, rậm lông, tăng HA, độc gan/thận","Dưới 30°C, tránh ẩm/ánh sáng",https://drive.google.com/file/d/1KfqBiBbxPlAnApAvmq6CiSZTsayPMkW8/view,
Empagliflozin,"10mg, 25mg",Empagliflozin,Viên nén bao phim,Việt Nam,Đái tháo đường typ 2,"Mẫn cảm, bệnh thận giai đoạn cuối, lọc máu",10mg x 1 lần/ngày,25 mg/ngày,"Nhiễm toan ceton, hạ HA, nhiễm trùng tiết niệu",Không khuyến cáo,"Insulin, lợi tiểu","Nhiễm nấm sinh dục, khát, tiểu nhiều","Dưới 30°C, tránh ánh sáng",https://drive.google.com/file/d/1haW80-xM27c0glMm788Z6DfLc-3QmTmq/view,
Atorvastatin + Ezetimibe,10mg + 10mg,Atovze 10/10,Viên nén bao phim,Việt Nam,"Tăng cholesterol máu, lipid máu hỗn hợp, HoFH","Mẫn cảm, bệnh gan hoạt động, PN có thai/cho con bú",1 viên/ngày,10/80 mg mỗi ngày,"Men gan tăng, đau cơ, tiêu cơ vân",Chống chỉ định,"ức chế CYP3A4, fibrat, cyclosporin","Tiêu chảy, đau khớp, viêm mũi họng, tăng men gan","Khô ráo, dưới 30°C, tránh ánh sáng",https://drive.google.com/file/d/1Pk7FtIfR0MHq8Z_w4PLUHOS9MivRsFUX/view,
Fenofibrat,160 mg,Fenosup Lidose,Viên nang cứng,Bỉ,Tăng cholesterol/triglycerid máu,"Mẫn cảm, suy gan/thận nặng, bệnh túi mật, trẻ <10 tuổi",1 viên/ngày uống trong bữa ăn,160 mg/ngày,"Theo dõi men gan, độc tính trên cơ",Không khuyến cáo,"Thuốc chống đông, Cyclosporin","Rối loạn tiêu hóa, phát ban, tăng men gan",Dưới 30°C,https://drive.google.com/file/d/1wT62PFnn6kHx3t0Gv8jf8HweDjdQ0MPP/view,
Esomeprazol,40 mg,Haxium 40,Viên nang cứng (hạt bao tan),Việt Nam,"Loét dạ dày, GERD, Zollinger-Ellison","Mẫn cảm esomeprazol/benzimidazol, nelfinavir",20-40mg/ngày tùy bệnh lý,240 mg/ngày (Zollinger-Ellison),Loại trừ ung thư dạ dày trước khi dùng,Thận trọng khi mang thai; không cho con bú,"Ketoconazol, Digoxin, Clopidogrel","Đau đầu, đau bụng, tiêu chảy, táo bón","Khô ráo, không quá 30°C, tránh ánh sáng",https://drive.google.com/file/d/1ddfWRDzrTeo6VsqKO3G6o89sktHGq3U1/view,
Amiodarone HCl,200 mg,Cordarone,Viên nén,Pháp,Dự phòng & điều trị rối loạn nhịp tim,"Mẫn cảm iod, cường giáp, rối loạn dẫn truyền nặng, PN có thai/cho con bú",Khởi đầu 3 viên/ngày; duy trì 1/2-2 viên/ngày,3 viên/ngày (liều nạp),"Kiểm tra tuyến giáp, phổi, gan; tránh nắng",Chống chỉ định,"Thuốc chống loạn nhịp khác, warfarin, digoxin","Lắng đọng giác mạc, nhạy cảm ánh sáng, rối loạn tuyến giáp",Dưới 30°C,https://drive.google.com/file/d/1mP_Eg9TXF9l-M1UMMuFba198RaQCDzBN/view,
Acid acetylsalicylic,100 mg,Aspirin Tab DWP,Viên nén bao tan trong ruột,Việt Nam,"Dự phòng nhồi máu cơ tim, đột quỵ, đau thắt ngực","Mẫn cảm, loét dạ dày, hemophilia, suy tim/gan/thận nặng",1 viên/ngày,Theo chỉ định bác sĩ,"Hen suyễn, tiền sử loét dạ dày, phẫu thuật",Thận trọng (đặc biệt 3 tháng cuối); tránh liều cao,"Methotrexat, thuốc chống đông, NSAIDs, Ibuprofen","Rối loạn tiêu hóa, kéo dài thời gian chảy máu, mày đay","Khô ráo, dưới 30°C, tránh ánh sáng",https://drive.google.com/file/d/1r1RlgmVAMlOjgocIQM9DG2QNX_wSufVo/view,
"Cao Đan Sâm
Cao Tam thất","52,2 mg
20mg",Đan sâm - Tam thất,Viên nén bao phim,Việt Nam,"-Phòng và điều trị chứng đau thắt ngực, đau nhói vùng tim do huyết ứ, thiểu năng mạch vành.
- Đau đầu do huyết ứ (đau từng cơn), thiểu năng tuần hoàn não, sa sút trí nhớ do lưu thông máu não kém.","- Dị ứng với các thành phần của thuốc.
- Người có rối loạn đông máu.
- Phụ nữ có thai và cho con bú, phụ nữ đang hành kinh, người sốt cao, chảy máu, sốt xuất huyết, loét dạ dày - tá tràng.","2-3 viên/lần, ngày 3 lần.",,Để ngoài tầm tay trẻ em,"không nên sử dụng cho PNCT, CCB","- Không dùng cùng thuốc chỉ huyết, thuốc chống đông máu.
- Dùng cùng lúc với warfarin có thể gây tăng thời gian chảy máu.",Chưa có báo cáo,"Nơi khô, nhiệt độ dưới 30°C, tránh ánh sáng.",https://drive.google.com/file/d/1pEO5krldGEzUg9oVClXkgrrye7NVxeVc/view,
Hydroxy cloroquin,200mg,Bridotyl,Viên nén bao phim,Việt Nam,"-Người lớn: Điều trị viêm khớp dạng thấp, lupus ban đỏ (hệ thống và dạng đĩa), và các bệnh da liễu do ánh sáng mặt trời gây ra hoặc làm trầm trọng hơn.
-Trẻ em: Viêm khớp vô căn ở trẻ vị thành niên (phối hợp liệu pháp khác), lupus ban đỏ hệ thống và dạng đĩa","-Quá mẫn với các hợp chất 4-aminoquinoline.
-Người có bệnh võng mạc từ trước.
-Phụ nữ mang thai: Không nên sử dụng, trừ trường hợp điều trị sốt rét khi lợi ích vượt trội nguy cơ","200- 400 mg/ngày
-Trẻ em: Viên nén 200 mg không phù hợp cho trẻ em có trọng lượng cơ thể dưới 31 kg","không được vượt quá 6,5 mg/kg trọng lượng cơ thể lý tưởng","-Kiểm tra thị lực trước khi bắt đầu điều trị và định kỳ mỗi 12 tháng vì thuốc có thể gây tổn thương võng mạc không hồi phục.
-Thận trọng với người bệnh gan, thận, người bị vảy nến, thiếu hụt G-6-PD hoặc có các rối loạn về máu, thần kinh.
-Ngừng thuốc ngay: Nếu có bất kỳ rối loạn nào về thị lực hoặc xuất hiện các phản ứng da nghiêm trọng","-Không sử dụng trong thai kỳ
-CCB: Cân nhắc thận trọng","-Tăng độc tính/tác dụng: Digoxin, Ciclosporin, Insulin/thuốc tiểu đường (dễ gây hạ đường huyết quá mức).
-Nguy hiểm tim mạch: Halofantrine, Amiodarone (gây loạn nhịp tim).
-Làm giảm hấp thu: Thuốc kháng acid (phải uống cách nhau ít nhất 4 giờ).
-Giảm hiệu quả thuốc khác: Thuốc động kinh, Praziquantel","-Rối loạn tiêu hóa (đau bụng, buồn nôn, tiêu chảy).
-Đau đầu, mẩn ngứa, phát ban, hoặc làm mờ thị lực tạm thời do rối loạn điều tiết","dưới 30°C, tránh ẩm và ánh sáng",https://drive.google.com/file/d/17vz1bF2_EV987SRHKqVFvUElNKiIKfno/view,
Azithromycin,500 mg,Azizi,Viên nén bao phim,Việt Nam,"Nhiễm khuẩn hô hấp, da, mô mềm
Bệnh lây qua đường tình dục (Chlamydia, lậu, hạ cam)
-Phòng/trị nhiễm khuẩn MAC ở bệnh nhân HIV.","Quá mẫn với Azithromycin, Erythromycin, các Macrolide khác hoặc bất kỳ thành phần nào của thuốc.","-Người lớn: Lây qua đường tình dục (1000-2000mg liều duy nhất);
-MAC (phòng: 1200mg/tuần, trị: 600mg/ngày);
-Nhiễm khuẩn khác (tổng 1500mg trong 3-5 ngày).",Trẻ em: Tổng liều tối đa cho bất kỳ đợt điều trị nào là 1500 mg.,"-Dị ứng nặng (phù mạch, phản vệ)
- Suy gan; suy thận nặng (GFR < 10ml/phút)
-Kéo dài khoảng QT;
-Bệnh nhược cơ
-Không dùng chung với dẫn chất nấm cựa gà.",Thai kỳ: Chỉ dùng khi thật sự cần thiết. Cho con bú: Thận trọng do thuốc bài tiết qua sữa mẹ.,"-Thuốc kháng acid (uống cách 2h); Digoxin, Cyclosporin (tăng nồng độ thuốc)
-Dẫn chất nấm cựa gà (gây ngộ độc); Thuốc chống đông (tăng nguy cơ chảy máu).","Thường gặp: Buồn nôn, tiêu chảy, đau bụng, nhức đầu.
Ít gặp: Phát ban, vàng da, kéo dài khoảng QT, chóng mặt.","Nơi khô ráo, nhiệt độ không quá 30°C, tránh ánh sáng",https://drive.google.com/file/d/1Pt9MvcXA6ahL-f9HwJTVAOhzloOs18a-/view,
Alfuzosin HCl,10 mg,Alsiful,Viên nén giải phóng kéo dài,Đài Loan,"Phì đại lành tính tuyến tiền liệt, bí tiểu cấp","Mẫn cảm, hạ HA tư thế, suy gan, phối hợp thuốc chẹn alpha-1 khác",1 viên/ngày sau bữa tối,10 mg/ngày,"QT kéo dài, suy thận nặng, phẫu thuật đục thủy tinh thể",Không áp dụng (thuốc cho nam giới),"Thuốc hạ HA, nitrat, ức chế CYP3A4 mạnh","Chóng mặt, đau đầu, buồn nôn, hạ HA tư thế","Dưới 30°C, tránh ánh sáng",https://drive.google.com/file/d/1qhP7d_hB6cr0s22ku9BITxrWk0yqEFv1/view,
Bisoprolol fumarat,5 mg,Bisoprolol 5 mg,Viên nén bao phim,Thụy Sĩ,"Tăng huyết áp, đau thắt ngực, suy tim mãn ổn định","Suy tim cấp, sốc do tim, block nhĩ thất độ 2-3, nhịp chậm, hen nặng, u tủy thượng thận","-HA/Đau thắt ngực: 5mg/ngày, có thể tăng lên 10-20mg.
-Suy tim: Khởi đầu 1,25mg tăng dần đến 10mg/ngày,",20 mg/ngày,"Hen phế quản, đái tháo đường, nhịn ăn, gây mê, block nhĩ thất độ 1,","PN có thai: Không khuyên dùng (nguy cơ hại thai). Cho con bú: Không nên dùng,","Thuốc chẹn canxi (verapamil, diltiazem), clonidin, insulin, NSAIDs, cường giao cảm","Chậm nhịp tim, chóng mặt, nhức đầu, mệt mỏi, buồn nôn, tiêu chảy, hạ huyết áp",,https://drive.google.com/file/d/1Boesc4KNmDZ0V-w-uioN1HE4jVO-dpbs/view,
Amlodipine + Valsartan,"5/80 mg, 5/160 mg, 10/160 mg",Exforge,Viên nén bao phim,Tây Ban Nha,Tăng huyết áp vô căn,"-Quá mẫn
-Suy gan nặng, xơ gan ứ mật
-Suy thận nặng (GFR<30)
-Phụ nữ có thai 3 tháng giữa/cuối",1 viên/ngày. Có thể tăng liều sau 1-2 tuần tương ứng,10 mg Amlodipine / 320 mg Valsartan,"Bệnh nhân mất muối/nước, hẹp động mạch thận, suy tim, hẹp van động mạch chủ","PN có thai: Chống chỉ định 3 tháng giữa/cuối. Cho con bú: Không nên dùng,","Bưởi chùm, thuốc bổ sung kali, NSAIDs, Lithium, thuốc ức chế vận chuyển (rifampicin),","Viêm mũi họng, cúm, nhức đầu, phù, mệt mỏi, nóng bừng, hồi hộp,","Không quá 30°C, tránh ẩm",https://drive.google.com/file/d/1fGG_WDcd8Q2yl9WG0GJplX5iuYDdhuhg/view,
Azithromycin (dưới dạng dihydrate),250 mg,Azicine,Viên nang cứng,Việt Nam,"Nhiễm khuẩn hô hấp, da, mô mềm; Bệnh lây qua đường tình dục (Chlamydia, lậu cầu); Dự phòng MAC ở HIV",Quá mẫn với macrolid/ketolid,Người lớn: 500mg/ngày x 3 ngày hoặc 500mg ngày 1 + 250mg x 4 ngày. Lậu/Chlamydia: Liều duy nhất 1g hoặc 2g. Trẻ em: 10mg/kg/ngày,Lậu cầu: 2000 mg (liều duy nhất),"Suy gan/thận nặng, khoảng QT kéo dài, bội nhiễm","PN có thai Chỉ dùng khi cần thiết. Cho con bú: Thận trọng,","Kháng acid, dẫn xuất nấm cựa gà, digoxin, cyclosporin, thuốc chống đông,","Tiêu chảy, buồn nôn, đau bụng, giảm thính lực, tăng enzym gan, phát ban","Kín, khô, tránh ánh sáng, ≤ 30°C",https://drive.google.com/file/d/1kDIGB9utoUULrKe48qIjFFlH__b9cP3i/view,
Gliclazid + Metformin HCl,80 mg + 500 mg,Glizym-M,Viên nén,Ấn Độ,Đái tháo đường typ 2 (khi không kiểm soát bằng chế độ ăn/tập luyện và phù hợp phối hợp 2 thuốc),"ĐTĐ phụ thuộc insulin, suy gan/thận, nghiện rượu, nhiễm toan, suy tim, dùng thuốc cản quang iod",1-2 viên/ngày (theo chỉ định). Uống vào bữa ăn,Metformin 2000mg / Gliclazid 320mg mỗi ngày,"Nguy cơ hạ đường huyết, nhiễm toan lactic, người cao tuổi",PN có thai: Chống chỉ định (theo mục Chống chỉ định của Gliclazid). Cho con bú:: Chống chỉ định,"Thuốc lợi tiểu, barbiturat, phenytoin, rifampicin, corticosteroid, miconazol, rượu","Buồn nôn, tiêu chảy, đau dạ dày, vị kim loại, hạ đường huyết, phát ban","Không quá 30°C, khô mát, tránh ánh sáng",https://drive.google.com/file/d/11vtEYqU9GO_tkZ_mGJipVYhDuk3HkwsX/view,
Gliclazide,60 mg,Gliclada 60mg,Viên nén phóng thích kéo dài,Slovenia,Đái tháo đường typ 2 ở người lớn,"-Đái tháo đường typ 1
-Hôn mê/tiền hôn mê
-Suy gan/thận nặng
-Dùng miconazol
-đang cho con bú","30-120 mg (1/2 - 2 viên), uống 1 lần vào bữa sáng",120 mg/ngày,"Hạ đường huyết, thiếu hụt G6PD, suy dinh dưỡng, rối loạn nội tiết,",PN có thai: Tránh dùng (chuyển sang insulin). Cho con bú:: Chống chỉ định,"Miconazol (CCĐ), Phenylbutazon, rượu, insulin, thuốc chống đông, fluconazol","Hạ đường huyết, đau bụng, buồn nôn, rối loạn da (ban, ngứa), rối loạn máu (hiếm)",Dưới 30°C,https://drive.google.com/file/d/1mJjawf4sZihjgxAHrV-KDP1tpuPKb5O1/view,
Dydrogesterone,10 mg,Duphaston,Viên nén bao phim,Hà Lan,"Điều hòa kinh nguyệt, lạc nội mạc tử cung, đau bụng kinh, vô sinh do suy hoàng thể, dọa sảy thai, HRT","Xuất huyết âm đạo lạ, hỗ trợ hoàng thể khi đã sảy thai, bệnh gan nặng, u phụ thuộc hormon",Đau bụng kinh/Lạc nội mạc: 10mg x 2-3 lần/ngày. Dọa sảy thai: 40mg lần đầu -> 10mg mỗi 8h. HRT: 10mg/ngày trong 14 ngày/chu kỳ,Tùy chỉ định (ví dụ khởi đầu dọa sảy thai 40mg),"Chảy máu bất thường, trầm cảm, rối loạn chuyển hóa porphyrin",PN có thai: Được dùng theo chỉ định. Cho con bú: Không nên dùng,"Thuốc cảm ứng enzym (chống co giật, kháng sinh, thảo dược chứa St John's Worth)","Đau đầu, buồn nôn, rối loạn kinh nguyệt, đau/căng vú, phản ứng dị ứng,","Khô, < 30°C, tránh ẩm",https://drive.google.com/file/d/1SWL1mjd4kizsjOXFd3_fCkZepeJUqykI/view,
Vildagliptin + Metformin HCl,"50/500 mg, 50/850 mg, 50/1000 mg",Galvus Met,Viên nén bao phim,Đức,Đái tháo đường typ 2 (khi không kiểm soát đủ bằng metformin hoặc đang dùng phối hợp riêng lẻ),"Suy thận (eGFR < 30), suy tim sung huyết cần điều trị, nhiễm toan chuyển hóa, nhiễm độc rượu",Khởi đầu dựa trên chế độ liều hiện tại. Chia 2 lần/ngày (sáng/tối),100mg Vildagliptin / 2000mg Metformin mỗi ngày,"Nhiễm toan lactic, suy thận, suy gan, viêm tụy cấp, thiếu hụt B12,",PN có thai: Không nên dùng. Cho con bú: Không nên dùng,"Rượu, thuốc cản quang iod, NSAIDs, thuốc ức chế men chuyển, corticosteroids","Tiêu chảy, buồn nôn, chóng mặt, nhức đầu, run, hạ đường huyết (nếu dùng cùng SU/insulin),","Không quá 30°C, tránh ẩm",https://drive.google.com/file/d/1ZAfUibO1rhQAgckZ6g8hjsFrn69MDLMU/view,
Aciclovir,800 mg,Aciclovir 800mg,Viên nén,Việt Nam,"Nhiễm Varicella (thủy đậu), Herpes zoster (zona)",Mẫn cảm với aciclovir hoặc valaciclovir,Người lớn: 800mg x 5 lần/ngày (cách mỗi 4h) trong 7 ngày,4000 mg/ngày,"Người cao tuổi, suy thận (cần chỉnh liều), phải uống đủ nước",Có thai: Chỉ dùng khi lợi ích > nguy cơ. Cho con bú: Thận trọng,"Probenecid, Cimetidin, Theophyllin, Mycophenolate mofetil","Nhức đầu, chóng mặt, buồn nôn, tiêu chảy, mệt mỏi, phát ban","Khô ráo, tránh ánh sáng, dưới 30°C",https://drive.google.com/file/d/1WFl1HjJGYV0eXnafh51vFxfjdzKl1sEB/view,
Nifedipin,"30 mg, 60 mg",Adalat LA,Viên nén giải phóng kéo dài,Đức,"Điều trị tăng huyết áp, dự phòng đau thắt ngực ổn định","Mẫn cảm, sốc tim, hẹp động mạch chủ nặng, MI cấp (trong 1 tháng), PN có thai < 20 tuần",Bắt đầu 30 mg x 1 lần/ngày; điều chỉnh theo đáp ứng,120 mg/ngày,"Suy tim, hạ HA nặng, suy gan, hẹp đường tiêu hóa, lái xe",Chống chỉ định khi cho con bú và thai kỳ < 20 tuần,"Rifampicin (không dùng cùng), nước bưởi, ức chế/cảm ứng CYP3A4, Digoxin","Phù, đau đầu, giãn mạch (đỏ bừng), táo bón, mệt mỏi","Dưới 30°C, tránh ẩm và ánh sáng",https://drive.google.com/file/d/1z401PUxFp_A5CbuYs3F2hBXWPivhm6kH/view,
Fluconazol,150 mg,Zolmed 150,Viên nang cứng,Việt Nam,"Nhiễm nấm Candida âm đạo, Candida niêm mạc, nấm da, nấm móng, lang ben, viêm màng não do Cryptococcus","Quá mẫn với thuốc/nhóm azole. Dùng chung terfenadine (nếu liều fluconazol ≥400mg), cisaprid, astemizol, erythromycin, pimozid, quinidin,","- Candida âm đạo: 150mg liều duy nhất.
- Nấm da: 150mg/tuần hoặc 50mg/ngày.
- Lang ben: 300-400mg/tuần (1-3 tuần).
- Viêm màng não: Tấn công 400mg/ngày, duy trì 200mg/ngày",Người lớn: 400 mg/ngày (có thể đến 800mg trong trường hợp nặng). Trẻ em: 12 mg/kg (không quá 400mg/ngày),"Suy thận, suy gan, người có yếu tố nguy cơ loạn nhịp tim (QT kéo dài), phát ban da","- PN có thai: Không dùng (trừ nhiễm nấm đe dọa tính mạng).
- Cho con bú: Không khuyến cáo","Rifampicin, Hydrochlorothiazid, Warfarin, Phenytoin, Sulfonylureas, Cyclosporin, Theophyllin, Terfenadine, Cisaprid","Đau đầu, chóng mặt, buồn nôn, đau bụng, tiêu chảy, đầy hơi, nổi ban da, tăng men gan, hiếm gặp hội chứng Stevens-Johnson","Nơi khô mát, nhiệt độ không quá 30°C, tránh ánh sáng",https://drive.google.com/file/d/1Eby_el1foDC31jlsyXNY9xtSvIICiw9U/view,
Cilostazol,100 mg,ZILAMAC 100,Viên nén không bao,Ấn Độ,Cải thiện khoảng cách đi bộ tối đa ở bệnh nhân đi khập khiễng cách hồi không đau lúc nghỉ và không hoại tử tổ chức ngoại biên,"- Quá mẫn.
- Suy thận nặng (ClCr < 25ml/phút), suy gan trung bình/nhẹ.
- Suy tim sung huyết.
- Phụ nữ có thai.
- Tiền sử nhịp nhanh/rung thất.
- Đau thắt ngực không ổn định/nhồi máu cơ tim trong 6 tháng",- 100 mg x 2 lần/ngày (uống 30 phút trước ăn sáng và tối).- Giảm liều xuống 50mg x 2 lần/ngày nếu dùng chung thuốc ức chế CYP3A4/CYP2C19,"Không ghi cụ thể con số ""tối đa"", nhưng liều khuyến cáo chuẩn là 200mg/ngày.","- Theo dõi công thức máu (nguy cơ giảm tiểu cầu/bạch cầu).
- Ngừng thuốc 5 ngày trước phẫu thuật.
- Thận trọng khi lái xe (gây choáng váng)",- PN có thai: Không sử dụng.- Cho con bú: Không sử dụng,"Aspirin, Clopidogrel (tăng nguy cơ xuất huyết), Warfarin, Macrolide (Erythromycin), thuốc chống nấm Azole, Omeprazole, Diltiazem, nước ép bưởi,","Rất thường gặp: Đau đầu, tiêu chảy, phân bất thường.Thường gặp: Đánh trống ngực, nhịp tim nhanh, đau ngực, chóng mặt, buồn nôn, viêm mũi, phù ngoại biên","Nơi khô mát, dưới 30°C",https://drive.google.com/file/d/1SkO9ikAsnUrjLwSKUsv9RZbiAjqImCP-/view,
elmisartan,40 mg,ZHEKOF,Viên nén,Việt Nam,"- Điều trị tăng huyết áp vô căn.
- Dự phòng biến cố tim mạch ở bệnh nhân có bệnh lý tim mạch do xơ vữa huyết khối hoặc đái tháo đường tuýp 2 có tổn thương cơ quan đích","- Quá mẫn.
- Phụ nữ có thai, người cho con bú.
- Suy thận nặng.
- Suy gan nặng, tắc mật","- Tăng huyết áp: 40 mg/lần/ngày (có thể tăng lên 80mg).
- Dự phòng tim mạch: 80 mg/lần/ngày.
- Suy gan nhẹ/vừa: Tối đa 40 mg/ngày",80 mg/ngày,"- Suy thận, hẹp động mạch thận.
- Suy gan.
- Mất thể tích nội mạch (cần bù nước trước).
- Tăng kali máu.- Hẹp van động mạch chủ/hai lá",Không sử dụng cho phụ nữ có thai và cho con bú,"- Digoxin (tăng nồng độ digoxin).- Lithium.- NSAIDs (giảm tác dụng hạ áp, nguy cơ suy thận).- Thuốc lợi tiểu giữ kali, bổ sung kali.- Corticosteroid","Nhiễm trùng (hô hấp, tiết niệu), thiếu máu, tăng kali huyết, lo lắng, trầm cảm, chóng mặt, nhịp tim chậm, tụt huyết áp, khó thở, đau bụng, tiêu chảy, suy thận","Nơi khô ráo, tránh ánh sáng, nhiệt độ không quá 30°C",http://drive.google.com/file/d/1mhWtLtOmi-DnqFPgvQ1Q_Ae8Vq7JZu5R/view,
Bezafibrate,200 mg,ZAFULAR,Viên nén bao phim,Cộng hòa Síp,"- Điều trị tăng triglyceride máu nặng (có/không có HDL thấp).
- Tăng lipid máu hỗn hợp khi chống chỉ định hoặc không dung nạp với statin.","- Quá mẫn với bezafibrate, fibrate.
- Suy gan (trừ gan nhiễm mỡ do tăng TG).
- Bệnh túi mật (có/không sỏi)
- Suy thận nặng đang thẩm phân máu (Creatinin > 530 µmol/l).
- Tiền sử phản ứng ánh sáng với fibrate.
- Phối hợp statin ở người có nguy cơ bệnh cơ.","- Người lớn: 1 viên (200mg) x 3 lần/ngày (uống trong hoặc sau ăn).
- Suy thận: Chỉnh liều theo Creatinin huyết thanh (ClCr 40-60ml/p: 2 lần/ngày; 15-40ml/p: 1 lần/2 ngày).","Không ghi cụ thể liều trần, liều khuyến cáo thường dùng là 600 mg/ngày.","- Ngừng thuốc nếu không đáp ứng sau 3-4 tháng.
- Theo dõi chức năng thận, gan và CPK.
- Thận trọng khi phối hợp Oestrogen.
- Thận trọng với người giảm albumin máu (hội chứng thận hư).","- PN có thai: Không nên dùng (thiếu dữ liệu an toàn).
- Cho con bú: Không nên dùng (ngừng thuốc hoặc ngừng cho bú).","- Thuốc chống đông máu (Coumarin).
- Thuốc trị đái tháo đường (Insulin, Sulfonylurea).
- Nhựa gắn acid mật (Colestyramin - uống cách 2 giờ).
- Thuốc ức chế MAO.
- Các Statin (tăng nguy cơ tiêu cơ vân).
- Thuốc ức chế miễn dịch,.",- Thường gặp: Giảm cảm giác thèm ăn.,"Nơi khô, nhiệt độ dưới 30°C, trong bao bì kín.",https://drive.google.com/file/d/1tGfP4IIZa_vX8k_iiQYDiu_gRLEXF4_0/view,
Rivaroxaban,"15 mg, 20 mg",Xarelto,Viên nén bao phim,Đức,"- Dự phòng đột quỵ và thuyên tắc mạch toàn thân ở bệnh nhân rung nhĩ (không do van tim).
- Điều trị và dự phòng tái phát Huyết khối tĩnh mạch sâu (DVT) và Thuyên tắc phổi (PE)","- Đang chảy máu trên lâm sàng.
- Tổn thương có nguy cơ chảy máu nghiêm trọng (loét tiêu hóa, ung thư...).
- Đang dùng thuốc chống đông khác
- Bệnh gan đi kèm rối loạn đông máu.
- PN có thai và cho con bú","- Dự phòng đột quỵ (rung nhĩ): 20mg/lần/ngày (suy thận trung bình dùng 15mg).
- Điều trị DVT/PE: 15mg x 2 lần/ngày (trong 3 tuần đầu), sau đó 20mg x 1 lần/ngày",30 mg/ngày (trong giai đoạn điều trị khởi đầu DVT/PE),"- Suy thận nặng (CrCl < 15ml/phút: không khuyến cáo).
- Nguy cơ chảy máu cao.
- Không dung nạp lactose",Chống chỉ định cho phụ nữ có thai và cho con bú,"- Ketoconazol, ritonavir (ức chế CYP3A4/P-gp mạnh).
- Thuốc chống đông khác (Enoxaparin, Warfarin).
- NSAIDs, chất ức chế kết tập tiểu cầu","Chảy máu (thiếu máu, chảy máu mắt, nướu, tiêu hóa, đường niệu...), buồn nôn, tăng men gan, đau bụng, chóng mặt, đau đầu, hạ huyết áp, suy nhược",Không quá 30°C,https://drive.google.com/file/d/1om2EKcB0NN23KFskpn5VaJvl6_DcPTyB/view,
"Sắt
Acid folic","Sắt: 200mg
Acid 0,4mg",VUPU,Viên nén tròn bao phim,Việt Nam,"- Phòng/điều trị thiếu máu do thiếu sắt (cắt dạ dày, suy dinh dưỡng, mang thai)
- Bổ sung sắt và acid folic","- Quá mẫn, thừa sắt, nhiễm mô nhiễm sắt, thiếu máu tan huyết
- Hẹp thực quản, túi cùng tiêu hóa.
- Trẻ em < 12 tuổi, người cao tuổi
- Thiếu máu do thiếu B12","- Bổ sung: 1 viên/ngày.
- Điều trị: Người lớn 1 viên/lần x 2 lần/ngày; Trẻ em >12 tuổi 1 viên/ngày","Không được chỉ định cụ thể liều trần, tuân thủ liều điều trị để tránh ngộ độc sắt.","- Nghi ngờ loét dạ dày, viêm ruột hồi.
- Không uống khi nằm.
- Thận trọng với khối u phụ thuộc folat","- PN có thai: Dùng được (chỉ định chính)
- Cho con bú: Có thể dùng","Ofloxacin, ciprofloxacin, norfloxacin, thuốc kháng acid, tetracyclin, penicilamin, methyldopa, nước chè, cà phê","Đau bụng, buồn nôn, nôn, táo bón, phân đen. Hiếm gặp: ngứa, nổi ban","Nơi khô, nhiệt độ không quá 30°C, tránh ánh sáng",https://drive.google.com/file/d/1oiGWeSLhgkEn94zYBB8Z1T4SGRbiaJcP/view,
B1 + B6 + B12,115mg + 115mg + 50mcg,VITAMIN B1 - B6 - B12,Viên nang mềm,Việt Nam,"Đau/viêm dây thần kinh, bệnh lý thần kinh do tiểu đường/thuốc/rượu, mệt mỏi","Mẫn cảm thành phần thuốc, u ác tính",1 viên/lần x 2-3 lần/ngày,Không dùng B6 > 200mg/ngày kéo dài vì gây độc thần kinh,Dùng B6 liều cao kéo dài có thể gây hội chứng lệ thuộc và bệnh thần kinh ngoại vi,Thận trọng khi mang thai; B6 liều cao có thể ức chế bài tiết sữa,"Levodopa (B6 làm giảm tác dụng), Phenytoin, Phenobarbital","Phản ứng dị ứng, mày đay, mệt mỏi. Liều cao B6 gây bệnh thần kinh cảm giác ngoại vi","Nơi khô, nhiệt độ dưới 30°C",https://drive.google.com/file/d/1ZPQh0LMFa0NmjStaSqC1Nuk9AcPjpx0X/view,
Levodopa + Carbidopa,250 mg + 25 mg,VINCAPAR 275,Viên nén hình caplet,Việt Nam,"Bệnh Parkinson, hội chứng Parkinson (trừ do thuốc)","Mẫn cảm, IMAO không chọn lọc, glocom góc hẹp, u melanin, tâm thần nặng",Khởi đầu 1 viên x 3-4 lần/ngày; điều chỉnh theo đáp ứng lâm sàng,8 viên/ngày,"Bệnh tim mạch, hen phế quản, loét dạ dày, theo dõi chức năng gan/thận/máu",Thai kỳ: Thận trọng (lợi ích > nguy cơ). Cho con bú: Không khuyến cáo,"IMAO, thuốc hạ HA, thuốc kháng cholinergic, Sắt, Phenytoin","Cử động không chủ ý (múa giật), ảo giác, hạ HA tư thế, buồn nôn, đánh trống ngực","Khô ráo, không quá 30°C, tránh ánh sáng",https://drive.google.com/file/d/1IwDA1C2UEFxC7ZV3uHe9s-sOEsrYS0vo/view,
Glimepirid,1 mg,GLIMEPIRID DWP 1mg,"Viên nén tròn, màu trắng đến trắng ngà",Việt Nam,"Điều trị đái tháo đường týp 2 khi chế độ ăn kiêng, luyện tập và giảm cân đơn thuần không đem lại kết quả mong muốn.","- Quá mẫn với glimepirid, sulfonylurea, sulfonamid.
- Đái tháo đường týp 1
- Hôn mê do đái tháo đường, nhiễm toan ceton.
- Rối loạn chức năng gan hoặc thận nặng.
- Phụ nữ có thai và cho con bú.","- Khởi đầu: 1 mg/ngày.- Duy trì: Tăng liều từ từ (khoảng cách 1-2 tuần) dựa trên đường huyết: 2mg, 3mg, 4mg/ngày.- Cách dùng: Uống 1 lần/ngày ngay trước hoặc trong bữa ăn sáng (hoặc bữa ăn chính đầu tiên).",6 mg/ngày (thông thường 4 mg/ngày đã cho hiệu quả tốt).,"- Nguy cơ hạ đường huyết (người cao tuổi, suy dinh dưỡng, ăn uống thất thường).
- Thiếu hụt men G6PD (nguy cơ thiếu máu tan huyết).
- Cần kiểm tra định kỳ đường huyết và HbA1c, chức năng gan.
- Không dung nạp lactose.","- PN có thai: Chống chỉ định (nguy cơ dị tật, hạ đường huyết sơ sinh). Phải chuyển sang insulin.
- Cho con bú: Chống chỉ định (bài tiết vào sữa mẹ).","- Tăng hạ đường huyết: Insulin, metformin, phenylbutazon, chloramphenicol, coumarin, kháng sinh (tetracyclin, quinolon, clarithromycin), fluconazol, ức chế MAO, ức chế ACE.
- Giảm tác dụng (gây tăng đường huyết): Estrogen, lợi tiểu thiazid, corticosteroid, phenothiazin, adrenalin, phenytoin, rifampicin.
- Làm lu mờ dấu hiệu hạ đường huyết: Chẹn beta, clonidin, reserpin.
- Rượu: Tăng hoặc giảm tác dụng hạ đường huyết không lường trước,.","- Thường gặp: Hạ glucose huyết, rối loạn thị giác tạm thời (đầu điều trị), buồn nôn, nôn, tiêu chảy, đau bụng.","Nơi khô, nhiệt độ không quá 30°C, tránh ánh sáng",https://drive.google.com/file/d/138sntEBpLfEMCtPsLyyl6KF9VMD6Z36u/view,
"Diosmin, Hesperidin","Diosmin 450mg, Hesperidin 50mg",Daflon 500mg,Viên bao phim,Pháp,"Suy tĩnh mạch (chân nặng, đau, bứt rứt) và trĩ cấp.",Nhạy cảm với hoạt chất hoặc tá dược.,"-Suy tĩnh mạch: 2 viên/ngày.
-Trĩ cấp: 4 ngày đầu 6 viên/ngày, 3 ngày sau 4 viên/ngày.",2 viên.,Trĩ cấp không cản trở điều trị tại chỗ hậu môn; nếu triệu chứng không giảm cần khám trực tràng.,Thai kỳ: Chưa thấy độc tính. Cho con bú: Không nên dùng do thiếu dữ liệu bài tiết qua sữa.,Chưa có báo cáo.,"Thường gặp: tiêu chảy, buồn nôn, nôn. Hiếm: chóng mặt, đau đầu, phát ban, ngứa.",Dưới 30°C,https://drive.google.com/file/d/1sxvB_xjuGw94YoLDx0zIPsf-r7roqMdn/view,
"Metformin HCl, Glibenclamid","Metformin 500mg, Glibenclamid 5mg",Glucovance 500mg/5mg,Viên nén bao phim,Pháp,Đái tháo đường týp 2 ở người lớn khi không kiểm soát tốt bằng đơn trị liệu hoặc thay thế phác đồ phối hợp trước đó.,"Mẫn cảm thành phần thuốc, ĐTĐ týp 1, tiền hôn mê ĐTĐ, suy thận nặng (eGFR < 30), suy gan, nhiễm độc rượu, cho con bú, phối hợp miconazole .",Khởi đầu 1 viên/ngày vào bữa ăn. Điều chỉnh liều mỗi 2 tuần dựa trên đường huyết.,2000mg metformin/ 20mg glibenclamid mỗi ngày.,"Nguy cơ nhiễm acid lactic, hạ đường huyết. Thận trọng khi phẫu thuật hoặc dùng thuốc cản quang chứa Iod .","Thai kỳ: Không khuyến cáo, nên dùng insulin. Cho con bú: Chống chỉ định .","-Cấm: Miconazole.
- Tránh: Rượu, Phenylbutazone, Danazol.
-Thận trọng: Thuốc lợi tiểu, Corticosteroids, OCT .","Rất thường gặp: Rối loạn tiêu hóa (nôn, tiêu chảy). Rất hiếm: Nhiễm acid lactic, giảm hấp thu Vitamin B12 .",Nhiệt độ không quá 30°C .,https://drive.google.com/file/d/1_nDe7quNPGIPFUPNLZC7OV8QHoz3-nze/view,
Telmisartan:HCTZ,"40mg:12,5mg","ANVO - Telmisartan HCTZ 40/12,5 MG",Viên nén,Tây Ban Nha,Điều trị tăng huyết áp vô căn ở người lớn không kiểm soát được huyết áp hoàn toàn nếu chỉ dùng telmisartan hoặc hydrochlorothiazid đơn độc.,"- Quá mẫn với thành phần thuốc hoặc dẫn xuất sulfonamide.
- Phụ nữ có thai, cho con bú.
- Ứ mật, tắc nghẽn đường mật.
- Suy gan nặng.
- Suy thận nặng (CrCl < 30ml/phút).
- Hạ kali huyết, tăng calci huyết trơ.","Uống 1 lần/ngày. Anvo 40/12,5 mg được chỉ định cho bệnh nhân không kiểm soát được huyết áp bằng Telmisartan 40mg.","Không ghi liều trần cụ thể cho dạng phối hợp này, nhưng liều tăng cường tiếp theo là dạng 80/25mg nếu cần thiết.","- Suy gan, suy thận, ghép thận.
- Mất thể tích nội mạch và natri (cần bù trước khi dùng).
- Hẹp động mạch thận.
- Cường aldosteron tiên phát.
- Hẹp van động mạch chủ/hai lá.
- Lupus ban đỏ hệ thống.
- Đái tháo đường (nguy cơ hạ đường huyết), bệnh gút.","- PN có thai: Chống chỉ định (gây độc cho thai, đặc biệt trong quý 2 và 3).
- Cho con bú: Chống chỉ định (thuốc bài tiết qua sữa).","- Lithium (tăng độc tính).
- Thuốc làm giảm kali (lợi tiểu khác, nhuận tràng, corticoid, ACTH...).
- Thuốc làm tăng kali (bổ sung kali, lợi tiểu giữ kali).
- Digoxin, NSAIDs, Aspirin.
- Rượu, thuốc ngủ (tăng hạ áp thế đứng).
- Metformin (nguy cơ nhiễm toan lactic).
- Cholestyramin (giảm hấp thu HCTZ).",- Thường gặp: Chóng mặt.,"Nơi khô ráo, tránh ánh sáng, nhiệt độ không quá 30°C",https://drive.google.com/file/d/1VPmzEK5a9BWfG52IbQUH3Iy9YKC2nXG8/view,
Calcitriol,"0,25 mcg",CALCITRIOL,Viên nang mềm,Việt Nam,"- Điều chỉnh rối loạn chuyển hóa calci và phosphat ở bệnh nhân loạn dưỡng xương do thận.
- Điều trị loãng xương sau mãn kinh.","- Các bệnh liên quan đến tăng calci huyết.
- Vôi hóa ác tính.
- Quá mẫn với calcitriol hoặc thuốc cùng nhóm.
- Ngộ độc vitamin D.","- Loạn dưỡng xương do thận: Khởi đầu 0,25 mcg/ngày. Nếu không cải thiện sau 2-4 tuần, tăng thêm 0,25 mcg/ngày. Đa số đáp ứng ở liều 0,5 - 1 mcg/ngày.
- Loãng xương sau mãn kinh: 0,25 mcg x 2 lần/ngày.","Không ghi liều tối đa cụ thể, điều chỉnh dựa trên nồng độ calci huyết.","- Theo dõi chặt chẽ nồng độ calci huyết (tránh tăng đột ngột).
- Kiểm soát chế độ ăn uống và bổ sung calci.
- Thận trọng với người nằm bất động lâu ngày (nguy cơ tăng calci).
- Tiền sử sỏi thận, bệnh mạch vành.
- Thận trọng với người dị ứng dầu đậu nành.","- PN có thai: Chỉ dùng khi lợi ích vượt trội nguy cơ (chưa có dữ liệu an toàn đầy đủ).
- Cho con bú: Không nên cho con bú (nguy cơ gây tác dụng ngoại ý cho trẻ).","- Thuốc lợi tiểu thiazid (tăng nguy cơ tăng calci huyết)
- Digitalis (tăng calci gây loạn nhịp tim).
- Corticoid (ức chế hấp thu calci).
- Thuốc chứa magnesi/antacid (nguy cơ tăng magnesi huyết).
- Cholestyramin (giảm hấp thu thuốc).","- Rất phổ biến: Tăng calci huyết.
- Thường gặp: Đau đầu, đau bụng, buồn nôn, phát ban, nhiễm trùng tiết niệu.
- Ngộ độc cấp: Chán ăn, nhức đầu, buồn nôn, táo bón.
- Ngộ độc mạn: Loạn dưỡng, sụt cân, sốt, vôi hóa mô mềm, thận,,,,.","Nơi khô, nhiệt độ dưới 30°C",https://drive.google.com/file/d/1xK4yYL0YFScD-b5OXu1HahbxDOXPYNVQ/view,
Perindopril arginin + Indapamide,"5mg: 1,25 mg",Coversyl plus arginine 5mg/1.25mg,Viên nén bao phim,Pháp,Điều trị tăng huyết áp nguyên phát ở người lớn (khi huyết áp không kiểm soát được với đơn trị liệu).,"- Quá mẫn với perindopril, indapamide, sulfanamid, thuốc ức chế men chuyển.
- Tiền sử phù mạch (Quincke).
- Suy thận nặng (ClCr < 30ml/phút).
- Bệnh não gan, suy gan nặng.
- Giảm kali huyết.
- Phụ nữ có thai trên 3 tháng.
- Đang lọc máu/thẩm tách máu.
- Suy tim sung huyết mất bù,.",Người lớn: 1 viên/lần/ngày. Nên uống vào buổi sáng và trước ăn.,"1 viên/ngày (nếu không kiểm soát được, bác sĩ có thể điều chỉnh phác đồ khác).","- Ngừng thuốc nếu bị phù mạch, giảm bạch cầu hạt.
- Suy thận, hẹp động mạch thận.
- Mất nước và điện giải (natri, kali) cần bù trước khi dùng.
- Bệnh gút (do tăng acid uric)
- Đái tháo đường (theo dõi đường huyết).
- Thận trọng khi lái xe (gây chóng mặt, mệt mỏi),,.","- PN có thai: Không khuyên dùng trong 3 tháng đầu. Chống chỉ định trong 3 tháng giữa và cuối (nguy cơ gây độc cho thai và trẻ sơ sinh).
- Cho con bú: Không khuyến cáo sử dụng","- Chống chỉ định phối hợp: Sacubitril/valsartan.
- Không khuyên dùng: Lithium, thuốc lợi tiểu giữ kali, bổ sung kali, Estramustine.
- Thận trọng: NSAIDs, Aspirin liều cao, Baclofen, thuốc trị đái tháo đường (Insulin, Metformin), thuốc chống trầm cảm 3 vòng, thuốc gây xoắn đỉnh,.","- Thường gặp: Hạ huyết áp, ho khan, khó thở, chóng mặt, đau đầu, dị cảm, rối loạn thị giác, ù tai, buồn nôn, nôn, đau bụng, táo bón, tiêu chảy, chuột rút, mệt mỏi, phát ban, ngứa.- Ít gặp: Phù mạch, co thắt phế quản, mày đay, suy thận, rối loạn cương dương, rối loạn giấc ngủ.",Đậy kín lọ thuốc để tránh ẩm. Bảo quản ở nhiệt độ dưới 30°C,https://drive.google.com/file/d/1y5qbGlupDIaY0rZ2Egp-k7qEk1X0hs3v/view,
Empagliflozin + Linagliptin,10mg/5mg hoặc 25mg/5mg,Glyxambi,Viên nén bao phim,Đức,Điều trị đái tháo đường typ 2 ở người lớn khi các liệu pháp trước đó không kiểm soát tốt đường huyết.,"Quá mẫn; Suy thận nặng (eGFR < 30 mL/phút/1,73m²), suy thận giai đoạn cuối, lọc máu.","-Khởi đầu 10mg/5mg x 1 lần/ngày
-Có thể tăng lên liều 25mg/5mg nếu cần thiết.",25mg/5mg mỗi ngày.,"-Viêm tụy
-Nhiễm toan ceton
-Nhiễm trùng tiết niệu
-Viêm cân mạc hoại tử vùng đáy chậu
-Hạ đường huyết
-Suy thận.",Thai kỳ: Nên tránh dùng. Cho con bú: Cân nhắc ngừng thuốc hoặc ngừng cho con bú.,Thuốc lợi tiểu; Insulin; Sulphonylurea; Chất cảm ứng enzyme UGT; Ritonavir; Rifampicin.,Nhiễm nấm/trùng đường tiết niệu; Hạ đường huyết (khi dùng cùng SU/Insulin); Khát; Táo bón.,Không quá 30°C.,https://drive.google.com/file/d/1Na2G6jbnTtmWGcS1leGaZg2op2KeHsxK/view,
Dexibuprofen,400 mg,Dexibufen,Viên nang mềm,Việt Nam,"- Giảm đau nhẹ đến trung bình: đau răng, đau đầu, đau lưng, đau cơ, bong gân, đau bụng kinh.
- Viêm mạn tính hệ vận động: viêm khớp dạng thấp, thoái hóa khớp.
- Viêm khớp cấp (gout).","- Quá mẫn với dexibuprofen, NSAIDs khác.
- Tiền sử hen, co thắt phế quản, viêm mũi, mày đay do aspirin/NSAIDs.
- Loét dạ dày tá tràng, xuất huyết tiêu hóa, bệnh Crohn.
- Suy tim, suy gan, suy thận nặng.
- 3 tháng cuối thai kỳ.","- Liều thông thường: 1 viên/lần x 2 lần/ngày.
- Điều trị cấp tính: Có thể tăng lên 1 viên/lần x 3 lần/ngày.","- Không quá 400 mg/lần.
- Không quá 3 viên (1200 mg)/ngày.","- Người có tiền sử loét đường tiêu hóa, người cao tuổi.
- Bệnh nhân suy tim, tăng huyết áp, phù giữ nước.
- Rối loạn đông máu, Lupus ban đỏ hệ thống.
- Thận trọng khi lái xe và vận hành máy móc (gây chóng mặt, buồn ngủ).","- PN có thai: Thận trọng 3 tháng đầu và giữa (dùng liều thấp nhất). Chống chỉ định 3 tháng cuối (nguy cơ đóng sớm ống động mạch, xuất huyết).
- PN cho con bú: Có thể dùng nếu điều trị ngắn hạn với liều thấp (thuốc ít vào sữa mẹ).","- Thuốc chống đông (Warfarin, Heparin).
- Methotrexat (tăng độc tính).
- Lithium, Digoxin, Phenytoin.
- NSAIDs khác, Corticosteroid, Aspirin (tăng nguy cơ loét/xuất huyết)
- Thuốc lợi tiểu, thuốc hạ huyết áp","- Thường gặp: Mệt mỏi, buồn ngủ, đau đầu, chóng mặt, buồn nôn, nôn, đau bụng, tiêu chảy, đầy hơi, rối loạn tiêu hóa
- Ít gặp: Mày đay, ngứa, ban đỏ, mất ngủ, ù tai.
- Hiếm gặp: Phản ứng phản vệ, trầm cảm, rối loạn thị giác, viêm gan, giảm huyết cầu.","Nơi khô ráo, thoáng mát, tránh ánh sáng, nhiệt độ dưới 30°C",https://drive.google.com/file/d/1Gra7GoYm5_bHomTPNAdCgf7Hn5JIYuAF/view,
Acenocoumarol,"1,0 mg",Vincerol 1mg,Viên nén,Việt Nam,"-Dự phòng biến chứng huyết khối tắc mạch (rung nhĩ, bệnh van tim)
-Dự phòng và điều trị huyết khối tĩnh mạch sâu, nghẽn mạch phổi
-Dự phòng biến chứng/tái phát nhồi máu cơ tim.","-Quá mẫn
-Đang chảy máu hoặc nguy cơ chảy máu
-Suy gan/thận nặng
-Mới phẫu thuật thần kinh, mắt;
-Loét dạ dày tiến triển
-Phối hợp Aspirin liều cao (>3g/ngày).","-Người lớn: 2 ngày đầu 4mg/ngày; sau đó điều chỉnh theo INR (thường 1-8mg/ngày).
-Trẻ em: Khởi đầu 0,05-0,14 mg/kg/ngày tùy độ tuổi.",Phụ thuộc vào chỉ số INR mục tiêu.,"Nguy cơ uống nhầm thuốc; Theo dõi INR định kỳ; Cân nhắc khi can thiệp ngoại khoa; Người suy gan, thận, hạ protein máu.","Thai kỳ: Chống chỉ định (gây dị tật, sảy thai). Cho con bú: Có thể dùng nhưng nên bù vitamin K cho trẻ.","Chống chỉ định phối hợp: Aspirin (>3g/ngày), Miconazol, Phenylbutazon, Cloramphenicol. Thận trọng: NSAID, kháng sinh, Statins, rượu.","-Xuất huyết:phổ biến nhất;
-Rối loạn tiêu hóa (buồn nôn, chán ăn)
- Rụng tóc; Hoại tử da.","Nơi khô ráo, dưới 30°C, tránh ánh sáng",https://drive.google.com/file/d/1FCz290tKQirGvXXu9X3s7MivlncdXPbx/view,
Clindamycin (Dưới dạng clindamycin hydrochloride),300mg,HYUGA,viên nang cứng,Việt Nam,"- Điều trị nhiễm khuẩn nặng do vi khuẩn Gram dương hiếu khí nhạy cảm: staphylococci (có/không sinh penicillinase), streptococci (trừ Streptococcus faecalis), pneumococci
- Điều trị nhiễm khuẩn do vi khuẩn kỵ khí nhạy cảm với clindamycin
- Sử dụng theo các hướng dẫn chính thức về kháng sinh hợp lý (quốc gia và địa phương)
- Không dùng điều trị viêm màng não do clindamycin không qua hàng rào máu não với nồng độ đủ","Quá mẫn với clindamycin, lincomycin hoặc bất kỳ thành phần nào của thuốc, bệnh nhân đang bị tiêu chảy","Người lớn: 150-300mg mỗi 6h
Trẻ em: 3-6mg/kg 6 giờ",Người lớn: 300-450 mg mỗi 6 giờ,"- Thận trọng ở người có tiền sử bệnh dạ dày–ruột, đặc biệt viêm đại tràng.
- Điều trị kéo dài: theo dõi chức năng gan, thận định kỳ, đặc biệt ở trẻ sơ sinh và trẻ nhỏ.
- Dùng kéo dài có thể gây bội nhiễm do vi khuẩn kháng thuốc hoặc nấm men.
- Thận trọng ở người có tiền sử dị ứng.
- Không dùng điều trị viêm màng não do nồng độ trong dịch não tủy không đủ.
- Tá dược lactose: Không dùng cho người không dung nạp galactose, thiếu Lapp lactase hoặc rối loạn hấp thu glucose–galactose.","- Thai kỳ: Clindamycin qua nhau thai; an toàn hơn ở 3 tháng giữa và cuối, thiếu dữ liệu 3 tháng đầu → chỉ dùng khi lợi ích vượt nguy cơ.
- Cho con bú: Bài tiết qua sữa mẹ, có nguy cơ bất lợi cho trẻ → không khuyến cáo dùng hoặc cần ngừng cho bú.
- Khả năng sinh sản: Không ảnh hưởng trong nghiên cứu trên động vật.","- Thuốc giãn cơ/chẹn thần kinh cơ: Clindamycin có tính chẹn thần kinh cơ, có thể làm tăng tác dụng của các thuốc này → cần thận trọng khi dùng phối hợp.
- Thuốc kháng sinh: Clindamycin đối kháng với erythromycin → không dùng đồng thời.
- Neostigmine, pyridostigmine: Clindamycin đối kháng với các thuốc kháng cholinesterase.
- Vắc xin: Vắc xin thương hàn sống uống có thể bị bất hoạt khi dùng cùng kháng sinh → tránh dùng clindamycin trong 3 ngày trước và sau tiêm chủng thương hàn.
- Thuốc chống đông kháng vitamin K: Có thể tăng PT/INR và nguy cơ xuất huyết khi phối hợp (warfarin, acenocoumarol, fluindione) → theo dõi chặt chẽ đông máu.","Thường gặp: viêm đại tràng giả mạc, đau bụng, tiêu chảy, xét nghiệm chức năng gan bất thường.
Ít gặp: buồn nôn, nôn, hồng ban đa dạng, ngứa, mày đay.","Nơi khô ráo, nhiệt độ < 30°C , tránh ánh sáng.",https://drive.google.com/file/d/1EoHjg_UQPUAFExPOtfU4_wCQ8grjkqgU/view?usp=drivesdk,
Imidapril,5mg,IDATRIL,viên nén,Việt Nam,"- Điều trị tăng huyết áp
- Điều trị suy tim (thường phối hợp thuốc khác)","- Quá mẫn với imidapril hoặc các thuốc ức chế men chuyển (ACEI)
- Tiền sử phù mạch do ACEI
- Phụ nữ có thai
- Suy thận nặng, hẹp động mạch thận hai bên","- Tăng huyết áp:
+ Khởi đầu: 5 mg/ngày
+ Duy trì: 5–10 mg/ngày, uống 1 lần/ngày
- Suy tim: Khởi đầu: 2,5 mg/ngày → tăng dần theo đáp ứng",20 mg/ngày,"- Người cao tuổi
- Giảm thể tích tuần hoàn, mất nước
- Suy thận, suy gan
- Theo dõi huyết áp, kali máu, chức năng thận
- Nguy cơ hạ huyết áp mạnh liều đầu","- Chống chỉ định khi mang thai (gây độc cho thai)
- Không khuyến cáo khi cho con bú","- Lợi tiểu giữ kali, bổ sung kali → tăng kali máu
- Thuốc hạ áp khác → tăng tác dụng hạ huyết áp
- NSAIDs → giảm tác dụng hạ áp, tăng nguy cơ suy thận
- Lithium → tăng độc tính lithium","- Thường gặp: ho khan, chóng mặt, nhức đầu, hạ huyết áp
- Ít gặp: buồn nôn, tiêu chảy, phát ban
- Hiếm: phù mạch, suy thận, tăng kali máu","Nơi khô ráo, nhiệt độ < 30°C , tránh ánh sáng.",https://drive.google.com/file/d/1mxDmR4GcRUDfcsO-BBa10dPQJYG0ytLB/view?usp=sharing,
Itraconazol,100mg,Itraconazol,viên nang cứng,Tây Ban Nha,"- Nấm da/niêm mạc: nấm da, lang ben, Candida miệng, nấm vùng sừng hóa cao (không đáp ứng điều trị tại chỗ), viêm giác mạc do nấm (Aspergillus)
- Nấm toàn thân: Aspergillus, Candida, Cryptococcus (± viêm màng não), Histoplasma, Blastomyces, Sporothrix, Paracoccidioides, Dematiaceae.","- Quá mẫn với thuốc
- Rối loạn chức năng tâm thất (đặc biệt suy tim sung huyết – CHF)
- Tiền sử CHF → trừ trường hợp nhiễm nấm nặng hoặc đe dọa tính mạng","200mg, 1 lần/ ngày hoặc 100mg,1 lần/ ngày","200mg, 1 lần/ ngày","- Tim mạch: nguy cơ suy tim sung huyết → tránh dùng nếu có/tiền sử suy tim (trừ nhiễm nấm nặng, đe dọa tính mạng)
- Gan: có thể gây độc gan → theo dõi men gan, ngưng thuốc nếu có triệu chứng viêm gan
- Tương tác thuốc: ức chế CYP3A4 → thận trọng khi phối hợp (nguy cơ tăng độc tính thuốc khác)
- Thận: suy thận có thể làm thay đổi nồng độ thuốc → cân nhắc theo dõi
- Thần kinh: có thể gây chóng mặt, đau đầu
- Tiêu hóa: buồn nôn, đau bụng, tiêu chảy
- Trẻ em & người cao tuổi: chỉ dùng khi lợi ích vượt nguy cơ
- Suy giảm miễn dịch/AIDS: hấp thu đường uống có thể giảm → cần theo dõi đáp ứng","- Phụ nữ có thai: không khuyến cáo → Chỉ dùng khi đe dọa tính mạng và lợi ích > nguy cơ cho thai
- Phụ nữ cho con bú: thận trọng → Thuốc bài tiết vào sữa; cân nhắc ngừng cho bú hoặc không dùng thuốc
- Phụ nữ trong độ tuổi sinh sản: Dùng biện pháp tránh thai hiệu quả khi điều trị / Tiếp tục tránh thai đến sau khi kết thúc điều trị","- Ức chế mạnh CYP3A4 → làm tăng nồng độ nhiều thuốc khác
- Chống chỉ định phối hợp với các thuốc gây kéo dài QT, loạn nhịp, độc tính nặngThuốc giảm acid dạ dày (PPI, H2, antacid)→ giảm hấp thu viên nang itraconazol
- Thuốc cảm ứng CYP3A4 (rifampicin, phenytoin, carbamazepin…)→ giảm hiệu lực itraconazol
- Cần theo dõi nồng độ/độc tính khi dùng chung thuốc có khoảng điều trị hẹp (tim mạch, an thần, ức chế miễn dịch…)","- Đau đầu, buồn nôn ( thường gặp )
- Quá mẫn, chóng mặt, tiêu chảy, khó tiêu, đầy hơi, táo báo, tăng enzym gan, phát ban, mề đay, ngứa rối loạn kinh nguyệt ( ít gặp )",Nhiệt độ < 30°C,https://drive.google.com/file/d/1Ro2Cg0masrSAayXdGzEkvjHQM6JIapa4/view?usp=sharing,
Deferasirox,180mg,Jadenu,viên nén bao phim,Ruman,"- Điều trị quá tải sắt mạn do truyền máu (β-thalassemia, ≥ 6 tuổi).
- Dùng khi không dùng được/không đáp ứng deferoxamine (trẻ ≥ 2 tuổi, người lớn; thalassemia hoặc thiếu máu khác).
- Điều trị quá tải sắt ở thalassemia không phụ thuộc truyền máu (≥ 10 tuổi).",,100ml/kg,28mg/kg/ngày,"- Suy thận, gan
- Rối loạn tiêu hoá
- Phản ứng da & quá mẫn
- Rối loạn thính giác/thị giác
- Rối loạn huyết học",Không khuyến cáo dùng thuốc khi cho con bú,"- Không phối hợp với các thuốc/biện pháp thải sắt khác (chống chỉ định)
- Thức ăn: bữa giàu béo ↑ nồng độ thuốc → nên dùng lúc đói hoặc bữa nhẹ, cùng giờ mỗi ngày
- Giảm hiệu quả JADENU: thuốc cảm ứng UGT (rifampicin, carbamazepin, phenytoin, phenobarbital, ritonavir), cholestyramin
- CYP3A4: có thể giảm nồng độ thuốc chuyển hóa qua CYP3A4 (midazolam, ciclosporin, statin, thuốc tránh thai…)
- CYP2C8: ↑ repaglinide → tránh phối hợp
- CYP1A2: ↑ theophylline → không khuyến cáo phối hợp",,"Nhiệt độ < 30°C , tránh ẩm",https://drive.google.com/file/d/19vyXEYEnLNa3clvMA4Faqf5VhyhgX40C/view?usp=drivesdk,
Deferasirox,360mg,Jadenu,viên nén bao phim,Ruman,"- Điều trị quá tải sắt mạn do truyền máu (β-thalassemia, ≥ 6 tuổi).
- Dùng khi không dùng được/không đáp ứng deferoxamine (trẻ ≥ 2 tuổi, người lớn; thalassemia hoặc thiếu máu khác).
- Điều trị quá tải sắt ở thalassemia không phụ thuộc truyền máu (≥ 10 tuổi).",,100ml/kg,28mg/kg/ngày,"- Suy thận, gan
- Rối loạn tiêu hoá
- Phản ứng da & quá mẫn
- Rối loạn thính giác/thị giác
- Rối loạn huyết học",Không khuyến cáo dùng thuốc khi cho con bú,"- Không phối hợp với thuốc thải sắt khác
- Thức ăn nhiều chất béo => tăng nồng độ thuốc
- Thuốc cảm ứng UGT => giảm nồng độ thuốc
- Tương tác qua CYP3A4, CYP2C8, CYP1A2
- Thận trọng khi dùng cùng NSAIDs, corticosteroid, bisphosphonate (nguy cơ xuất huyết tiêu hoá)",,"Nhiệt độ < 30°C , tránh ẩm",https://drive.google.com/file/d/19vyXEYEnLNa3clvMA4Faqf5VhyhgX40C/view?usp=drivesdk,
Sitagliptin + metformin,50mg+850mg,Janumet,viên nén bao phim,Hà Lan,"- Đái tháo đường typ 2
- Điều trị khởi đầu ở bệnh nhân chưa kiểm soát tốt đường huyết.
- Thay thế khi đang dùng sitagliptin + metformin riêng lẻ.
- Phối hợp với: Sulfonylurea (điều trị 3 thuốc), chất đồng vận PPARγ (thiazolidinedione), Insulin.","- Suy thận nặng (eGFR < 30 mL/phút/1,73 m²).
- Quá mẫn với sitagliptin, metformin hoặc tá dược.
- Nhiễm toan chuyển hóa (kể cả toan ceton).
- Tình trạng thiếu oxy mô cấp/mạn, suy gan.
- Nghiện rượu, ngộ độc rượu cấp, phụ nữ cho con bú.",50mg/850mg,<100mg Sitagliptin,"- Không dùng cho ĐTĐ typ 1 hoặc nhiễm toan ceton.
- Có nguy cơ viêm tụy cấp.","-Thai kỳ: Không khuyến cáo dùng JANUMET (thiếu dữ liệu an toàn).
- Cho con bú: Không dùng (chưa rõ an toàn, thuốc có thể vào sữa).","- Tương tác thuốc: Sitagliptin + metformin ít tương tác, không ảnh hưởng lâm sàng đáng kể với đa số thuốc thường dùng.",Viêm tuỵ và phản ứng quá mẫn,Nhiệt độ < 30°C,https://drive.google.com/file/d/10Y_w06oPvPZKUu9PHRwKNCSAJbYiCAXQ/view?usp=drivesdk,
Sitagliptin + metformin,50mg+1000mg,Janumet,viên nén bao phim,Hà Lan,"- Đái tháo đường typ 2
- Điều trị khởi đầu ở bệnh nhân chưa kiểm soát tốt đường huyết.
- Thay thế khi đang dùng sitagliptin + metformin riêng lẻ.
- Phối hợp với: Sulfonylurea (điều trị 3 thuốc), chất đồng vận PPARγ (thiazolidinedione), Insulin.","- Suy thận nặng (eGFR < 30 mL/phút/1,73 m²).
- Quá mẫn với sitagliptin, metformin hoặc tá dược.
- Nhiễm toan chuyển hóa (kể cả toan ceton).
- Tình trạng thiếu oxy mô cấp/mạn, suy gan.
- Nghiện rượu, ngộ độc rượu cấp, phụ nữ cho con",50mg/1000mg,<100mg Sitagliptin,"- Không dùng cho ĐTĐ typ 1 hoặc nhiễm toan ceton.
- Có nguy cơ viêm tụy cấp.","-Thai kỳ: Không khuyến cáo dùng JANUMET (thiếu dữ liệu an toàn).
- Cho con bú: Không dùng (chưa rõ an toàn, thuốc có thể vào sữa).","- Tương tác thuốc: Sitagliptin + metformin ít tương tác, không ảnh hưởng lâm sàng đáng kể với đa số thuốc thường dùng.",Viêm tuỵ và phản ứng quá mẫn,Nhiệt độ < 30°C,https://drive.google.com/file/d/10Y_w06oPvPZKUu9PHRwKNCSAJbYiCAXQ/view?usp=drivesdk,
Sitagliptin,100mg,Januvia,viên nén bao phim,Anh,"- Điều trị đái tháo đường typ 2, hỗ trợ ăn kiêng và vận động.
- Dùng đơn trị hoặc phối hợp với metformin, sulfonylurea, PPARγ, hay insulin (có/không metformin) khi chưa kiểm soát tốt đường huyết.",,"100 mg/ngày, uống 1 lần, có hoặc không cùng thức ăn.","100 mg/ngày, uống 1 lần, có hoặc không cùng thức ăn.","- Không dùng cho ĐTĐ typ 1 hoặc nhiễm toan ceton.
- Nguy cơ viêm tụy cấp → ngừng thuốc nếu đau bụng dữ dội, kéo dài.
- Suy thận: đánh giá eGFR trước/định kỳ, giảm liều khi eGFR < 45.
- Hạ đường huyết khi phối hợp SU/insulin → cân nhắc giảm liều.
-Quá mẫn nặng (phản vệ, SJS) và bóng nước pemphigoid → ngừng thuốc, đi khám.",Không khuyến cáo sử dụng thuốc cho phụ nữ có thai và cho con bú,"- Ít tương tác lâm sàng, không ảnh hưởng đáng kể CYP450.
- Digoxin, cyclosporin: tăng nhẹ nồng độ → không cần chỉnh liều.
- Dùng với SU hoặc insulin: ↑ nguy cơ hạ đường huyết → cân nhắc giảm liều.","Viêm tuỵ, phản ứng quá mấn , hạ huyết áp khi dùng cùng sulphonylurea",Nhiệt độ < 30°C,https://drive.google.com/file/d/1Ufehq-_3HBTThN4rMBdwDy6smi4U50sv/view?usp=drivesdk,
Sitagliptin,50mg,Januvia,viên nén bao phim,Anh,"- Điều trị đái tháo đường typ 2, hỗ trợ ăn kiêng và vận động.
- Dùng đơn trị hoặc phối hợp với metformin, sulfonylurea, PPARγ, hay insulin (có/không metformin) khi chưa kiểm soát tốt đường huyết.",,"Liều khuyến cáo chung: 100 mg/ngày, uống 1 lần, có hoặc không cùng thức ăn.",,"- Không dùng cho ĐTĐ typ 1 hoặc nhiễm toan ceton.
- Nguy cơ viêm tụy cấp → ngừng thuốc nếu đau bụng dữ dội, kéo dài.
- Suy thận: đánh giá eGFR trước/định kỳ, giảm liều khi eGFR < 45.
- Hạ đường huyết khi phối hợp SU/insulin → cân nhắc giảm liều.
- Quá mẫn nặng (phản vệ, SJS) và bóng nước pemphigoid → ngừng thuốc, đi khám.",Không khuyến cáo sử dụng thuốc cho phụ nữ có thai và cho con bú,"- Ít tương tác lâm sàng, không ảnh hưởng đáng kể CYP450.
- Digoxin, cyclosporin: tăng nhẹ nồng độ → không cần chỉnh liều.
- Dùng với SU hoặc insulin: ↑ nguy cơ hạ đường huyết → cân nhắc giảm liều.","Viêm tuỵ, phản ứng quá mấn , hạ huyết áp khi dùng cùng sulphonylurea",Nhiệt độ < 30°C,https://drive.google.com/file/d/1Ufehq-_3HBTThN4rMBdwDy6smi4U50sv/view?usp=drivesdk,
Empagliflozin,10mg,JARDIANCE,viên nén bao phim,Đức,"- Đái tháo đường týp 2 , suy tim","- Quá mẫn, có bệnh lý di truyền hiếm gặp",10mg một lần trong ngày,25mg một lần trong ngày,"- Nhiễm toan xê tôn
- Viêm cân mạc hoại tử vùng đáy chậu
- Suy thận
- Tổn thương gan
- Nhiễm khuẩn đường tiết niệu có biến chứng
- Xét nghiệm nước tiểu
- Bệnh nhân cao tuổi, bệnh lí di truyền hiếm gặp bất dung nạp galactose",- Ngừng cho con bú khi điều trị với thuốc,"- Lợi tiểu (thiazid, quai): ↑ mất nước, hạ huyết áp
- Insulin & sulfonylurea: ↑ hạ đường huyết → cân nhắc giảm liều
- Xét nghiệm 1,5-AG: không đánh giá đúng kiểm soát đường huyết khi dùng SGLT2","- Hạ đường huyết: chủ yếu khi phối hợp insulin hoặc sulfonylurea
- Mất nước, hạ huyết áp, choáng váng
- Nhiễm nấm sinh dục – tiết niệu
- Tăng tiểu tiện
- Suy thận cấp (hiếm) liên quan mất nước
- Nhiễm toan ceton (hiếm, có thể không tăng glucose nhiều)",Nhiệt độ < 30°C,https://drive.google.com/file/d/1k9rnXNhtEdMinqpUcPyMhYY0VQcEcc31/view?usp=sharing,
Deferasirox,180mg,Jasirox Tab 180,viên nén,Ấn Độ,"- Thải sắt mạn tính do:
+ Truyền máu thường xuyên (thalassemia, thiếu máu mạn)
+ Không do truyền máu nhưng có quá tải sắt","- Quá mẫn với deferasirox
- Suy thận nặng (ClCr < 40 mL/phút)
- Suy gan nặng
- Trẻ < 2 tuổi","- Khởi đầu: 20 mg/kg/ngày
- Điều chỉnh: 10–30 mg/kg/ngày theo ferritin huyết thanh",40 mg/kg/ngày,"- Suy thận, suy gan
- Người cao tuổi
- Mất nước, nhiễm trùng
- Theo dõi creatinin, men gan, ferritin","- Thai kỳ: Chỉ dùng khi lợi ích > nguy cơ
- Cho con bú: Không khuyến cáo (ngưng cho bú hoặc ngưng thuốc)","- ↑ độc tính khi dùng cùng NSAIDs, aminoglycosid
- Giảm nồng độ thuốc chuyển hóa qua CYP3A4
- Tránh dùng cùng thuốc độc thận","- Tiêu hóa: buồn nôn, tiêu chảy, đau bụng
-:Da: phát ban
- Thận: ↑ creatinin
- Gan: ↑ men gan
- Hiếm: suy thận, suy gan, xuất huyết tiêu hóa","Nơi khô ráo, nhiệt độ < 30°C , tránh ánh sáng, ẩm",https://drive.google.com/file/d/19Z-P63swV8j31O-7-qeFoyGOkmcDWMkc/view?usp=sharing,
Acetylsalicylic acid+ clopidogrel,100mg + 75mg,Kaclocide plus,viên nén bao phim,Việt Nam,"- Phòng ngừa thứ phát xơ vữa động mạch ở người lớn đã dùng clopidogrel + aspirin
- Hội chứng vành cấp không ST chênh (± đặt stent)
- Nhồi máu cơ tim ST chênh đã điều trị tái tưới máu","- Quá mẫn với clopidogrel, aspirin hoặc bất kỳ thành phần nào của thuốc
- Suy gan nặng
- Chảy máu bệnh lý: loét dạ dày–tá tràng, xuất huyết nội sọ
- Quá mẫn NSAIDs, hen suyễn, viêm mũi, polyp mũi
-Bệnh lý dưỡng bào (nguy cơ phản ứng quá mẫn/sốc)
- Suy thận nặng (ClCr < 30 mL/phút)
- Phụ nữ có thai 3 tháng cuối",1 viên/ ngày,1 viên/ ngày,"- Nguy cơ chảy máu: theo dõi xuất huyết; thận trọng khi dùng cùng NSAIDs, heparin, thuốc tiêu sợi huyết, SSRI; ngưng trước phẫu thuật ~7 ngày.
- Rối loạn huyết học hiếm: TTP, hemophilia mắc phải → ngưng thuốc, điều trị chuyên khoa.
- Đột quỵ/TIA gần đây: phối hợp aspirin + clopidogrel ↑ nguy cơ chảy máu.
- CYP2C19: tránh dùng cùng thuốc ức chế mạnh/trung bình (giảm hiệu quả clopidogrel).
- Quá mẫn thienopyridine: nguy cơ phản ứng chéo; thận trọng người hen/dị ứng.
- Do aspirin: thận trọng gout, thiếu G6PD, trẻ <18t (Reye), tránh rượu.
- Tiêu hóa: tiền sử loét/xuất huyết dạ dày → theo dõi sát.
- Tá dược: không dùng nếu không dung nạp galactose/fructose; dầu thầu dầu có thể gây tiêu chảy nhẹ.","- Phụ nữ có thai:
+ Không khuyến cáo dùng, đặc biệt 3 tháng cuối thai kỳ (aspirin chống chỉ định).
+ Chỉ dùng khi thật sự cần thiết, cân nhắc lợi ích > nguy cơ.
- Phụ nữ cho con bú:
+ Khuyến cáo ngừng cho con bú khi cần dùng thuốc (biện pháp an toàn).","- Tăng nguy cơ chảy máu khi dùng với: thuốc kháng đông đường uống (warfarin), heparin, thuốc ức chế GP IIb/IIIa, thuốc tiêu sợi huyết, NSAIDs, SSRIs.
- Giảm hiệu quả clopidogrel khi dùng với ức chế CYP2C19 (đặc biệt omeprazole, esomeprazole → nên tránh).
- Pantoprazole/lansoprazole: có thể dùng thay thế (ít ảnh hưởng hơn).","- Thường gặp: xuất huyết (bầm, chảy máu cam, tiêu hóa), đau bụng, tiêu chảy, khó tiêu, phát ban
- Ít gặp: giảm tiểu cầu/bạch cầu, đau đầu, chóng mặt, loét dạ dày–tá tràng, kéo dài thời gian chảy máu
- Hiếm – nặng: xuất huyết nội sọ/ sau phúc mạc, suy tủy, phản vệ, tổn thương gan, SJS/TEN, suy thận","Nơi khô ráo, nhiệt độ < 30°C , tránh ánh sáng.",https://drive.google.com/file/d/1B75G1mMMDRjT34u9lxmO3sy1hnZ8K9-6/view?usp=sharing,
Kali clorid,500mg,Kali clorid,viên nén,Việt Nam,"- Do dùng thuốc lợi tiểu, thuốc trợ tim, corticosteroid kéo dài.
- Do tiêu chảy, nôn mửa kéo dài gây mất kali.
- Đồng thời điều chỉnh giảm clorid huyết thường đi kèm.","- Tăng kali huyết (K+ > 5 mmol/L), nguy cơ gây ngừng tim.
- Chống chỉ định kali clorid dạng viên khi có chèn ép thực quản, chậm tiêu dạ dày, tắc ruột, hẹp môn vị.
- Tăng clorid huyết.","- Người lớn: 40–80 mmol/ngày (phòng hạ kali hoặc thiếu nhẹ).
- Trẻ ≤ 8 tuổi: 1–2 mmol/kg/ngày.
- Người cao tuổi: thấp hơn người lớn, tùy chức năng thận.","- Người lớn: 120 mmol/ngày (thiếu kali nặng, cần theo dõi chặt kali huyết).","- Theo dõi kali huyết trước và trong điều trị.
- Thận trọng ở người suy thận, suy thượng thận, bệnh tim, mất nước, bỏng nặng, người dùng lợi tiểu giữ kali.
- Thận trọng ở người cao tuổi, phụ nữ có thai và cho con bú; ngừng thuốc nếu nôn nhiều, đau bụng.
- Theo dõi điện giải, điều chỉnh hạ magnesi huyết nếu có.
- Tránh phối hợp thuốc làm tăng kali huyết; không dùng ngay sau phẫu thuật khi chưa có nước tiểu.","- Phụ nữ có thai: dùng thận trọng, vì tăng hoặc giảm kali đều có thể ảnh hưởng tim mẹ và thai.
- Phụ nữ cho con bú: an toàn nếu kali huyết của mẹ được duy trì trong giới hạn sinh lý.","- Tăng mất kali: amphotericin B, corticosteroid, ACTH, gentamicin, penicillin → cần theo dõi kali huyết.
- Tăng kali huyết: ức chế men chuyển, NSAID, chẹn beta, cyclosporin, heparin, lợi tiểu giữ kali, chất thay thế muối, máu lưu trữ lâu → nguy cơ ngừng tim, nhất là suy thận.
- Giảm kali huyết: insulin, natri bicarbonat, glucose (không dùng glucose lúc đầu điều trị hạ kali).
- Tim mạch/tiêu hóa: thận trọng với muối calci tiêm, digitalis, thuốc kháng muscarin.","- Nguy cơ chung: dùng kéo dài hoặc quá liều có thể gây tăng kali huyết, sớm biểu hiện bằng rối loạn nhịp tim (đặc biệt ở người suy thận).
- Thường gặp (>1/100): tiêu chảy, buồn nôn, nôn, đau dạ dày, đầy bụng nhẹ.
- Ít gặp (1/1000–1/100): tăng kali huyết, nhịp tim chậm hoặc không đều, tê bì hoặc cảm giác kim châm tay chân môi, yếu chi, thở nông hoặc khó thở.","Nhiệt độ < 30°C , nơi khô ráo, tránh ánh sáng.",https://drive.google.com/file/d/15xpGFPAnkAwYoz7UXmA1J6VXcelgOtrA/view?usp=drivesdk,
Furosemid + spironolacton,20mg+50mg,Kamedazol,viên nén bao phim,Việt Nam,"- Phù kháng thuốc do cường aldosteron thứ phát (suy tim, xơ gan)
- Dùng khi lợi tiểu đơn trị không hiệu quả
- Phối hợp liều cố định: chỉ dùng sau khi đã chuẩn độ từng thành phần
- THA vô căn: hạn chế dùng, chỉ khi cường aldosteron","- Quá mẫn, suy gan, suy thận",Người lớn: 1-4 viên/ ngày.,4 viên/ ngày,"- Có thể gây thay đổi giọng nói → thận trọng nếu nghề nghiệp cần giọng nói
- Đảm bảo lượng nước tiểu; nguy cơ ứ dịch cấp ở BN tắc nghẽn đường tiểu (phì đại TLT, giảm niệu)
- Điều chỉnh trước các tình trạng hạ huyết áp / giảm thể tích máu","- Có thai: Chỉ dùng khi thật cần thiết. Furosemid và spironolacton qua nhau thai; spironolacton có nguy cơ ảnh hưởng cơ quan sinh dục thai. Theo dõi sự phát triển thai nhi.
- Cho con bú: Không dùng. Furosemid vào sữa và ức chế tiết sữa; chất chuyển hóa của spironolacton có trong sữa mẹ.","- Thuốc hạ HA, lợi tiểu, glycosid tim: tăng nguy cơ hạ HA → cần chỉnh liều.
- ACEI/ARB, muối kali, thuốc giữ kali, NSAIDs: ↑ nguy cơ tăng kali huyết, suy thận.
- Lợi tiểu mạnh: ↑ độc tính thận.
- Sucralfat: ↓ hấp thu furosemid → uống cách nhau ≥ 2 giờ.
- Lithium: ↑ nồng độ lithium → nguy cơ ngộ độc .
- Aminoglycosid, cisplatin: ↑ độc tai và độc thận.
- Digoxin: ↑ nồng độ/độc tính.
- NSAIDs, aspirin: ↓ hiệu quả lợi tiểu, ↑ nguy cơ suy thận.
- Phenytoin: ↓ hiệu quả thuốc.
- Carbamazepin: nguy cơ hạ natri huyết.
- Corticosteroid, cam thảo: giữ Na⁺, ↑ hạ K⁺.
- Probenecid, methotrexat: ↓ thải trừ → ↑ tác dụng phụ.","Tần suất không rõ: giảm bạch cầu; chóng mặt, đau đầu, ngất, lú lẫn; rối loạn điện giải, giảm Ca²⁺/K⁺, mất nước, tăng creatinin/urê; ù tai, giảm thính lực; hạ HA; tăng men gan,...","Nơi khô ráo, nhiệt độ < 30°C , tránh ánh sáng.",https://drive.google.com/file/d/1vyrrNXjsUoDZ75vwOS-MaZVViuI3PBuX/view?usp=drivesdk,
Methyl prednisolon,16mg,Kapredin,viên nén,Việt Nam,"- Rối loạn nội tiết, thấp khớp, huyết học
- Bệnh collagen/ viêm động mạch
- Bệnh về mắt/ đường tiêu hoá/ hô hấp
- Bệnh về da, dị ứng, lao màng lão","Quá mẫn, nhiễm trùng toàn thân",1 liều duy nhất hoặc chia liều,360 mg/ngày,"- Ức chế miễn dịch → tăng/che lấp nhiễm khuẩn
- Dùng liều thấp nhất, giảm liều từ từ
- Thận trọng phối hợp NSAIDs/aspirin
- Trẻ em: theo dõi tăng trưởng, ưu tiên cách ngày
- Người cao tuổi: loãng xương, THA, ĐTĐ, nhiễm trùng
- Tránh nếu không dung nạp lactose","- Phụ nữ có thai:
+ Chỉ dùng khi thật cần thiết, theo dõi sự phát triển thai.
+ Dùng kéo dài/liều cao: có thể gây nhẹ cân sơ sinh, hiếm gặp suy thượng thận ở trẻ.
- Phụ nữ cho con bú:
+ Corticosteroid bài tiết qua sữa mẹ.
+ Có thể ảnh hưởng tăng trưởng và ức chế sản xuất glucocorticoid nội sinh ở trẻ.
+ Chỉ dùng khi lợi ích cho mẹ > nguy cơ cho trẻ.","- CYP3A4: Ức chế → ↑ nồng độ; Cảm ứng → ↓ hiệu quả
- NSAID/aspirin: ↑ loét, xuất huyết tiêu hóa
- Chống đông: thay đổi tác dụng → theo dõi INR
- Hạ đường huyết: ↑ glucose máu
- Giảm kali: ↑ nguy cơ hạ K⁺
- Aminoglutethimid: ↓ hiệu quả (tránh phối hợp)","- Giữ muối nước → phù, tăng huyết áp
- Tăng đường huyết, tăng cân
- Loét/kích ứng dạ dày
- Rối loạn tâm thần nhẹ: mất ngủ, thay đổi cảm xúc
- Teo da, mụn, chậm lành vết thương
- Yếu cơ, loãng xương (dùng kéo dài)
- Tăng nguy cơ nhiễm trùng","Bảo quản trong bao bì kín, nơi khô ráo, tránh ánh sáng, ở nhiệt độ không quá 30°C.",https://drive.google.com/file/d/1I5NzwTUzROJJwNgEk935DrCjf8fx0yQk/view?usp=drivesdk,
Enalapril + hydrochlorothiazid,"10mg + 12,5mg","KENZUDA 10/12,5",viên nén,Việt Nam,"Điều trị tăng huyết áp, đặc biệt khi đơn trị liệu không hiệu quả","- Quá mẫn với enalapril, hydrochlorothiazide, sulfonamid
-Tiền sử phù mạch do ACEI
- Suy thận nặng, vô niệu
- Suy gan nặng
- Phụ nữ có thai
- Hẹp động mạch thận hai bên","1 viên/ngày. Uống buổi sáng, có thể uống cùng hoặc không cùng thức ăn",2 viên/ngày,"- Người cao tuổi
- Suy thận, suy gan
- Mất nước, rối loạn điện giải
- Đái tháo đường
- Theo dõi huyết áp, creatinin, kali máu","- Thai kỳ: Chống chỉ định (gây độc cho thai)
- Cho con bú: Không khuyến cáo dùng","- Thuốc lợi tiểu khác → tụt huyết áp mạnh
- NSAIDs → giảm tác dụng hạ áp, tăng nguy cơ suy thận
- Thuốc giữ kali, bổ sung kali → tăng kali máu
- Lithium → tăng độc tính lithium","- Thường gặp: ho khan, chóng mặt, nhức đầu, mệt
- Tiêu hóa: buồn nôn, tiêu chảy
- Điện giải: hạ natri, hạ kali
- Hiếm: tụt huyết áp, suy thận, phù mạch","Bảo quản nơi khô ráo, tránh ánh sáng, ở nhiệt độ không quá 30°C.",https://drive.google.com/file/d/1kBJG7BsddXzgDPvLLK4-tZUnv4S1tDIe/view?usp=sharing,
Levetiracetam,500mg,Keppra,viên nén bao phim,Bỉ,"- Đơn trị liệu: Cơn động kinh khởi phát cục bộ ± toàn thể hóa thứ phát → Người ≥16 tuổi, mới chẩn đoán động kinh.
- Điều trị phối hợp:
+ Cơn khởi phát cục bộ ± toàn thể hóa thứ phát → Người lớn & trẻ ≥4 tuổi
+ Cơn giật cơ → Người lớn & trẻ ≥12 tuổi (động kinh giật cơ thiếu niên)
+ Cơn co cứng–co giật toàn thể tiên phát → Người lớn & trẻ ≥12 tuổi (động kinh toàn thể vô căn)","- Quá mẫn với levetiracetam, các dẫn xuất pyrrolidone hoặc bất kỳ tá dược nào của thuốc.",500mg/ 2 lần/ ngày,1500mg/ 2 lần/ ngày,"- Giảm liều từ từ khi ngừng thuốc.
- Chỉnh liều ở bệnh nhân suy thận/suy gan.
- Theo dõi công thức máu.
- Theo dõi rối loạn tâm thần, ý nghĩ/hành vi tự tử.
- Có thể gây kích động, thay đổi hành vi.
- Không phù hợp cho trẻ <6 tuổi (dạng viên).","- Thai kỳ: Ưu tiên đơn trị, không ngừng thuốc đột ngột; dùng liều thấp nhất hiệu quả, theo dõi nồng độ thuốc.
- Cho con bú: Levetiracetam qua sữa mẹ → không khuyến cáo, cân nhắc lợi ích/nguy cơ nếu cần dùng.","- Ít tương tác: Không ảnh hưởng đáng kể với đa số thuốc chống động kinh khác.
- Probenecid: ↑ nồng độ chất chuyển hóa (không cần chỉnh liều).
- Methotrexate: ↑ độc tính → theo dõi nồng độ.
- Thuốc tránh thai, digoxin, warfarin: Không ảnh hưởng.
- Macrogol (thuốc nhuận tràng): Giảm hấp thu → uống cách ≥1 giờ.
- Thức ăn: Không ảnh hưởng đáng kể; rượu: chưa có dữ liệu rõ → nên tránh.","- Thường gặp: buồn ngủ, đau đầu, chóng mặt, mệt mỏi.
- Tâm thần: cáu gắt, lo âu, trầm cảm; hiếm: ý nghĩ/hành vi tự tử.
- Thần kinh: rối loạn thăng bằng, run.
- Tiêu hóa: buồn nôn, nôn, tiêu chảy.
- Da: phát ban; hiếm: SJS/DRESS.
- Huyết học/Thận: hiếm giảm tế bào máu, tổn thương thận cấp.",Nhiệt độ < 30°C,https://drive.google.com/file/d/17jyR2w2Nahijlj1HKU66n4v1KdMQY3lQ/view?usp=sharing,
"Calci-3-methyl-2-oxovalerat + calci-4-methyl-2-oxovalerat + calci-2-oxo-3-phenylpropionat + calci-3-methyl-2-oxobutyrat + calci-DL-2-hydroxy-4-methylthiobutyrat + L-lysin acetat + L-threonin + L-tryptophan + L-histidin + L-tyrosin (*)Acid (RS)-3-methyl-2-oxovaleric(α-ketoanalogue to DL-isoleucin), muối calci 67,0 mg; Acid 4-methyl-2-oxovaleric (α-ketoanalogue to leucin), muối calci 101,0 mg; Acid 2-oxo-3-phenylpropionic (α-ketoanalogue to phenylalanin), muối calci 68,0 mg; Acid 3-methyl-2-oxobutyric (α-ketoanalogue to valin), muối calci 86,0 mg; Acid (RS)-2-hydroxy-4-methylthio-butyric (α-hydroxyanalogue to DL-methionin), muối calci 59,0 mg; L-lysin acetat 105,0 mg (tương đương với 75 mg L-lysin); L-threonin 53,0 mg; L-tryptophan 23,0 mg; L-histidin 38,0 mg; L-tyrosin 30,0 mg.",67 mg + 101 mg+ 68 mg+ 86 mg+ 59 mg+ 105 mg+ 53 mg+ 23 mg+ 38 mg+ 30 mg,Ketosteril,viên nén bao phim,Bồ Đào Nha,"- Phòng và điều trị rối loạn hoặc giảm chuyển hóa protein ở bệnh nhân suy thận mạn
- Dùng khi chế độ ăn hạn chế protein ≤ 0,6 g/kg/ngày
- Thường chỉ định cho bệnh nhân GFR < 25 ml/phút","- Quá mẫn với bất kỳ thành phần nào của thuốc
- Tăng calci huyết
- Rối loạn chuyển hóa acid amin","- 4–8 viên/lần × 3 lần/ngày
- Uống trong bữa ăn
- Áp dụng cho người lớn (~70 kg)",Theo chỉ định bác sĩ (thường không vượt quá liều khuyến cáo),"- Theo dõi calci huyết thanh định kỳ
- Thận trọng ở bệnh nhân phenylketon niệu
- Theo dõi phosphat huyết nếu dùng chung thuốc chứa hydroxid nhôm
- Chưa có đủ dữ liệu dùng cho trẻ em","- Sử dụng cho phụ nữ có thai
+ Chưa có đủ dữ liệu lâm sàng
+ Chỉ dùng khi lợi ích vượt trội nguy cơ, cần thận trọng
- Sử dụng cho phụ nữ cho con bú
+ Chưa có dữ liệu về tính an toàn → cân nhắc khi dùng","- Thuốc chứa calci → tăng nguy cơ offer calci huyết
- Tetracyclin, quinolon, sắt, fluor → giảm hấp thu, dùng cách Ketosteril ≥ 2 giờ
- Hydroxid nhôm → có thể giảm phosphat huyết","- Tăng calci huyết (hiếm).
- Rối loạn tiêu hoá nhẹ: buồn nôn, khó chịu bụng.
- Hiếm: phản ứng quá mẫn","Bảo quản nơi khô, nhiệt độ không quá 30°C",https://drive.google.com/file/d/1wDhqBwrH29yxBYWY_cM8lxLn7iBl17xo/view?usp=sharing,
Clarithromycin,500mg,Klacid MR,viên nén bao phim giải phóng biến đổi,Ý,"- Nhiễm trùng đường hô hấp trên và dưới
- Nhiễm trùng da và mô mềm
- Nhiễm trùng răng
- Phối hợp điều trị Helicobacter pylori","- Quá mẫn với clarithromycin/macrolid
- Dùng cùng cisapride, pimozide, astemizole, terfenadine
- Dùng cùng ergotamine, dihydroergotamine, midazolam uống
- Tiền sử kéo dài QT, loạn nhịp thất, hạ kali máu
- Suy gan nặng kèm suy thận
- Dùng cùng simvastatin hoặc lovastatin","Người lớn, trẻ ≥12 tuổi: 500 mg/ngày, uống trong bữa ăn, 5–14 ngày",1.000 mg/ngày,"- Bệnh gan, thận, người cao tuổi
- Bệnh tim, nguy cơ kéo dài QT
- Dùng kéo dài có thể gây bội nhiễm
- Tiêu chảy nặng/nghi viêm đại tràng giả mạc","- Thai kỳ: chỉ dùng khi lợi ích vượt nguy cơ (tránh 3 tháng đầu)
- Cho con bú: thận trọng, cân nhắc ngừng cho bú","- Thuốc kéo dài QT
- Statin chuyển hóa qua CYP3A4
- Warfarin, colchicine
- Thuốc cảm ứng/ức chế CYP3A4 (rifampicin, phenytoin, carbamazepine, ritonavir…)","- Thường gặp: buồn nôn, tiêu chảy, đau bụng, rối loạn vị giác
- Ít gặp/hiếm: tăng men gan, phát ban, loạn nhịp, phản ứng da nặng","Nơi khô, dưới 30°C, tránh ánh sáng, xa tầm tay trẻ em",https://drive.google.com/file/d/1xImJ_zyUTkkM7-p8rDfL0yu3gnkjpSED/view?usp=sharing,
Amoxicilin (dưới dạng Amoxicilin trihydrat); Acid clavulanic (dưới dạng Clavulanat kali),500mg+125mg,Koact 625,viên nén bao phim,Ấn Độ,Nhiễn khuẩn do vi khuẩn nhạy cảm,"- Quá mẫn, vàng da, rối loạn chức năng gan",1 viên x2 lần/ ngày,1 viên × 2 lần/ngày,"- Dị ứng beta-lactam → ngừng thuốc
- Có thể phản vệ/ban da nặng
- Suy thận, liều cao → co giật
- Tránh khi tăng bạch cầu đơn nhân
- Dùng allopurinol ↑ dị ứng
- Dùng dài → bội nhiễm","- Thai kỳ: Không tăng dị tật bẩm sinh; tránh dùng khi mang thai trừ khi thật cần (nguy cơ viêm ruột hoại tử ở trẻ sinh non).
- Cho con bú: Qua sữa mẹ → có thể gây tiêu chảy, nhiễm nấm ở trẻ; chỉ dùng khi lợi ích > nguy cơ.","- Warfarin/acenocoumarol: có thể ↑ INR → theo dõi.
- Methotrexate: ↑ độc tính.
- Probenecid: ↑ nồng độ amoxicillin (không khuyến cáo).
- Mycophenolate mofetil: ↓ nồng độ MPA → theo dõi.","- Tiêu chảy, buồn nôn/nôn; ban da, ngứa.
- Hiếm: tăng men gan, phản ứng da nặng (SJS/TEN, AGEP), viêm gan, co giật.","Nhiệt độ < 30°C , nơi khô ráo, tránh ánh sáng.",https://drive.google.com/file/d/1vZ49WJsB5J7CbnYi7Q3btDEGHVDn_RSO/view?usp=drivesdk,
Levodopa + carbidopa,250mg + 25mg,Levodopa/Carbidopa 250/25,viên nén,Việt Nam,"Điều trị bệnh Parkinson và hội chứng Parkinson (run, cứng đờ, giảm vận động).","- Quá mẫn với levodopa, carbidopa.
- Glaucom góc hẹp.
- U hắc tố ác tính hoặc nghi ngờ.
- Dùng đồng thời hoặc trong vòng 14 ngày với IMAO không chọn lọc.","- Khởi đầu: 1 viên x 1–2 lần/ngày.
- Điều chỉnh dần theo đáp ứng.",Levodopa ≤ 800 mg/ngày (tùy phác đồ và dung nạp).,"- Bệnh tim mạch, loạn nhịp, loét dạ dày, rối loạn tâm thần.
- Người cao tuổi, bệnh gan thận.
- Không ngừng thuốc đột ngột.","- Có thai: chỉ dùng khi thật cần thiết, cân nhắc lợi ích/nguy cơ.
- Cho con bú: không khuyến cáo (levodopa có thể bài tiết qua sữa).","- IMAO không chọn lọc: tăng nguy cơ cơn tăng huyết áp (CCĐ).
- Thuốc an thần, chống loạn thần: giảm hiệu quả levodopa.
- Vitamin B6 (liều cao): giảm tác dụng levodopa (ít ảnh hưởng khi có carbidopa).
- Thức ăn giàu protein: giảm hấp thu thuốc.","- Thường gặp: buồn nôn, nôn, chán ăn, chóng mặt, hạ HA tư thế.
- Thần kinh: rối loạn vận động, loạn trương lực, ảo giác, lú lẫn.
- Tim mạch: đánh trống ngực, loạn nhịp (hiếm).","Nơi khô, dưới 30°C, tránh ánh sáng, xa tầm tay trẻ em.",https://drive.google.com/file/d/1GOAvu08htNaPlvC-q-ReNI4ZqSVcjjxv/view?usp=sharing,
Levothyroxin (muối natri),50mcg,Levothyrox,viên nén,Đức,"- Điều trị bướu giáp đơn thuần lành tính
- Dự phòng tái phát sau mổ bướu giáp
- Điều trị thay thế suy giáp
- Điều trị ức chế trong ung thư giáp
- Phối hợp thuốc kháng giáp trong cường giáp",,"- Người lớn: 1,6–1,8 mcg/kg/ngày.
- Người cao tuổi: Khởi đầu 12,5–25 mcg/ngày, tăng dần; liều duy trì thường 50–100 mcg/ngày.
- Trẻ em: 10–15 mcg/kg/ngày.
- Trẻ lớn: khoảng 2–4 mcg/kg/ngày.",Thường ≤ 200 mcg/ngày; hiếm khi cần > 200–300 mcg/ngày,"- Loại trừ bệnh tim, suy tuyến yên/thượng thận trước điều trị.
- Khởi liều thấp, tăng từ từ; theo dõi TSH/FT4.
- Tránh cường giáp do thuốc, đặc biệt ở bệnh tim & phụ nữ mãn kinh (loãng xương).
- Không dùng để giảm cân.
- Thận trọng khi phối hợp orlistat, thuốc ĐTĐ, thuốc chống đông.","- Phụ nữ có thai: Dùng được, thường tăng liều; theo dõi TSH mỗi 3 tháng. An toàn ở liều điều trị; tránh liều cao, không phối hợp thuốc kháng giáp, không dùng iod phóng xạ.
- Cho con bú: Bài tiết vào sữa nhưng không gây hại cho trẻ ở liều điều trị.","- Giảm hấp thu: Nhôm, sắt, canxi, cholestyramine, sevelamer, orlistat, đậu nành → uống cách xa.
- Ảnh hưởng liều: Thuốc ĐTĐ, chống đông → theo dõi, chỉnh liều.
- Thay đổi hormon giáp: Phenytoin, carbamazepin, amiodarone, estrogen, TKIs → theo dõi TSH.","- Biểu hiện cường giáp: hồi hộp, nhịp nhanh/loạn nhịp, run, bồn chồn, mất ngủ, đổ mồ hôi, sụt cân, tiêu chảy, đau đầu.
- Hiếm: dị ứng da, phù mạch → Xử trí: giảm liều hoặc ngừng tạm, theo dõi, dùng lại khi ổn.",,https://drive.google.com/file/d/1IY41W6vfdPH_a7sacPeOHz6ghrrlm0iZ/view?usp=sharing,
Fenofibrat,200mg,Lipanthyl,viên nang cứng,Pháp,"- Điều trị tăng triglycerid máu đơn thuần (có hoặc không kèm HDL-C thấp)
- Tăng lipid máu hỗn hợp khi không dung nạp hoặc chống chỉ định statin
- Tăng lipid máu hỗn hợp ở bệnh nhân nguy cơ tim mạch cao khi triglycerid và HDL-C chưa kiểm soát tốt bằng statin
- Dùng bổ sung cùng chế độ ăn kiêng và biện pháp không dùng thuốc","- Suy gan, bệnh gan tiến triển, xơ gan ứ mật
- Suy thận nặng (eGFR < 30 mL/phút/1,73 m²)
- Viêm tụy cấp/mạn (trừ viêm tụy do tăng triglycerid nặng)
- Bệnh túi mật
- Dị ứng với fenofibrate, fibrate khác hoặc tá dược
- Trẻ em, phụ nữ cho con bú
- Tiền sử dị ứng ánh sáng với fibrate hoặc ketoprofen","Người lớn: 200 mg/ngày (1 viên/ngày), uống trong bữa ăn",200 mg/ngày,"- Theo dõi men gan định kỳ; ngưng thuốc nếu AST/ALT > 3 lần giới hạn bình thường
- Nguy cơ viêm cơ/tiêu cơ vân, tăng khi dùng cùng statin (đặc biệt ở người cao tuổi, suy thận, suy giáp)
- Theo dõi creatinin, chức năng thận (nhất là 3 tháng đầu)
- Thận trọng ở bệnh nhân có tiền sử bệnh túi mật, viêm tụy
- Thuốc không thay thế chế độ ăn kiêng","- Mang thai: Chỉ dùng khi lợi ích vượt trội nguy cơ, không khuyến cáo thường quy
- Cho con bú: Không dùng","- Thuốc chống đông đường uống: tăng nguy cơ chảy máu → cần giảm liều và theo dõi INR
- Statin/fibrate khác: tăng nguy cơ độc tính cơ
- Cyclosporin: tăng nguy cơ suy giảm chức năng thận
- Glitazone: có thể làm giảm HDL-cholesterol
- Thuốc chuyển hóa qua CYP2C9, CYP2C19: cần theo dõi chặt","- Thường gặp: rối loạn tiêu hóa (đau bụng, buồn nôn, tiêu chảy)
- Ít gặp: tăng men gan, phát ban, ngứa, đau đầu
- Hiếm: viêm tụy, sỏi mật, viêm cơ/tiêu cơ vân, rụng tóc, phản ứng da nặng (SJS)","Bảo quản trong bao bì gốc, nơi khô, tránh ẩm, dưới 30°C",https://drive.google.com/file/d/1_bOgabzfAmbvTsFGhZwG8iy1HzZp9B47/view?usp=sharing,
Fenofibrat,145mg,Lipanthyl NT 145 mg,viên nén bao phim,Ireland,"- Tăng triglycerid máu
- Rối loạn lipid máu hỗn hợp (typ IIb, III, IV, V) khi chế độ ăn không đủ hiệu quả
- Giảm nguy cơ tim mạch ở bệnh nhân rối loạn lipid máu có nguy cơ ca","- Quá mẫn với fenofibrate hoặc dẫn xuất fibrat
- Suy gan, bệnh gan tiến triển
- Suy thận nặng
- Bệnh túi mật
- Viêm tụy cấp hoặc mạn (trừ viêm tụy do tăng triglycerid nặng)
- Phụ nữ có thai, cho con bú","- Người lớn: 145 mg/ngày, uống 1 lần/ngày
- Uống cùng hoặc không cùng bữa ăn",145 mg/ngày,"- Người cao tuổi
- Suy thận nhẹ–vừa (theo dõi creatinin)
- Tiền sử bệnh gan, nghiện rượu
- Nguy cơ bệnh cơ, tiêu cơ vân (đặc biệt khi phối hợp statin)",Không dùng,"- Statin: tăng nguy cơ tiêu cơ vân
- Thuốc chống đông (warfarin): tăng tác dụng chống đông
- Cyclosporin: tăng nguy cơ độc thận
- Thuốc ức chế MAO, thuốc gây độc cơ: tăng nguy cơ bệnh cơ","- Tiêu hóa: đau bụng, buồn nôn, tiêu chảy
- Gan: tăng transaminase
- Cơ – xương: đau cơ, yếu cơ, hiếm tiêu cơ vân
- Da: phát ban, ngứa
- Khác: nhức đầu, chóng mặt","Nơi khô, nhiệt độ < 30°C, tránh ánh sáng",https://drive.google.com/file/d/1MWZEshvYjoIs6OqoQ672sdjht56HIEIK/view?usp=sharing,
"Atorvastatin (dưới dạng Atorvastatin hemicalci.1,5H2O)",10mg,Lipitor,viên nén bao phim,Đức,"- Điều trị tăng cholesterol toàn phần, LDL-C, ApoB, triglycerid
- Tăng cholesterol máu nguyên phát, rối loạn lipid máu hỗn hợp
- Tăng cholesterol máu có tính gia đình (dị hợp tử, đồng hợp tử)
- Dự phòng biến cố tim mạch (nhồi máu cơ tim, đột quỵ, tử vong tim mạch) ở bệnh nhân nguy cơ cao","- Quá mẫn với atorvastatin
- Bệnh gan tiến triển hoặc tăng transaminase kéo dài không rõ nguyên nhân
- Phụ nữ có thai, đang cho con bú","- Khởi đầu: 10–20 mg/ngày, uống 1 lần/ngày
- Điều chỉnh liều mỗi ≥ 4 tuần theo đáp ứng lipid",80 mg/ngày,"- Bệnh gan, nghiện rượu
- Nguy cơ bệnh cơ, tiêu cơ vân (đau cơ, yếu cơ, tăng CK)
- Người cao tuổi, suy thận, dùng thuốc tương tác mạnh
- Theo dõi men gan và CK khi cần","-;Chống chỉ định trong thai kỳ
- Không dùng cho phụ nữ đang cho con bú","- Tăng nguy cơ bệnh cơ khi dùng với: cyclosporin, clarithromycin, erythromycin, thuốc kháng nấm azol, thuốc ức chế protease HIV
- Rifampicin, carbamazepin làm giảm nồng độ atorvastatin
- Dùng chung gemfibrozil, fibrat, niacin liều cao → tăng nguy cơ tiêu cơ vân
- Nước bưởi làm tăng nồng độ atorvastatin","- Thường gặp: đau đầu, đau cơ, tiêu chảy, buồn nôn, tăng men gan
- Ít gặp: yếu cơ, tăng CK
- Hiếm gặp: viêm gan, tiêu cơ vân, suy gan","Bảo quản dưới 30°C, nơi khô, tránh ánh sáng",https://drive.google.com/file/d/1Ochspu2GSoP9EJoOhZU2AElIrvavZ6cF/view?usp=sharing,
Atorvastatin (dưới dạng Atorvastatin calcium),10mg,Lipvar 10,viên nén bao phim,Việt Nam,"Điều trị tăng cholesterol toàn phần, LDL-C, triglycerid; rối loạn lipid máu hỗn hợp; dự phòng biến cố tim mạch.","Bệnh gan tiến triển, tăng men gan kéo dài; phụ nữ có thai/cho con bú; quá mẫn với atorvastatin.","10–20 mg/ngày, uống 1 lần/ngày; điều chỉnh mỗi ≥4 tuần theo đáp ứng.",80 mg/ngày,"Bệnh gan, nghiện rượu; người già, suy thận, suy giáp; nguy cơ đau cơ/tiêu cơ vân → theo dõi men gan, CK khi có triệu chứng.","Chống chỉ định (nguy cơ cho thai, bài tiết qua sữa).","- ↑ nguy cơ đau cơ với fibrat, niacin, colchicin.
- ↑ nồng độ atorvastatin khi dùng ức chế CYP3A4 (clarithromycin, erythromycin, azol, nước bưởi).
- Thận trọng với warfarin, digoxin.","- Thường gặp: đau đầu, rối loạn tiêu hóa, tăng men gan.
- Ít gặp/hiếm: đau cơ, yếu cơ, viêm cơ, tiêu cơ vân, phát ban.","Nơi khô, dưới 30°C, tránh ánh sáng.",https://drive.google.com/file/d/18htA_DREsMKU3niaygDD4I0SrwHUgky9/view?usp=sharing,
Lisinopril + hydroclorothiazid,"20mg + 12,5mg",Lisiplus HCT 20/12.5,viên nén,Việt Nam,- Điều trị tăng huyết áp nguyên phát ở những bệnh nhân phù hợp với liệu pháp phối hợp thuốc.,"- Quá mẫn với lisinopril, hydrochlorothiazide, dẫn xuất sulfonamide hoặc thuốc ức chế ACE
- Tiền sử phù mạch (do ACE, di truyền hoặc vô căn)
- Phụ nữ có thai quý II–III
- Bệnh gút, tăng acid uric huyết
- Vô niệu, bệnh Addison
- Tăng calci huyết
- Suy gan nặng, suy thận nặng (ClCr < 30 ml/phút)",1 viên x 1 lần/ngày.,2 viên x 1 lần/ ngày,"- Hẹp ĐMC, phì đại cơ tim
- Theo dõi chức năng thận; nguy cơ suy thận (đặc biệt hẹp ĐM thận, dùng lợi tiểu)
- Tăng kali huyết (suy thận, ĐTĐ, dùng thuốc/ muối chứa K⁺)
- Hạ đường huyết khi phối hợp insulin/thuốc ĐTĐ
- Ho khan dai dẳng (ACEI)
- Tụt huyết áp khi phẫu thuật/gây mê
- Thận trọng ở bệnh gan; nguy cơ hôn mê gan (thiazide)
- Ảnh hưởng chuyển hóa: tăng đường huyết, hạ Mg²⁺, tăng cholesterol & triglycerid","- Phụ nữ có thai:
+ Không khuyến cáo quý I; chống chỉ định quý II–III.
+ HCT qua nhau thai → nguy cơ cho thai.
+ Ngừng thuốc ngay khi phát hiện có thai.
- Cho con bú:
+ HCT vào sữa mẹ → nguy cơ cho trẻ.
+ Cân nhắc ngừng cho bú hoặc ngừng thuốc.","- Lợi tiểu: tăng hạ huyết áp
- NSAIDs: giảm hạ áp, giảm chức năng thận
- Thuốc/ muối K⁺, lợi tiểu giữ K⁺: tăng kali huyết
- Thuốc ĐTĐ: tăng nguy cơ hạ đường huyết
- Lithi: tăng nồng độ, tăng độc tính (tránh dùng)
- Rượu, thuốc mê: hạ huyết áp tư thế
- Corticoid/ACTH: rối loạn điện giải (↓ K⁺)
- Cholestyramin/colestipol: giảm hấp thu thuốc","- Lisinopril: Ho khan, đau đầu, hạ huyết áp, ban da
+ Hiếm: phù mạch, tăng K⁺, tổn thương gan
- Hydrochlorothiazide: Chóng mặt, mệt, rối loạn điện giải (↓K⁺, ↓Na⁺), tăng acid uric, tăng đường huyết
- Hiếm: phản vệ, rối loạn huyết học, suy thận","Bảo quản trong bao bì kín, nơi khí, tránh ánh sáng. Nhiệt độ không quá 30°C",https://drive.google.com/file/d/1Q6feuHY7rlLjGwCOEE0KPNsP8yVbjD7f/view?usp=drivesdk,
Losartan Kali,50mg,Lorista 50,viên nén bao phim,Slovenia,"- Điều trị tăng huyết áp (đơn trị hoặc phối hợp).
- Giảm nguy cơ đột quỵ ở bệnh nhân tăng huyết áp có phì đại thất trái.
- Bảo vệ thận ở bệnh nhân đái tháo đường typ 2 có protein niệu.
- Điều trị suy tim khi không dung nạp ACEI.","- Quá mẫn với losartan hoặc bất kỳ thành phần nào của thuốc.
- Phụ nữ có thai (đặc biệt tam cá nguyệt 2–3).","- Liều khởi đầu thường: 50 mg/ngày.
- Người cao tuổi, suy gan, giảm thể tích tuần hoàn: 25 mg/ngày.","25–100 mg/ngày, uống 1 lần hoặc chia 2 lần.","- Giảm thể tích tuần hoàn, đang dùng lợi tiểu.
- Hẹp động mạch thận một/bilateral.
- Suy thận, suy gan.
- Theo dõi huyết áp, kali máu, chức năng thận khi điều trị.","- Thai kỳ: chống chỉ định → nguy cơ tổn thương thận, tử vong thai.
- Cho con bú: chưa rõ bài tiết qua sữa → cân nhắc ngừng thuốc hoặc ngừng cho bú.","- NSAIDs: giảm tác dụng hạ áp, tăng nguy cơ suy thận.
- Lợi tiểu giữ kali, bổ sung kali: tăng kali máu.
- Lithium: tăng độc tính lithium.
- Phenobarbital, rifampicin: giảm tác dụng losartan.
- Fluconazol: tăng nồng độ losartan.","- Thường gặp: hạ huyết áp, chóng mặt, mệt mỏi, đau đầu.
- Tiêu hóa: tiêu chảy, buồn nôn.
- Tim mạch: hạ huyết áp tư thế, đánh trống ngực.
- Thận – điện giải: tăng kali máu, tăng creatinin/urê.
- Hô hấp: ho (ít hơn ACEI).
- Ít gặp: phát ban, phù mạch.","Bảo quản trong bao bì gốc, tránh ánh sáng, nhiệt độ dưới 30°C.",https://drive.google.com/file/d/12i96lKI5fBykViRHuz8dbJeM-Qvp-GSD/view?usp=sharing,
Losartan + hydroclorothiazid,"50 mg + 12,5 mg",Lorista H,viên nén bao phim,Slovenia,- Huyết áp cao,"- Quá mẫn với bất cứ thành phần nào của thuốc / dẫn xuất sulfonamid.
- Bệnh nhân vô niệu.
- Không dùng thuốc này cho trẻ em.
- Phụ nữ có thai.","1 viên 50 mg/12,5 mg/ lần/ ngày","2 viên 50 mg/12,5 mg/ lần/ ngày","- Báo bác sĩ trước gây mê/phẫu thuật
- Tránh rượu
- Thận trọng: mất nước, suy gan, hẹp ĐM thận
- Nguy cơ tụt HA, tăng K⁺","- Thai kỳ:
+ Losartan: Chống chỉ định quý II–III (nguy cơ cho thai); phát hiện có thai → ngừng ngay.
+ Hydrochlorothiazide: Qua nhau thai → rối loạn điện giải, giảm tiểu cầu, vàng da sơ sinh → không dùng quý III.
- Cho con bú: Losartan & hydrochlorothiazide có nguy cơ cho trẻ → cân nhắc ngừng thuốc hoặc ngừng cho bú.","- Losartan:
+ Không ảnh hưởng digoxin.
+ Cimetidin ↑ tác dụng; phenobarbital ↓ tác dụng.
+ Không tương tác với hydrochlorothiazide.
- Hydrochlorothiazide:
+ Rượu/thuốc an thần ↑ hạ HA tư thế.
+ Thuốc ĐTĐ cần chỉnh liều.
+ NSAID ↓ hiệu quả; corticosteroid ↓ K⁺.
+ Tránh dùng với lithi, quinidin.","- Losartan:
+ Thường gặp: hạ huyết áp, chóng mặt/mất ngủ, tăng kali máu, tiêu chảy, đau cơ – lưng, ho nhẹ.
+ Ít gặp: hạ HA tư thế, đau đầu/ngực, rối loạn nhịp, phát ban – ngứa, rối loạn tiêu hóa, tăng nhẹ men gan, tăng creatinin.
- Hydrochlorothiazide:
+ Thường gặp: mệt, chóng mặt, hạ kali, tăng acid uric, tăng đường và lipid máu.
+ Ít gặp/hiếm: hạ HA tư thế, loạn nhịp, rối loạn điện giải, phát ban/nhạy sáng, rối loạn tiêu hóa; rất hiếm: rối loạn huyết học, gan, thận, phản vệ.","Bảo quản trong bao bì kín, tránh ẩm, nhiệt độ dưới 30°C.",https://drive.google.com/file/d/1nfBvg5sTU5R0BnxpPDVhjpS5aEMm1SrD/view?usp=drivesdk,
Lisinopril (dưới dạng Lisinopril dihydrat),20mg,Lotafran,viên nén,Rumani,"- Tăng huyết áp
- Suy tim
- Nhồi máu cơ tim cấp: điều trị ngắn hạn (6 tuần) cho bệnh nhân ổn định trong 24 giờ đầu.
- Biến chứng thận do ĐTĐ: giảm albumin niệu, bảo vệ thận ở bệnh nhân ĐTĐ (có hoặc mới tăng huyết áp)","- Quá mẫn với lisinopril, tá dược hoặc ACEI khác.
- Tiền sử/phù mạch (kể cả di truyền, vô căn).
- Dùng đồng thời với sacubitril/valsartan (cách ≥ 36 giờ).
- Phụ nữ có thai 3 tháng giữa và cuối.
- Dùng cùng aliskiren ở bệnh nhân ĐTĐ hoặc suy thận (GFR < 60 ml/phút/1,73 m²).",10–20 mg/ngày (uống 1 lần).,80 mg/ngày.,"- Hạ huyết áp
- Suy thận (theo dõi creatinin, K⁺)
- Phù mạch → ngừng thuốc
- Tăng K⁺ máu
- Thận trọng NMCT, hẹp van
- Chống chỉ định thai kỳ","- Phụ nữ có thai: Không khuyến cáo dùng ACEI trong 3 tháng đầu; chống chỉ định trong 3 tháng giữa và cuối.
- Phụ nữ cho con bú: Không khuyến cáo dùng lisinopril; nên thay thuốc khác an toàn hơn, nhất là khi nuôi trẻ sơ sinh hoặc sinh non.","- ↑ Hạ HA: thuốc hạ áp khác, nitrate, thuốc lợi tiểu.
- ↑ Phù mạch: sacubitril/valsartan (CCĐ), mTORi, NEP, vildagliptin.
- ↑ Kali huyết: lợi tiểu giữ K, bổ sung K, trimethoprim/SMX, ciclosporin, heparin.
- ↑ Độc tính lithium: không khuyến cáo.
- NSAID: ↓ hiệu quả hạ áp, ↑ nguy cơ suy thận.
- Thuốc gây mê, chống trầm cảm 3 vòng: ↑ hạ HA.
- Thuốc ĐTĐ: ↑ nguy cơ hạ đường huyết.","- Thường gặp: đau đầu, chóng mặt, ho, hạ HA tư thế, tiêu chảy/nôn.
- Ít gặp: rối loạn giấc ngủ, phát ban/ngứa, buồn nôn, hồi hộp, tăng creatinin.
- Hiếm – rất hiếm: phù mạch, suy thận cấp/vô niệu, rối loạn máu, tăng K⁺, viêm gan/viêm tụy, Stevens–Johnson.",Bảo quản thuốc ở nhiệt độ dưới 30°C.,https://drive.google.com/file/d/1lk-SLM_dpQYMl6dgABb7zSyK4PE3c7YT/view?usp=drivesdk,
Loxoprofen,60mg,LOXOROX,viên nén,Hàn Quốc,"- Dùng cho người ≥15 tuổi:
+ Chống viêm, giảm đau (khớp, lưng, răng…)
+ Giảm đau sau nhổ răng, chấn thương, phẫu thuật
+ Hạ sốt, giảm đau trong viêm hô hấp trên cấp","- Loét dạ dày–tá tràng
- Rối loạn máu nặng
- Suy gan, suy thận, suy tim nặng
- Quá mẫn loxoprofen/NSAIDs, hen do aspirin
- Thai 3 tháng cuối
- Dùng cùng thuốc chống đông, heparin, lithi, methotrexat",60 mg/lần × 3 lần/ngày.,180 mg/ngày.,"- Nguy cơ tim mạch: NSAIDs có thể tăng nguy cơ nhồi máu cơ tim/đột quỵ, nhất là liều cao hoặc dùng dài ngày → dùng liều thấp nhất, thời gian ngắn nhất.

- Thận trọng: Tiền sử loét dạ dày, rối loạn máu; suy gan, thận, tim; hen; viêm loét đại tràng/Crohn; dị ứng thuốc.","- Thai kỳ: Chỉ dùng khi lợi ích vượt trội nguy cơ; chống chỉ định 3 tháng cuối.
- Cho con bú: Tránh dùng; nếu buộc dùng thì ngừng cho bú.
-Khác: NSAIDs dùng dài ngày có thể gây vô sinh tạm thời ở nữ.","- Warfarin/thuốc chống đông, ức chế Xa: ↑ nguy cơ chảy máu
- Sulfonylurea: ↑ hạ đường huyết
- Quinolon: ↑ nguy cơ co giật
- Methotrexat: ↑ nồng độ/độc tính
- Lithium: ↑ nồng độ/độc tính
- Lợi tiểu thiazid: ↓ tác dụng, ↑ nguy cơ thận
- Thuốc hạ huyết áp (ACEI/ARB): ↓ tác dụng, ↑ nguy cơ suy thận","- Nghiêm trọng: sốc/phản vệ, rối loạn máu, TEN/Stevens-Johnson, suy thận cấp, suy tim, xuất huyết/thủng tiêu hóa, suy gan, khởi phát hen.
- Khác: rối loạn tiêu hóa, phát ban/ngứa, đau đầu–chóng mặt, tăng men gan, phù.","Bảo quản trong bao bì kín, nhiệt độ dưới 30°C, tránh ánh sáng và ẩm",https://drive.google.com/file/d/1mKri523gwbnMUr8ZIxKtbF9hzJ6hBpT0/view?usp=drivesdk,
Pramipexol,"0,18mg",Mariprax,viên nén,Hy Lạp,"- Điều trị triệu chứng Parkinson vô căn (đơn trị hoặc phối hợp levodopa).
- Hội chứng chân không yên mức độ vừa–nặng.","- Quá mẫn với pramipexol hoặc tá dược.
- Trẻ em (<18 tuổi) với các chỉ định trên.","- Parkinson: Khởi đầu 0,18 mg/ngày, chia 3 lần; tăng dần mỗi 5–7 ngày.
- Chân không yên: Khởi đầu 0,09 mg/ngày (½ viên 0,18), uống buổi tối; tăng dần nếu cần.","- Parkinson: 3,3 mg base/ngày (≈ 18 viên 0,18 mg hoặc 9 viên 0,35 mg).
- Chân không yên: 0,54 mg base/ngày (≈ 3 viên 0,18 mg).","- Suy thận (cần chỉnh liều), người cao tuổi.
- Buồn ngủ đột ngột, ảo giác, rối loạn kiểm soát xung lực.
- Hạ huyết áp tư thế; không ngừng thuốc đột ngột.","- Thai kỳ: Không khuyến cáo, chỉ dùng khi thật cần thiết.
- Cho con bú: Không khuyến cáo; nếu dùng → ngừng cho bú.","- Rượu, thuốc an thần → tăng buồn ngủ.
- Levodopa: có thể cần giảm liều levodopa.
- Thuốc thải trừ qua thận (cimetidin…) có thể làm tăng nồng độ pramipexol.","- Buồn ngủ, chóng mặt, buồn nôn.
- Ảo giác, rối loạn hành vi/xung lực, hạ huyết áp.
- Phù ngoại biên, tăng/giảm cân.","- Dưới 30°C, nơi khô, tránh ánh sáng.",https://drive.google.com/file/d/1H0MUWo7gD3qDpfeUwLEWsTF2ETYI0aAT/view?usp=drivesdk,
Omeprazol,40mg,MEDOOME,viên nang cứng,SLOVENIA,"- Loét dạ dày – tá tràng (điều trị & dự phòng tái phát)
- Loét do NSAID
- Viêm thực quản trào ngược, GERD
- Diệt trừ H. pylori (phối hợp KS)
- Hội chứng Zollinger–Ellison","- Quá mẫn với omeprazole/benzimidazol
- Dùng đồng thời với nelfinavir",,"- Thông thường: 40 mg/ngày
- Zollinger–Ellison: có thể tới 120 mg/ngày (chia liều)","- Suy gan (giảm liều)
- Dùng dài ngày (nguy cơ giảm Mg²⁺, Ca²⁺, gãy xương)
- Loại trừ ác tính dạ dày trước điều trị kéo dài","- Có thể dùng khi cần thiết, liều thông thường
- Cho con bú: dùng được, ít ảnh hưởng trẻ","- Giảm hấp thu thuốc cần môi trường acid (ketoconazole, itraconazole…)
- Ảnh hưởng chuyển hóa: diazepam, phenytoin, warfarin
- Không dùng với nelfinavir","- Đau đầu, đau bụng, tiêu chảy/táo bón, buồn nôn
- Hiếm: tăng men gan, hạ Mg²⁺, phát ban
- Rất hiếm: phản ứng nặng da (SJS/TEN)","Nơi khô, dưới 30°C, tránh ánh sáng",https://drive.google.com/file/d/1vjswfKocmiFz0o8lriCHR-u9WidG6RVf/view?usp=drivesdk,
Trimetazidin,20mg,Metazydyna,viên nén bao phim,Ba Lan,"- Điều trị hỗ trợ trong đau thắt ngực ổn định mạn tính ở người lớn
- Dùng phối hợp khi các thuốc chống đau thắt ngực khác không đủ hiệu quả hoặc không dung nạp","- Mẫn cảm với trimetazidin hoặc tá dược
- Bệnh Parkinson, hội chứng Parkinson, run, rối loạn vận động
- Suy thận nặng (ClCr < 30 ml/phút)","- Liều thường dùng: 20 mg x 3 lần/ngày, uống trong bữa ăn
- Suy thận trung bình : 20 mg x 2 lần/ngày
- Người cao tuổi: cân nhắc giảm liều, theo dõi chức năng thận","20 mg x 3 lần/ngày, uống trong bữa ăn","- Không dùng cho: Đau thắt ngực không ổn định/ Nhồi máu cơ tim cấp
- Ngừng thuốc nếu xuất hiện: Run, cứng cơ, chậm vận động, dáng đi không vững
- Thận trọng:
+ Người cao tuổi , bệnh nhân suy thận trung bình
+ Có thể gây chóng mặt, buồn ngủ → thận trọng khi lái xe","- Thai kỳ: chưa đủ dữ liệu an toàn → không khuyến cáo dùng
- Cho con bú: chưa rõ thuốc có bài tiết vào sữa → không nên dùng","- Chưa ghi nhận tương tác thuốc đáng kể
- Tuy nhiên vẫn cần theo dõi khi dùng phối hợp nhiều thuốc tim mạch","- Thường gặp: Chóng mặt, đau đầu, buồn nôn, nôn, đau bụng, tiêu chảy, mệt mỏi
- Ít gặp / hiếm gặp:
+ Run, hội chứng Parkinson, rối loạn vận động
+ Hạ huyết áp tư thế, đánh trống ngực
+ Phát ban, ngứa, mày đay
- Hiếm: Phù mạch, giảm tiểu cầu","Nơi khô mát, tránh ánh sáng, nhiệt độ dưới 30°C.",https://drive.google.com/file/d/17ja3LEfNW827Gb2eFPt5ZW-09PvC_jkf/view?usp=sharing,
Enalapril + hydrochlorothiazidl,"10mg + 12,5mg",MEYERNAZID,viên nén,Việt Nam,"- Tăng huyết áp
-Suy tim sung huyết","- Quá mẫn enalapril, hydrochlorothiazid, sulfonamid
- Tiền sử phù mạch do ACEI
- Suy thận nặng, hẹp ĐM thận 2 bên
- Phụ nữ có thai (3 tháng giữa & cuối)","- Tăng huyết áp: 1 viên/ngày
- Suy tim: theo chỉ định bác sĩ",- Không quá 2 viên/ngày,"- Người cao tuổi, suy gan, suy thận
- Nguy cơ tụt huyết áp, rối loạn điện giải
- Đái tháo đường, gout","- Chống chỉ định khi mang thai
- Không khuyến cáo khi cho con bú","- Lợi tiểu khác, thuốc hạ áp → tăng tụt HA
- NSAIDs → giảm hiệu quả
- Digitalis, lithium → tăng độc tính
- Rượu → tăng hạ huyết áp","- Thường gặp: chóng mặt, ho khan, mệt, buồn nôn
- Ít gặp: tụt huyết áp, rối loạn điện giải
- Hiếm: phù mạch, suy thận, rối loạn huyết học","Nơi khô, dưới 30°C, tránh ánh sáng",https://drive.google.com/file/d/1BxK0a0gtnN91Ad4AYQLqjPpJnnqLKtYf/view?usp=drivesdk,
Flunarizin,10mg,MEZAPIZIN 10,viên nén,Việt Nam,"- Dự phòng đau nửa đầu.
- Điều trị chóng mặt, rối loạn tiền đình.","- Mẫn cảm với flunarizin.
- Tiền sử trầm cảm, Parkinson, hội chứng ngoại tháp.","- ≤ 65 tuổi: 10 mg/ngày, uống buổi tối.
- 65 tuổi: 5 mg/ngày, uống buổi tối.",10 mg/ngày.,"- Bệnh gan, người cao tuổi.
- Nguy cơ trầm cảm, ngoại tháp, Parkinson khi dùng dài ngày.
- Ngừng thuốc nếu mệt mỏi tăng.","- Không dùng cho phụ nữ mang thai.
- Không khuyến cáo dùng khi cho con bú.","- Carbamazepin, phenytoin: giảm tác dụng flunarizin.
- Rượu, thuốc an thần: tăng buồn ngủ.","- Thường gặp: buồn ngủ, mệt mỏi, tăng cân, ăn ngon.
- Hiếm: trầm cảm, ngoại tháp, Parkinson, run, hạ huyết áp.","Nơi khô, dưới 30°C.",https://drive.google.com/file/d/1M1cAV3KRIRPogpXLMpX-odM3d-Yh--gA/view?usp=drivesdk,
Mequitazin,5mg,Mezinet,viên nén,Đài Loan,"- Điều trị các triệu chứng dị ứng: viêm mũi dị ứng, mề đay, ngứa, viêm da dị ứng.
- Giảm triệu chứng say tàu xe (chóng mặt, buồn nôn).","- Quá mẫn với mequitazine hoặc bất kỳ thành phần nào của thuốc.
- Trẻ dưới 12 tuổi.
- Glôcôm góc hẹp, phì đại tuyến tiền liệt gây bí tiểu.
- Cơn hen cấp.",Người lớn và trẻ ≥ 12 tuổi: 5 mg x 2 lần/ngày.,10 mg/ngày.,"- Thận trọng ở người cao tuổi, suy gan, suy thận.
- Có thể gây buồn ngủ, tránh lái xe và vận hành máy móc.
- Không dùng cùng rượu bia.",Không khuyến cáo dùng cho phụ nữ có thai và đang cho con bú do thiếu dữ liệu an toàn.,"- Tăng tác dụng an thần khi dùng cùng rượu, thuốc ngủ, thuốc an thần, thuốc chống trầm cảm.
- Dùng chung với thuốc kháng cholinergic làm tăng tác dụng phụ.","- Thường gặp: buồn ngủ, khô miệng, chóng mặt, mệt mỏi.
- Ít gặp: táo bón, nhìn mờ, bí tiểu.
- Hiếm: phát ban, phản ứng dị ứng.","Nơi khô ráo, tránh ánh sáng, nhiệt độ dưới 30°C.",https://drive.google.com/file/d/1i9xnrvEdox9_MGNDMwwPEMQX7yeGtRdW/view?usp=sharing,
Telmisartan,40mg,Micardis,viên nén,Hy Lạp,"- Điều trị tăng huyết áp.
- Giảm nguy cơ tim mạch (NMCT, đột quỵ) ở bệnh nhân nguy cơ cao.","- Quá mẫn với telmisartan.
- Phụ nữ mang thai (đặc biệt 3 tháng giữa & cuối).
- Tắc mật, suy gan nặng.
- Phối hợp với aliskiren ở BN đái tháo đường hoặc suy thận (GFR <60 mL/phút/1,73 m²).","40 mg/ngày, uống 1 lần.",80 mg/ngày.,"- Giảm thể tích tuần hoàn/mất nước.
- Hẹp ĐM thận 1 hoặc 2 bên.
- Suy thận, suy gan nhẹ–vừa, người cao tuổi.
- Nguy cơ tăng kali máu (đặc biệt khi dùng cùng thuốc giữ kali).","- Có thai: Chống chỉ định (nguy cơ độc cho thai).
- Cho con bú: Không khuyến cáo → nên chọn thuốc khác.","- Thuốc lợi tiểu giữ kali, muối kali → ↑ kali máu.
- NSAID → ↓ tác dụng hạ áp, ↑ nguy cơ suy thận.
- Lithium → ↑ độc tính lithium.
- Aliskiren, ACEI → ↑ nguy cơ hạ HA, suy thận, tăng K⁺.","- Thường gặp: chóng mặt, hạ huyết áp.
- Ít gặp: tăng kali máu, suy thận.
- Hiếm: phù mạch, rối loạn chức năng gan, phản ứng dị ứng.","Bảo quản trong bao bì kín, nơi khô ráo, nhiệt độ không quá 30°C.",https://drive.google.com/file/d/13D_CRSEhNoWB7zDivNKFNERJT9T57EEA/view?usp=sharing,
Desmopressin,"0,089mg (0,1mg)",MINIRIN,viên nén,Thuỵ Sỹ,"- Đái tháo nhạt trung ương
- Đái dầm ban đêm tiên phát ở trẻ ≥ 6 tuổi
- Tiểu đêm ở người lớn (đã loại trừ các nguyên nhân khác)","- Quá mẫn với desmopressin hoặc tá dược
- Hạ natri huyết hoặc tiền sử hạ natri huyết
- Suy thận vừa – nặng (ClCr < 50 ml/phút)
- Uống quá nhiều nước, đa niệu do tâm thần
- Hội chứng tiết ADH không thích hợp (SIADH)
- Suy tim sung huyết, bệnh cần hạn chế dịch","- Đái dầm ban đêm (trẻ ≥ 6 tuổi)
+ Khởi đầu: 0,2 mg trước khi ngủ/ Có thể tăng: 0,4 mg/ngày
- Tiểu đêm ở người lớn
+Khởi đầu: 0,1 mg trước khi ngủ/ Tăng dần: 0,2 mg → 0,4 mg nếu cần
- Đái tháo nhạt trung ương
+Khởi đầu: 0,1 mg/lần/ Liều duy trì thường: 0,1 – 0,2 mg x 1–3 lần/ngày","0,4 mg/ngày","- Bắt buộc hạn chế uống nước từ 1 giờ trước đến 8 giờ sau khi dùng thuốc
- Người cao tuổi
- Nguy cơ hạ natri huyết: đau đầu, buồn nôn, nôn, tăng cân nhanh, co giật
- Bệnh tim mạch, tăng huyết áp
- Suy thận nhẹ
- Khi có dấu hiệu hạ natri huyết → ngưng thuốc ngay","- Thai kỳ: Chưa ghi nhận nguy cơ rõ ràng, chỉ dùng khi thật cần thiết
- Cho con bú: Desmopressin bài tiết rất ít vào sữa → có thể dùng, theo dõi trẻ","- Tăng nguy cơ hạ natri huyết khi dùng cùng:
+ Thuốc chống trầm cảm (SSRI, TCA)
+ Chlorpromazin
+ Carbamazepin
+ NSAIDs
+ Loperamid
- Tránh phối hợp nếu không cần thiết","- Thường gặp: đau đầu, buồn nôn/đau bụng, chóng mặt, mệt mỏi.
- Ít gặp/hiếm: hạ natri huyết, giữ nước gây tăng cân, phù, tăng huyết áp; nặng có thể co giật, lú lẫn.","Nơi khô ráo, dưới 30°C, tránh ẩm, tránh ánh sáng",https://drive.google.com/file/d/1xKZni2RAgGQnlR1Kyp-I4ijBYYtEhRmS/view?usp=drivesdk,
Mirtazapin,15mg,Mirtameb 15,viên nén bao phim,Việt Nam,Điều trị trầm cảm ở người lớn.,Quá mẫn mirtazapine; dùng đồng thời hoặc trong vòng 14 ngày với thuốc ức chế MAO.,"15–30 mg/ngày, uống 1 lần buổi tối.",45 mg/ngày.,"Người cao tuổi; suy gan, suy thận; nguy cơ buồn ngủ, tăng cân, ý tưởng tự sát giai đoạn đầu điều trị.",Chỉ dùng khi lợi ích > nguy cơ; thận trọng khi cho con bú (thuốc bài tiết ít qua sữa).,"MAOIs, rượu, benzodiazepin (tăng an thần); thuốc serotonergic (nguy cơ hội chứng serotonin); carbamazepin, phenytoin (giảm nồng độ thuốc).","Thường gặp: buồn ngủ, tăng cân, khô miệng, chóng mặt.
Ít gặp/hiếm: hạ natri máu, giảm bạch cầu hạt, co giật.","Nơi khô, dưới 30°C, tránh ánh sáng.",https://drive.google.com/file/d/1aI0vStJvuJy1zIJzO0JpxGJDlAOMMKWK/view?usp=drivesdk,
Amoxicilin,500mg,Moxacin® 500 mg,viên nng cứng,Việt Nam,"Nhiễm khuẩn hô hấp, tai-mũi-họng, tiết niệu, da-mô mềm, tiêu hóa (H. pylori), Lyme…",Dị ứng penicillin/β-lactam.,500 mg mỗi 8–12 giờ.,"6 g/ngày (chia nhiều lần, nhiễm khuẩn nặng).","Suy thận (điều chỉnh liều), tiền sử dị ứng, rối loạn tiêu hóa.","- Phụ nữ có thai: Chỉ dùng khi lợi ích > nguy cơ; tránh 3 tháng cuối.
- Cho con bú: Tránh dùng; nếu bắt buộc thì ngưng cho bú.","Probenecid (↑ nồng độ), thuốc tránh thai uống, allopurinol.","Buồn nôn, tiêu chảy, đau đầu; hiếm: dị ứng, viêm đại tràng giả mạc.","Nơi khô, <30°C, tránh ánh sáng.",https://drive.google.com/file/d/1ynU6qyzGiUwzNh3rL_50uQCKtyuZdDrl/view?usp=drivesdk,
Tolperison,150mg,Mynarac®,viên nén,Việt Nam,"Giãn cơ trong co cứng cơ do bệnh lý thần kinh – cơ – xương khớp (đau cột sống, co thắt cơ…).",Dị ứng tolperison; nhược cơ.,"150–450 mg/ngày, chia 2–3 lần, uống sau ăn.",600 mg/ngày.,"Suy gan, suy thận, người có tiền sử dị ứng; thận trọng khi lái xe, vận hành máy.","- Phụ nữ có thai: Không khuyến cáo, đặc biệt 3 tháng đầu.
- Cho con bú: Không dùng.",Thận trọng khi dùng cùng thuốc tác động TKTW; có thể tăng tác dụng thuốc giãn cơ khác.,"Chóng mặt, đau đầu, buồn nôn; hiếm: hạ huyết áp, phản ứng dị ứng.","Nơi khô, <30°C, tránh ánh sáng.",https://drive.google.com/file/d/19rqKAdizxZKs4kZKHza2KbEIwZb4izK_/view?usp=drivesdk,
Naproxen,250mg,Naproxen EC DWP 250mg,viên nén bao phim,Việt Nam,"- Viêm khớp dạng thấp, viêm xương khớp, viêm cột sống dính khớp
- Đau cơ xương khớp cấp, đau lưng, bong gân
- Cơn gout cấp
- Đau bụng kinh
- Viêm khớp thiếu niên tự phát","- Quá mẫn với naproxen hoặc NSAID khác
- Tiền sử hen, viêm mũi, mày đay do aspirin/NSAID
- Loét dạ dày – tá tràng tiến triển hoặc xuất huyết tiêu hóa
- Suy tim nặng, suy gan nặng, suy thận nặng
- 3 tháng cuối thai kỳ","- Người lớn:
+ Viêm khớp: 500–1000 mg/ngày, chia 1–2 lần
+ Đau cấp, gout cấp: liều đầu 500 mg, sau đó 250 mg mỗi 6–8 giờ
+ Đau bụng kinh: 500 mg ban đầu, sau đó 250 mg mỗi 6–8 giờ","1250 mg/ngày (chỉ dùng ngắn hạn, ngày đầu)","- Nguy cơ xuất huyết, loét dạ dày – tá tràng (cao tuổi, tiền sử loét, dùng rượu)
- Nguy cơ tim mạch (tăng huyết áp, bệnh tim)
- Suy thận, suy gan, mất nước
- SLE, bệnh mô liên kết
- Dùng liều thấp nhất – thời gian ngắn nhất có hiệu quả","- Thai kỳ:
+ 3 tháng đầu & giữa: chỉ dùng khi thật cần thiết
+ Chống chỉ định 3 tháng cuối thai kỳ
- Cho con bú: Naproxen bài tiết vào sữa → không khuyến cáo dùng","- NSAID khác, aspirin → tăng nguy cơ xuất huyết tiêu hóa
- Thuốc chống đông (warfarin), chống kết tập tiểu cầu → tăng chảy máu
- Corticosteroid → tăng loét, xuất huyết dạ dày
- ACEI, ARB, lợi tiểu → giảm chức năng thận
- Lithium, methotrexate → tăng độc tính
- SSRI → tăng nguy cơ xuất huyết tiêu hóa","- Thường gặp: Đau bụng, buồn nôn, nôn, tiêu chảy, đầy hơi, chóng mặt, đau đầu
- Ít gặp – hiếm gặp:
+ Loét, xuất huyết tiêu hóa
+ Phù, tăng huyết áp
+ Phát ban, ngứa, mày đay
+ Suy thận, tăng men gan
+ Phản ứng da nặng (Stevens–Johnson – rất hiếm)","Nơi khô mát, tránh ánh sáng, nhiệt độ dưới 30°C.",https://drive.google.com/file/d/1lwJ8IhzLv2iQfVSZIjVdQJJiRjSogdMC/view?usp=sharing,
Amlodipine+ indapamide,"5mg+1,5mg",NATRIXAM,viên nén bao phim,Pháp,Điều trị tăng huyết áp vô căn ở bệnh nhân đã được kiểm soát riêng rẽ bằng indapamid + amlodipin cùng liều.,"- Quá mẫn với indapamid, amlodipin, dẫn xuất sulfonamid hoặc tá dược
- Suy thận nặng (ClCr < 30 mL/phút)
- Suy gan nặng, bệnh não gan
- Hạ kali máu chưa điều chỉnh
- Phụ nữ có thai và cho con bú","1 viên/ngày, uống buổi sáng, nuốt nguyên viên","1 viên/ngày (1,5 mg indapamid + 10 mg amlodipin)","- Người cao tuổi
- Suy gan, suy thận nhẹ–trung bình
- Nguy cơ hạ kali máu, mất nước
- Hạ huyết áp tư thế, bệnh mạch vành
- Theo dõi điện giải, chức năng thận định kỳ",Không sử dụng,"- Lithium: ↑ độc tính lithium
- NSAIDs: ↓ tác dụng hạ huyết áp, ↑ nguy cơ suy thận
- Thuốc lợi tiểu khác / corticosteroid: ↑ hạ kali máu
- Thuốc ức chế CYP3A4 mạnh (clarithromycin, ketoconazole…): ↑ nồng độ amlodipin
- Rượu: ↑ nguy cơ tụt huyết áp","- Thường gặp: đau đầu, chóng mặt, mệt; phù mắt cá chân (amlodipin); buồn nôn, đau bụng; đỏ bừng mặt.
- Ít gặp: hạ huyết áp, hồi hộp, chuột rút; rối loạn tiêu hóa; rối loạn điện giải (↓K⁺, ↓Na⁺ – indapamid).
- Hiếm/ nghiêm trọng: rối loạn nhịp tim, tăng men gan, viêm gan, phản ứng dị ứng nặng; suy thận khi mất nước.","Nơi khô mát, tránh ánh sáng, nhiệt độ dưới 30°C.",https://drive.google.com/file/d/1aO8_GfGu9k1MDD1amNqtXzHg8sp2L-u8/view?usp=sharing,
Vinorelbin,20mg,Navelbine,viên nang mềm,Pháp,"- Điều trị ung thư:Ung thư phổi không tế bào nhỏ/ Ung thư vú tiến triển/di căn
- Dùng đơn trị hoặc phối hợp hóa trị.","- Quá mẫn với vinorelbine hoặc alkaloid dừa cạn
- Suy tủy nặng (BC trung tính < 1.500/mm³)
- Nhiễm trùng nặng chưa kiểm soát
- Phụ nữ đang cho con bú.",60–80 mg/m²/tuần,- Không quá 80 mg/m²/tuần,"- Giảm bạch cầu trung tính, nhiễm trùng
- Suy gan (cần giảm liều)
- Người cao tuổi, thể trạng yếu
- Tránh tiêm thoát mạch (gây hoại tử).","- Có thai: Không dùng (nguy cơ gây độc cho thai)
- Cho con bú: Chống chỉ định, phải ngưng cho bú.","- Thuốc ức chế/cảm ứng CYP3A4 (azole, macrolid, rifampicin…)
- Phối hợp thuốc gây ức chế tủy xương làm tăng độc tính
- Không dùng chung với vaccine sống.","- Thường gặp: Giảm bạch cầu trung tính, thiếu máu, buồn nôn, nôn, táo bón, mệt mỏi
- Ít gặp: Rụng tóc, viêm miệng
- Hiếm nhưng nặng: Nhiễm trùng nặng, viêm phổi kẽ, hoại tử mô do thoát mạch.","- Bảo quản trong tủ lạnh ở nhiệt độ từ 2°C – 8°C, trong bao bì gốc, đóng kín.",https://drive.google.com/file/d/1FJD-QAPWCvaB3Wg7yXsRYuwCxHX9qIEP/view?usp=sharing,
Vinorelbine ( dưới dạng Vinorelbine ditartrate ),30mg,Navelbine,viên nang mềm,Pháp,"- Điều trị ung thư:Ung thư phổi không tế bào nhỏ/ Ung thư vú tiến triển/di căn
- Dùng đơn trị hoặc phối hợp hóa trị.","- Quá mẫn với vinorelbine hoặc alkaloid dừa cạn
- Suy tủy nặng (BC trung tính < 1.500/mm³)
- Nhiễm trùng nặng chưa kiểm soát
- Phụ nữ đang cho con bú.",60–80 mg/m²/tuần,- Không quá 80 mg/m²/tuần,"- Giảm bạch cầu trung tính, nhiễm trùng
- Suy gan (cần giảm liều)
- Người cao tuổi, thể trạng yếu
- Tránh tiêm thoát mạch (gây hoại tử).","- Có thai: Không dùng (nguy cơ gây độc cho thai)
- Cho con bú: Chống chỉ định, phải ngưng cho bú.","- Thuốc ức chế/cảm ứng CYP3A4 (azole, macrolid, rifampicin…)
- Phối hợp thuốc gây ức chế tủy xương làm tăng độc tính
- Không dùng chung với vaccine sống.","- Thường gặp: Giảm bạch cầu trung tính, thiếu máu, buồn nôn, nôn, táo bón, mệt mỏi
- Ít gặp: Rụng tóc, viêm miệng
- Hiếm nhưng nặng: Nhiễm trùng nặng, viêm phổi kẽ, hoại tử mô do thoát mạch.","- Bảo quản trong tủ lạnh ở nhiệt độ từ 2°C – 8°C, trong bao bì gốc, đóng kín.",https://drive.google.com/file/d/1FJD-QAPWCvaB3Wg7yXsRYuwCxHX9qIEP/view?usp=sharing,
Nebivolol,5mg,Nebicor,viên nén,Bulgaria,"- Tăng huyết áp.
- Suy tim mạn ổn định nhẹ–trung bình (phối hợp điều trị chuẩn).","- Quá mẫn với nebivolol.
- Suy tim cấp, sốc tim, block AV độ II–III, nhịp chậm nặng.
- Hen phế quản nặng/COPD nặng.
- Suy gan nặng.
- Hạ huyết áp nặng.","- Tăng huyết áp: 5 mg/ngày, uống 1 lần.
- Suy tim mạn: khởi đầu 1,25 mg/ngày → tăng dần mỗi 1–2 tuần (2,5 → 5 → 10 mg/ngày) nếu dung nạp.",10 mg/ngày.,"- Nhịp chậm, block nhẹ, người cao tuổi.
- Đái tháo đường (che dấu triệu chứng hạ đường huyết).
- Cường giáp (che dấu triệu chứng).
- Suy thận, suy gan nhẹ–trung bình.
- Không ngừng thuốc đột ngột.","- Thai kỳ: Không khuyến cáo (nguy cơ cho thai: chậm nhịp tim, hạ HA, hạ đường huyết).
- Cho con bú: Không khuyến cáo (thuốc bài tiết qua sữa).","- Thuốc hạ áp khác, lợi tiểu: tăng tác dụng hạ HA.
- Verapamil, diltiazem, amiodaron, digoxin: tăng nguy cơ nhịp chậm/block.
- NSAIDs: giảm tác dụng hạ áp.
- Insulin/thuốc hạ đường huyết: che dấu hạ đường huyết.","- Thường gặp: đau đầu, chóng mặt, mệt mỏi, buồn nôn, tiêu chảy/táo bón.
- Ít gặp: nhịp chậm, hạ huyết áp, lạnh đầu chi, rối loạn giấc ngủ.
- Hiếm: co thắt phế quản, block tim, trầm cảm.","- Bảo quản ở nhiệt độ phòng (≤ 30°C), nơi khô ráo, tránh ẩm và ánh sáng.
- Giữ thuốc trong bao bì gốc, đóng kín sau khi mở.",https://drive.google.com/file/d/13T6hcssy203sX7RrgpIfcIRC0PO7_5qQ/view?usp=sharing,
Nebivolol,5mg,Nebilet,viên nén,Đức,"- Điều trị tăng huyết áp
- Điều trị suy tim mạn ổn định (nhẹ đến trung bình) ở người ≥ 70 tuổi, phối hợp với thuốc chuẩn khác","- Quá mẫn với nebivolol
- Suy tim cấp, sốc tim
- Nhịp tim chậm (< 60 lần/phút)
- Block nhĩ–thất độ II–III, hội chứng nút xoang
- Hạ huyết áp nặng
- Suy gan nặng
- Hen phế quản nặng, COPD nặng chưa kiểm soát
- Toan chuyển hóa","- Tăng huyết áp
+ Khởi đầu: 5 mg/ngày, uống 1 lần/ngày
+ Người cao tuổi hoặc suy thận nhẹ–vừa: 2,5 mg/ngày
- Suy tim mạn
+ Khởi đầu: 1,25 mg/ngày
+ Tăng liều mỗi 1–2 tuần: 2,5 → 5 → 10 mg/ngày (nếu dung nạp)",10 mg/ngày,"- Suy tim mạn: không ngừng thuốc đột ngột
- Người cao tuổi, suy thận, suy gan nhẹ
- Đái tháo đường (che dấu triệu chứng hạ đường huyết)
- Bệnh mạch ngoại biên
- COPD, hen nhẹ
- Trước phẫu thuật cần báo bác sĩ","- Thai kỳ:  Không khuyến cáo (nguy cơ giảm tưới máu thai, nhịp tim chậm thai)
- Cho con bú: Không dùng (thuốc bài tiết vào sữa)","- Verapamil, diltiazem: tăng nguy cơ nhịp chậm, block tim
- Digoxin: tăng nguy cơ rối loạn dẫn truyền
- Thuốc chống loạn nhịp nhóm I (quinidin, flecainid)
- Clonidin: không ngừng đồng thời
- CYP2D6 inhibitors (paroxetin, fluoxetin): ↑ nồng độ nebivolol
- Rượu: ↑ hạ huyết áp","- Thường gặp: nhức đầu, chóng mặt, mệt, buồn nôn, tiêu chảy, nhịp tim chậm
- Ít gặp: hạ huyết áp, lạnh đầu chi, rối loạn giấc ngủ
- Hiếm: block tim, suy tim nặng lên, co thắt phế quản, phản ứng dị ứng","Nhiệt độ < 30°C, tránh ánh sáng, ẩm",https://drive.google.com/file/d/1Qrz-6RERL53hHDKFFsGtz7Wytn1lGG1p/view?usp=sharing,
Metronidazol + neomycin + nystatin,500mg+ 65000UI+ 100000UI,NEO-TERGYNAN,viên đặt âm đạo,Pháp,"- Điều trị viêm âm đạo do vi khuẩn, nấm, ký sinh trùng (viêm âm đạo không đặc hiệu), do các mầm bệnh nhạy cảm.","- Quá mẫn với metronidazol, neomycin, nystatin hoặc bất kỳ thành phần nào của thuốc.
- Trẻ em.","- Người lớn: 1 viên đặt âm đạo/ngày, dùng 10 ngày liên tiếp (có thể 1–2 lần/ngày theo chỉ định).",- Không quá 2 viên/ngày; không kéo dài >10 ngày và không lặp lại quá 2–3 lần/năm.,"- Tiền sử rối loạn thần kinh, huyết học.
- Dùng liều cao/kéo dài có thể gây viêm thần kinh ngoại biên.
- Tránh uống rượu trong và sau điều trị (hiệu ứng kiểu disulfiram).","- Thai kỳ: không dùng, đặc biệt do có neomycin (nguy cơ độc tính).
- Cho con bú: không khuyến cáo, tránh dùng.","- Rượu, disulfiram: gây phản ứng kiểu antabuse.
- Warfarin: tăng nguy cơ chảy máu.
- Lithium: tăng nồng độ lithium máu.
- Rifampicin, thuốc cảm ứng enzym: giảm hiệu lực metronidazol.
- 5-FU, busulfan: tăng độc tính.","- Thường gặp: buồn nôn, rối loạn tiêu hóa, vị kim loại.
- Ít gặp: kích ứng âm đạo, ngứa, nóng rát.
- Hiếm: đau đầu, chóng mặt, rối loạn thần kinh ngoại biên.","Nơi khô ráo, nhiệt độ ≤30°C, tránh ánh sáng.",https://drive.google.com/file/d/1PVQURhllaNGuyazHYQs3b6IE8-ZCSO7w/view?usp=drivesdk,
Piracetam,800mg,NEUROPHYL 800,viên nén bao phim,Việt Nam,"- Rối loạn chức năng não, suy giảm trí nhớ, giảm tập trung.
- Chóng mặt, đau đầu, rối loạn thăng bằng.
- Di chứng tai biến mạch máu não, chấn thương sọ não.
- Sa sút trí tuệ ở người cao tuổi.
- Hỗ trợ điều trị nghiện rượu.","- Quá mẫn với piracetam hoặc bất kỳ thành phần nào của thuốc.
- Suy thận nặng (ClCr < 20 ml/phút).
- Bệnh Huntington.
- Xuất huyết não.","- Người lớn: 2,4 – 4,8 g/ngày, chia 2–3 lần.","Tối đa 24 g/ngày (trong các trường hợp nặng, theo chỉ định bác sĩ).","- Suy thận: cần chỉnh liều theo độ thanh thải creatinin.
- Người cao tuổi: theo dõi chức năng thận.
- Không ngừng thuốc đột ngột (nguy cơ co giật).
- Thận trọng ở bệnh nhân rối loạn đông máu hoặc đang dùng thuốc chống đông.","- Thai kỳ: chỉ dùng khi thật cần thiết, cân nhắc lợi ích/nguy cơ.
- Cho con bú: piracetam qua sữa mẹ → cân nhắc ngừng cho bú nếu phải dùng thuốc.","- Hormone tuyến giáp: có thể gây lú lẫn, kích thích.
- Thuốc chống đông (warfarin): tăng nguy cơ chảy máu.
- Không ghi nhận nhiều tương tác nghiêm trọng khác.","- Thường gặp: bồn chồn, mất ngủ, đau đầu, chóng mặt.
- Ít gặp: buồn nôn, nôn, tiêu chảy, đau bụng.
- Hiếm: tăng cân, rối loạn tâm thần, phản ứng dị ứng (phát ban, ngứa).","Nơi khô ráo, tránh ánh sáng, nhiệt độ ≤ 30°C.",https://drive.google.com/file/d/1zQCeslcesSAr2vEDG3Sfd7Nyfy4mnhZJ/view?usp=drivesdk,
Esomeprazol,40mg,Nexium Mups,viên bao tan trong ruột,Thuỵ Điển,"- Trào ngược dạ dày–thực quản (GERD).
- Viêm thực quản do trào ngược.
- Loét dạ dày–tá tràng (kể cả do NSAID).
- Phối hợp diệt Helicobacter pylori.
- Hội chứng Zollinger–Ellison.","- Quá mẫn với esomeprazole, benzimidazol hoặc tá dược.
- Dùng đồng thời với nelfinavir.","- GERD: 20–40 mg/ngày.
- Viêm thực quản: 40 mg/ngày.
- H. pylori: 20 mg x 2 lần/ngày (phối hợp kháng sinh).","Có thể tới 80 mg/ngày (Zollinger–Ellison, theo chỉ định bác sĩ).","- Dùng dài ngày: nguy cơ giảm Mg²⁺, vitamin B12, gãy xương.
- Bệnh gan nặng, người cao tuổi.
- Loại trừ ung thư dạ dày trước điều trị kéo dài.","- Thai kỳ: chỉ dùng khi thật cần thiết.
- Cho con bú: không khuyến cáo (cân nhắc ngừng thuốc hoặc ngừng cho bú).","- Giảm tác dụng: clopidogrel.
- Tăng/giảm nồng độ: diazepam, phenytoin, warfarin, cilostazol.
- Chống chỉ định: nelfinavir.
- Thận trọng với atazanavir, ketoconazol, itraconazol.","- Thường gặp: đau đầu, đau bụng, tiêu chảy, buồn nôn, đầy hơi.
- Ít gặp: chóng mặt, phát ban, táo bón.
- Hiếm: giảm Mg²⁺ máu, rối loạn gan, phản ứng dị ứng nặng.","Nơi khô, dưới 30°C, tránh ẩm và ánh sáng.",https://drive.google.com/file/d/1GG-8J7J3qEWVLLZTLxqfbNs0LSXqntpJ/view?usp=sharing,
Nifedipin,20mg,Nifedipin T20 retard,viên nén bao phim/ viên nén bao tròn,Việt Nam,"- Điều trị tăng huyết áp
- Dự phòng đau thắt ngực, đặc biệt:
+ Đau thắt ngực ổn định mạn tính
+Đau thắt ngực do co thắt mạch vành (Prinzmetal)","- Sốc tim
- Hẹp động mạch chủ nặng
- Nhồi máu cơ tim trong vòng 1 tháng
- Cơn đau thắt ngực không ổn định nặng
- Phụ nữ có thai
- Quá mẫn với nifedipin hoặc các dẫn xuất dihydropyridin","- Đau thắt ngực: 1 viên (20 mg) × 2 lần/ngày
- Tăng huyết áp: 1 viên (20 mg) × 2 lần/ngày",40 mg/ngày (2 viên/ngày),"- Người bệnh mạch vành, suy tim, rối loạn nhịp, người cao tuổi.
- Suy gan, đái tháo đường: cần chỉnh liều.
- Tránh nước bưởi (làm tăng nồng độ thuốc).
- Không ngừng thuốc đột ngột.",Không dùng cho phụ nữ có thai và cho con bú,"- Thuốc chẹn beta: tăng nguy cơ hạ huyết áp, suy tim.
- Cimetidin: tăng nồng độ nifedipin.
- Rifampicin, phenytoin: giảm tác dụng nifedipin.
- Digoxin: tăng nồng độ digoxin.
- Nước bưởi, rượu: tăng tác dụng và tác dụng phụ.","- Thường gặp: đau đầu, đỏ bừng mặt, chóng mặt, mệt, phù mắt cá chân.
- Ít gặp: hạ huyết áp, tim nhanh, buồn nôn, táo bón/tiêu chảy.
- Hiếm: đau thắt ngực nặng lên, tăng men gan, phản ứng dị ứng.","Nơi khô mát, tránh ánh sáng, nhiệt độ dưới 30°C.",https://drive.google.com/file/d/1374hNicv1XIbQZZmFn1vsV5_GlKAcTAH/view?usp=sharing,
Nicorandil,10mg,Nikoramyl 10,viên nén,Việt Nam,"- Điều trị dự phòng và điều trị lâu dài cơn đau thắt ngực ổn định
- Dùng khi các thuốc chống đau thắt ngực khác không đủ hiệu quả hoặc không dung nạp","- Quá mẫn với Nicorandil hoặc bất kỳ thành phần nào của thuốc
- Sốc tim, suy tim cấp
- Hạ huyết áp nặng
- Phù phổi cấp
- Dùng đồng thời với thuốc ức chế PDE-5 (sildenafil, tadalafil, vardenafil…)
- Bệnh nhân giảm thể tích tuần hoàn","- Người lớn: Khởi đầu: 5–10 mg/lần × 2 lần/ngày
+ Có thể tăng liều tùy đáp ứng",20 mg/lần × 2 lần/ngày → Tối đa: 40 mg/ngày,"- Người cao tuổi
- Bệnh nhân hạ huyết áp, suy tim
- Nguy cơ loét đường tiêu hóa, loét miệng, loét hậu môn khi dùng kéo dài
- Thận trọng khi lái xe, vận hành máy móc (chóng mặt, choáng)","- Phụ nữ có thai: Chưa có đủ dữ liệu an toàn → Không khuyến cáo sử dụng
- Phụ nữ cho con bú: Chưa rõ thuốc có bài tiết qua sữa mẹ → Không nên dùng","- Chống chỉ định phối hợp với thuốc ức chế PDE-5 (sildenafil, tadalafil, vardenafil…) → tụt huyết áp nghiêm trọng
- Tăng nguy cơ hạ huyết áp khi dùng chung với:
+ Thuốc hạ huyết áp
+ Nitrat hữu cơ
+ Thuốc giãn mạch khác","- Thường gặp: buồn nôn, nôn, đau bụng, tiêu chảy, đau đầu, chóng mặt.
- Ít gặp: dị ứng (phát ban, ngứa), tăng men gan, rối loạn tiêu hóa nặng.
- Hiếm gặp: phản ứng quá mẫn nặng, rối loạn huyết học, tổn thương gan/thận.","Nơi khô mát, tránh ánh sáng, nhiệt độ dưới 30°C.",https://drive.google.com/file/d/1HABh-m97IW6juHVpanXLed1dNU1rDD78/view?usp=sharing,
Nicorandil,5mg,NIKORAMYL 5,viên nng cứng,Việt Nam,"- Phòng ngừa và điều trị lâu dài cơn đau thắt ngực ổn định, bao gồm:
+ Giảm tần suất và mức độ đau thắt ngực/ Giảm nguy cơ biến cố mạch vành cấp
- Áp dụng cho bệnh nhân có nguy cơ tim mạch cao","- Quá mẫn với nicorandil hoặc bất kỳ thành phần nào của thuốc
- Sốc (sốc tim, suy tim trái nặng với áp lực đổ đầy thấp)
- Hạ huyết áp nặng, giảm thể tích tuần hoàn
- Phù phổi cấp
- Tăng kali máu
- Loét đường tiêu hóa, loét niêm mạc miệng
- Bệnh nhân giảm G6PD","10 – 20 mg/lần, ngày 2 lần",30 mg x 2 lần/ngày,"- Nhồi máu cơ tim mới mắc
- Hạ huyết áp, bệnh van tim, rối loạn huyết động
- Rối loạn dẫn truyền nhĩ – thất
- Chảy máu não hoặc chấn thương sọ não gần đây
- Bệnh gan nặng (nguy cơ tích lũy thuốc khi dùng liều lặp lại)
- Dùng cùng các dẫn xuất nitrat khác (tăng nguy cơ độc tính)
- Chuẩn bị phẫu thuật tim phổi (nguy cơ giãn mạch ngoại vi nghiêm trọng)
- Lái xe, vận hành máy móc: có thể gây chóng mặt, hoa mắt do hạ huyết áp","- Phụ nữ có thai: Chỉ sử dụng khi thật cần thiết, sau khi cân nhắc kỹ lợi ích – nguy cơ
- Phụ nữ cho con bú: Thận trọng khi dùng, cân nhắc ngừng cho con bú nếu cần thiết","- Chống chỉ định dùng cùng thuốc ức chế PDE-5 (sildenafil, tadalafil…) và thuốc kích thích guanylate cyclase → tụt huyết áp nặng.
- Dùng cùng thuốc hạ huyết áp, nitrate khác, rượu, thuốc giãn mạch → tăng nguy cơ hạ huyết áp.
- Dùng với NSAIDs, corticosteroid → tăng nguy cơ loét, thủng, xuất huyết tiêu hóa.","- Thường gặp: đau đầu, chóng mặt, buồn nôn, mệt mỏi.
- Ít gặp: đỏ bừng mặt, đau bụng, hạ huyết áp.
- Hiếm / nặng: loét da, loét miệng/hậu môn, phù, rối loạn chức năng gan, tụt huyết áp nặng.","Nơi khô mát, tránh ánh sáng, nhiệt độ dưới 30°C",https://drive.google.com/file/d/1HlLsfRWzxVSLFQGcAznVgqQH_QB5G51z/view?usp=drivesdk,
Pantoprazol,20mg,Nolpaza 20 mg,viên nén bao phim,Slovenia,"- Trào ngược dạ dày – thực quản (GERD)
- Điều trị triệu chứng ợ nóng, ợ chua
- Điều trị và dự phòng loét dạ dày – tá tràng
- Phòng loét dạ dày – tá tràng do NSAIDs (ở bệnh nhân nguy cơ cao)
- Hội chứng Zollinger–Ellison và các tình trạng tăng tiết acid bệnh lý","- Quá mẫn với pantoprazol hoặc các dẫn xuất benzimidazol
- Quá mẫn với bất kỳ tá dược nào của thuốc","- Người lớn và trẻ ≥ 12 tuổi:
+ Trào ngược dạ dày – thực quản: 20 mg/ngày
+ Phòng loét do NSAIDs: 20 mg/ngày
+ Loét dạ dày – tá tràng: 20–40 mg/ngày","- 40 mg/ngày
- Trường hợp đặc biệt (Zollinger–Ellison): có thể tăng theo chỉ định bác sĩ (≤ 240 mg/ngày)","- Bệnh nhân suy gan nặng (theo dõi men gan, không quá 20 mg/ngày)
- Điều trị kéo dài > 1 năm: nguy cơ gãy xương, giảm Mg²⁺, thiếu vitamin B12
- Loại trừ ung thư dạ dày trước khi điều trị (thuốc che lấp triệu chứng)
- Người cao tuổi, bệnh nhân dùng NSAIDs kéo dài
- Có thể gây chóng mặt → thận trọng khi lái xe, vận hành máy","- Phụ nữ có thai: không khuyến cáo, chỉ dùng khi thật cần thiết
- Cho con bú: cân nhắc lợi ích – nguy cơ, có thể phải ngừng cho bú","- Rượu, thuốc an thần, thuốc ngủ, opioid: ↑ tác dụng ức chế TKTW → tăng buồn ngủ, giảm tỉnh táo.
- Thuốc kháng cholinergic (atropin, TCA…): ↑ tác dụng khô miệng, táo bón, bí tiểu.
- Thuốc ức chế TKTW khác: tăng nguy cơ buồn ngủ, chóng mặt.","- Thường gặp: buồn ngủ, mệt mỏi, chóng mặt, khô miệng.
- Ít gặp: táo bón, nhìn mờ, bí tiểu.
- Hiếm gặp: hạ huyết áp, tim đập nhanh, kích thích thần kinh (nhất là trẻ em), phản ứng dị ứng.","Nơi khô mát, tránh ánh sáng, nhiệt độ dưới 30°C",https://drive.google.com/file/d/1JqQnwM3T2A6J0htWbh7p8TS94m71Jntb/view?usp=sharing,
Cefdinir,300mg,OSVIMEC 300,viên nang cứng,Việt Nam,"Nhiễm khuẩn hô hấp (viêm phổi cộng đồng, viêm phế quản, viêm xoang), viêm tai giữa, viêm họng–amidan, nhiễm khuẩn da và mô mềm do vi khuẩn nhạy cảm.","Mẫn cảm với cefdinir, cephalosporin hoặc penicillin.","Người lớn & ≥13 tuổi: 300 mg x 2 lần/ngày hoặc 600 mg/ngày, 5–10 ngày.",600 mg/ngày.,"Tiền sử viêm đại tràng, suy thận (cần chỉnh liều), dị ứng β-lactam.","Chỉ dùng khi thật cần thiết, cân nhắc lợi ích/nguy cơ.","- Probenecid ↑ nồng độ cefdinir.
- Antacid, chế phẩm chứa sắt ↓ hấp thu (uống cách ≥2 giờ).
- Dùng cùng thuốc độc thận (aminoglycosid, furosemid…) ↑ nguy cơ độc thận.","- Thường gặp: tiêu chảy, buồn nôn, nôn, đau đầu, ban da.
- Hiếm: viêm đại tràng giả mạc, giảm bạch cầu, hội chứng Stevens–Johnson.","Nơi khô ráo , nhiệt độ ≤30°C, tránh ánh sáng, để xa tầm tay trẻ em.",https://drive.google.com/file/d/1ejAq3cKGsd6QMkwUzJ_vvG6tbQEHOZvb/view?usp=drivesdk,
Oxcarbazepin,300mg,Oxcarbazepin DWP 300mg,,Việt Nam,"- Động kinh cục bộ (có hoặc không toàn thể hóa thứ phát)
- Dùng đơn trị hoặc phối hợp","Mẫn cảm với oxcarbazepin, Eslicarbazepin hoặc bất kỳ thành phần khác của thuốc","- Người lớn: khởi đầu 300 mg x 2 lần/ngày
- Tăng dần mỗi tuần → liều duy trì 600–1200 mg/ngày (chia 2 lần)",2400 mg/ngày,"- Nguy cơ hạ natri máu (đặc biệt người cao tuổi, dùng lợi tiểu)
- Suy thận, suy gan
- Tiền sử dị ứng thuốc chống động kinh
- Quá mẫn","- Có thai: chỉ dùng khi lợi ích > nguy cơ; theo dõi chặt
- Cho con bú: thuốc qua sữa → cân nhắc, theo dõi trẻ","- Giảm hiệu quả thuốc tránh thai đường uống
- Tăng nguy cơ hạ Na⁺ khi dùng với lợi tiểu
- Ảnh hưởng nồng độ phenytoin, carbamazepin, phenobarbital
- Rượu/thuốc an thần: tăng buồn ngủ","- Thường gặp: chóng mặt, buồn ngủ, đau đầu, buồn nôn, nhìn đôi
- Ít gặp/hiếm: phát ban, hạ natri máu, rối loạn gan, phản ứng da nặng (SJS/TEN)","Nơi khô ráo, dưới 30°C, tránh ánh sáng",https://drive.google.com/file/d/1YuRzM3eebup26_k-WSjlUOIajDmsYEJL/view?usp=sharing,
Levofloxacin (dưới dạng Levofloxacin hemihydrat 512mg),500mg,Ozanier 500mg,viên nén bao phim,Việt Nam,"- Nhiễm khuẩn hô hấp (viêm phổi, viêm phế quản)
- Nhiễm khuẩn tiết niệu – sinh dục
- Nhiễm khuẩn da và mô mềm
- Nhiễm khuẩn xoang, tai mũi họng","- Quá mẫn với levofloxacin/fluoroquinolon
- Tiền sử viêm, đứt gân do quinolon
- Động kinh
- Trẻ < 18 tuổi
- Phụ nữ có thai và cho con bú","- 250–500 mg/ngày, uống 1 lần/ngày
- Thời gian: 5–14 ngày tùy nhiễm khuẩn",500 mg/ngày,"- Người cao tuổi, suy thận (cần chỉnh liều)
- Nguy cơ viêm/đứt gân, kéo dài QT
- Tiền sử động kinh, rối loạn tâm thần
- Tránh nắng (nguy cơ nhạy cảm ánh sáng)",Không sử dụng,"- Kháng acid (Al, Mg), sắt, kẽm, calci, sucralfat: giảm hấp thu → uống cách ≥ 2 giờ
- NSAIDs: tăng nguy cơ kích thích TKTW, co giật
- Warfarin/thuốc chống đông: tăng nguy cơ chảy máu
- Thuốc kéo dài QT: tăng nguy cơ loạn nhịp
- Corticosteroid: tăng nguy cơ viêm, đứt gân
- Thuốc hạ đường huyết: rối loạn đường huyết
- Probenecid, cimetidin: tăng nồng độ levofloxacin","- Buồn nôn, tiêu chảy, đau bụng
- Đau đầu, chóng mặt, mất ngủ
- Viêm/đứt gân (hiếm nhưng nghiêm trọng)
- Phát ban, nhạy cảm ánh sáng
- Kéo dài QT, rối loạn nhịp (hiếm)","Bảo quản nơi khô, dưới 30°C, tránh ánh sáng.",https://drive.google.com/file/d/16HAR-ww7romdy_S_L4ZL3u-uh-vMde2X/view?usp=sharing,
Pantoprazol (dưới dạng Pantoprazol natri sesquihydrat),40mg,Ozzy-40,viên nén bao phim,Việt Nam,"- Loét dạ dày – tá tràng
- Trào ngược dạ dày – thực quản (GERD)
- Hội chứng Zollinger–Ellison và các tình trạng tăng tiết acid khác
- Phối hợp diệt Helicobacter pylori","- Quá mẫn với pantoprazol hoặc các thuốc nhóm benzimidazol
- Không dùng đồng thời với atazanavir","- Trào ngược, loét dạ dày – tá tràng: 40 mg/ngày
- Diệt H. pylori: 40 mg x 2 lần/ngày (phối hợp kháng sinh)
- Zollinger–Ellison: khởi đầu 80 mg/ngày, chỉnh theo đáp ứng",≤ 160 mg/ngày,"- Dùng dài ngày: nguy cơ thiếu vitamin B12, hạ Mg²⁺, loãng xương
- Thận trọng ở bệnh nhân suy gan nặng
- Loại trừ ung thư dạ dày trước khi điều trị kéo dài","- Thai kỳ: Chỉ dùng khi thật cần thiết
- Cho con bú: Cân nhắc ngừng cho bú hoặc ngừng thuốc","- Giảm hấp thu thuốc phụ thuộc pH (ketoconazol, itraconazol…)
- Không dùng với atazanavir
- Thận trọng khi dùng cùng warfarin, methotrexat liều cao","- Thường gặp: Đau đầu, đau bụng, tiêu chảy, buồn nôn, đầy hơi
- Ít gặp/hiếm:
+ Tăng men gan, phát ban, chóng mặt
+ Hạ Mg²⁺, thiếu B12 (dùng kéo dài)","Nơi khô mát, nhiệt độ dưới 30°",https://drive.google.com/file/d/1tALvWyYHXudOjwu2FgXTHzWtSJZPyGyb/view?usp=sharing,
Acetyl leucin,500mg,Pain-tavic,viên nén,Việt Nam,"– Điều trị triệu chứng chóng mặt (do tiền đình, Ménière…)
– Buồn nôn, nôn liên quan rối loạn tiền đình",– Quá mẫn với acetylleucin hoặc bất kỳ thành phần nào của thuốc,"– Người lớn: 3–4 viên/ngày, chia 2 lần (sáng – trưa)",– Có thể tăng đến 6–8 viên/ngày trong thời gian ngắn (theo hướng dẫn y tế),"– Không dùng cho trẻ em
– Không dùng kéo dài nếu không có chỉ định
– Theo dõi nếu triệu chứng không cải thiện",– Chưa có đủ dữ liệu an toàn → không khuyến cáo sử dụng,"– Chưa ghi nhận tương tác đáng kể
– Thông báo cho bác sĩ nếu đang dùng thuốc khác","– Hiếm gặp
– Có thể: rối loạn tiêu hóa nhẹ (buồn nôn), phản ứng dị ứng","Nơi khô ráo , nhiệt độ ≤30°C, tránh ánh sáng, để xa tầm tay trẻ em.",https://drive.google.com/file/d/1YPNgonsSUM40aBwBySLPs6YfeTsElB79/view?usp=sharing,
Amylase + lipase + protease,170mg ( tương ứng với 238 IU Protease+ 3400IU Lipase+ 4080 IU Amylase)),Pancres,viên nén bao phim tan trong ruột,Việt Nam,"- Điều trị kém hấp thu do thiếu men tiêu hóa: ăn không tiêu, đầy hơi, chướng bụng, khó tiêu.","- Quá mẫn với bất kỳ thành phần nào của thuốc
- Quá mẫn với protein lợn
- Viêm tụy cấp
- Viêm tụy mạn tiến triển nặng cấp tính","- Uống trong bữa ăn, nuốt nguyên viên, không nhai/nghiền
- Người lớn: 2 viên/lần, ngày 2–3 lần","- Không dùng kéo dài quá 2 tháng
- Tránh liều cao, đặc biệt ở bệnh nhân xơ nang","- Tránh dùng liều cao ở bệnh nhân xơ nang (nguy cơ hẹp ruột)
- Có thể kích ứng niêm mạc miệng, dạ dày → không nhai thuốc
- Uống đủ nước trong thời gian dùng
- Chế phẩm pancreatin có thể nhiễm Salmonella (hiếm)","- Phụ nữ có thai: chỉ dùng khi có chỉ định của bác sĩ
- Cho con bú: chưa rõ thuốc có bài tiết qua sữa mẹ → thận trọng khi dùng","- Dùng cùng acid folic đường uống → giảm hấp thu acid folic
- Antacid, thuốc kháng histamin H2 → giảm hoạt tính enzym","- Tiêu hóa: buồn nôn, nôn, khó chịu dạ dày–ruột
- Kích ứng miệng, hậu môn (đặc biệt ở trẻ nhỏ)
- Dị ứng: hắt hơi, chảy nước mắt, đỏ da
- Liều cao kéo dài: hẹp ruột (xơ nang), tăng acid uric máu/niệu","- Nơi khô mát, nhiệt độ < 30°C, tránh ánh sáng",https://drive.google.com/file/d/1zHWZ3HTKzrOY_o-BHO6Vf7_fDi-lH3Kg/view,
Deferipron,500mg,PAOLUCCI,viên nang cứng,Việt Nam,Điều trị thừa sắt mạn tính ở bệnh nhân thalassemia khi các phương pháp thải sắt khác không phù hợp hoặc không hiệu quả.,"- Quá mẫn với deferiprone
- Tiền sử hoặc đang giảm bạch cầu trung tính / mất bạch cầu hạt","75 mg/kg/ngày, chia 3 lần/ngày (uống)",100 mg/kg/ngày,"- Theo dõi công thức máu hàng tuần (nguy cơ giảm bạch cầu)
- Thận trọng ở bệnh nhân suy gan, suy thận
- Ngưng thuốc ngay nếu có dấu hiệu nhiễm trùng","- Không khuyến cáo dùng cho phụ nữ có thai
- Không dùng khi cho con bú (nếu bắt buộc điều trị phải ngừng cho bú)","- Tránh dùng cùng thuốc gây giảm bạch cầu
- Không dùng đồng thời chế phẩm chứa sắt, kẽm (giảm hiệu quả)","- Thường gặp: buồn nôn, nôn, đau bụng, tiêu chảy, nước tiểu sẫm màu
- Nghiêm trọng: giảm bạch cầu trung tính, mất bạch cầu hạt, nhiễm trùng","Nơi khô ráo , dưới 30°C, tránh ánh sáng",https://drive.google.com/file/d/1cWQ8nFsVCaFb9d1Li8oi751meU4xXPLR/view?usp=drivesdk,
Perindopril,5mg,PeriSaVi 5,viên nén bao phim,Việt Nam,"- Tăng huyết áp
- Suy tim
- Bệnh mạch vành ổn định (giảm nguy cơ biến cố tim mạch)
- Phòng ngừa thứ phát biến cố tim mạch ở bệnh nhân có tiền sử nhồi máu cơ tim hoặc đột quỵ","- Quá mẫn với perindopril hoặc các thuốc ức chế men chuyển (ACEI)
- Tiền sử phù mạch (do ACEI hoặc tự phát/di truyền)
- Phụ nữ có thai (đặc biệt 3 tháng giữa và cuối)
- Phối hợp với aliskiren ở bệnh nhân đái tháo đường hoặc suy thận nặng
- Hẹp động mạch thận hai bên hoặc hẹp động mạch thận ở thận độc nhất","- Tăng huyết áp: Khởi đầu: 2,5–5 mg/ngày/ Duy trì: 5–10 mg/ngày
- Suy tim: Khởi đầu: 2,5 mg/ngày → tăng dần
- Bệnh mạch vành ổn định: 5 mg/ngày → có thể tăng 10 mg/ngày",10 mg/ngày,"- Người cao tuổi
- Bệnh nhân suy thận, suy gan
- Giảm thể tích tuần hoàn (mất nước, đang dùng lợi tiểu liều cao)
- Hẹp van động mạch chủ, hẹp van hai lá
- Theo dõi huyết áp, creatinin, kali máu khi bắt đầu và trong quá trình điều trị","- Chống chỉ định khi mang thai
- Không khuyến cáo khi cho con bú → nên chọn thuốc khác an toàn hơn","- Lợi tiểu giữ kali, muối kali → tăng kali máu
- NSAIDs → giảm tác dụng hạ áp, tăng nguy cơ suy thận
- Lithium → tăng độc tính lithium
- Thuốc hạ áp khác → tăng tác dụng hạ huyết áp
- Aliskiren → tăng nguy cơ tụt huyết áp, suy thận, tăng kali","- Thường gặp: ho khan, chóng mặt, nhức đầu, mệt mỏi, hạ huyết áp
- Ít gặp: buồn nôn, tiêu chảy, phát ban
- Hiếm nhưng nặng: phù mạch, tăng kali máu, suy thận","Nơi khô ráo , dưới 30°C, tránh ánh sáng",https://drive.google.com/file/d/16O2hTBb7CdMdKgZajPcOSssqTnRQmXpr/view?usp=sharing,
"Diệp hạ châu, Hoàng bá, Mộc hương, Quế nhục, Tam thất",1800mg+ 500mg+ 50mg+ 50mg+ 1500mg,Phyllantol,viên nang cứng,Việt Nam,"- Can uất, tỳ hư, khí trệ, hàn thấp
- Viêm gan (do thuốc, hóa chất, rượu bia)
- Dị ứng theo mùa, dị ứng thức ăn
- Đau bụng, tiêu chảy do hàn thấp","- Dị ứng với bất kỳ thành phần nào của thuốc
- Phụ nữ có thai","- Người lớn: 2–3 viên/lần, ngày 1–3 lần
- Trẻ em: 40 mg/kg/ngày
- Uống trước hoặc sau bữa ăn",Không ghi rõ trong tờ hướng dẫn (dùng theo liều khuyến cáo),"- Táo bón
- Tiêu chảy do nhiệt (phân lỏng vàng/sẫm, rất thối, có thể lẫn máu, người nóng)","- Phụ nữ có thai: không dùng
- Cho con bú: không có dữ liệu, thận trọng khi sử dụng","- Tránh dùng cùng thuốc cường tim (Digitalis, long não…)
- Tránh thực phẩm nhiều tanin gây táo bón (nụ sim, búp ổi…)","Ít gặp, chủ yếu: táo bón (giảm liều sẽ hết)","Nơi khô mát, tránh ánh nắng trực tiếp",https://drive.google.com/file/d/1yCocJu3BrNf5Q8xMWkRxjk7FwoZRILF0/view?usp=drivesdk,
"Cao toàn phần không xà phòng hóa quả bơ, Cao toàn phần không xà phòng hóa dầu đậu nành",100mg + 200mg,PIASCLEDINE® 300,viên nang cứng,Pháp,"- Điều trị triệu chứng thoái hóa khớp (khớp gối, khớp háng)
- Hỗ trợ điều trị viêm nha chu",Quá mẫn với hoạt chất hoặc bất kỳ tá dược nào của thuốc,"- 1 viên 300 mg/ngày, uống giữa bữa ăn
- Uống nguyên viên với nhiều nước",300 mg/ngày (1 viên/ngày),"- Không khuyến cáo dùng cho trẻ < 18 tuổi
- Thông báo bác sĩ nếu có dấu hiệu bất thường về gan","- Thai kỳ: không đủ dữ liệu an toàn → tránh dùng
- Cho con bú: không dùng",Chưa ghi nhận tương tác thuốc đáng kể,"- Hiếm: ợ nóng, trào ngược, tiêu chảy, đau thượng vị
- Rất hiếm: tăng men gan, rối loạn chức năng gan
- Hiếm: phản ứng quá mẫn","Dưới 30°C, tránh ẩm",https://drive.google.com/file/d/1-rgqD7lwANfos9c7mxNBoaFbUqnFEXHg/view?usp=drivesdk,
Piracetam,400mg,PIRACETAM,viên nang cứng,Việt Nam,"- Suy giảm trí nhớ, chóng mặt, rung giật cơ nguồn gốc vỏ não
- Hỗ trợ sau tai biến mạch máu não
- Trẻ em: hỗ trợ điều trị khó đọc","- Quá mẫn với piracetam/dẫn xuất pyrrolidon
- Suy thận nặng, suy thận giai đoạn cuối
- Xuất huyết não, Huntington","- Người lớn: 2 viên x 3 lần/ngày (≈ 2,4 g/ngày)
- Trẻ em: 50 mg/kg/ngày, chia 3 lần
- Người cao tuổi/suy thận: giảm liều theo ClCr","thường 4,8 g/ngày","- Suy thận, người cao tuổi
- Bệnh nhân nguy cơ chảy máu, đang dùng thuốc ảnh hưởng đông máu
- Không ngừng thuốc đột ngột ở bệnh nhân động kinh","- Thai kỳ: tránh dùng, chỉ dùng khi thật cần thiết
- Cho con bú: không khuyến cáo (thuốc qua sữa)","- Có thể ảnh hưởng đông máu (theo dõi khi dùng cùng warfarin/thuốc chống đông)
- Ít tương tác đáng kể khác","- Thần kinh: bồn chồn, kích động, mất ngủ, đau đầu
- Tiêu hóa: buồn nôn, tiêu chảy
- Da & miễn dịch: phát ban, ngứa (hiếm)","Dưới 30°C, nơi khô ráo, tránh ánh sáng",https://drive.google.com/file/d/18R2Duzh7lWcol87mSFpb-SDTv0BSqzP3/view?usp=drivesdk,
Piracetam,1200mg,Piracetam STADA,viên nén bao phim,Việt Nam,"Suy giảm trí nhớ, chóng mặt, thiếu tập trung; hỗ trợ điều trị rung giật cơ nguồn gốc vỏ não.",Quá mẫn với piracetam; suy thận nặng (ClCr < 20 ml/phút); bệnh Huntington; xuất huyết não,"2,4 – 4,8 g/ngày, chia 2–3 lần (tùy chỉ định).","7,2 g/ngày.",Suy thận (phải chỉnh liều); người có nguy cơ chảy máu; không ngừng thuốc đột ngột ở BN rung giật cơ.,"Không khuyến cáo sử dụng (qua nhau thai, bài tiết vào sữa).","↑ nguy cơ chảy máu khi dùng với thuốc chống đông/kháng kết tập tiểu cầu; hormon tuyến giáp (T3–T4) có thể gây kích thích, mất ngủ.","Thần kinh (bồn chồn, mất ngủ, buồn ngủ); tiêu hóa (buồn nôn, đau bụng, tiêu chảy); hiếm: xuất huyết.","Dưới 30°C, tránh ẩm và ánh sáng.",https://drive.google.com/file/d/10oSV3dnd1m_Rc79S8ts7ty42nWrTURWp/view?usp=drivesdk,
Clopidogrel hydrogen sulphate tương đương với Clopidogrel base,"97,875mg + 75mg",Plavix,viên nén bao phim,Pháp,"- Phòng ngừa biến cố huyết khối: nhồi máu cơ tim, đột quỵ, bệnh mạch máu ngoại biên
- Hội chứng mạch vành cấp (có hoặc không ST chênh), phối hợp aspirin","- Quá mẫn với clopidogrel
- Xuất huyết đang tiến triển (xuất huyết tiêu hóa, xuất huyết não…)
- Suy gan nặng","- 75 mg/ngày, uống 1 lần/ngày
- Hội chứng mạch vành cấp: liều nạp 300 mg, sau đó 75 mg/ngày",300 mg (liều nạp); duy trì không quá 75 mg/ngày,"- Nguy cơ chảy máu
- Người cao tuổi, tiền sử loét/xuất huyết
- Ngừng thuốc trước phẫu thuật ≥ 5–7 ngày","- Thai kỳ: chỉ dùng khi thật cần thiết
- Cho con bú: không khuyến cáo, cân nhắc ngừng cho bú hoặc ngừng thuốc","- Aspirin, NSAIDs, thuốc chống đông → tăng nguy cơ chảy máu
- Omeprazole/esomeprazole → giảm hiệu quả clopidogrel
- Thuốc ức chế CYP2C19","- Thường gặp: chảy máu, bầm tím, đau bụng, tiêu chảy
- Ít gặp: phát ban, ngứa
- Hiếm: xuất huyết nặng, giảm tiểu cầu","Nơi khô, dưới 30°C, tránh ánh sáng",https://drive.google.com/file/d/1c0ZAb1fiWOMCsIcsRrKgmo4jM2LuKcDc/view?usp=sharing,
Rosuvastatin (dưới dạng Rosuvastatin Calcium),10mg,Pms-Rosuvastatin,viên nén bao phim,Canada,"- Điều trị tăng cholesterol máu nguyên phát (type IIa, IIb)
- Rối loạn lipid máu hỗn hợp
- Tăng triglycerid máu
- Tăng cholesterol máu gia đình (đồng hợp tử hoặc dị hợp tử)
- Dự phòng biến cố tim mạch (nhồi máu cơ tim, đột quỵ) ở bệnh nhân có nguy cơ cao","- Quá mẫn với rosuvastatin hoặc bất kỳ thành phần nào của thuốc
- Bệnh gan tiến triển, tăng transaminase kéo dài không rõ nguyên nhân
- Suy thận nặng
- Bệnh cơ tiến triển
- Phụ nữ có thai và cho con bú
- Dùng đồng thời với cyclosporin","- Liều khởi đầu: 5–10 mg/lần/ngày
- Liều duy trì: 5–20 mg/lần/ngày
- Uống 1 lần/ngày, có thể uống bất kỳ thời điểm nào, không phụ thuộc bữa ăn",40 mg/ngày,"- Bệnh gan, tăng men gan; tiền sử bệnh cơ
- Suy thận, người cao tuổi
- Uống nhiều rượu
- Nguy cơ tiêu cơ vân ↑ khi dùng liều cao","- Chống chỉ định
+ Phụ nữ trong độ tuổi sinh sản phải dùng biện pháp tránh thai hiệu quả
+ Ngừng thuốc ngay khi phát hiện có thai","- Cyclosporin: ↑ mạnh nồng độ rosuvastatin → chống chỉ định
- Gemfibrozil, fibrat, niacin: ↑ nguy cơ bệnh cơ/tiêu cơ vân
- Thuốc kháng acid Al/Mg: ↓ hấp thu (uống cách ≥2 giờ)
- Warfarin: ↑ INR (cần theo dõi)","- Thường gặp: đau đầu, chóng mặt, buồn nôn, táo bón/tiêu chảy
- Ít gặp: tăng men gan, đau cơ
- Hiếm nhưng nặng: viêm cơ, tiêu cơ vân, suy thận thứ phát","Nơi khô, dưới 30°C, tránh ánh sáng",https://drive.google.com/file/d/130_njFh_a12WhOoto_vFC-ycQgc4xlPU/view?usp=drivesdk,
Topiramat,25mg,pms-Topiramate 25mg,viên nén bao phim,Canada,"- Động kinh (đơn trị/phối hợp)
- Dự phòng đau nửa đầu (migraine)","- Quá mẫn với topiramate
- Phụ nữ có thai (đặc biệt dự phòng migraine)","- Động kinh người lớn: khởi đầu 25–50 mg/ngày, tăng dần; duy trì 100–400 mg/ngày
- Migraine: khởi đầu 25 mg/ngày, duy trì 50–100 mg/ngày",400 mg/ngày,"- Suy thận, sỏi thận
- Glaucom góc đóng
- Toan chuyển hóa
- Rối loạn tâm thần, trầm cảm, ý tưởng tự sát
- Trẻ em (chậm tăng trưởng)","- Có nguy cơ dị tật thai → tránh dùng khi mang thai
- Bài tiết vào sữa mẹ → không khuyến cáo khi cho con bú","- Thuốc chống động kinh khác (phenytoin, carbamazepin…)
- Thuốc tránh thai (giảm hiệu quả)
- CNS depressants (rượu, thuốc an thần)","- Thường gặp: chóng mặt, buồn ngủ, giảm cân, chán ăn, dị cảm
- Ít gặp/hiếm: sỏi thận, toan chuyển hóa, rối loạn thị giác, rối loạn tâm thần, phát ban nặng (SJS/TEN)","Dưới 30°C, tránh ẩm, tránh ánh sáng",https://drive.google.com/file/d/1kijMSwr43FkeEu9uaVX6iBXSRMreLue5/view?usp=sharing,
Dabigatran,110mg,Pradaxa,Viên nang cứng,Germany,"- Phòng ngừa tai biến thuyên tắc huyết khối tĩnh mạch (THKTM) ở những bệnh nhân người trưởng thành trải qua phẫu thuật chương trình thay thế bàn bộ khớp háng hoặc khớp gối
- Phòng ngừa đột quỵ thuyên tắc hệ thống ở bệnh nhân trưởng thành bị rung nhĩ không do bệnh van tim (MAF) có một hoặc nhiều các yếu tố nguy có như đã từng bị đột quỵ, cơn thoáng thiếu máu não (TA), tuổi ≥ 75, suy tim (phân loại NHA 2 độ II; đái tháo đường tăng huyết áp
- Điều trị huyết khối tĩnh mạch sâu (DVT) cấp và hoặc thuyền tắc phải (PE) và ngăn ngừa tử vong liên quan.
- Giảm nguy cơ tái phát huyết khối tĩnh mạch sâu (DVT) và thuyên tắc phải (PE) ở những bệnh nhân đã được điều trị trước","- Quá mẫn với dabigatran hoặc dabigatran etexilate . Suy thận nặng (CrCL < 30 mL/phút)
- Các biểu hiện chảy máu, bệnh nhân có cơ địa chảy máu, hoặc bệnh nhân giảm đông máu do dùng thuốc hay tự phát
- Sang thương hoặc các tình trạng được xem là có nguy cơ chảy máu nặng rõ rệt :  loét dạ dày tá tràng , u ác tính có nguy cơ chảy máu cao, tổn thương cột sống hoặc não gần đây, phẫu thuật não, cột sống hoặc mắt gần đây, xuất huyết nội sọ gần đây, giãn tĩnh mạch thực quản đã biết hoặc nghi ngờ, đị dạng động tĩnh mạch, phình mạch máu, hoặc các bất thường nghiêm trọng mạch máu trong cột sống hoặc trong não
- Điều trị đồng thời với ketoconazole toàn thân, cyclosporin, ketoconazol và dronedarone
- Điều trị đông thời với các thuốc chống đông khác như heparin (UFH), các heparin trọng lượng phân tử thấp (như enoxaparin, dalteparin), cac dan xuat heparin (nhu fondaparinux), thuoc chong dong duong uong (nhu warfarin, rivaroxaban, apixaban)
- Bệnh nhân đặt van tim nhân tạo cơ học.
- Suy gan và các bệnh về gan","Người lớn: 110mg (1 viên) trong 14 giờ sau phẫu thuật, 2 viên/ 10 ngày sau",300mg/2 lần/ ngày,"- Suy gan: Không khuyến cáo dùng ở bệnh nhân suy gan hoặc men gan > 2 lần ULN (chưa có dữ liệu an toàn).
- Nguy cơ xuất huyết: Thận trọng ở bệnh nhân có nguy cơ chảy máu cao.Chảy máu có thể xảy ra ở bất kỳ vị trí nào. Có thuốc giải độc đặc hiệu idarucizumab (PRAXBIND) khi cần đảo ngược tác dụng chống đông.
- Suy thận: bệnh nhân suy thận nặng (CrCL < 30 mL/phút).Ngừng thuốc khi xuất hiện suy thận cấp. Thận trọng ở bệnh nhân suy thận mức độ trung bình (CrCL 30–50 mL/phút).",Không có nghiên cứu,"- Tăng nguy cơ chảy máu khi dùng cùng thuốc chống đông, kháng tiểu cầu, NSAID, SSRI/SNRI.
- Ức chế P-gp (amiodarone, verapamil, quinidine, ketoconazole, dronedarone…) → tăng nồng độ dabigatran
- Cảm ứng P-gp (rifampicin, carbamazepine, phenytoin, St. John’s Wort) giảm hiệu quả","- Chảy máu là tác dụng không mong muốn thường gặp nhất, có thể từ nhẹ đến nặng, hiếm khi đe dọa tính mạng hoặc tử vong.
- Nguy cơ chảy máu nặng và nội sọ thấp hơn warfarin trong nhiều chỉ định (rung nhĩ, DVT/PE).
- Rối loạn tiêu hóa (đau bụng, khó tiêu, buồn nôn, xuất huyết tiêu hóa) gặp nhiều hơn so với warfarin.
- Các tác dụng khác: thiếu máu, xuất huyết da – niêm mạc, xuất huyết tiết niệu, bất thường chức năng gan, phản ứng quá mẫn",Bảo quản nguyên trong bao bì để tránh ẩm. Bảo quản không quá 30°C,https://drive.google.com/file/d/1KUv3O0_8WQzynjWJP_EJ2SE6pc5fENgD/view?usp=sharing,
Pregabalin,50mg,Pregabakern,Viên nang cứng,Spain,"-Đau thần kinh
- Động kinh
- Rối loạn lo âu tổng quát",Mẫn cảm với các thành phần của thuốc,150-600mg/ 2-3 lần/ ngày,,"- Bệnh nhân tiểu đường
- Phản ứng quá mẫn
- Chóng mặt, buồn ngủ, mất ý thức, rối loạn , sa sút tinh thần
- Suy thận, suy tim xung huyết, đau thần kinh trung ương do tổn thương tuỷ sống","Không đủ dữ liệu với PNCT
Cân nhắc lợi ích/ nguy cơ với PNCCB",- Pregabalin làm tăng tác dụng của ethanol và lorazepam,"- Viêm mũi họng
- Giảm bạch cầu trung tính
- Phù mạch, dị ứng
- Tăng nhu động ruột, biếng ăn, hạ đường huyết","Bảo quản nơi khô mát, nhiệt độ dưới 30 độ C",https://drive.google.com/file/d/1tGlygM9pSc3ZL6yIG353K7hfiwwUO65j/view?usp=sharing,
Ivabradin,"7,5mg",Procoralan,Viên nén bao phim,France,"- Điều trị đau thắt ngực ổn định
- Điều trị suy tim mãn tính","- Mẫn cảm với hoạt chất hoặc bất cứ tá dược nào của thuốc
- Tần số tim lúc nghỉ dưới 70 nhịp/phút trước khi điều trị
- Sốc tim
- Nhồi máu cơ tim cấp
- Hạ huyết áp nghiêm trọng (<90/50 mmHg)
- Suy gan nặng
- Rối loạn chức năng nút xoang
- Block xoang nhĩ
- Suy tim cấp hoặc không ổn định
- Phụ thuộc máy tạo nhịp tim (tần số tim phụ thuộc hoàn toàn vào máy tạo nhịp)
- Đau thắt ngực không ổn định
- Block nhĩ thất độ 3","Đau thắt ngực ổn định : 2,5mg/2 lần/ ngày
Suy tim mạn tính : 5mg/2 lần/ ngày","Đau thắt ngực ổn định : 5mg/2 lần/ ngày
Suy tim mạn tính : 7,5mg/2 lần/ ngày","- Huyết áp thấp
- Rung nhĩ, loạn nhịp tim
- hội chứng OT bẩm sinh","- Không có nghiên cứu với PNMT
- Không dùng cho PNCCB","- Kéo dài QT thuốc tim mạch
- Không dùng với thuốc lợi tiểu vì hạ Kali máu và giảm nhịp tim
- Tăng nồng độ khi dùng với thuốc ức chế mạnh CYP3A4","- Rối loạn thần kinh
- Rối loạn thị giác, nhịp tim, mạch",Bảo quản dưới 30°C,https://drive.google.com/file/d/1Q-J8RixRDxVLnLGxdBAZ7V6h4HuGinpQ/view?usp=sharing,
Propylthiouracil,100mg,Propylthiouracil DWP,Viên nén,Việt Nam,"- Cường giáp, bao gồm điều trị bệnh Graves và nhiễm độc giáp. Cải thiện tình trạng cường giáp để chuẩn bị phẫu thuật.
-Hỗ trợ cho điều trị bằng i-ốt phóng xạ.
- Cường giáp vị thành niên để trì hoãn phẫu thuật.
- Cơn nhiễm độc giáp cấp.",- Quá mẫn cảm với  propylthiouracil và bất kỳ thành phần thuốc,"Người lớn :
Cường giáp + cb phẫu thuật : Khởi đầu 300-600/lần/ngày
Nhiễm độc giáp: 200mg/ 4-6 giờ/ ngày
Trẻ em : 50-300mg/ngày",,"- Mất bạch cầu hạt: dấu hiệu sốt, đau họng → ngừng thuốc ngay, đi khám khẩn cấp
- Độc tính gan (tăng men gan, viêm gan, suy gan): có thể nặng, hiếm nhưng nguy hiểm → ngừng thuốc khi có triệu chứng
- Chảy máu, giảm đông máu: do giảm prothrombin, nhất là trước phẫu thuật
- Viêm mạch liên quan ANCA: hiếm, có thể ảnh hưởng thận, phổi, da
- Suy giáp nếu dùng quá liều hoặc kéo dài
- Phản ứng quá mẫn: phát ban, ngứa, sốt
- Rối loạn tiêu hóa: buồn nôn, nôn
- Nguy cơ cao hơn ở trẻ em và người lớn tuổi",Không dùng với PNCT do đi qua nhau thai,- Không dùng với lượng iod cao,"- Ít gặp : phát ban, mày đay, ngứa, rụng tóc, rụng tóc bất thường, sắc tố da,....
-Thường gặp : Giảm bạch cầu
- Mất bạch cầu hạt","Nơi khô, nhiệt độ không quá 30 độ C, tránh ánh sáng",https://drive.google.com/file/d/1XjEFgz6KmfVHaYnRdkBa9jRY5GFhxnmY/view?usp=sharing,
Bosentan,"62,5mg",PULMIFLO,Viên nén bao phim,Ấn Độ,"- Tăng áp ĐM phổi nguyên phát ( tự phát và di truyền)
- Tăng áp ĐM phổi do xơ cứng bì không kèm bệnh phổi kẽ rõ rệt
- Tăng áp ĐM phổi liên quan với shunts phổi hệ thống bẩm sinh và chức năng sinh lý Eisenmenger","- Quá mẫn cảm bất kỳ thành phần thuốc
- Suy gan trung bình đến nặng ( Child- Pugh nhóm B,C)
- Các giá trị trươc khi điều trị của aminotransferase, AST/ALT cao hơn 3 lần giới hạn
- Sử dụng đồng thời với cyclosporine A","Người lớn : Khởi đầu là 62,5mg/2 lần/ ngày sau đó 125mg/ 2 lần/ngày
Trẻ em : 2mg/kg/2-3 lần/ ngày",,"- Gan: Bosentan gây tăng AST/ALT phụ thuộc liều phải xét nghiệm men gan trước điều trị, hàng tháng và sau mỗi lần tăng liều.
- Huyết học: Giảm hemoglobin (thường ổn định sau 4–12 tuần) theo dõi định kỳ.
- Thận trọng/giám sát chặt ở tắc nghẽn tĩnh mạch phổi, suy thất trái, PAH liên quan HIV, COPD.
-",Không sử dụng thuốc trong thai kỳ và PNCCB không sử dụng các biện pháp ngừa thai tin cậy,"- Tăng nồng độ khi phối hợp thuốc ức chế CYP2C9 + CYP3A4 (ketoconazole, itraconazole, ritonavir, voriconazole).
- Không khuyến cáo phối hợp: Tacrolimus, sirolimus . Glibenclamide (tăng men gan, giảm hiệu quả hạ đường huyết). Rifampicin và các chất cảm ứng CYP mạnh (carbamazepine, phenytoin, phenobarbital, St. John’s wort) giảm hiệu quả bosentan.
- Tăng nồng độ is khi dùng với Lopinavir+ Ritonavir","- Phổ biến : Thiếu máu, giảm hemoglobin, viêm da, ngứa, ban đỏ, nhức đầu, ngất, đánh trống ngực, đỏ bừng, tụt HA
- Ít phổ biến :  Giảm tiểu cầu, tăng aminotransferase liên quan viêm gan/ vàng da, xơ gan, suy gan",Bảo quản dưới 30°C,https://drive.google.com/file/d/1n5StwOJ4O1klTjnnxPcNggT6SzM7PXY7/view?usp=sharing,
Ramipril,5mg,Ramipril GP,Viên nang cứng,Bồ Đào Nha,"- Tăng HA có suy tim, sau nhồi máu
- Suy tim xung huyết sau nhồi máu cơ tim, suy thất trái
- Dự phòng tai biến tim mạch
- Bệnh thận do ĐTĐ","- Quá mẫn vơi các thành phần cảu thuốc
-Suy thận nặng
- Hẹp ĐM thận
- HA bất thường, không ổn định","-Tăng HA: 2,5-5mg/ngày
- Suy tim xung huyết sau nhồi máu cơ tim: Liều khởi đầu là 2,5mg/ 2 lần/ ngày
- Suy tim xung huyết : 2,5mg/2 lần/ ngày
- Dự phòng tai biến : 2,5mg/ngày
- Bệnh thận do ĐTĐ: 2,5mg/ ngày","- Tăng HA : 10mg/lần/ngày
- Suy tim xung huyết : 10mg/ngày","- Người có vấn đề về tim, gan, thận
- Dùng bất kỳ loại gây mê nào làm gián đoạn thuốc
- Lượng Kali máu cao
- Xơ cứng bì, lupus ban đỏ hệ thống",Không dùng cho PNCT và CCB,"- Giảm hiệu quả Ramipril: NSAIDs: ibuprofen, indomethacin, aspirin. Thuốc điều trị sốc, hạ huyết áp, suy tim, hen, dị ứng: ephedrin, noradrenalin, adrenalin
- Thuốc trị đái tháo đường, insulin tăng nguy cơ hạ đường huyết
- Lithium tăng nồng độ lithium máu
- Tăng nguy cơ tác dụng phụ : thuốc hóa trị ung thư, Cyclosporin, thuốc lợi tiểu (furosemid), thuốc giữ kali: spironolacton, triamteren, amilorid, muối kali, heparin, prednisolon, allopurinol , procainamid","- Nhức đầu, mệt mỏi, chóng mặt
- Ngất xỉu, hạ HA
- Ho khan, viêm xoang, viêm PQ
- Đau dạ dày, phát ban, đau ngực, đau cơ","Bảo quản trong bao bì kín, tránh ánh sáng, nhiệt độ dưới 30 độ C",https://drive.google.com/file/d/1ODEKGPb6eyrurLBTbXa6VzhnUdJ0DI83/view?usp=sharing,
"Lá sen, Lá vông,Rotundin","80mg,95mg,15mg",Relaxven – Plus,Viên nén bao phim,Việt Nam,"- An thần, gây ngủ, làm êm dịu thần kinh trong các trường hợp mất ngủ, lo âu, căng thẳng.
- Hỗ trợ giảm đau do co thắt cơ trơn ở đường tiêu hóa, tử cung. Đau đầu, đau thần kinh, co giật.","- Quá mẫn cảm với bất cứ thành phần nào của thuốc.
-Người có nhịp tim tăng.","- Người lớn: Uống mỗi lần 2 -3 viên, mỗi ngày 2 - 3 lần (hoặc 2 - 3 viên trước khi đi ngủ).
- Trẻ em: Uống mỗi lần 1 - 2 viên, mỗi ngày 2-3 lần tùy theo tuổi.",,"Các trường hợp bị chóng mặt, biểu hiện dị ứng thì phải ngưng thuốc.",Không dùng thuốc này cho phụ nữ có thai hoặc cho con bú.,Không có báo cáo,"Có thể gặp một số ít trường hợp chóng mặt hay dị ứng.
Thông báo cho bác sĩ những tác dụng không mong muốn gặp phải khi sử dụng thuốc.","Nơi nhiệt độ không quá 30°C, tránh ánh sáng và ẩm.",https://drive.google.com/file/d/1mgGce_a8uc0yS0hB4WRuR_DyupwghmtM/view?usp=sharing,
Rivastigmine,"1,5mg",Rivaderm,Viên nén,Ấn Độ,"- Điều trị triệu chứng sa sút trí tuệ nhẹ đến trung bình trong bệnh Alzheimer.
- Điều trị sa sút trí tuệ nhẹ đến trung bình liên quan đến bệnh Parkinson.","- Quá mẫn với rivastigmine hoặc dẫn xuất carbamate.
- Tiền sử phản ứng dị ứng nặng (viêm da tiếp xúc, phản vệ) với rivastigmine.",Liều khởi đầu: 1.5mg x 2 lần/ngày.,"Tăng liều: Có thể tăng thêm 1.5mg mỗi lần dùng sau ít nhất 2 tuần nếu dung nạp tốt, tối đa 6mg x 2 lần/ngày.","- Cần thận trọng với bệnh nhân có tiền sử co giật, loét tiêu hóa, hen suyễn, rối loạn nhịp tim.
- Dừng thuốc nếu có phản ứng trên da nghiêm trọng hoặc không giải thích được.
- Thận trọng khi sử dụng đồng thời với thuốc ảnh hưởng đến dẫn truyền cholinergic.","- Không khuyến cáo dùng do thiếu dữ liệu an toàn.
- Không nên dùng do chưa rõ thuốc có bài tiết qua sữa mẹ không.",,"- Rất thường gặp: Buồn nôn, nôn, tiêu chảy, chán ăn, chóng mặt.
- Thường gặp: Lo lắng, mệt mỏi, mất ngủ, đau bụng.
- Ít gặp: Loạn nhịp tim, phản ứng trên da.
- Hiếm gặp: Co giật, viêm gan.
- Rất hiếm: Hội chứng ngoại tháp, xuất huyết tiêu hóa.","- Bảo quản nơi khô ráo, nhiệt độ dưới 30°C, tránh ánh sáng.",https://drive.google.com/file/d/1RwfnTUpdhDzVgG2ZLH_VVWkGfNUF5y7A/view?usp=sharing,
Empagliflozin,25mg,Ronaline,Viên nén bao phim,Việt Nam,"- ĐTĐ tye 2
- Suy tim
- Bệnh thận mạn tính","- Quá mẫn với bất ký thành phần nào của thuốc
- Bệnh di truyền hiếm gặp",10mg/ngày,,"-Nhiễm toan ceton
- Viêm cân mạc hoại tử vùng đáy chậu
- Suy thận",Không có dữ liệu,"- Tăng tác dụng thuốc lợi tiểu
- Tăng bài tiết insulin","- Hạ đường huyết
- Nhiễm toan ceton
- phù mạch, táo bón","- Bảo quản nơi khô ráo, nhiệt độ dưới 30°C, tránh ánh sáng.",https://drive.google.com/file/d/1eIB7yPwatDNmsPTkAgpOAOKy0_sGbE0O/view?usp=sharing,
Rosuvastatin,10mg,Rosuvastatin,Viên nén bao phim,Việt Nam,"- Giảm LDL- cholesterol, apolipoprotein B, triglyceride, tăng HDL- cholesterol trong trường hợp RL lipid máu, tăng cholesterol máu nguyên phát","- Mẫn cảm với thành phần thuốc
- Bệnh gan tiến triển, suy thận nặng",5-10mg/1 lần/ ngày,,"- Tổn thương cơ
- Suy giảm chức năng thận, nhược giáp, tiền sử bệnh gan",Không dùng cho PNCT và CCB,"- Tăng nguy cơ tổn thương cơ : thuốc gemfibrozil, các thuốc hạ cholesterol máu nhóm fibrat khác, niacin liều cao, colchicin","- Thường gặp : đau cơ, táo bón, suy nhược, đau bụng, buồn nôn
- Ít gặp: loạn nhịp tim, viêm gan, phù mặt, giảm tiểu cầu, suy thận, viêm tuỵ","Nơi khô ráo, tránh ánh sáng, nhiệt độ không quá 30 độ C",https://drive.google.com/file/d/1bsaxSKVx0jRvCCTAJK3hIlg3PtN9ef0V/view?usp=sharing,
Etoricoxib,30mg,Roticox,Viên nén bao phim,Slovenia,"- Giảm triệu chứng viêm xương khớp, viêm khớp dạng thấp, viêm cột sống dính khớp
- Điều trị chứng đau và các dấu hiệm viêm nhiễm trong trường hoqpj gout cấp tính
- Điều trị ngắn hạn các cơn đau vừa, phẫu thuật răng","- Mẫn cảm với các thành phần của thuốc
- Loét dạ dày tá tràng, xuất huyết tiêu hoá
- RL chức năng gan nặng
- Trẻ em dưới 16 tuổi
- Viêm ruột, suy tim xung huyết
- BN cao huyết áp > 140/90mmHg","- Viêm xương khớp : 30mg/lần/ngày
- Viêm khớp dạng thấp+ viêm cột sống dính khớp: 60mg/lần/ngày
- Viêm khớp gout cấp : 120mg/lần/ngày",,"- Tiêu hoá, thận, tim mạch, gan
- Giữ nước, phù và tăng HA",Không sử dụng thuốc cho PNCT và CCB,"-Tăng INR : thuốc chống đông
- Lợi tiểu/ACEI/ARB: Giảm hiệu quả hạ áp, ↑ nguy cơ suy thận
- Aspirin liều thấp: Dùng được nhưng ↑ nguy cơ loét/biến chứng tiêu hóa; tránh aspirin liều cao/NSAID khác.
- Cyclosporin/Tacrolimus:  tăng độc tính thận
- Lithium: tăng nồng độ lithium theo dõi và chỉnh liều.
- Methotrexate: Liều etoricoxib cao (120 mg) tăng độc tính MTR
- Thuốc tránh thai & HRT: ↑ nồng độ estrogen, tăng nguy cơ tác dụng phụ (huyết khối).
- Digoxin: tăng Cmax, thường không đáng kể nhưng cần theo dõi ở người nguy cơ.
- Rifampicin: giảm mạnh nồng độ etoricoxib","- Viêm xương ổ răng
- Chóng mặt, nhức dầu
- Đánh trống ngực, loạn nhịp tim
- Cao HA, táo bón, đầy hơi, viêm dạ dày
- Tăng ALT,AST, viêm gan","Bảo quản nơi khô mát, nhiệt độ dưới 30 độ C, tránh ánh sáng",https://drive.google.com/file/d/1NEnICb-jFNS4OZyZ8hOO6sw0x8A5i41N/view?usp=sharing,
Rupatadine,10mg,Rupafin,Viên nén,Spain,Điều trị triệu chứng viêm mũi dị ứng và nổi mày đay ở người lớn và trẻ em trên 12 tuổi,Quá mẫn với các thành phần của thuốc,1 viên (10mg)/ lần/ ngày,,"- Không dùng với nước bưởi ép
- Dùng bệnh nhân có khoảng QT kéo dài, giảm kali huyết, loạn nhịp tim tiến triển","Cần cẩn trọng, tránh dùng khi mang thai
Ngừng/ tránh dùng khi CCB","- Tăng nồng độ thuốc khi dùng với ketoconazol avf erythromycin
- Tăng nồng độ 3,5 lần khi dùng với nước ép bưởi, rượu
- Các thuốc giảm đau trung ương, thuốc statin","- buồn ngủ, đau đầu, mệt nỏi
- Ít gặp : viêm họng, viêm mũi, mất tập trung,khô miệng, phát ban, khát nước","Bảo quản trong vỉ thuốc, tránh ánh sáng, nhiệt độ dưới 30 độ C",https://drive.google.com/file/d/1alqv7SIsQRZw8H6Wyt8H_m6thPSUJpUe/view?usp=sharing,
Allopurinol,100mg,Sadapron 100,Viên nén,Síp,"- Điều trị chứng tăng acid uric máu tiên phát và thứ phát kèm theo bệnh gout, bệnh thận có acid uric, tái phát sỏi thận acid uric, bệnh máu và ung thư hoặc hóa trị ung thư","- Quá mẫn với hoạt chất hoặc tá dược của thuốc này
- Đợt cấp tính của bệnh gout.","Người lớn : 10-300mg/ngày
Trẻ em : 10-20mg/kg/ngày","Người lớn : 600-900mg/ngày
Trẻ em : 400mg/ngày","- Ngừng thuốc nếu có dị ứng; không dùng lại khi đã mẫn cảm.
- Theo dõi gan, thận; uống 2–3 lít nước/ngày.
- Cơn gout nặng hơn vẫn tiếp tục sadapron và dùng thêm thuốc kháng viêm.
- Báo bác sĩ nếu có bệnh nền hoặc không dung nạp đường.","- Không có tác dụng độc nào trên thai nhi.
- Dùng thận trọng khi cho con bú..","- Không dùng các thuốc như thuốc ức chế miễn dịch, chống đông, kháng sinh, thuốc hóa trị, thuốc ảnh hưởng acid uric.","- Nổi mẩn
- Sốt, rối loạn bạch cầu, đau khớp, viêm mạch
- Rất hiếm: rối loạn thần kinh, rụng tóc, rối loạn tiêu hóa, nhức đầu, chóng mặt.","Bảo quản dưới 30°C, tránh ánh sáng và ẩm.",https://drive.google.com/file/d/1Dsd3Q582Imd6MXQQLXTguDWLLSZ3gZkX/view?usp=sharing,
Quetiapin,100mg,SaVi Quetiapine 100,Viên nén bao phim.,Việt Nam,"- Điều trị tâm thần phân liệt.
- Điều trị bệnh rối loạn lưỡng cực","- Quá mẫn với quetiapin hoặc bất kỳ thành phần nào của thuốc.
- Chống chỉ định phối hợp với các thuốc ức chế cytochrom P450 3A4 như thuốc ức chế protease kháng HIV, thuốc kháng nấm nhóm azol, erythromycin, clarithromycin và nefazodone.","- Tâm thần phân liệt: 300-450mg/ngày
- Hưng cảm rối loạn lưỡng cực: 400-800mg/ngày
- Trầm cảm rối loạn lưỡng cực: 300mg/ngày
-Phòng tái rối loạn lưỡng cực:300-800mg/ngày","- Tâm thần phân liệt: 750mg/ngày
- Hưng cảm rối loạn lưỡng cực: 800 mg/ngày
-Phòng tái rối loạn lưỡng cực: 800mg/ngày",,"- Chỉ dùng cho PNCT khi lợi ích điều trị cao hơn nguy cơ
- Không bài tiết qua sữa ở liều điều trị. Ngừng cho con bú hoặc ngừng điều trị phụ thuộc vào tình hình bệnh của người mẹ",Sử dụng đồng thời quetiapine với thuốc cảm ứng enzym gan mạnh như carbamazepin hay phenytoin làm giảm nồng độ trong huyết tương của quetiapine,"- Hoa mắt, chóng mặt, ngất
- Viêm mũi
- Giảm bạch cầu
- Nhịp tim nhanh, hạ HA thế đứng
- Khô miệng, táo bón, khó tiêu","Nơi khô, nhiệt độ không quá 30°C. Tránh ánh sáng.",https://drive.google.com/file/d/167dNz6JmjfRtKOTZhSSUvOvOHWnJri7d/view?usp=sharing,
Valsartan + hydroclorothiazid,"80mg+ 12,5mg",SaVi Valsartan Plus HCT,Viên nén,Việt Nam,"- Điều trị  tăng HA vô căn ở người lớn
- Điều trị tăng HA ở bệnh nhân HA không được kiểm soát đúng bằng phương pháp đơn trị liệu với valsartan hoặc hydroclothiazid","- Mẫn cảm với các thành phần của thuốc
- PNCT 3 tháng đầu và 3 tháng cuối
- Suy gan nặng, xơ gan mật, ứ mật
- Suy thận nặng
- Hạ Kali huyết, hạ natri huyết, tăng calci huyết kéo dài",1 viên/ ngày,,"- Hạ sodium/ hoặc giảm thể tích dịch
- Hẹp động mạch thận
- Cường aldosteron nguyên phát
- Hẹp van ĐMC
- Suy thận, gan, tiền sử phù mạch, lupus ban đỏ hệ thống","- Không dùng cho PNCT 3 tháng đầu và 3 tháng cuối
- Sử dụng thuốc khác khi trong giai đoạn cho con bú","- Ức chế đồng thời hệ RAAS với ARBs,ACEIs hoặc aliskiren
- Tăng hạ potassium huyết của hydroclorothiazid khi phối hợp : thuốc lợi tiểu,  thuốc nhuận tràng, ACTH, amphotericin","- Mất nước, chóng mặt, ngất
- Nhìn mờ, ù tai, tụt huyết áp, đau cơ, đau khớp
- Phù phổi không do tim, suy thận, tăng acid uric máu , hạ kali máu, hạ natri máu","Nơi khô, không quá 30 độ C, tránh ánh sáng",https://drive.google.com/file/d/1rUujFU4uq1FW2scpVZwDOI8e3S1oMRmd/view?usp=sharing,
Perindopril + indapamid,"4mg + 1,25mg",SaViDopril Plus,Viên nén,Việt Nam,Điều trị tăng HA động mạch vô căn,"- Quá mẫn với thành phần của thuốc
- Phù mạch , suy thận nặng
- Mang thai 3 tháng giữa và 3 tháng cuối thai kỳ
- Hôn mê gan, suy gan nặng, hạ kali máu",,,"-Suy thận nặng, hạ HA, mất nước và điện giải
- Tăng kali máu, phù mạch , tăng áp do mạch thận, suy giảm chức năng gan",Không sử dụng cho PNCT và CCB,"- Giảm tác dụng : thuốc chống viêm không steroid, corticoid
- Tăng nguy cơ tăng HA thế đứng khi dùng với thuốc an thần, thuốc chống trầm cảm
- Tăng Kali huyết khi dùng với thuốc penrindopril và các muối kali và thuốc lợi tiểu giữ kali","- Viêm mũi
- Thiếu máu bất sản, gảm huyết cầu, giảm bạch cầu
- Hạ đường huyết, atwng kali máu, hạ natri máu, tăng calci máu
- Rối loạn giấc ngủ, lú lẫn, đau đầu, chóng mặt","Nơi khô, không quá 30 độ C, tránh ánh sáng",https://drive.google.com/file/d/1F4P-z5jrbko9qBzDAKO31Vaa5KGJV6Bv/view?usp=sharing,
Acetyl leucin,500mg,SaViLeucin,Viên nén,Việt Nam,Điều trị triệu chứng cơn chóng mặt,Quá mẫn với N-Acetyl DL-leucin hay bất kỳ thành phần nào của thuốc,"Người lớn: Uống 3 đến 4 viên 500 mg mỗi ngày, chia làm 2 lần/ngày",,,Không nên sử dụng,,"Rất hiếm gặp, ADR < 1/10000.
Phát ban (đôi khi kèm theo ngứa), nổi mày đay","Nơi khô, nhiệt độ không quá 30°C, tránh ánh sáng",https://drive.google.com/file/d/13FonZW1LB9fv3bx1V9dRfkrx7RuBvRd-/view?usp=sharing,
Paracetamol + methocarbamol,325 mg + 400mg,SaViMetoc,Viên nén bao phim,Việt Nam,"Giảm đau liên quan đến co thắt cơ như đau lưng, co cứng cổ, trật khớp hoặc bong gân","- Quá mẫn với methocarbamol, paracetamol hoặc bất cứ thành phần nào của thuốc.
- Suy gan nặng
- Tổn thương não, động kinh.
- Hôn mê hoặc tiền hôn mê.
- Nhược cơ","Người lớn và trẻ em từ 12 tuổi trở lên
Uống 2 viên/lần, cách 6 giờ uống 1 lần
Không dùng SaviMetos cho trẻ em dưới 12 tuổi",8 viên/ngày,"Không dùng thuốc khác chứa P or M
Ngưng thuốc khi có phản ứng dị ứng
Thông báo nếu nghiện rượu, suy gan, thận, PNCT or CCB
Không dùng khi đang dùng IMAO hoặc đã ngưng IMAO trong vòng 2 tuần trước đó",Không nên dùng SaViMetoc ở phụ nữ có thai trừ khi lợi ích mang lại vượt hẳn nguy cơ,"- Tăng tác dụng: Chất ức chế và KT hệ TKTW, kháng cholinergic, hướng thần; Chống đông coumarin + dc indandion (liều cao dài ngày)
- Ức chế tác dụng: Pyridostigmine bromid
- Tăng độc tính: Rượu, isoniazid, chống lao","Ngưng thuốc và đến gặp bác sĩ hoặc cơ sở y tế gần nhất ngày nếu xuất hiện các phản ứng dị ứng như thở khò khè, phát ban và ngứa.","Nơi khô, nhiệt độ không quá 30°C, tránh ánh sáng",https://drive.google.com/file/d/1G9pZ5cBpo92KjqC2XN4rlmAj_vj6IVas/view?usp=sharing,
Bisoprolol,"2,5mg","SaViProlol 2,5",Viên nén bao phim,Việt Nam,Điều trị suy tim mạn tính ổn định kèm suy giảm chức năng tâm thu thất trái,"- Suy tim cấp, suy tim mất bù, sốc do RL chức năng tim
- RL dẫn truyền nhĩ thất ( block nhĩ thất độ II hay độ III)
- Hội chứng suy nút xoang, block xoang nhĩ, nhịp tim chậm, HA thấp
- Hen PQ nặng, u tuyến thượng thận","Khởi đầu : 1,25mg/lần/ngày",,"- ĐTĐ type 1
- Suy chức năng gan, thận nặng
- bệnh cơ tim hạn chế
- Nồi máu cơ tim trong vòng 3 tháng",Không sử dụng cho PNCT và CCB,"- Làm giảm trương lực co cơ tim và dẫn truyền nhĩ thất, tăng nguy cơ tụt HA : thuốc đối kháng calci
- Tăng nguy cơ nhịp tim chậm : Mefloquin","- Suy tim nặng hơn
- Chóng mặt, nhức đầu, buồn nôn, tiêu chảy, táo bón
- Rụng tóc, cảm giác lạnh, tê tứ chi, tụt HA","Nơi khô, nhiệt độ không quá 30°C, tránh ánh sáng",https://drive.google.com/file/d/10W7uxZs3AGguL8zfo_2UW6v9rlY81ZUi/view?usp=sharing,
Bisoprolol + hydroclorothiazid,"2,5mg+ 6,25mg",SaviProlol Plus HCT,Viên nén,Việt Nam,Kiểm soát tình trạng tăng huyết áp,"- Quá mẫn với bất kỳ thành phần nào của thuốc, các thuốc lợi tiểu thiazide hoặc các dẫn xuất sulfonamide khác.
-  Suy tim cấp tính hoặc suy tim mất bù cần điều trị thuốc co cơ đường tiêm tĩnh mạch.
-  Sốc tim.
-  Block nhĩ thất độ II hoặc III.
-  Hội chứng nút xoang.
-  Block xoang-nhĩ
-  Nhịp tim chậm
-  Hen suyễn nặng.
-  Tắc động mạch ngoại vi và hội chứng Raynaud dạng nặng.
-  U tế bào ưa crom.
-  Suy thận nặng (độ thanh thải/creatinine ≤  30 ml/phút).
-  Suy gan nặng.
-  Toan chuyển hóa.
-  Hạ kali huyết kéo dài.
-  Suy tim.
-  Chậm nhịp xoang nặng.
-  Vô niệu.",Khởi đầu: 1viên·/ngày,,"- Dấu hiệu về dịch và rối loạn chất điện giải
- Tăng acid uric huyết
- Tăng đường huyết",Khi lợi ích vượt nguy cơ,"- Tăng tác dụng: thuốc hạ huyết áp
- Không dùng phối hợp với thuốc beta khác
- Thận trọng dùng chung với các thuốc ức chế co bóp cơ tim, ức chế dẫn truyền nhĩ thất or thuốc trầm cảm","Thường gặp
- Rối loạn tiêu hóa
- Cảm giác lạnh hoặc tê tứ chi
- Chóng mặt, đau đầu, mệt mỏi","Nơi khô, nhiệt độ không quá 30°C, tránh ánh sáng",https://drive.google.com/file/d/1mRkrAe6jIS0UCP1HY6_02CpwOwbDUtxf/view?usp=sharing,
Bisoprolol + hydroclorothiazid,"5mg+6,25mg",SaviProlol Plus HCT,Viên nén,Việt Nam,Kiểm soát tình trạng tăng huyết áp,"- Quá mẫn với bất kỳ thành phần nào của thuốc, các thuốc lợi tiểu thiazide hoặc các dẫn xuất sulfonamide khác.
-  Suy tim cấp tính hoặc suy tim mất bù cần điều trị thuốc co cơ đường tiêm tĩnh mạch.
-  Sốc tim.
-  Block nhĩ thất độ II hoặc III.
-  Hội chứng nút xoang.
-  Block xoang-nhĩ
-  Nhịp tim chậm
-  Hen suyễn nặng.
-  Tắc động mạch ngoại vi và hội chứng Raynaud dạng nặng.
-  U tế bào ưa crom.
-  Suy thận nặng (độ thanh thải/creatinine ≤  30 ml/phút).
-  Suy gan nặng.
-  Toan chuyển hóa.
-  Hạ kali huyết kéo dài.
-  Suy tim.
-  Chậm nhịp xoang nặng.
-  Vô niệu.",Khởi đầu: 1viên·/ngày,"20mg/12,5mg (~2 liều 10mg/6,25mg) mỗi ngày 1 lần","- Dấu hiệu về dịch và rối loạn chất điện giải
- Tăng acid uric huyết
- Tăng đường huyết",Khi lợi ích vượt nguy cơ,"- Tăng tác dụng: thuốc hạ huyết áp
- Không dùng phối hợp với thuốc beta khác
- Thận trọng dùng chung với các thuốc ức chế co bóp cơ tim, ức chế dẫn truyền nhĩ thất or thuốc trầm cảm","Thường gặp
- Rối loạn tiêu hóa
- Cảm giác lạnh hoặc tê tứ chi
- Chóng mặt, đau đầu, mệt mỏi","Nơi khô, nhiệt độ không quá 30°C, tránh ánh sáng",https://drive.google.com/file/d/1QM3B18c5eScIUy13fzQQu8gzItXIHVVA/view,
Risedronat,35mg,SaViRisone 35,Viên nén bao phim,Việt Nam,"Điều trị loãng xương sau mãn kinh để giảm nguy cơ gãy xương cột sống và gãy xương hông.
Điều trị loãng xương ở nam giới có nguy cơ gãy xương cao","Mẫn cảm với bất kỳ thành phần nào của thuốc.
Hạ calci huyết.
Phụ nữ có thai và cho con bú.
Suy thận nặng (Độ thanh thải creatinin < 30ml/phút)","- Người lớn: 1 viên 35mg/lần/tuần.
- Suy thận: Không cần chỉnh liều ở bệnh nhân suy thận nhẹ và trung bình.
- Không khuyến cáo sử dụng SaViRisone 35 cho trẻ em dưới 18 tuổi",,"- BN có tiền sử rối loạn thực quản gây chậm làm rỗng thực quản như hẹp hoặc không co giãn.
- BN không thể ngồi thẳng ít nhất 30 phút sau khi uống thuốc.
- BN đang mắc hoặc gần đây có vấn đề về tiêu hóa hoặc thực quản (bao gồm thực quản Barrett).",Không nên sử dụng,Không có nghiên cứu chính thức,"Nhẹ, trung bình
- Đau đầu, táo bón, khó tiêu, buồn nôn
- Đau cơ xương","Nơi khô, nhiệt độ không quá 30°C, tránh ánh sáng",https://drive.google.com/file/d/1JGiYl43tsod0pcpM1oi2lTpiowQkw6d8/view,
Naproxen,500mg,SavNopain 500,Viên nén,Việt Nam,"- Điều trị viêm cột sống dính khớp, thoái hoá khớp, viêm khớp dạng thấp
- Đau bụng kinh nguyệt, đau đầu, đau sau phẫu thuật, đau do tổn thương phần mềm
- Bệnh gout cấp, hạ sốt","- Suy gan, thận nặng
- Loét dạ dày tá tràng
- Viêm trực tràng, chảy máu trực tràng
- Điều trị đau trong thời gian phẫu thuật ghép nối tác động mạch vành","- Đau xương khớp : 250-500mg/ 2 lần/ ngày
- Đau nửa đầu: 750mg/ngày",,"- Điều trị hạ sốt, giảm đau
- Bệnh tim mạch
- Huyết khối động mạch",Không khuyến cáo sử dụng cho PNCT và CCB,"- Tăng nguy cơ chảy máu : thuốc chống đông máu
- Giảm thải trừ qua thận : Lithi
- Giảm tác dụng khi dùng với thuốc lợi tiểu và thuốc chống tăng HA","- Đau bụng vùng thượng vị, buồn nôn, nôn, trướng bụng
- Đau đầu, ù tai, chóng mặt
- Giảm bạch cầu hạt, tăng bạch cầu ái toan, viêm cầu thận, thiếu máu tan huyết","Bảo quản ở nơi khô, nhiệt độ không quá 30 độ C, tránh ánh sáng",https://drive.google.com/file/d/1-gT6E-UsBNnYKzWgxg8qx3_erzNXKLAQ/view?usp=sharing,
Saxagliptin,"2,5mg","Sazasuger 2,5",Viên nén bao phim,Việt Nam,- Điều trị ĐTĐ type 2,Quá mẫn cảm với các thành phần của thuốc,"2,5mg/lần/ngày",,"- Phan ứng quá mẫn
- RL về da, bọng nước dạng pemphigold, đau khớp
- Bệnh nhân suy giảm miễn dịch","Không dùng thuốc thời kỳ mang thai
Cân nhắc lợi ích/ nguy cơ trong giai đoạn CCB",- Tăng nồng độ thuốc khi dùng với CYP3A4/5,"- Nhiễm trùng hô hấp trên
- Nhiễm trùng đường tiểu
- Viêm xoang, viêm mũi họng
- Hạ đường huyết, rối loạn hệ thần kinh","Nơi khô, dưới 30 độ C",https://drive.google.com/file/d/10-8jwJhi47I68IAt5_g7gheMczBwN5M9/view?usp=sharing,
Doxazosin,2mg,Schaaf,Viên nén,Việt Nam,"-Bệnh tăng huyết áp
- Phì đại lành tính tuyến tiền liệt","- Quá mẫn với dẫn chất quinazolin (prazosin, terazosin), doxazosin hoặc bất kỳ thành phần nào của thuốc.
- Bệnh nhân có tiền sử hạ huyết áp tư thế hoặc đang bị tụt huyết áp.
- Bệnh nhân phì đại lành tính tuyến tiền liệt kèm tắc nghẽn đường tiết niệu trên, nhiễm trùng đường tiết niệu mạn tính hoặc sỏi bàng quang.
- Phụ nữ đang cho con bú (khi dùng cho chỉ định tăng huyết áp).

Không dùng doxazosin đơn trị ở bệnh nhân tràn bàng quang hoặc vô niệu, có hoặc không kèm suy thận tiến triển.","Khởi đầu : 1mg/ ngày
Liều khuyến cáo hàng ngày : 2-4mg/ngày","Tăng HA: 16mg/ngày
Phì đại tuyến tiền liệt: 8mg/ngày","- Hạ HA tư thế/hôn mê
- Các tình trạng cấp cứu tim : phù phổi do hẹp van ĐMC hoặc van 2 lá, ST cung lượng cao, ST phải, suy thất trái
- Suy  gan, suy thận
- Đục thuỷ tinh thể, cương dương kéo dài",Cân nhắc khi sử dụng,"- Doxazosin + thuốc ức chế PDE-5  tăng nguy cơ hạ huyết áp.
- Phối hợp clonidin, NSAID, estrogen giảm tác dụng hạ huyết áp của doxazosin.
- Dùng cùng cimetidin → tăng nồng độ doxazosin, cần chỉnh liều.
- Không ảnh hưởng gắn protein của nhiều thuốc khác.
- Cần theo dõi khi dùng cùng thuốc chống trầm cảm.","Nhiễm trùng và ký sinh trùng: Nhiễm trùng đường hô hấp, nhiễm trùng đường tiết niệu.
Thần kinh: Ngủ gà, choáng váng, nhức đầu.
Tai và mê lộ: Chóng mặt.
Tim: Đánh trống ngực, nhịp tim nhanh.
Mạch: Hạ huyết áp, hạ huyết áp tư thế.
Hô hấp: Viêm phế quản, ho, khó thở, viêm mũi.
Tiêu hóa: Đau bụng, khó tiêu, khô miệng, buồn nôn.
Da và mô dưới da: Ngứa.
Cơ - xương - khớp: Đau lưng, đau cơ.
Thận - tiết niệu: Viêm bàng quang, tiểu không tự chủ.
Toàn thân: Suy nhược, đau ngực, triệu chứng giống cúm, phù ngoại biên.","Nơi khô ráo, tránh ánh sáng, nhiệt độ không quá 30°C,",https://drive.google.com/file/d/1zIsjOXXbuAskYeyDofaiUwiOkPqdfQF4/view?usp=sharing,
Diazepam,5mg,Seduxen,Viên nén,Hungary,"- Giảm lo âu nặng, căng thẳng, kích động thần kinh.
- Hỗ trợ điều trị cai rượu, sảng rượu.
- Giảm co cứng, co thắt cơ do bệnh lý thần kinh hoặc chấn thương.
- Hỗ trợ điều trị co giật, động kinh, uốn ván.","- Không dùng Seduxen nếu bị quá mẫn (dị ứng với diazepam hoặc với bất kỳ thành phần nào của thuốc (ví dụ lactose).
-Ba tháng đầu thai kỳ, thời kỳ cho con bú
-Bệnh gan nặng, Trầm cảm, Hội chứng ngưng thở khi ngủ, Yếu cơ nặng, glocom","Người lớn :
Liều thường dùng: 5–15 mg/ngày
Lo âu, bồn chồn: 5–20 mg/ngày
Co giật (bổ trợ): 5–40 mg/ngày (chia 2–4 lần)
Mê sảng do cai rượu: Khởi đầu: 20–40 mg/ngày,
Duy trì: 15–20 mg/ngày
Trẻ em: 1,25-2,5mg/ ngày",,"-Thận trọng ở người bệnh hô hấp mạn tính, buồn ngủ có thể làm khó thở nặng hơn.
- Thận trọng ở người bệnh gan, thận do nguy cơ tăng tác dụng thuốc.
- Người cao tuổi, người ốm yếu: nhạy cảm hơn với benzodiazepin, thải trừ chậm tăng nguy cơ an thần, rối loạn trí nhớ, suy sụp cần giảm liều.
- Dùng kéo dài có thể gây lệ thuộc; không ngừng thuốc đột ngột, phải giảm liều từ từ dưới giám sát bác sĩ để tránh hội chứng cai.
- Thuốc chứa lactose (120 mg/viên) → thận trọng ở người không dung nạp lactose (có thể gây phù, đau bụng, tiêu chảy).","- Chống chỉ định 3 tháng đầu thai kỳ; các tháng sau chỉ dùng khi lợi ích vượt nguy cơ do nguy cơ ức chế TKTW, suy hô hấp trẻ sơ sinh.
- Không dùng khi cho con bú (thuốc bài tiết qua sữa).
- Giảm khả năng lái xe/vận hành máy tránh hoạt động nguy hiểm 12–24 giờ đầu.
- Kiêng rượu tuyệt đối trong thời gian dùng thuốc.","- Kiêng rượu và tránh phối hợp thuốc ức chế thần kinh trung ương → tăng buồn ngủ, suy hô hấp.
- Một số thuốc làm tăng tác dụng Seduxen (ức chế chuyển hóa ở gan).
- Một số thuốc khác làm giảm tác dụng Seduxen (tăng phân hủy thuốc).","- Thường gặp: mệt mỏi, buồn ngủ, yếu cơ (thường thoáng qua, giai đoạn đầu).
- Ít gặp: chóng mặt, lú lẫn, run, nhức đầu, rối loạn vận động, rối loạn tiêu hóa – tiểu tiện, hạ huyết áp, rối loạn trí nhớ, khó thở.
- Hiếm: kích động ngược lại (bồn chồn, mất ngủ, hung hăng), rối loạn chức năng gan, vàng da, rối loạn tạo máu.
- Nguy cơ lệ thuộc thuốc: ngừng đột ngột có thể gây hội chứng cai (lo âu, run, mất ngủ, co giật…).
- Phản ứng dị ứng: đỏ da","Bảo quản nơi khô ráo, ở nhiệt độ dưới 30°C.",https://drive.google.com/file/d/1jFaOPOqwCz7KD2-GbxF70N5cfzgWR0Nq/view?usp=sharing,
Natri montelukast,4mg,Singulair,Viên nén nhai,Hà Lan,Dự phòng và điều trị hen mãn tính,Quá mẫn với bất cứ thành phần nào của thuốc,1 viên/ngày,,"- Cơn hen cấp tính
- Viêm tăng bạch cầu ưa eosin hệ thống
- Tránh sử dụng aspirin và các thuốc chống viêm non steroid","- Chỉ dùng khi thật sự cần thiết
- Cẩn trọng khi dùng trong thời kì CCB","- Giảm nồng độ khi dùng với Phenobarbital
- Ảnh hưởng gemfibrozil lên mức tiếp xúc toàn thân cảu monteleukast","- Nhức đầu, đau bụng, tiêu chảy, hen, tăng vận động, viêm da, giảm tiểu cầu, tăng xu hướng chảy máu, hội chứng Churg- Strauss","Bảo quản dưới nhiệt độ 30 độ C, tránh ánh sáng và nhiệt độ",https://drive.google.com/file/d/1vkRSLOZSY5MILXZsBSEv0T685abtqpSt/view?usp=sharing,
Sitagliptin + metformin,50mg + 1000mg,Sitomet 50/1000,Viên nén bao phim,Việt Nam,"- SITOMET (sitagliptin + metformin) dùng kèm ăn kiêng và vận động để kiểm soát đường huyết ở ĐTĐ type 2:
- Là liệu pháp ban đầu khi ăn kiêng, vận động chưa đủ hiệu quả
- Phối hợp khi đơn trị metformin hoặc sitagliptin không kiểm soát tốt
- Phối hợp 3 thuốc với sulfonylurea hoặc thiazolidinedion
- Kết hợp với insulin khi cần tăng hiệu quả kiểm soát đường huyết","- Quá mẫn với các thành phần cảu thuốc
- Suy thận nặng, suy tim, suy hô hấp, nhồi máu cơ tim
- Suy gan, ngộ độc rượu, nghiện rượu
-Thuốc cản quang",50mg/500mg/ lần/ngày,,"- Hạ đường huyết,đau khớp
- Nhiễm toan lactic
- Bóng nước pemphigold",Chưa có dữ liệu đầy đủ và không khuyến cáo,,,"Bảo quản dưới nhiệt độ 30 độ C, tránh ánh sáng và nhiệt độ",https://drive.google.com/file/d/1fjphaB-GRuP2k7N-xcTKJwfMA-0fE1gF/view?usp=sharing,
Sofosbuvir + velpatasvir,400mg+100mg,Sofuval,Viên nén bao phim,Việt Nam,Điều trị viêm gan siêu vi C mạn tính ở người lớn,"- Quá mẫn với các thành phần cảu thuốc
- Dùng cùng lúc với các thuốc cảm ứng P-glycoprotein mạnh hoặc cảm ứng CYP450 giảm nồng độ sofobuvir hoặc velpatasvir
- Dùng ribavirin tuân thủ các CCĐ của ribavirin",1 viên/lần/ngày,,"- Nhịp chậm nặng và block tim
- Bệnh nhân từng thất bại điều trị với một chế độ chứa NSSA
- Suy thận
- Xơ gan có CPT loại C
- Bệnh nhân ghép gan",Chưa có hoặc có rất ít dữ liệu nghiên cứu,"- Giảm nồng độ Velpatasvir khi dùng với thuốc kháng acid, thuốc kháng thụ thể H2
- Giảm nồng độ khi dùng với thuốc chống co giật
- Tăng nồng độ khi sử dụng với thuốc ức chế protease","- Xơ gan mất bù
- Loạn nhịp tim",Nơi nhiệt độ không quá 30 độ C,https://drive.google.com/file/d/1NTtk_Rd4SS_Xo8QboKrsRlui63SatJOD/view?usp=sharing,
Isotretinoin,10mg,SOTRETRAN,Viên nang mềm,Ấn Độ,Điều trị mụ trứng cá nặng,"- Quá mẫn với các thành phần cảu thuốc
- Suy gan, nồng độ lipid trong máu nâng cao quá mức
- Thừa vitamin A, đang được điều trị đồng thời với các tetracyclin",,,"- Gây quái thai, dị tật bẩm sinh ở trẻ
- Rối loạn tâm thần, dị ứng
- RL mắt, RL cơ xương và mô liên kết
- Tăng áp lực nội sọ lành tính",Không sử dụng cho PNCT và CCB,"- Không dùng với vitamin A vì nguy cơ thừa vitamin A
- Dùng với isotretinoin, tetracyclin tăng áp lực nội sọ","- Nhiễm khuẩn gram dương
- Giảm tiểu cầu, thiếu máu, tăng tiểu cầu thứ phát
- ĐTĐ, tăng acid uric máu, đau đầu","Bảo quản dưới 30 độ C, tránh ánh sáng và độ ẩm3",https://drive.google.com/file/d/1HKZV3D8nC7en_ruwzshEihG0bJ-muTIe/view?usp=sharing,
Otilonium bromide,40mg,Spasmomen,Viên nén,Đức,Điều trị hội chứng đại tràng kích thích,- Quá mẫn với các thành phần cảu thuốc,1 viên/ 2-3 lần/ngày,,"- Bệnh nhân tăng nhãn áp, phì đại tuyến tiền liệt , hẹp môn vị",Dùng thuốc dưới sự theo dõi chặt chẽ của bác sỹ,Không có tương tác,"- Buồn nôn nhẹ và thoáng qua
- Mệt mỏi, nổi mề đay","Bảo quản trong hộp, nhiệt độ không quá 30 độ C",https://drive.google.com/file/d/1Qewjr7mWIuTH_613BRQFB5wGxWh_y7Qs/view?usp=sharing,
Spironolacton,50mg,Spinolac,Viên nén,Việt Nam,"- Suy tim sung huyết, bao gồm phù do suy tim sung huyết, suy tim nặng (độ III−IV theo phân loại NYHA).
- Xơ gan cổ trướng và phù.
- Bệnh cổ trướng ác tính.
- Hội chứng thận hư.
- Chẩn đoán và điều trị cường aldosteron tiên phát (hội chứng Conn).","- Quá mẫn với spironolacton hoặc bất kỳ thành phần nào của thuốc.
Suy thận cấp hoặc tiến triển (kèm theo hoặc không kèm theo vô niệu), suy thận nặng (cGFR<30ml/phút/1,73 m2).
- Bệnh Addison.
- Tăng kali huyết (nồng độ kali trong huyết thanh > 5 mmol/l).
- Sử dụng đồng thời với eplerenon, các thuốc lợi tiểu giữ kali khác hoặc các chế phẩm bổ sung kali.
- Trẻ em suy thận mức độ trung bình đến nặng.","Người lớn :
Phù/suy tim sung huyết: 25–200 mg/ngày (thường 100 mg), điều chỉnh theo đáp ứng.
Suy tim nặng (NYHA III–IV): khởi đầu 25 mg/ngày → có thể tăng 50 mg/ngày; không dung nạp thì 25 mg cách ngày.
Xơ gan cổ trướng, phù: 100–400 mg/ngày tùy tỷ lệ Na⁺/K⁺ niệu.
Cổ trướng ác tính: 100–200 mg/ngày, có thể tăng 400 mg/ngày.
Hội chứng thận hư: 100–200 mg/ngày (chỉ dùng khi điều trị khác không hiệu quả).
Cường aldosteron tiên phát: 100–400 mg/ngày (chẩn đoán, chuẩn bị phẫu thuật hoặc điều trị duy trì).
- Trẻ em : 1-3mg/kg/ngày",,"- Theo dõi nước – điện giải, đặc biệt kali huyết ở người cao tuổi, suy gan, suy thận.
- Nguy cơ tăng kali huyết (có thể tử vong) → tránh phối hợp thuốc/ chế phẩm làm tăng kali; ngưng thuốc nếu kali > 5 mEq/L.
- Có thể gây tăng ure huyết (hồi phục), nhất là ở bệnh nhân suy thận.
- Suy tim nặng: cần theo dõi kali và creatinin chặt chẽ, định kỳ.
- Trẻ em: dùng thận trọng, nhất là khi có suy thận.","- Phụ nữ mang thai: chỉ dùng spironolacton khi lợi ích vượt nguy cơ cho mẹ và thai.
- Phụ nữ cho con bú: không dùng; nếu cần dùng thuốc thì phải ngưng cho con bú.","-Tăng kali huyết nặng: co-trimoxazol, thuốc/ chế phẩm làm tăng kali → tránh phối hợp.
- Digoxin: tăng nồng độ và thời gian bán thải → cần theo dõi lâm sàng.
- Thuốc hạ huyết áp/ACEI: tăng nguy cơ tăng kali huyết, nhất là suy thận.
NSAID: giảm tác dụng lợi tiểu.
- Lithi: tăng nguy cơ ngộ độc lithi.
- Carbenoxolon: giảm hiệu quả spironolacton tránh dùng chung.- Ảnh hưởng đáp ứng noradrenalin, giảm tác dụng thuốc chống đông; cholestyramin/amoni clorid → nhiễm toan; corticoid/ACTH → rối loạn điện giải.","- Phụ thuộc liều và thời gian dùng.
- Thường gặp nhất: tăng kali huyết, rối loạn nội tiết – sinh dục (vú to ở nam, rối loạn kinh nguyệt), đau đầu, rối loạn tiêu hóa, mệt mỏi, buồn ngủ.
- Rối loạn điện giải (hạ natri), lú lẫn, chóng mặt, hạ huyết áp, phát ban; hiếm khi tổn thương gan, thận, rối loạn huyết học.
- Rất hiếm nhưng nghiêm trọng: SJS/TEN/DRESS, viêm gan, suy thận cấp, loạn nhịp tim do tăng kali huyết → báo bác sĩ ngay.
- Cần theo dõi kali và điện giải định kỳ trong quá trình điều trị","Nơi khô, dưới 30°C. Tránh ánh sáng.",https://drive.google.com/file/d/1MwlWzyqU066GJN3AfI3odWZq7nyfejsA/view?usp=sharing,
Furosemid + spironolacton,40mg+50mg,Spinolac fort,Viên nén,Việt Nam,"- Điều trị phù do cường aldosteron thứ phát, xơ gan, suy tim xung huyết
- Bệnh nhân kháng thuốc lợi tiểu ở chế độ đơn liều
- Điều trị tăng HA vô căn","- Quá mẫn với các thành phần của thuốc
- BN bị giảm thể tích máu hoặc mất nước
- Suy thận, tăng kali huyết, hạ natri huyết nặng, bệnh Addison",1-2 viên/ngày,,"- Hạ huyết áp, nguy cơ hạ HA
- Biểu hiện ĐTĐ tiềm tàng hoặc cần tăng liều insulin
- Gout, xơ gan kèm suy giảm chức năng thận
- Giảm protein huyết",Không dùng cho PNCT và CCB,"- Hạ HA, suy thận khi dùng với thuốc ức chế ACE, thuốc đối kháng thụ thể angiotensin II
- Giảm thể tích máu và mất nước: thuốc kháng viêm không steroid
- Tăng độc tính trên tai khi dùng với aminoglycosid và ciplastin
- Tăng kali huyết phối hợp với cholestiramin","- Suy tuỷ xương
- Rối loạn thính giác, ù tai tạm thời
- Phát ban da, ngứa, mề đay
-Sốc phản vệ, giả phản vệ, lupus ban đỏ toàn thân
- Khan tiếng, trầm giọng, buồn nôn, hó chịu, núm vú nhạy cảm","Nơi khô, dưới 30°C. Tránh ánh sáng.",https://drive.google.com/file/d/1bpAy-snjROXvQ0obrryhoo4KpVFWrk6C/view?usp=sharing,
Spironolacton,50mg,Spironolacton Tab DWP,Viên nén,Việt Nam,"- Suy tim xung huyết
- HC thận hư
- Xơ gan kèm cổ trướng và phù
- Cổ trướng ác tính
- Chẩn đoán và điều trị aldosteron thứ phát","- Quá mẫn với các thành phần cảu thuốc
- Vô niệu, suy thận tiến triển
- Tăng kali máu, bệnh Addison
- Sử dụng đồng thời eplerenon hoặc các thuốc lợi tiểu giữ kali khác
- CCĐ trẻ em suy thận trung bình đến nặng",Liều khởi đầu 100mg/ngày,,"- Mất cân bằng nước và điện giải
- Tăng ure máu, tăng kali máu ở bệnh nhân suy tim nặng",Thận trọng khi sử dụng cho PNCT và CCB,"- Giảm tác dụng lợi tiểu khi dùng với Aspirin
- Tăng kali máu khi dùng với thuốc lợi tiểu , thuốc đối kháng thụ thể angiotensin II, thuốc chống tăng HA
- Hạ natri máu với thuốc tiểu đường","- Mất điều hoà, buồn ngủ, chóng mặt
- Tăng kali máu, hạ natri máu
- Chức năng gan bất thường, liệt cơ và rối loạn nhịp tim","Nơi khô, nhiệt độ không quá 30 độ C, tránh ánh sáng",https://drive.google.com/file/d/10ZpJuFH0e5EHUfvQ_AwNf3hlVyVQqKNN/view?usp=sharing,
Rosuvastatin ( Rosuvastatin Calci),50mg,Sterolow 20,Viên nén bao phim,Việt Nam,"- Tăng cholesterol máu nguyên phát
- Tăng cholesterol máu gia đình kiểu đồng hợp tử
- Dự phòng cho bệnh nhân có nguy cơ cao bị biến cố tim mạch nguyên phát","- Quá mẫn với các thành phần của thuốc
- Bệnh gan tiến triển
- Bệnh lý về cơ
- Đang dùng với ciclosporin
- Suy thận mức trung bình",5-10mg/ngày,,"- Ảnh hưởng thận, xương, gan
- Bệnh phổi kẽ
- Bệnh ĐTĐ",Không dùng cho PNCT và CCB,"- Tăng nồng độ khi dùng với chất ức chế protein vận chuyển
- Tăng nồng độ khi dùng với gemfibrozil và các thuốc hạ cholesterol máu khác","- Khó thở kèm, sưng mặt, môi, lưỡi, cổ họng
- Nổi hột trên da, ngứa dữ dội
- Nhức đầu, chóng mặt, buồn nôn
- Giảm tiểu cầu, vàng da, viêm gan","Bảo quản nơi khô, nhiệt độ không quá 30 độ C, tránh ánh sáng",https://drive.google.com/file/d/1m4ZhL-7qg7yQKFxs2fWQkqkE1OYqD7ad/view?usp=sharing,
Sumatriptan,50mg,Sutagran 50,Viên nén,Việt Nam,Điều trị tích cực để cắt ngay cơn đau nửa đầu,"- Quá mẫn với sumatriptan hoặc thành phần thuốc.
- Không dùng để dự phòng cơn đau.
- Bệnh tim mạch: thiếu máu cơ tim, đau thắt ngực Prinzmetal, sau nhồi máu cơ tim.
- Bệnh mạch não: đột quỵ, cơn thiếu máu não thoáng qua (TIA).
- Bệnh mạch máu ngoại biên (kể cả thiếu máu đại tràng).
- Tăng huyết áp chưa kiểm soát.
- Dùng MAOIs (chỉ dùng sumatriptan sau ≥14 ngày ngừng MAOI).
- Dùng ergotamin/dẫn chất ergot hoặc chủ vận 5-HT1 khác (chỉ dùng sumatriptan sau ≥24 giờ).
- Suy gan nặng.","1 viên( 25mg,50mg,100mg)/ ngày",200mg/ngày,"- Chỉ dùng khi đã chẩn đoán đau nửa đầu.
- Đánh giá tim mạch trước ở bệnh nhân nguy cơ mạch vành.
- Có thể gây đau/tức ngực, tăng huyết áp thoáng qua → thận trọng ở người tăng huyết áp đã kiểm soát.
- Thận trọng ở suy gan, suy thận, tiền sử động kinh.
- Không dùng khi đau đầu bất thường nghi ngờ bệnh lý não.
- Tránh phối hợp thuốc có tương tác.
- Có thể gây phản vệ/sốc (hiếm)","- Chỉ có thể sử dụng khi các bác sỹ cho rằng lợi ích của người mẹ vượt trội nguy cơ có hại cho bào thai
- Không sử dụng trong thời kỳ nuôi con bằng sữa mẹ.","- Không dùng chung với ergotamin và dẫn chất.
- Không dùng chung với MAOIs (giảm thải trừ sumatriptan).
- Thận trọng khi phối hợp SSRI (fluoxetin, fluvoxamin, paroxetin, sertralin) → nguy cơ hội chứng serotonin, cần theo dõi y tế.","- Thường gặp: đau/tức ngực–cổ–hàm, chóng mặt, mệt, buồn ngủ, cảm giác nóng/lạnh, khó thở, hồi hộp, rối loạn tiêu hóa, đau cơ, ra mồ hôi, phản ứng quá mẫn nhẹ.
- Ít gặp: nặng đầu, nghẹt/chảy mũi, táo bón, co cơ, trầm cảm, rối loạn giấc ngủ, ngứa, sốt, hen.
- Hiếm: thiếu máu cơ tim thoáng qua, đau thắt ngực, rối loạn thị giác, xuất huyết tiêu hóa, rối loạn trí nhớ, phản ứng hành vi, viêm da.","Bảo quản nơi khô ráo, ở nhiệt độ dưới 30°C.",https://drive.google.com/file/d/1hxOFh7xqSf0GBqUohIpjjDyFCJqtd_Ev/view?usp=sharing,
Ketoprofen,25mg,Sympal,Viên nén bao phim,Italy,Điều trị các triệu chứng đau mức độ nhẹ đến trung bình,"-Quá mẫn với các thành phần của thuốc
- Tiền sử xung huyết, thủng dạ dày ruột
- Khó tiêu mãn tính
- Xuất huyết tiêu hoá, suy gan độ nặng
- Tạng xuất huyết và RL đông máu khác",25mg/mỗi 8 giờ,75mg/ngày,"-Suy gan, suy thận
- Nguy cơ huyết khối
- Rối loạn chuyển hoá porphyrin bẩm sinh
- Vừa trải qua cuộc đại phẫu",Không sử dụng cho PNCT và CCB,"- Tăng nguy cơ loét dạ dày khi dùng với thuốc NSAIDs
- Tăng tác dụng chống đông khi dùng với thuốc chống đông
- Giảm tác dụng lợi tiểu khi dùng với các thuốc lợi tiểu, ức chế men chuyển, kháng sinh aminoglycosid","- Buồn nôn, nôn, tiêu chảy, rối loạn tiêu hoá
- Mất ngủ, lo âu, phù thanh quản, đánh trống ngực
- Đỏ mặt, viêm dạ dày, ban ngứa","Khôn bảo quản ở nhiệt độ trên 30 độ C, giữ vỉ thuốc trong hộp để tránh ánh sáng",,
Valsartan,80mg,Tabarex,Viên nén,Việt Nam,"- Điều trị tăng HA ở người lớn và trẻ > 6 tuổi
- Điều trị suy tim ở người lớn
- Giảm tỷ lệ tử vong do tim mạch sau nhồi máu cơ tim ở người lớn","- Mẫn cảm với các thành phần của thuốc
- Suy gan nặng, xơ gan ứ mật, tắc mật
- Mang thai 3 tháng cuối và 3 tháng đầu
- ĐTĐ hoặc suy thận","Tăng HA: Liều khởi đầu 80mg/ngày
Suy tim: Liều khởi đầu 40mg/ngày",,"- Tăng Kali huyết
- Hạ HA, hẹp ĐM thận
- Suy gan, thận ở trẻ em",- Không sử dụng trong 3 tháng đầu và 3 tháng cuối mang thai,"- Không phối hợp phong bế kép RAAS (ARB, ACEI, aliskiren) do tăng nguy cơ hạ huyết áp, tăng kali và suy thận.
- Lithium, thuốc giữ kali/bổ sung kali, NSAIDs: tăng nguy cơ độc tính, tăng kali và tổn thương thận cần theo dõi.
- Thuốc hạ huyết áp khác, thuốc lợi tiểu: làm tăng tác dụng hạ huyết áp, dễ gây tụt HA lúc đầu.
- Một số thuốc ảnh hưởng chất vận chuyển có thể làm tăng nồng độ valsartan.","- Thường gặp: Chóng mặt, hạ huyết áp, suy giảm chức năng thận, tăng kali máu.
- Ít gặp/khác: Ngất, nhức đầu, buồn nôn–tiêu chảy, phù mạch, tăng men gan, rối loạn huyết học.
- Trẻ em: Tác dụng phụ tương tự người lớn; tăng kali máu gặp nhiều hơn, nhất là trẻ có bệnh thận.","Bảo quản nơi khô ráo, ở nhiệt độ dưới 30°C.",https://drive.google.com/file/d/1T6ayXYzGS-Far-AIsJORj9BaH710FgBT/view?usp=sharing,
Oseltamivir (oseltamivir phosphat),75mg,Tamiflu,Viên nang cứng,Ý,Điều trị cúm và phòng ngừa cúm,Quá mẫn với Oseltamivir phosphate hoặc với bất ký thành phần nào,75mg/ 2 lần/ ngày,,"- Chỉ hiệu quả với virus cúm, không thay thế vắc xin cúm.

- Cân nhắc độ nhạy của virus cúm đang lưu hành trước khi dùng.

- Nguy cơ phản vệ và phản ứng da nặng (SJS, TEN) → ngừng thuốc ngay nếu xảy ra.
- Có thể gặp rối loạn tâm thần–thần kinh (mê sảng, hành vi bất thường), nhất là trẻ em
- Lưu ý bệnh nặng khác có thể giống hoặc kèm cúm; Tamiflu không phòng biến chứng ngoài cúm.
- Hiệu quả và độ an toàn còn hạn chế dữ liệu ở một số nhóm bệnh nhân đặc biệt.","- Oseltamivir được chuyển hóa thành chất có hoạt tính nhờ esterase, không phụ thuộc hệ CYP450 ít tương tác thuốc.
- Ít gắn protein huyết tương, nguy cơ tương tác do cạnh tranh gắn protein thấp.
- Không ức chế/cảm ứng CYP450 hay glucuronyl transferase.
- Cimetidin không ảnh hưởng nồng độ oseltamivir.
- Probenecid làm giảm thải trừ qua thận → tăng nồng độ chất chuyển hóa, nhưng không cần chỉnh liều thường quy.
- Amoxicillin và paracetamol: không ảnh hưởng nồng độ oseltamivir.","- viêm tai giữa
- đau đầu
- viêm kết mạc
- dau tai, RL màng nhĩ
- Nôn, đau bụng, viêm da","- viêm tai giữa
- đau đầu
- viêm kết mạc
- dau tai, RL màng nhĩ
- Nôn, đau bụng, viêm da","Bảo quản nơi khô ráo, ở nhiệt độ dưới 30°C.",https://drive.google.com/file/d/1w2q7YRGOf3Llw0BTJHrrLR1byspD1CMX/view?usp=sharing,
Acetyl leucin,500mg,Tanganil,Viên nén,Pháp,Điều trị cơn chóng mặt,"- Bệnh nhân dị ứng với Acetyleucine hoặc tá dược khác
- Bệnh nhân bị dị ứng với lúa mì","3-4 viên/ 2 lần/ngày (1,5-2g)",,- Có thể dùng cho bệnh nhân Celiac,Không sử dụng thuốc cho PNCT và CCB,,"phát ban, đỏ, mề đay, ngứa",Bảo quản thuốc ở nhiệt độ dưới 30 độ C,https://drive.google.com/file/d/1JjuAP5U9OQ9c4D_4Y-VdvqqakKbF5gYC/view?usp=sharing,
Ginkgo biloba,120mg,Tebonin,Viên nén bao phim,Germany,Điều trị rối loạn tuần hoàn máu và ngoại biên,Quá mẫn với thành phần của thuốc. Trẻ em dưới 12 tuổi,1-2 viên/ngày,,,Không có hại cho PNCT và CCB,Tương tác với các thuốc đông máu,"RL tiêu hoá nhẹ, nhức đầu, dị ứng, xuất huyết",Ở nhiệt độ dưới 30 độ C,https://drive.google.com/file/d/1Or9Vus3Lgupth7b6T1SDJl2GtvFabIrx/view?usp=sharing,
Amlodipin + telmisartan,5mg + 40mg,Telmiam,viên nén,Việt Nam,"- Điều trị tăng huyết áp vô căn
- Dùng cho bệnh nhân không kiểm soát tốt huyết áp khi dùng đơn trị liệu telmisartan hoặc amlodipine
- Giảm nguy cơ biến cố tim mạch (đột quỵ, nhồi máu cơ tim) ở bệnh nhân tăng huyết áp có nguy cơ cao","- Quá mẫn với telmisartan, amlodipine hoặc dẫn xuất dihydropyridin
- Phụ nữ có thai (đặc biệt 3 tháng giữa và 3 tháng cuối)
- Suy gan nặng, tắc mật
- Sốc tim
- Hạ huyết áp nặng
- Hẹp van động mạch chủ nặng
- Suy tim mất bù sau nhồi máu cơ tim cấp","- 1 viên/ngày, uống cùng hoặc không cùng bữa ăn (uống vào cùng một thời điểm mỗi ngày)
- Hàm lượng tùy đáp ứng (40/5 mg; 80/5 mg; 40/10 mg; 80/10 mg)",Telmisartan 80 mg/ngày + Amlodipine 10 mg/ngày.,"- Suy gan, tăng HA do hẹp mạch thận
- Suy thận, ghép thận, giảm thể tích nội mạch","- Sử dụng cho phụ nữ có thai
+ Không sử dụng
+ Thuốc tác động lên hệ renin–angiotensin gây độc cho thai
+ Nguy cơ gây thiểu ối, suy thận thai nhi, tử vong thai
- Sử dụng cho phụ nữ cho con bú
+ Không khuyến cáo sử dụng
+ Cân nhắc ngừng cho con bú hoặc đổi sang thuốc khác an toàn hơn","- Thuốc lợi tiểu, thuốc hạ áp khác: tăng nguy cơ hạ huyết áp
- NSAIDs: giảm tác dụng hạ huyết áp, tăng nguy cơ suy thận
- Thuốc ức chế/hoạt hóa CYP3A4 (erythromycin, clarithromycin, rifampicin…): ảnh hưởng nồng độ amlodipine
- Digoxin, lithium: tăng nồng độ trong máu
- Bổ sung kali, thuốc giữ kali: tăng nguy cơ tăng kali máu","- Thường gặp: chóng mặt, đau đầu, phù ngoại biên, mệt mỏi
- Ít gặp: buồn nôn, hồi hộp, đỏ bừng mặt
- Hiếm gặp: hạ huyết áp, rối loạn chức năng gan, phản ứng dị ứng","Nơi khô ráo, tránh ánh sáng, nhiệt độ không quá 30°C.",https://drive.google.com/file/d/1b8p4-0GqVNK_vHnQk062rBIFoRXUMNlW/view?usp=sharing,
Telmisartan,40mg,Telmida 40,Viên nén,Tây Ban Nha,"- Tăng HA
- Phòng ngừa bệnh tim mạch","- Quá mẫn với các thành phần của thuốc
- Bệnh lý tắc nghẽn đường mật
- Suy gan nặng
- Không dùng với Telmisartan",,,"- Suy gan
- Tăng HA do bệnh mạch máu thận
- Suy thận và ghép thận
- Giảm thể tích nội mạch","Không dùng cho PNCT 3 tháng đầu và 3 tháng cuối
Không khuyến cáo dùng cho PNCCB","- Phối hợp digoxin làm tăng nồng độ digoxin
- Dùng cùng thuốc lợi tiểu giữ kali làm tăng kali huyết
- Dùng với corticosteroid làm giảm tác dụng chống tăng HA","- Nhiếm trùng đường tiết niệu
- Thiếu máu, tăng kali huyết
- Mất ngủ, trầm cảm, ngất, chóng mặt
- Ngứa, tăng tiết mồ hôi, phát ban",Bảo quản ở nhiệt độ không quá 30 độ C,https://drive.google.com/file/d/1wuYVx5rg1rP2-wKGUqxBSGFUkfJgmGRJ/view?usp=sharing,
Tenofovir + Lamivudin,100mg + 300mg,Temivir,Viên nén,Việt Nam,"- Điều trị cho bệnh nhân nhiễm HBV đã thất bại điều trị với tenofovir disoproxil fumarat hoặc lamivudin đơn trị liệu.
- Điều trị nhiễm Virus HIV-1 gây suy giảm miễn dịch ở người lớn và thanh thiếu niên (từ 12 tuổi trở lên và cân nặng >35kg)",,1 viên/ lần,,"- Ngừng thuốc nếu có tổn thương gan, gan nhiễm mỡ, nhiễm toan lactic; theo dõi sát khi có viêm gan B/C (ngưng thuốc có thể làm viêm gan B nặng lên).
- Thận trọng suy thận cần giảm liều, theo dõi chức năng thận & phosphat huyết định kỳ.
- Có thể giảm mật độ xương theo dõi nguy cơ loãng xương, gãy xương.",- Không sử dụng cho PNCT và CCB,,"- Đau đầu, mỏi cơ, rối loạn tiêu hóa; giảm phosphat huyết, tăng men gan, đau cơ–xương; triệu chứng hô hấp trên; giảm bạch cầu trung tính.
- Ít/hiếm: độc gan, độc thận (protein niệu, hội chứng Fanconi, suy thận cấp), nhiễm toan lactic, viêm tụy. Rối loạn thần kinh (dị cảm, co giật), thiếu máu; phản vệ, hội chứng phục hồi miễn dịch; rối loạn mỡ–chuyển hóa; viêm gan B nặng lên khi ngừng thuốc.","Bảo quản nơi khô ráo, ở nhiệt độ dưới 30°C.",https://drive.google.com/file/d/1smylGItP77jw8SUA3J7RXn1dUnjEAstP/view?usp=sharing,
Tenofovir (TDF),300mg,Tenofovir,Viên nén bao phim,Việt Nam,"Điều trị nhiễm HIV-1, nhiễm viêm gan B",Quá mẫn với bất kỳ thành phần nào cảu thuốc,1 viên/lần/ngày,,"- Suy gan, suy thận
- Hội chứng suy giảm miễn dịch
- Hoại tử xương",Không có dữ liệu nghiên cứu sử dụng cho PNCT và CCB,"- Gây độc thận khi phối hợp với aminoglycosid, amphotericin B, vancomycin,..
- Tăng nồng độ khi dùng với Ledipasvir/ sofosbuvir
- Tăng nồng độ khi dùng với Atzanavir/ ritonavir","- Giảm phosphate huyết
- Chóng mặt, tiêu chảy, buồn nôn, nôn
- Tăng enzym gan, phát ban, tiêu cơ vân, nhược cơ, suy nhược","Dưới 30 độ C, nơi khô ráo, tránh ánh sáng",https://drive.google.com/file/d/16Eji3Z2uMhIoTBclsCKrTkEprIPUu9_o/view?usp=sharing,
Codein + terpin hydrat,15mg + 100mg,Terpincold,Viên nén bao phim,Việt Nam,Giảm họ khan và họ do ngứa cổ ở người lớn.,"- Dị ứng với bất kỳ thành phần nào của thuốc.
- Trẻ em dưới 15 tuổi, có tiền sử động kinh hoặc co giật do sốt cao.
- Trẻ dưới 18 tuổi, vừa cắt amidan và/hoặc nạo V.A.
- Suy hô hấp.
- Họ suyễn.
- Phụ nữ cho con bú.
- Kết hợp với các dẫn xuất có liên quan morphin (Buprenorphin, nalbuphin, pentazocin).
- Những bệnh nhân mang gen chuyển hóa thuốc qua CYP2D6 siêu nhanh.
- Trẻ em dưới 12 tuổi để điều trị họ do có nguy cơ cao xảy ra các phản ứng có hại nghiêm trọng và đe dọa tính mạng.",1-2 viên/ mỗi 6 giờ,8 viên/ngày,"- Không dùng cho ho có đờm, không phối hợp thuốc long đờm; chỉ dùng liều thấp, không tự tăng liều.
- Nguy cơ do chuyển hóa CYP2D6: người chuyển hóa nhanh/siêu nhanh - ngộ độc morphin (buồn ngủ, thở nông, co đồng tử, suy hô hấp, có thể tử vong).
- Không dùng cho trẻ em suy hô hấp, thở khò khè khi ngủ; thận trọng bệnh gan, tăng áp lực nội sọ; tránh rượu.
- Có thể dương tính doping.
- Gây buồn ngủ khi lái xe",Không sử dụng cho PNCTCCB,"- Thuốc chủ vận/đối kháng morphin giảm hiệu quả codein, tăng nguy cơ hội chứng cai.
- Rượu & thuốc ức chế TKTW tăng an thần, suy hô hấp tránh phối hợp.
- Dẫn xuất morphin khác tăng nguy cơ suy hô hấp, nhất là người cao tuổi.","Táo bón, buồn ngủ, chóng mặt, buồn nôn/nôn; hiếm gặp khó thở, dị ứng; ngừng đột ngột có thể gây phụ thuộc","Nơi khô, nhiệt độ dưới 30 độ C",https://drive.google.com/file/d/1t4Jd-bXo1Q0LBKodA5dQQRlqLoJbyj_B/view?usp=sharing,
Tetracyclin (hydroclorid),500mg,Tetracyclin,Viên nang cứng,Việt Nam,"- Điều trị nhiễm khuẩn hô hấp
- Nhiễm khuẩn đường niệu
- Các bệnh lây qua đường tình dục
- Nhiễm trùng da","- Quá mẫn cảm với các thành phần của thuốc
- Suy gan, suy thận mạn tính, suy thân nặng trong lupus ban đỏ","Người lớn : 1 viên/lần x 2-4 lần/ngày
Trẻ em : 25-50mg/kg thể trọng/ngày",,"-Lupus ban đỏ
- Nhược ơ
- Suy thận, suy gan",Không dùng cho PNCT và CCB,"- Giảm hoạt hoá prothrombin khi dùng với thuốc chống đông
- Nồng độ thuốc giảm khi dùng với thuốc chống acid
- Giảm hoạt lực penicillines khi dùng cùng","- Buồn nôn, nôn, ỉa chảy
- Loét và co hẹp thực quản
- Thiếu máu tan huyết, giảm tiểu cầu, giảm bạch cầu trung tính
- Viêm cổ tử cung, viêm âm đạo, tăng áp lực nội sọ lành tính","Dưới 30 độ C, nơi khô ráo, tránh ánh sáng",https://drive.google.com/file/d/1z9esjoCspGdOplCmVTyd7tPadBO3dFRg/view?usp=sharing,
Glimepirid + metformin,2mg + 500mg,THcomet - GP2,Viên nén bao phim giải phóng kéo dài,Việt Nam,"Điều trị cho bệnh nhân đái tháo đường typ 2 khi chế độ ăn kiêng, tập thể dục và sử dụng thành phần đơn lẻ không đạt được hiệu quả kiểm soát đường huyết đầy đủ.","- Suy thận nặng (eGFR <30), suy gan, thiếu oxy mô, nhiễm toan ceton/ĐTĐ typ 1, nhiễm khuẩn nặng–mất nước, tiêm cản quang iod, gây mê, thai kỳ & cho con bú, nghiện rượu.
- ĐTĐ phụ thuộc insulin, hôn mê/nhiễm toan ceton, suy gan hoặc thận nặng, quá mẫn sulfonylurea.",1 viên/ngày,M: 2000mg/ngày+ G: 8mg/ngày,"- Nguy cơ nhiễm toan lactic (hiếm nhưng nguy hiểm, có thể tử vong). - -- Tăng nguy cơ khi suy thận, ≥65 tuổi, suy gan, suy tim cấp/giảm oxy, uống rượu, phẫu thuật, dùng thuốc cản quang iod, tương tác thuốc. Ngừng ngay metformin nếu nghi toan lactic; theo dõi eGFR định kỳ, CCĐ khi eGFR <30; tạm ngừng khi chụp cản quang, phẫu thuật, suy tim cấp.
- Thận trọng ở bệnh nhân thiếu G6PD (nguy cơ thiếu máu tan huyết).
Không dùng nếu không dung nạp galactose/thiếu lactase/kém hấp thu glucose–galactose (do lactose).",Không dùng cho PNCT. Dùng thuốc ngừng cho con bú,"- Tăng nguy cơ nhiễm toan lactic với rượu, chất cản qunag iod
-Tăng đường huyết khi dùng với Glucocorticoid, β2-agonist, thuốc lợi tiểu
- Hạ đường huyết khi dùng với thuốc ức chế men chuyển (ACEI)
- Không dùng với các thuốc cảm ứng CYP2C9 (rifampicin) giảm tác dụng, ức chế CYP2C9 (fluconazol) → tăng nguy cơ hạ đường huyết.",,"Bảo quản trong bao bì kín, tránh ẩm, nhiệt độ dưới 30°C.",https://drive.google.com/file/d/1djNJCSp-pXwoE8DrfQQdklng6AyuwGfn/view?usp=sharing,
Levothyroxin,100mcg,Thyroberg 100,Viên nén không bao,Ấn Độ,Điều trị hội chứng suy giáp,"- Chống chỉ định ở người dị ứng levothyroxin hoặc tá dược.
- Không dùng khi: suy thượng thận chưa điều trị, cường giáp chưa kiểm soát, suy tim mất bù, bệnh mạch vành, loạn nhịp chưa kiểm soát.
- Không dùng cho bệnh nhân sau phẫu thuật tuyến giáp nhưng TSH vẫn bình thường.","Người lớn: Khởi đầu 50-100mcg/ngày
Trẻ em: Khởi đầu 10-15mcg/ ngày","Người lớn: 100-200mcg/ ngày
Trẻ em: 50mcg/ngày","- Levothyroxin không dùng để giảm cân/béo phì; có thể gây biến cố tim mạch nguy hiểm.
- Thận trọng/giảm liều ở: người thiểu năng giáp lâu năm, bướu cổ lâu năm, người cao tuổi, bệnh tim mạch, loãng xương, phụ nữ quanh mãn kinh.
- Theo dõi TSH chặt chẽ (đặc biệt người >60 tuổi); dùng quá liều làm tăng nguy cơ rung nhĩ và mất xương.
- Thận trọng khi phối hợp: thuốc tim mạch, glucocorticoid, chất cản quang iod, thuốc chống đông (theo dõi INR).",Chưa thấy tác dụng nào đến bào thai khi người mẹ mang thai dùng hormon giáp,"- GIảm tác dụng/ giảm hấp thu levothyroxin: rifampicin, amiodaron, imatinib; sắt, calci, cholestyramin, sucralfat (uống cách ≥2 giờ).
- Cảm ứng enzym cần chỉnh liều: carbamazepin, phenytoin, barbiturat.
- Tăng tác dụng thuốc chống đông theo dõi INR.
- Khác: estrogen, insulin/thuốc hạ đường huyết, propranolol, ketamin, corticoid theo dõi & chỉnh liều khi cần.","Thường gặp : triệu chứng cường giáp (sụt cân, hồi hộp, tim nhanh/loạn nhịp, run, mất ngủ, tiêu chảy, vã mồ hôi, không chịu nóng…).

Ít gặp: rụng tóc.","Nơi khô, nhiệt độ dưới 30 độ C",https://drive.google.com/file/d/1Hv0hevO0432A8lbaJWc0cOGLFmiTsqPX/view?usp=sharing,
Thiamazol,10mg,Thyrozol,Viên nén bao phim,Germany,"- Điều trị bảo tồn cường giáp
- Chuẩn bị phẫu thuật cường giáp
- Điều trị xen kẽ khi điều trị bằng iod phóng xạ
- Điều trị dự phòng cường giáp","- Quá mẫn cảm với thành phần cảu thuốc
- RL công thức máu từ trung bình đến nặng
- Ứ mật trước đó không do cường giáp
- Đã từng tổn thương tuỷ xương, bị viêm tuỷ khi dùng thiamazole hoặc carbimazole","Người lớn : 10-40mg/ngày
Trẻ em : 0,5mg/kg/ngày",,"- Ảnh hưởng tuỷ xương
- Viêm tuỵ cấp
- Tiền sử các phản ứng quá mẫn ( ban dị ứng, ngứa)","- Sử dụng thuốc dựa trên đánh giá lợi ích/ nguy cơ
- Có thể sử dụng với PNCCB liều 10mg/ngày không sử dụng them hormon tuyến giáp","- Thiếu iod làm tăng đáp ứng thuốc, dư iod làm giảm đáp ứng","- Mất bạch cầu hạt, giảm tiểu cầu, hội chứng insulin tự miễn, RL vị giác, viêm dây thần kinh, rụng tóc, lupus ban đỏ",Bảo quản ở nhiệt độ không quá 30 độ C,https://drive.google.com/file/d/1hULzffA0WdMFKq-VhVNMLzePCodNP9Xg/view?usp=sharing,
Thiamazol,5mg,Thyrozol,Viên nén bao phim,Germany,"- Điều trị bảo tồn cường giáp
- Chuẩn bị phẫu thuật cường giáp
- Điều trị xen kẽ khi điều trị bằng iod phóng xạ
- Điều trị dự phòng cường giáp","- Quá mẫn cảm với thành phần cảu thuốc
- RL công thức máu từ trung bình đến nặng
- Ứ mật trước đó không do cường giáp
- Đã từng tổn thương tuỷ xương, bị viêm tuỷ khi dùng thiamazole hoặc carbimazole","Người lớn : 5- 20 mg/ngày
Trẻ em : 0,5mg/kg/ngày",,"- Ảnh hưởng tuỷ xương
- Viêm tuỵ cấp
- Tiền sử các phản ứng quá mẫn ( ban dị ứng, ngứa)","- Sử dụng thuốc dựa trên đánh giá lợi ích/ nguy cơ
- Có thể sử dụng với PNCCB liều 10mg/ngày không sử dụng them hormon tuyến giáp","- Thiếu iod làm tăng đáp ứng thuốc, dư iod làm giảm đáp ứng","- Mất bạch cầu hạt, giảm tiểu cầu, hội chứng insulin tự miễn, RL vị giác, viêm dây thần kinh, rụng tóc, lupus ban đỏ",Bảo quản ở nhiệt độ không quá 30 độ C,https://drive.google.com/file/d/1hULzffA0WdMFKq-VhVNMLzePCodNP9Xg/view?usp=sharing,
Entecavir,"0,5mg","Tonios-0,5",Viên nén bao phim,Việt Nam,"- Điều trị viêm gan B mạn ở người lớn: gan còn bù (± mất bù) khi có HBV nhân lên, ALT tăng dai dẳng và/hoặc bằng chứng mô học viêm/xơ hóa.
- Áp dụng cho HBeAg dương hoặc âm, chưa điều trị nucleosid; hiệu quả cả ở bệnh nhân kháng lamivudin.
- Trẻ em 2–18 tuổi (gan còn bù) chưa dùng nucleosid, có HBV nhân lên, ALT tăng hoặc viêm/xơ hóa mức độ vừa–nặng.",Mẫn cảm với entecavir hoặc bất kỳ thành phần nào của thuốc,"0,5mg/ngày",1mg/ngày,"- Suy thận: chỉnh liều, theo dõi HBV DNA.
- Đợt cấp viêm gan: có thể xảy ra khi dùng hoặc sau ngừng theo dõi ALT/HBV DNA ≥6 tháng.
- Gan mất bù/xơ gan: nguy cơ biến cố nặng, nhiễm toan lactic → theo dõi sát.
- Kháng lamivudin: nguy cơ kháng entecavir cân nhắc phối hợp thuốc.
HIV/HBV: không dùng nếu chưa HAART.","- Nguy cơ với PNCT chưa rõ
- Không khuyến cáo với PNCCB",Thải trừ qua thận dùng chung thuốc độc thận hoặc cạnh tranh bài tiết ống thận có thể tăng nồng độ entecavir,"- Hiếm gặp : phản ứng phản vệ
- Thường gặp : mất ngủ, đau đầu, chóng mặt, buồn ngủ, nôn, tiêu chảy
- Ít gặp : phát ban, rụng tóc","Giữ thuốc trong bao bì gốc của nhà ản xuất, đậy kín. Nơi khô ráo, tránh ánh sáng, nhiệt độ không quá 30 độ C",https://drive.google.com/file/d/14chF1roIrkP5QD2QawPmTRtfPsz7bEF1/view?usp=sharing,
Piroxicam,20mg,Toricam,Viên nang,Taiwan,"- Giảm đau viêm khớp dạng thấp, viêm xương khớp, thoái hoá khớp, viêm cột sống dính khớp, bệnh cơ xương khớp
- Giảm đau thống kinh, đau sau phẫu thuật, bệnh gout cấp",,20mg/ngày,,"- Người cao tuổi
- RL chảy máu, bệnh tim mạch, tiền sử loét dạ dày tá tràng, suy gan, suy thận
- Đang dùng thuốc lợi niệu","- Không dùng cho PNCT 3 tháng cuối hoặc gần lúc chuyển dạ
- Chưa xác định độ an toàn thuốc tỏng giai đoạn CCB","- Hạ nồng độ thuốc khi dùng với aspirin
- Tăng độc tính lithi khi dùng chung
- Đẩy protein khỏi huyết tương khi dùng với thuốc chống đông loại cumarin và các thuốc có liên kết protein cao","- Viêm miệng, dau vùng thượng vị, buồn nôn, nôn, táo bón, đau bụng, tiêu chảy, khó tiêu
- Giảm huyết cầu tố và hemacrotit, thiếu máu, giảm bạch cầu
- Trầm cảm, mất ngủ, bồn chồn, viêm tuỵ, đái khó","Bảo quản ở nơi khô, dưới 30 độ C, tránh ánh sáng",https://drive.google.com/file/d/1HxOepR1gNSFtuNOlaDi45m-urUcMMI3U/view?usp=sharing,
Trihexyphenidyl (hydroclorid),2mg,Trihexyphenidyl,Viên nén,Việt Nam,"- Điều trị phụ trợ hội chứng Parrkinson
- Giảm hội chứng ngoại tháp","Loạn vận động muộn, nhược cơ, glocom góc đóng hay góc hẹp ( tăng nhãn áp và thúc đẩy cơn cấp)","- HC Parkinson : 3-5 viên/ngày
- RL ngoại tháp : 3-7 viên/ngày",,"- Người cao tuổi và trẻ em dễ nhạy cảm với các TDKMM
- Khi trời nóng và khi vận động
- Người bệnh tim đập nhanh, phì đại tuyến tiền liệt, glocom góc mở,bí đái","- Ít dũ liệu lâm sàng với PNCT
- Chưa ghi nhận nguy cơ nào với PNCCB","- Giảm tác dụng của phenothiazin
- Dùng với amantadin tăng tác dụng kháng acetylcholin lên thần kinh trung ương
- Giảm hấp thu digoxin","- Thường gặp : nhìn mờ, miệng khô
- Ít gặp : mệt mỏi, nhịp tim nhanh, buồn nôn,táo bón","Dưới 30 độ C, nơi khô ráo, tránh ánh sáng",https://drive.google.com/file/d/1Z4txWhSwh46Yk9J3iQOU8QLdBR3eDkSZ/view?usp=sharing,
Amlodipin + indapamid + perindopril,5mg/1.25mg/10mg,TRIPLIXAM,Viên nén bao phim,Ireland,Điều trị tăng HA cho bệnh nhân đã được kiểm soát HA khi kết hợp perindopril/indapamid và amlodipin có cùng hàm lượng,"- Lọc thận
- Suy tim mất bù
- Suy thận nặng, vừa
- Tiền sử phù mạch
- Bệnh não do gan gây ra, suy gan nặng
- Hạ kali huyết, hạ HA nặng, sốc tim
- Tắc nghẽn ĐM Tâm thất trái",1 viên/ngày,,"- Suy thận
- Hạ HA và mất nước và natri
- Tăng HA động mạch thận
- Xơ vữa ĐM
- Tăng HA cấp tính
- Bệnh tiểu đường
- Hẹp ĐM chủ và van 2 lá/ bệnh cơ tim phì đại","- Không được khuyến cáo trong thai kỳ đầu. Không dùng trong kỳ thứ hai và ba
- Không sử dụng trong thời kỳ cho con bú","- Tăng Kali máu, suy thận khi dùng với Aliskiren, thuốc giữ kali, co-trimoxazol, dantrolen, trị liệu phối hợp với thuốc ức chế enzym chuyển dạng angiotensin và thuốc chẹn thụ thể angiotensin
- Tăng hiệu quả hạ HA khi dùng với bưởi chùm
- Tăng hiệu quả chống tăng HA khi dùng với Baclolen
- Gây phù mạch khi dùng với Racecadotril","Viêm mũi, mất bạch cầu hạt, giảm tiểu cầu
- Hạ đường huyết, hạ natri máu
- Mất ngủ, RL giấc ngủ, choáng, đau đầu
- Nhìn đôi, mờ,đau thắt ngực",Bảo quản ở nhiệt độ dưới 30 độ C,https://drive.google.com/file/d/1GQH9lo0XefEj-JrChoJSM1SHzNQd-M2q/view?usp=sharing,
Clopidogrel,75mg,Tunadimet,Viên nén bao phim,Việt Nam,"- Phòng ngừa biến cố do huyết khối động mạch
- Hội chứng mạch vành cấp : hội chứng mạch vành cấp không có đoạn ST chênh, nhồi máu cơ tim cấp tính
- Dự phòng cho bệnh nhân nguy cơ thiếu máu não thoáng qua từ trung bình đến nặng hoặc đột quỵ do thiếu máu cục bộ nhẹ","- Quá mẫn với các thành phần của thuốc
- Đang có chảy máu bệnh lý như loét tiêu hoá, xuất huyết nội sọ
- Suy gan nặng","Liều tấn công 300mg/ngày, liều duy trì 75mg/lần/ngày",,"- Xuất huyết và RL huyết học
- Xuất huyết giảm tiểu cầu
- Đột quỵ do thiếu máu cục bộ gần đây","Không sử cho PNCT
Ngừng cho con bú hoặc ngừng thuốc đối với PNCCB","- Clopidogrel là tiền dược cần CYP2C19 để hoạt hóa. Ức chế CYP2C19 (omeprazole, esomeprazole, fluoxetine, fluvoxamine, voriconazole, fluconazole…) giảm hiệu quả , tránh phối hợp.
- Cảm ứng CYP2C19 (rifampicin) giảm nguy cơ chảy máu.
- Tăng nguy cơ chảy máu khi phối hợp Aspirin, warfarin, heparin, thuốc tiêu sợi huyết, ức chế GP IIb/IIIa, NSAIDs, SSRIs.
- Giảm hiệu quả clopidogrel khi dùng với thuốc HIV","- Ít gặp : giảm tiểu cầu, giảm bạch cầu, tăng bạch cầu ái toan, xuất huyết nội sọ, chảy máu mắt, tụ máu, loét dạ dày tá tràng
- Hiếm gặp : giảm bạch cầu trung tính, hội chứng Kounis, bệnh huyết thanh, ảo giác, lú lẫn, rối loạn vị giác","Dưới 30 độ C, nơi khô ráo, tránh ánh sáng",https://drive.google.com/file/d/1jvQNTdcHQwpA8shIjxSaVEv5wDmcelNu/view?usp=sharing,
Tegafur-uracil (UFT hoặc UFUR),100mg + 224mg,Ufur,Viên nang,Taiwan,"Ung thư dạ dày, ung thư ruột trực tràng, ung thư vú, ung thư tế bào dạng vảy ở đầu và cổ. Kết hợp với Cisplatin điều trị ung thư phổi tiến triển và có di căn","- Quá mẫn với các thành phần cảu thuốc
- Bệnh nhân đang điều trị với sorivudine
- PNCT và CCB",500-800mg/ 2-3 lần/ngày (5-8 viên),,"- Suy tuỷ
- RL chức năng gan, thận
- thuỷ đậu, gia tăng triệu chứng dạ dày/ tá tràng
- Không dung nạp lactose",Không dùng cho PNCT và CCB,"- Không dùng với Sorivudin
- Tăng cường phenytoin
- Các chất chống ung thư ác tính hoặc điều trị tia xạ","- Ức chế tủy xương.
- Rối loạn chức năng gan, thận.
- Viêm ruột non nặng, viêm tụy.
- Viêm phổi kẽ.
- Rối loạn thần kinh (bệnh não trắng), mất khứu giác.
- Phản ứng da, quá mẫn.
- Rối loạn tiêu hóa.
- Rối loạn tim mạch.","Giữ nơi khô mát, nhiệt độ dưới 30 độ C",https://drive.google.com/file/d/1pGJRUBXYbL-d3bxoGfvr58xO4Z--bbIN/view?usp=sharing,
Paracetamol; Tramadol hydrocloride,"325mg/ 37,5mg",ULTRADOL,Viên nén bao phim,Việt Nam,Điều trị triệu chứng đau từ trung bình đến nặng,"- Quá mẫn với các thành phần cảu thuốc
- Ngộ độc cấp tính với rượu, các thuốc giảm đau, hướng thần
- Điều trị đồng thời hoặc ngừng các thuốc MAOtrong 2 tuần
- Suy gan, thận, hô hấp nặng
- Bệnh động kinh không kiểm soát bằng điều trị
- Không dùng cho trẻ em dưới 12 tuổi",1-2 viên/lần/ mỗi 4-6 giờ,8 viên/ngày,"- Paracetamol: Thận trọng ở người bệnh gan, thận, thiếu máu, uống rượu; có thể gây phản ứng da nặng và rối loạn huyết học (hiếm).
- Tramadol: Nguy cơ co giật, ức chế hô hấp, tương tác thuốc (SSRI, TCA, MAOI, rượu, thuốc an thần/opioid); có thể gây lệ thuộc và cai thuốc khi ngừng đột ngột.
- Không khuyến cáo cho trẻ 12–18 tuổi béo phì hoặc có bệnh hô hấp nặng.",Dùng khi lợi ích vượt nguy cơ,"- Tăng nhẹ tác dụng chống đông của coumarin và dẫn chất indanoin
- Tăng độc gan dùng với các thuốc chống co giật
- Giảm nồng độ tramadol khi dùng với carbamazepin
- Tăng nồng độ tramadol khi dùng với quinidin","- Ít gặp : ban, buồn nôn, loạn tạo máu, giãn mạch (hạ HA), tim đập nhanh
- Hội chứng Steven- Johnson, viêm da biểu bì hoại tử nhiễm độc
- Khó thở, loạn vị giác, khó tiểu tiện, rối loạn kinh nguyệt
- Tăng trương lực cơ","Bảo quản trong bao bì kín, nơi khô, tránh ánh sáng. Nhiệt độ không quá 30 độ C",https://drive.google.com/file/d/1jDxzxmuShkwec6tXyEm2TnmFA8V3n4gj/view?usp=sharing,
Lisinopril + hydroclorothiazid,"10mg /12,5mg",UmenoHCT,Viên nén bao phim,Việt Nam,"- Điều trị tăng huyết áp nguyên phát
- Dùng cho bệnh nhân không kiểm soát được huyết áp khi đã dùng đơn trị olmesartan hoặc hydrochlorothiazide
- Có thể dùng liệu pháp thay thế cho bệnh nhân đã ổn định huyết áp khi dùng riêng rẽ olmesartan và hydrochlorothiazide ở cùng liều
- Không dùng để khởi trị tăng huyết áp","- Quá mẫn với olmesartan, hydrochlorothiazide hoặc sulfonamid
- Phụ nữ có thai (đặc biệt 3 tháng giữa và cuối)
- Suy thận nặng, vô niệu
-:Suy gan nặng, ứ mật","1 viên/ngày, uống cùng hoặc không cùng thức ăn",1 viên/ngày (theo hàm lượng phối hợp),"- Người cao tuổi, giảm thể tích tuần hoàn, suy thận/suy gan
- Nguy cơ hạ huyết áp, rối loạn điện giải (Na⁺, K⁺)
- Theo dõi chức năng thận, điện giải định kỳ","- Chống chỉ định khi mang thai
- Không khuyến cáo khi cho con bú","- Thuốc lợi tiểu khác: tăng nguy cơ hạ huyết áp
- NSAIDs: giảm tác dụng hạ áp, tăng nguy cơ suy thận
- Lithium: tăng độc tính lithium
- Thuốc bổ sung kali/giữ kali: tăng kali máu","- Chóng mặt, nhức đầu, hạ huyết áp
- Rối loạn điện giải (hạ Na⁺, tăng/giảm K⁺)
- Mệt mỏi, buồn nôn; hiếm: suy thận, phản ứng dị ứng","Bảo quản nơi khô ráo, dưới 30°C, tránh ánh sáng",https://drive.google.com/file/d/1ApRRd-5g1xIj3ltxu7zq6is7DA-XHypL/view?usp=sharing,
Imatinib,400mg,Umkanib 400,Viên nén bao phim,Việt Nam,"Điều trị cho người lớn và trẻ em trong các bệnh ác tính của máu và u đặc, bao gồm: bạch cầu tủy mạn (CML) nhiễm sắc thể Philadelphia dương tính, bạch cầu nguyên bào lympho cấp Ph+ (ALL), hội chứng loạn sản/tăng sinh tủy liên quan PDGFR, bệnh tế bào mast hệ thống tiến triển, hội chứng tăng eosin/bạch cầu ưa eosin mạn, cùng với các u đặc ác tính như u mô đệm đường tiêu hóa (GIST) và u sarcom xơ da (DFSP) không thể phẫu thuật, tái phát hoặc di căn.","- Quá mẫn cảm với bất cứ thành phần nào của thuốc
- Trẻ em dưới 2 tuổi.","Người lớn : 600-800mg/2 lần/ ngày
Trẻ em : 340 mg/m²/ngày","Người lớn : 600mg/ngày
Trẻ em : 400mg/ngày","- Uống thuốc cùng bữa ăn và nhiều nước để giảm kích ứng tiêu hóa.
- Theo dõi TSH ở bệnh nhân đã cắt tuyến giáp và đang dùng levothyroxin.
- Thuốc chuyển hóa qua gan theo dõi men gan, công thức máu, đặc biệt ở bệnh nhân suy gan hoặc GIST di căn gan; thận trọng khi phối hợp hóa trị gây độc gan.
- Nguy cơ ứ dịch (phù, tràn dịch màng phổi, cổ trướng, phù phổi) theo dõi cân nặng, xử trí sớm, nhất là ở người cao tuổi và có bệnh tim.

Thận trọng ở bệnh nhân bệnh tim, suy tim, nguy cơ tim mạch; theo dõi lâm sàng và xét nghiệm cần thiết.

Có thể gây xuất huyết tiêu hóa, đặc biệt ở GIST → theo dõi và xử trí kịp thời.

Theo dõi huyết học (thiếu máu, giảm bạch cầu, tiểu cầu) và điện giải trong quá trình điều trị.

Thận trọng khi dùng cho trẻ em, cần theo dõi tăng trưởng lâu dài.","- Không dùng thuốc cho phụ nữ mang thai trừ khi thật cần thiết và phải thông báo với bệnh nhân về nguy cơ có thể có đối với
thai nhi.
- Không dùng thuốc cho phụ nữ trong thời kỳ cho con bú.","- Tăng nồng độ imatinib: các chất ức chế CYP3A4 (ketoconazol, itraconazol, erythromycin, clarithromycin, thuốc ức chế protease…)
- Giảm nồng độ imatinib: các chất cảm ứng CYP3A4 (dexamethason, phenytoin, carbamazepin, rifampicin, phenobarbital, St. John’s wort…) → giảm hiệu quả điều trị.
- Imatinib làm tăng nồng độ thuốc khác:Ức chế CYP3A4 → tăng nồng độ các thuốc chuyển hóa qua CYP3A4 (simvastatin, cyclosporin, pimozid, benzodiazepin, chẹn kênh calci, một số statin). Ức chế CYP2C9, CYP2C19 kéo dài PT khi dùng với warfarin.","- Phù: phù mặt, phù phổi, cổ trướng, phù mi mắt.
- Toàn thân – thần kinh: mệt mỏi, chóng mặt, bồn chồn, mất ngủ.
- Da: nổi ban, ngứa, rụng tóc/lông, da khô, nhạy cảm ánh sáng.
- Tiêu hóa: tiêu chảy, đau bụng, đầy hơi, khó tiêu, táo bón, loét miệng.
- Huyết học – chuyển hóa: xuất huyết, giảm lympho, giảm kali, canxi, albumin, tăng đường huyết.
- Gan – hô hấp: tăng men gan, bilirubin; viêm mũi họng, viêm phổi, khó thở.","Nhiệt độ không quá 30 độ C, tránh ẩm",https://drive.google.com/file/d/1jOVbIi-yVH8gBoyFPs5YwHuRXKLvyPOW/view?usp=sharing,
Progesteron,200mg,Utrogestan,Viên nang mềm,Spain,"- Phụ khoa: Điều trị rối loạn do thiếu progesterone (PMS, kinh nguyệt không đều do rối loạn/không rụng trứng, bệnh vú lành tính, tiền mãn kinh); mãn kinh (phối hợp estrogen); vô sinh do suy hoàng thể.
- Sản khoa: Dọa sảy thai hoặc dự phòng sảy thai liên tiếp do suy hoàng thể; dọa sinh non.","- Suy gan nặng
- Dị ứng hay mẫn cảm với hoạt chất hoặc bất kỳ thành phần nào của thuốc","- 200–300 mg/ngày, chia 1–2 lần (ưu tiên buổi tối)
- Suy hoàng thể (PMS, kinh không đều, tiền mãn kinh…): 200 mg/ngày x 10 ngày/chu kỳ (ngày 17–26).
- Dọa sinh non: 400 mg mỗi 6–8 giờ đợt cấp. 600mg/ngày duy trì",,"- Utrogestan không dùng để tránh thai hay điều trị sinh non.
- Có thể gây rối loạn kinh, chảy máu; không dùng khi chưa rõ nguyên nhân chảy máu tử cung.
- Ngừng thuốc nếu có rối loạn thị giác, huyết khối, đau đầu nặng; thận trọng người có tiền sử huyết khối.
- Progesterone chỉ hiệu quả trong suy hoàng thể.",Không có dữ liệu,"- Thuốc cảm ứng CYP3A4 (barbiturat, phenytoin, carbamazepin, rifampicin, một số kháng sinh, St. John’s wort…) tăng chuyển hóa, giảm tác dụng progesterone
- Thuốc ức chế CYP3A4 (ketoconazol, ritonavir, nelfinavir…) → tăng sinh khả dụng và tác dụng của progesterone.
- Progestin có thể làm giảm dung nạp glucose → bệnh nhân đái tháo đường có thể cần tăng liều insulin hoặc thuốc hạ đường huyết.
- Progesterone có thể ảnh hưởng kết quả xét nghiệm chức năng gan và tuyến nội tiết.","- Thường gặp: Thay đổi chu kỳ kinh nguyệt, mất kinh, chảy máu giữa kỳ, nhức đầu.
- Ít gặp : Buồn ngủ, chóng mặt thoáng qua, vàng da ứ mật, ngứa, rối loạn tiêu hóa.","Nhiệt độ dưới 30 độ C, trong bao bì gốc",https://drive.google.com/file/d/1v_5w0cp0NbvO-jiTyinoAjOQhTjfsv4A/view?usp=sharing,
"Độc hoạt, Phòng phong, Tang ký sinh, Tần giao, Bạch thược, Ngưu tất , Sinh địa, Cam thảo, Đỗ trọng , Tế tân, Quế nhục, Nhân sâm, Đương quy, Xuyên khung",330mg/60mg,V.phonte,Viên bao phim,Việt Nam,"Giảm đau và chống viêm trong các bệnh:
- Đau khớp do: viêm khớp gối, viêm khớp háng, viêm khớp bàn chân, viêm cột sống.
- Đau dây thần kinh hông (tọa), đau dây thần kinh liên sườn.
- Đau xương, cơ do: teo cơ, loãng xương.","Dị ứng với thành phần trong bài thuốc, phụ nữ có thai.","Người lớn: 2-4 viên/lần, 2-3 lần/ngày.
Trẻ em: 0,5-2 viên/ lần, 2-3 lần/ngày",,"Người âm hư, huyết hư, háo khát, tiểu đường. Với thể nhiệt: cảm giác nóng nực (có thể có sốt), khớp cơ xương đau nóng nên dùng kết hợp với thuốc bổ âm, dưỡng huyết.","Phụ nữ có thai: Thuốc này không dùng cho phụ nữ có thai.
Phụ nữ cho con bú: Không có dữ liệu về sử dụng thuốc trên phụ nữ cho con bú, chỉ nên dùng thuốc nếu lợi ích vượt trội so với nguy cơ.",Do không có các nghiên cứu về tính tương kỵ của thuốc nên không trộn lẫn thuốc này với các thuốc khác.,Chưa thấy tác dụng không mong muốn. Thông báo ngay cho bác sĩ hoặc dược sĩ những phản ứng có hại gặp phải khi sử dụng thuốc.,"Nơi khô mát, nhiệt độ dưới 30°C",https://drive.google.com/file/d/1Zip5kqWL1821mtdcKDPAUPrKOzoCn8Es/view?usp=sharing,
Trimetazidin,35mg,Vastarel MR,Viên nén bao phim giải phóng có kiểm soát,Pháp,Liệu pháp bổ sung/ hỗ trợ vào biện pháp trị liệu hiện có để điều trị triệu chứng ở bệnh nhân đau thắt ngực ổn định không được kiểm soát đầy đủ hoặc bệnh nhân không dung nạp với các liệu pháp điều trị đau thắt ngực khác.,"- Mẫn cảm với hoạt chất hay với bất kỳ tá dược nào.
- Bệnh parkinson, có triệu chứng parkinson, run, hội chứng chân không nghỉ và các rối loạn vận động có liên quan khác.
- Suy thận nặng ( độ thanh thải creatinine < 30 ml/phút).",1 viên (35mg)/ lần x 2 lần/ ngày,,"-Nặng thêm các triệu chứng parkinson: run, mất vạn động, tăng trương lực cơ
- Suy thận mức độ trung bình
- Bệnh nhân cao tuổi hơn 75","-Không khuyến cáo sử dụng cho PNCCB
- Tránh sử dụng trong thời kì mang thai",- Chưa có tương tác nào được báo cáo,"- Chóng mặt, đau đầu
- Đau bụng, tiêu chảy, khó tiêu, buồn nôn và nôn
- Phát ban, ngứa, nổi mề đay
- Suy nhược",Dưới 30 độ C,https://drive.google.com/file/d/1GvLWlsmaF1WjhwwuKcetvALbWGIx59n-/view?usp=sharing,
Trimetazidin,80mg,Vastarel OD,Viên nang,Hungary,Liệu pháp bổ sung/ hỗ trợ vào biện pháp trị liệu hiện có để điều trị triệu chứng ở bệnh nhân đau thắt ngực ổn định không được kiểm soát đầy đủ hoặc bệnh nhân không dung nạp với các liệu pháp điều trị đau thắt ngực khác.,"- Mẫn cảm với hoạt chất hay với bất kỳ tá dược nào.
- Bệnh parkinson, có triệu chứng parkinson, run, hội chứng chân không nghỉ và các rối loạn vận động có liên quan khác.
- Suy thận nặng ( độ thanh thải creatinine < 30 ml/phút).",1 viên (80mg)/ngày,,"- Không dùng để cắt cơn đau thắt ngực, không phải điều trị ban đầu trong hội chứng mạch vành cấp
- Cần đánh giá lại và điều trị phù hợp khi bệnh nhân vẫn còn đau thắt ngực
- Có thể gây hoặc làm nặng triệu chứng Parkinson và các rối loạn vận động
- Ngừng thuốc ngay khi xuất hiện run, cứng cơ, rối loạn vận động, hội chứng chân không nghỉ
- Triệu chứng thường hồi phục sau khi ngừng thuốc; nếu kéo dài > 4 tháng cần khám chuyên khoa thần kinh
- Có nguy cơ gây ngã, đặc biệt ở người cao tuổi hoặc đang dùng thuốc hạ huyết áp
- Thận trọng khi dùng cho bệnh nhân suy thận mức độ trung bình. Thận trọng ở bệnh nhân trên 75 tuổi
- Thuốc chứa sucrose, không dùng cho người có rối loạn di truyền về dung nạp fructose, kém hấp thu glucose–galactose hoặc thiếu enzym sucrase–isomaltase","- Không có dữ liệu về việc sử dụng trimetazidine trên phụ nữ có thai.
- Không nên sử dụng trimetazidine trong quá trình cho con bú.",Chưa có tương tác nào được báo cáo,"- Chóng mặt, đau đầu
- Đau bụng, tiêu chảy, khó tiêu, buồn nôn và nôn
- Phát ban, ngứa, nổi mề đay
- Suy nhược",Dưới 30 độ C,https://drive.google.com/file/d/1W5qLt-EiOm2wkpSGFHAcRar4-1pE8XL7/view?usp=sharing,
Perindopril + indapamid,"5mg/1,25mg",Venlormid,Viên nén bao phim,Việt Nam,Điều trị tăng HA ở bệnh nhân không thể kiểm soát HA khi dùng perindopril đơn trị liệu,"- Quá mẫn với các thành phần cảu thuốc
- Phù mạch
- Suy thận nặng, bệnh não gan, hạ kali huyết",1 viên/ lần/ngày,,"- Ức chế kép hệ RAAS
- Giảm bạch cầu trung tính, mất bạch cầu hạt, giảm tiểu cầu, thiếu máu
- Quá mẫn, phù mạch
- Não gan, suy thận, hạ HA","Không dùng thuốc cho PNCT 3 tháng đầu và 3 tháng cuối
Không dùng cho PNCCB","- Tăng chống tăng HA khi dùng với Baclofen
- Suy thận cấp và tăng kali huyết phối hợp với NSAIDs và ACE
- Tăng nguy cơ phù mạch với Estramustin","- Tăng bạch cầu ưa acid, thiếu máu bất sản
-Dễ dị ứng, hen xuyễn
- Chóng mặt, rối loạn vị giác, dị cảm, đau đầu","Nơi khô ráo, dưới 30 độ C, tránh ánh sáng",https://drive.google.com/file/d/1G2HA27kwgWcf8uz6DCOof_rtZ0TlsZmc/view?usp=sharing,
Perindopril + amlodipin,"3.5mg/2.5mg
7mg/5mg",Viacoram,Viên nén,Ireland,Điều trị tăng huyết áp vô căn ở người lớn,"- Quá mẫn với thuốc/ACEI/dihydropyridin
- Suy thận nặng, hẹp động mạch thận
- Phù mạch (tiền sử, di truyền, vô căn)
- Thai kỳ 3 tháng giữa và cuối
- Hạ huyết áp nặng, sốc (kể cả sốc tim)
- Tắc nghẽn đường ra thất trái nặng
- Suy tim cấp, huyết động không ổn định sau NMCT
- Dùng aliskiren ở BN ĐTĐ hoặc eGFR < 60 mL/phút","Liều khởi đầu : 3,25mg/2,5mg",7mg/5mg sau 4 tuần ĐT,"- Cơn tăng HA, hạ HA
- Hẹp van ĐMC và van 2 lá/ bệnh cơ tim phì đại
- Ho, tăng Kali máu",Không khuyến cáo dùng trong 3 tháng đầu thai kỳ,"- Phối hợp với một số loại thuốc như Aliskiren, muối Kali, thuốc lợi tiểu giữ Kali, thuốc ức chế men chuyển, thuốc kháng thụ thể Angiotensin II, Heparin,... làm tăng nguy cơ tăng Kali máu.
- Phối hợp với các thuốc chống đái tháo đường có nguy cơ làm hạ Glucose máu do tăng tác dụng của thuốc (hay gặp trong thời gian đầu phối hợp thuốc và trên bệnh nhân suy thân).
- Kết hợp với Baclofen làm tăng tác dụng hạ huyết áp, cần điều chỉnh liều cho phù hợp.
- Kết hợp với các thuốc chống tăng huyết áp và thuốc giãn mạch khác làm tăng tác dụng hạ huyết áp khiến huyết áp bị hạn thấp trầm trọng.","- Viêm mũi, tăng bạch cầu ưa eosin, giảm bạch cầu/ bạch cầu trung tính
- Hội chứng bài tiết hormon chống lợi tiểu không phù hợp
- Tăng Kali máu, tăng glucose máu, hạ natri máu
- Mất ngủ, trầm cảm, RL giấc ngủ",Dưới 30 độ C,https://drive.google.com/file/d/1e2-t3dlC2NZO6n61X2xBrS-cWMh8QfmQ/view?usp=sharing,
Vinpocetin,10mg,Vicebrol forte,Viên nén,Ba Lan,"Điều trị RL tuần hoàn não mạn tính: sau đột quỵ do thiếu máu cục bộ, sa sút trí tuệ  do mạch não","- Quá mẫn với các thành phần cảu thuốc
- Đột quỵ do xuất huyết cấp tính
- Bệnh tim thiếu máu cục bộ
- Loạn nhịp tim nặng",1 viên x 3 lần/ ngày,,Bệnh tim,Không dùng cho PNCT và CCB,"- Kiểm soát HA khi dùng với alpha methyldopa
- Cản trọng phối hợp với thuốc tác động lên thần kinh trung ương","- Giảm bạch cầu hạt
- RL giấc ngủ, chóng mặt, nhức đầu suy nhược
- Thay đổi HA động mạch
- Enzym gan cao","Bảo quản ở nhiệt độ dưới 30 độ C, tránh ánh sáng và tránh ẩm",https://drive.google.com/file/d/1RSjhcMrwXWjJgx8auhP5VeiFAbOTSV36/view?usp=sharing,
"Diệp hạ châu, Nhân trần, Cỏ nhọ nồi",100mg/ 50mg/ 50mg,Viegan-B,Viên nén bao đường,Việt Nam,"- Hạ men gan, tăng cường chức năng gan.
- Hỗ trợ điều trị viêm gan cấp và mãn tính, đặc biệt viêm gan siêu vi B.","- Mẫn cảm với thành phần của thuốc.
- Người tiểu đường, thể hàn.","Người lớn: 3 viên/lần x 3 lần/ngày.
Trẻ em: dùng 1-2 viên/lần x 3 lần/ngày",,Chưa có tài liệu báo cáo.,"Chưa có dữ liệu nghiên cứu đầy đủ trên phụ nữ mang thai, thận trọng khi dùng cho người mang thai.
Chưa có dữ liệu nghiên cứu đầy đủ trên phụ nữ đang cho
con bú, thận trọng khi dùng cho người đang cho con bú.",Chưa có tài liệu báo cáo.,- Chưa ghi nhận báo cáo về phản ứng có hại của thuốc,"Nơi khô mát, nhiệt độ không quá 30°C.",https://drive.google.com/file/d/11rXkYDEErq97FFYpKvWjb_dT0NSFpiBc/view?usp=sharing,
Venlafaxin,"37,5mg",Vikonon,Viên nang giải phóng kéo dài,Hy Lạp,"- Điều trị các rối loạn trầm cảm chủ yếu
- Ngăn ngừa trầm cảm tái phát
- Điều trị các rối loạn lo âu toàn thể
- Điều trị rối loạn lo âu xã hội
- Điều trị rối loạn hoảng sợ, kèm theo hoặc không kèm theo chứng sợ khoảng trống","- Mẫn cảm với thành phần của thuốc.
- CCĐ đồng thời venlafaxin với các thuốc ức chế MAOI. Ngừng dùng thuốc ít nhất 7 ngày  khi bắt đầu điều trị MAOI không thuận nghịch",Liều khởi đầu: 75mg/ngày,"- Các rối loạn trầm cảm : 375mg/ngày
- Rối loạn lo âu toàn thể + rối loạn lo âu xã hội + rối loạn hoảng sợ : 225mg/ngày","- Tự tử, bệnh xấu đi
- Hội chứng serotonin
- Glocom góc hẹp
- Huyết áp, nhịp tim, co giật, loạn nhịp
- Hạ natri máu, chảy máu bất thường, khô miệng, ĐTĐ",Không có dữ liệu việc sử dụng cho PNCT và CCB,"- Không dùng chung với MAOI không chọn lọc không thuận nghịch
- Nguy cơ hội chứng serotonin với ức chế MAOI không chọn lọc, có thuận nghịch
-Kéo dài QT khi dùng với : thuốc chống loạn nhịp Ia, III, chống loạn thần, kháng sinh macrolide, quinolone , kháng histamin","- Mất bạch cầu hạt, thiếu máu không tái tạo
- Hạ natri máu, mê sảng, lú lẫn, hưng cảm
- Tăng HA, hạ HA tư thế
- Xuất huyết dạ dày, viêm tuỵ, hội chứng Steven - Johns",Bảo quản ở nhiệt độ dưới 30 độ C,https://drive.google.com/file/d/1x9doP5Ph7G1ZNgm7XsKfn0gneXMUsVPQ/view?usp=sharing,
Carbocistein,375mg,VIKTP,Viên nang cứng,Việt Nam,"Hỗ trợ bệnh lý đường hô hấp có tăng tiết chất nhày, bao gồm cả tắc nghẽn đường hô hấp mãn tính","Bị mắc phải bệnh hen suyễn hoặc suy hô hấp.
Quá mẫn với thành phần trong thuốc.
Bị loét dạ dày cấp.",1-3 viên chia 1-3 lần/ngày,,Cẩn trọng khi dùng VikTP ở những người từng mắc bệnh loét dạ dày-tá tràng hoặc đang sử dụng những loại thuốc có khả năng gây xuất huyết tiêu hóa.,Thận trọng khi sử dụng cho PNCT và CCB,,,"Khô ráo, nhiệt độ < 30*C",https://drive.google.com/file/d/1rTjPL9_m_XAPpp_Oo6nbRSWtIpsC3tQH/view,
Piracetam,800mg,Neuropyl 800,Viên nén dài bao phim,Việt Nam,"Điều trị thiếu máu não, suy giảm nhận thức ở người già, điều trị chóng mặt","Mẫn cảm với bất cứ thành phần nào của thuốc.
- Người bệnh suy thận nặng (Clcr < 20 mL/phút).
- Người mắc chứng múa giật Huntington.
- Người bệnh suy gan nặng.
- Xuất huyết não.","2,4g đến 4,8g, chia 2-3 lần",,"- Người bệnh suy thận
- Tránh ngừng thuốc đột ngột ở bệnh nhân rung giật cơ do nguy cơ gây co giật
- Người bệnh xuất huyết nặng
- Bệnh nhân đang dùng các thuốc chống đông máu hoặc thuốc chống kết tập tiê cầu",Chưa có dữ liệu đầy đủ về việc sử dụng piracetam ở PNCT,"- Có tương tác giữa piracetam và tinh chất tuyến giáp: kích thích và rối loạn giấc ngủ
- Ơ một người bệnh thưười gian prothrombin đã được ổn định bằng wafarin lại tăng khi dùng piracetam","- Bồn chồn
- Chứng tăng động
- Tăng cân",Bảo quản ở nhiệt độ dưới 30 độ C,https://drive.google.com/file/d/1zQCeslcesSAr2vEDG3Sfd7Nyfy4mnhZJ/view,
Spiramycin + Metronidazol,750.000 IU + 125mg,KAMYDAZOL,Viên nén bao phim,Việt Nam,"- Nhiễm khuẩn răng miệng: áp xe răng, viêm tấy,...
- Điều trị dự phòng biến chứng nhiễm khuẩn tại chỗ sau phẫu thuật răng-miệng","- Quá mẫn với kháng sinh nhóm macrolid và/hoặc imidazol, spiramycin, metronidazol hay bất kỳ thành phần nào của thuốc",n/ ngày chia 2-3 lần,,"- Thận trọng khi sử dụng đồng thời với các thuốc gây kéo dài khoảng QT
- Người già, trẻ sơ sinh và phụ nữ có thể nhạy cảm hơn với việc kéo dài khoảng QT
- Thận trọng khi sử dung spiramycin ở người bị thiếu hụt enzym glucose-6-phosphat
- Các trường hợp nhiễm độc gan hoặc suy gan cấp tính","PNCT: có thể sử dụng
PNCCB: không nên sử dụng","- Thuốc chống loạn nhịp tim nhóm I, nhóm II , sultopride dùng đồng thời với spiramycin làm tăng nguy cơ rối loạn ngoại tháp
- Disulfiram: ảo giác cấp và lú lẫn
- Rượu: nóng, đỏ mặt, ói mửa, tim đập nhanh
- Busulfan liều cao: Metronidazol có thể làm tăng gấp đôi nồng độ busfan
- Rifampicin: làm giảm nồng độ metronidazol
- Lithium: nồng độ có thể tăng do metronidazol","- Tim: kéo dào khoảng QT
- Rối loạn tiêu hóa
- Rối loạn da và mô dưới da
- Rối loạn hệ thần kinh
- Rối loạn gan mật
- Rối loạn thận và tiểu niệu",Bảo quản ở nhiệt độ dưới 30 độ C,https://drive.google.com/file/d/1WVHgwolSD_ZUgrSJu9HTBHk-x6DeYvyO/view,
Vitamin A + Vitamin D3,2500 IU+200IU,VITAMIN A-D,Viêm nang mềm,Việt Nam,"- Dự phòng và điều trị các triệu chứng do thiếu Vitamin A-D
- Rối loạn thị giác, khô và ngứa mắt, quáng gà, chứng loãng xương, gãy xương, nhuyễn xương, còi xương
- Các bệnh về da như loét trợt, trứng cá, vảy nến",,"- Người lớn cà trẻ em trên 12 tuồi: uống 1-2 viên/ ngày
- Trẻ em dưới 12 tuổi, PNCT, PNCCB: 1 viên/ ngày",-,"- Cần thận trọng khi sử dụng thuốc có chứa vitamin D
- Người suy thận, sỏi thận, bệnh tim và xơ vữa động mạch
- Người đang dùng glycosid tim","- Cẩn trọng khi sử dụng cho PNCT
- Thận trọng khi srr dụng cho PNCCB","- Neomycin, cholestyramin, parafin lỏng giảm hấp thu vitamin A
- Các thuốc tránh thai có thể làm tăng nồng độ vitamin A
- Không nên điều trị đồng thời vitamin D với cholestyramin hoặ colestipol hydroclorid
- Sử dụng dầu khoáng quá mức có thể cản trở hấp thu vitamin D ở ruột
- Vitamin D và lợi niệu thiazid cho những người thiểu năng cận giáo có thể dẫn đến tăng calci huyết
- Vitamin D dùng với các corticosteroid cản trở tác dụng của vitamin D
- Vitamin D và glycosid tim gây rối loạn nhịp tim","- Mệt mỏi, dễ bị kích thích, sút cân, rối loạn tiêu hóa, sốt, gan, lách to, da bị biến đổi, rụng tóc
- Yếu, mệt, ngủ gà, đau đầu",- Bảo quản ở nhiệt độ dưới 30 độ C,https://drive.google.com/file/d/1QBEyK3Y_xYOrxoFRYpoP_N0MBGLqsn2H/view,
Zopiclon,5mg,ZOPICLON DWP 5mg,Viên nén bao phim,Việt Nam,"Rối loạn giấc ngủ có thể là biểu hiện của rối loạn thể chất và / hoặc tâm thần.
Zopiclon được chỉ định để điều trị ngắn hạn và giảm triệu chứng mất ngủ (đặc trưng bởi khó ngủ, thức dậy về đêm thường xuyên và / hoặc thức dậy sớm vào buổi sáng).","Zopiclon chống chỉ định ở những bệnh nhân:
Quá mẫn với thuốc hoặc với bất kỳ thành phần nào của thuốc.
Nhược cơ
Suy gan nặng
Suy giảm nghiêm trọng chức năng hô hấp (như hội chứng ngưng thở khi ngủ mức độ đáng kể).","Liều dùng: Sử dụng zopiclon với liều thấp nhất có hiệu quả cho bệnh nhân. Với liều 3,75mg và 7,5mg, dùng thuốc khác với hàm lượng phù hợp.",,"- Thận trọng những bệnh nhân suy yếu chức năng gan hoặc thận
- Thận trọng với thuốc ức chế thần kinh trung ương khác","- Trong khi mang thai: không được khuyến cáo
- Phụ nữ cho con bú: không được khuyến cáo","- Nồng độ Zopiclon trong huyết tương tăng lên khi dùng với các thuốc: Erythromycin, clarithromycin, ketoconazol, itraconazol và ritonavir
-Nồng độ Zopiclon trong huyết tương giảm xuống khi dùng với các thuốc: rifampin, carbamazepin, phenobarbital, phenytoin
-Opioids: sử dụng đồng thời các thuốc nhóm benzodiazepin và thuốc tác dụng ức chế thần kinh gồm zopiclon, opioid làm tăng nguy cơ ngủ sâu, ức chế hô hấp, hôn mê","Thay đổi vị giác ( vị đắng), buồn ngủ nghiêm trọng và/hoặc suy giảm phối hợp",Bảo quản ở nhiệt độ dưới 30 độ C,https://drive.google.com/file/d/138P7HAvGgDqBcVOLLRX0XYn62VeZMBf9/view,
"Fexofenadine
hydrochloride",180mg,Fegra 180,Viên nén bao phim,Việt Nam,"Viêm mũi dị ứng theo
mùa chỉ định điều trị
viêm mũi dị ứng ở người
lớn và trẻ em từ 12 tuổi
trở lên","Qúa mẫn với fexofenadine
hoặc bất kỳ thành phần
nào của thuốc","Người lớn và trẻ em>12t
lời khuyên dùng 180mg
1 lần /ngày
Người suy gan: không
cần điều chỉnh liều
Người suy thận: Liều
khởi đầu được khuyên
dùng là 60mg x 1 lần/ngày
Người cao tuổi : Không cần
điều chỉnh liều, ngoại trừ
có suy giảm chức năng
thận",,"Thận trọng ở nhóm đối tượng
người cao tuổi và bệnh nhân
suy giảm chức năng gan
thận
Bệnh nhân có tiền sử hoặc
đang mắc bệnh tim mạch
vì có liên quan đến phản ứng
có hại như nhịp tim nhanh
đánh trống ngực.","Không nên sử dụng
trong thời kỳ có
thai trừ khi cần
thiết
Tìm thấy fexofenadine
trong sữa mẹ khuyến
cáo không nên dùng cho
các mẹ đang cho
con bú","- Không tương tác
với các thuốc cơ chế
chuyển hóa qua gan
- Dùng đồng thời
với erythoromycin
hoặc ketoconazole
làm tăng nồng độ fexofenadine
trong huyết tương
2-3 lần
- Không có tương
tác với omepanazole
- Dùng chung với thuốc
kháng acid dạng gel
chức aluminium và
magnesium hydrochloride
làm giảm SKD rất có thể
do găn kết trong đường
tiêu hóa. Do đó nên dùng
cách nhau 2 giờ.","Rối loạn thần kinh:
nhức đầu , buồn
ngủ, chóng mặt
Rối loạn tiêu hóa:
thường gặp buồn
nôn, tiêu chảy
Rối loạn tâm thần:
mất ngủ, lo lắng,...
Rối loạn tim:nhịp
tim nhanh, đánh
trống ngực
Rối loạn da:phát ban,
mày đay",Bảo quản <30 độ C,https://drive.google.com/file/d/1-jzbeaFYHwzTWg8X5doA5El8r9qw6OQ-/view,
Olanzaoine,5mg,Gorsyta Orodispersible Tablet,Viên nén phân tán trong miệng,Châu Âu,"Tâm thần phân liệt, bệnh lưỡng cực. Đợt cấp hưng cảm hay hỗn hợp, bệnh lưỡng cực chu kỳ nhanh, kích động cấp do tâm thần phân liệt hoặc do bệnh lưỡng cực","Có mẫn cảm với bất cứ thành phần nào của thuốc
Chống chỉ định với bệnh nhân có nguy cơ bệnh glocom góc hẹp","Tâm thần phân liệt: liều khởi đầu 5-10mg, thường uống 1 lần/ngày . Liều có thể tăng lên 5mg/ngày trong vòng 5-7 ngày cho tới liều đích 10mg/ngày. Hiệu chỉnh liều ở giai đoạn sau thường phải cách nhau không dưới 7 ngày, tăng hoạc giảm 5mg mỗi ngày cho tới liều đa khuyến cáo 20mg/ngày. Liều duy trì 10-20mg/ngày uống 1 lần
Đối với bệnh nhân suy nhược liều khởi đầu khuyến cáo là 5mg/ngày
Bệnh lưỡng cực điều trị đợt hưng cảm cấp hoặc hỗn hợp
Đơn trị liệu: khởi đầu 10-15mg/ngày uống 1 lần, có thể tăng 5mg/ngày cách nhau không dưới 24h. Liều duy trì là 5-20mg/ngày. Liều tối đa khuyến cáo là 20mg/ngày
Liệu pháp phối hợp : khởi đầu 10mg/ngày uống 1 lần có thể giao động từ 5-20mg/ngày
Người cao tuổi, suy gan, suy thận : khởi đầu thấp là 5mg",,Không khuyến cáo sử dụng cho bệnh nhân bị rối loạn tâm thần liên quan đến chứng mất trí nhớ hoặc rối loạn hành vi vì tăng khả năng tử vong và nguy cơ tai biến mạch máu não.,"Cần thận trọng khi sử dụng cho phụ nữ mang thaivaf cân nhắc nguy cơ - lợi ích trước khi sử dụng
Olanzapine bài xuất vào sữa có thể tác dụng ức chế thần kinh trung ương ở trẻ uống sữa mẹ do đó không cần sử dụng cho phụ nữ đang cho con bú hoặc không cho con bú nếu bắt buộc phải điều trị cho người mẹ","Olanzapine được chuyển hóa chủ yếu qua enzym CYP1A2, nên các thuốc hoặc các yếu tố ảnh hưởng đến enzym này sẽ bị thay đổi về nồng độ thuốc. Chất cảm ứng CYP1A2 như hút thuốc hoặc carbamazepine có thể làm giảm nồng độ của olanzapine. Ngược lại chất ức chế CYP1A2 như fluvoxamine hoặc ciprofloxacin có thể làm tăng nồng độ olanzapine vì vậy cần giảm liều khi dùng cùng
Cần thận trọng khi dùng olanzapine với rượu hoặc thuốc ức chế thần kinh trung ương và các thuốc làm kéo dài khoảng QT",Anh hưởng đến khả năng lái xe hoặc điều khiển máy móc,Bảo quản nơi khô ráo tránh ánh sáng và độ ẩm nhiệt độ dưới 30 độ C,https://drive.google.com/file/d/1blHmz-xdp_rj2Eo5_2nKvDOle61Eml0d/view,
Gabapentin,400mg,NeuroAPC 401,Viên nang cứng,Việt Nam,"Động kinh chỉ định hỗ trợ trong điều trị co giật cục bộ, có hay không kèm theo co giật toàn thể thứ phát ở người lớn và trẻ em từ 6t trở lên
Chỉ định như dơn trị liệu trong đều trị các cơn co giật cục bộ có hay không kèm theo theo co giật toàn thể thứ phát ở người lớn và trẻ em trên 12t
Đau thần kinh ngoại biên : NeuroAPC 400 được chỉ định điều trị đau thần kinh ngoại biên như đau dây thần kinh trong bệnh đái tháo đường , zona ở người lớn",Qúa mẫn với gabapentin hay bất cứ thành phần nào của thuốc,"Liều khuyến cáo ở người lớn và thanh thiếu niên trên 12t: ngày 1 300mg x 1 lần/ngày, ngày 2 300mg x 2 lần/ngày, ngày 3 300mg x 3 lần/ngày
Tùy theo tình trạng lâm sàng hiện tại nếu phải ngưng dùng gabaprntin khuyến cáo nên ngưng thuốc từ từ trong thời gian tối thiểu 1 tuần với bất kỳ chỉ định nào
Điều trị động kinh: liều dùng được quyết định bởi bác sĩ điều trị dựa vào khả năng dung nạp và hiệu quả đối với từng cá nhân.
Trẻ em từ 6t trở lên liều khởi đầu trong khoảng 10-15mg/kg/ngày và liều có hiệu quả đạt trong khỏng 3 ngày. Liều có hiệu quả ở trẻ em trên 6t là 25-35mg/kg/ngày. Liều lên đến 50mg/kg/ngày được dung nạp tốt. Tổng liều được chia làm 3 lần trong ngày khoảng thời gian tối đa giữa các liều không vượt quá 12h.
Ở người già cần điều chỉnh liều vì sự suy giảm chức năng thận theo độ tuổi
Bệnh nhân suy giảm chức năng thận nên điều chỉnh liều ở các bệnh nhân suy giảm chức năng thận và các bệnh nhân đang được thẩm phân lọc máu được khuyến cáo dùng viên nang gabapentin 100mg",,"ở bệnh nhân cần dùng đồng thời với các thuốc giảm đau opioid cẩn thận với các dấu hiệu ức chế hệ thần kinh trung ương như buồn ngủ , mất ý thức và suy hô hấp
Bệnh nhân dùng đồng thời với morphin có thể làm tăng nồng độ gabapentin . Do đó cần giảm liều gabapentin hoặc opioid  một cách hợp lý
Suy hô hấp : Gabapentin có liên quan đến suy hô hấp nặng bệnh nhân có chức nặng hô hấp bị tổn thương, bệnh hô hấp hoặc bệnh thần kinh, suy thận, sử dụng đồng thời các thuốc ức chế thàn kinh trung ương và người già có nguy cơ cao gặp các phản ứng phụ nghiêm trọng cần hiệu chỉnh liều ở các đối tượng này","Tăng nguy cơ dị tật bẩm sinh 2-3 lần ở phụ nữ mang thai, nên ưu tiên đơn trị liệu thấp nhất có hiệu quả và không ngừng thuốc đột ngột để trách co giật nguy hiểm cho mẹ và thai. Chỉ sử dụng khi lợi ích vượt trội nguy cơ
Gabapentin bài tiết qua sữa mẹ nên cần thận trọng khi cho phụ nữ cho con bú và chỉ sử dụng khi cần thiết.",,"Nhiễm trùng hoặc nhiễm virus
Buồn ngủ, chóng mặt, mất điều hòa
Mệt mỏi, sốt",Bảo quản nơi khô ráo tránh ánh sáng và độ ẩm nhiệt độ dưới 30 độ C,https://drive.google.com/file/d/1e1ZBG92tAIgq115QH9mpxldzrdldrWcp/view,
Entecavir,"0,5mg",Envir APC 0.5,Viên nén bao phim,Việt Nam,"Điều trị virus viêm gan B
Bệnh gan còn bù
Bệnh gan mất bù",bệnh nhân quá mẫn với entercavir hoặc bất kỳ thành phần nào của thuốc,"Bệnh gan còn bù: liều được đề nghị cho người lớn và vị thanh thiếu niên từ 16t trở lên bị nhiễm viêm gan B mạn tính và chưa dùng nucleosid là 0,5mg x 1 lần/ngày
kháng lamivudin khuyến cáo liều 1mg x 1 lần/ngày
Bệnh gan mất bù: liều đề nghị là 1mg x 1 lần/ngày uống lúc đói
Suy giảm chức năng thận:liều phụ thuộc vào độ thanh thải Creatinin
Suy giảm chức năng gan: Không cssfn hiệu chỉnh liều với bệnh nhân bị suy giảm chức năng gan",,"Cần hiệu chỉnh liệu ở bệnh nhân suy giảm chức năng thận vì thuốc đào thải chủ yếu qua thận
Người già cần cẩn trọng do chức năng thận thường suy giảm tự nhiên theo độ tuổi
Phụ nữ có thai và cho con bú chỉ sử dụng khi thận sự cần thiết và có chỉ định sát sao từ bác sĩ","Phụ nữ có thai: có độc tính khi sử dụng ở liều cao chỉ sử dụng khi thật sự cần thiết
Ngừng cho con bú khi sử dụng envir APC 0.5 trong trình điều trị",,"- Nhức đầu, mệt mỏi, chóng mặt và buồn nôn","Bảo quản dưới 30 độ C tránh ánh sáng trực tiếp, độ ẩm",https://drive.google.com/file/d/1hMoEVnVonN22TPjbJs52pY-bvncl0NN7/view,
Piracetam,800mg,Kacetam,Viên nén bao phim,Việt Nam,"Người lớn:
Rung giật cơ có nguồn gốc vỏ não
Thiếu máu não
Sa sút trí tuệ ở người già
Chóng mặt

Trẻ em:
Điều trị chứng khó đọc","Người bệnh suy thận nặng
Người mắc bệnh múa giật Huntington
Xuất huyết não
Quá mẫn với piracetam hoặc dẫn xuất pyrrolidon
Người bệnh suy gan","Người lớn: 1 viên x 3 lần/ngày

Trẻ em: 50 mg/kg/ngày, chia 3 lần

Người cao tuổi:
Cần chỉnh liều theo chức năng thận

Suy thận:
Chống chỉ định nếu ClCr < 20 ml/phút
Điều chỉnh liều theo độ thanh thải creatinin",,"Có chứa lactose → không dùng cho người không dung nạp
Thận trọng ở bệnh nhân suy thận
Không ngừng thuốc đột ngột (nguy cơ co giật)
Thận trọng ở người có nguy cơ chảy máu
Theo dõi chức năng thận ở người cao tuổi",Cân nhắc khi sử dụng,,"Bồn chồn

Tăng động

Tăng cân",,https://drive.google.com/file/d/1j6taBeQ5dNcWeE_zWcz6nwohJL2g-uxM/view,
Fluvastatin,10mg,Fluvastatin DWP,Viên nén bao phim,Việt Nam,"Tăng cholesterol máu nguyên phát

Rối loạn lipid máu hỗn hợp

Dự phòng biến cố tim mạch ở bệnh nhân có nguy cơ","Quá mẫn với bất kỳ thành phần nào của thuốc.
Bệnh nhân có bệnh gan hoạt động, hoặc
transaminase huyết thanh tăng cao không rõ nguyên nhân.
Phụ nữ có thai và cho con bú.","Người lớn
Bắt buộc: ăn kiêng giảm cholesterol trước & trong điều trị
Liều: 20 – 80 mg/ngày
<25% LDL-C → 20 mg tối
≥25% LDL-C → 40 mg tối
Tối đa: 80 mg/ngày
1 lần/ngày hoặc 40 mg x 2 lần
Đánh giá sau ≥ 4 tuần để chỉnh liều

Trẻ em (≥ 9 tuổi, tăng cholesterol gia đình)
Khởi đầu: 20 mg/ngày
Điều chỉnh sau 6 tuần
Tối đa: 80 mg/ngày
Chưa đủ dữ liệu khi phối hợp fibrat/niacin

Suy thận
Không cần chỉnh liều (nhẹ–trung bình)
Thận trọng nếu liều > 40 mg/ngày ở suy thận nặng

Suy gan
Chống chỉ định",,"Theo dõi chức năng gan trước khi điều trị và định kỳ trong quá trình dùng thuốc

Thận trọng ở bệnh nhân:
Tiền sử bệnh gan
Uống nhiều rượu

Nguy cơ bệnh cơ, tiêu cơ vân:
Theo dõi CK khi có triệu chứng đau cơ, yếu cơ

Ngừng thuốc nếu:
CK tăng cao đáng kể
Có dấu hiệu tiêu cơ vân",Chống chỉ định,,"Các triệu chứng tiêu hóa nhẹ
Mất ngủ
Đau đầu",,https://drive.google.com/file/d/1E0vk-5T7fsQM0F7H9O1kqe6ceRbMzDvW/view,
"Losartan kali
Amlodipin","100mg
5mg",Telorssa 100mg/5mg,Viên nén bao phim,Slovenkia,Thuốc được dùng để điều trị tăng huyết áp. Telorssa được chỉ định như liệu pháp thay thế cho bệnh nhân tăng huyết áp đáp ứng đầy đủ với losartan và amlodipin phối hợp ở liều lượng mức liều.,"Mẫn cảm với các hoạt chất, dẫn xuất dihydropyridin hoặc với bất kỳ tá dược nào của thuốc.
Phụ nữ 6 tháng cuối thai kì
Suy gan nặng.
Hạ huyết áp nặng.
Sốc (kể cả sốc tim)
Tắc nghẽn đường ra thất trái (ví dụ, hẹp động mạch chủ mức độ nặng)
Suy tim không ổn định hoặc suy tim nặng sau cơn nhồi máu cơ tim cấp
Bệnh nhân điều trị Telorssa với thuốc chứa aliskiren chống chỉ định trên bệnh nhân đái tháo đường hoặc suy thận (GFR < 60 ml/phút/1,73 m²)","Liều khuyến cáo là 1 viên/ngày.
Trước khi chuyển sang dùng Telorssa, bệnh nhân nên được kiểm soát bằng losartan và/hoặc amlodipin đơn độc ở mức liều ổn định. Liều Telorssa nên dựa vào liều losartan và/hoặc amlodipin đơn độc của liệu pháp phối hợp trước đó.
Nếu cần thay đổi liều, nên tiến hành hiệu chỉnh liều độc lập của các thành phần phù hợp.",,"Tăng nhạy cảm
Hạ huyết áp và mất cân bằng nước/điện giải
Mất cân bằng điện giải
Ghép thận
Tăng aldosteron nguyên phát
Bệnh mạch vành và bệnh mạch máu não
Bệnh nhân suy tim
Bệnh nhân suy chức năng gan
Bệnh nhân suy chức năng thận
Cần giám sát chặt chẽ tăng liều trên bệnh nhân cao tuổi
Hẹp van hai lá và van động mạch chủ, phì đại cơ tim tắc nghẽn",Cân nhắc khi sử dụng,,"Losartan:
Tác dụng không mong muốn thường gặp nhất được ghi nhận trong các nghiên cứu là chóng mặt.

Amlodipin:
Tác dụng không mong muốn thường gặp nhất được ghi nhận trong các nghiên cứu/lâm sàng là buồn nôn, chóng mặt, đau đầu, hồi hộp, tiêu đạm nhanh, chướng bụng, đau bụng, buồn nôn, sưng mắt cá chân, phù nề và mệt mỏi.",,https://drive.google.com/file/d/1W8t8TbCjNy2ln0tAAqOX2LVzRieTEzIU/view,
dung dịch travoprost nồng độ 40mcg/ml.,2.5ml,Travoprost 40 mcg/ml,Dung dịch nhỏ mắt,Bungari,Giảm áp lực nội nhãn cho bệnh nhân bị tăng nhãn áp hoặc tăng nhãn áp góc mở (glaucoma góc mở).,Quá mẫn với travoprost hoặc bất kì thành phần nào của thuốc.,Nhỏ mỗi giọt Travoprost/Pharmathen một lần mỗi ngày vào túi kết mạc của mắt cần điều trị.,,Travoprost có thể thay đổi màu sắc của lông mi và/hoặc da ở quanh mắt do tăng số lượng sắc tố melanocytes (hạt sặc tố) trong bề mặt lông mi và/hoặc da quanh mắt.,Không nên sử dụng cho phụ nữ có thai và cho con bú,,sung huyết ở mắt,,https://drive.google.com/file/d/1t4aEqx9GhDAAlZko9PAreV8ikhu5tofN/view,
Alfuzosin HCl,"2.5 mg
5 mg","Gourcuff-2.5
Gourcuff-5",viên nén bao phim,Việt Nam,Điều trị các triệu chứng do phì đại u tuyến tiền liệt lành tính.,"Quá mẫn với alfuzosin hoặc bất kỳ thành phần nào của thuốc.
Suy gan nặng.
Không phối hợp với các thuốc chống tăng huyết áp nhóm đối kháng alpha, các thuốc ức chế hoạt tính của cytochrom P450 isoenzym CYP3A4 như ketoconazol, itraconazol, ritonavir.","Liều thông thường là 2,5 mg, ngày 3 lần; có thể tăng tới 10 mg mỗi ngày nếu cần.
Người bệnh cao tuổi hoặc đang dùng các thuốc chống tăng huyết áp: liều khởi đầu là 2,5 mg, ngày 2 lần; tăng liều tùy theo đáp ứng của người bệnh.
Với người bệnh suy gan nhẹ và vừa, liều khởi đầu là 2,5 mg, ngày 1 lần; có thể tăng liều tùy theo đáp ứng của người bệnh nhưng không dùng quá 2,5 mg, ngày 2 lần.
Với người bệnh suy thận, liều khởi đầu là 2,5 mg, ngày 2 lần; tăng liều tùy theo đáp ứng của người bệnh.",,"người có triệu chứng huyết áp thấp hoặc đã có hạ huyết áp khi dùng các thuốc khác, cần đề phòng bị ngất",Chỉ định điều trị của thuốc không liên quan đến phụ nữ,,"buồn nôn, đau bụng, tiêu chảy",,https://drive.google.com/file/d/1cUsS7nDcVmbGi_f_okaZSL25NilzD6R_/view,
Mirtazapin,15mg,Mirtameb 15,"Viền nén bao phim hình oval, màu vàng, một mặt có vạch ngang",Việt Nam,Mirtazapin được chỉ định ở người lớn để điều trị trầm cảm,"Quá mẫn cảm với mirtazapin hoặc với bất kỳ thành phần nào của thuốc.
Sử dụng đồng thời với mirtazapin với các chất ức chế có chọn lọc của monoamin oxydase (MAO).","Người lớn:
Liều hằng ngày hiệu quả thường từ 15 đến 45 mg; liều khởi đầu là 15 hoặc 30 mg.
Mirtazapin bắt đầu phát huy tác dụng sau 1 – 2 tuần điều trị. Điều trị với liều thích hợp sẽ có hiệu quả trong vòng 2 – 4 tuần. Nếu chưa đáp ứng đủ, có thể tăng tới liều tối đa. Nếu không có hiệu quả trong vòng 2 – 4 tuần nữa, nên ngừng điều trị.
Bệnh nhân trầm cảm nên được điều trị trong thời gian ít nhất 6 tháng để đảm bảo không còn triệu chứng.
Nên ngừng điều trị bằng mirtazapin dần dần để tránh các triệu chứng cai thuốc.
Trẻ em: Không nên sử dụng mirtazapin ở trẻ em và thanh thiếu niên dưới 18 tuổi vì hiệu quả không được chứng minh trong hầu hết thử nghiệm lâm sàng ngắn hạn và vì những lo ngại về tính an toàn.
Suy thận: Độ thanh thải của mirtazapin có thể giảm ở bệnh nhân suy thận từ vừa đến nặng (độ thanh thải creatinin < 40 ml/phút). Điều này nên được tính đến khi kê đơn mirtazapin cho nhóm bệnh nhân này.",,"Không nên sử dụng mirtazapin ở trẻ em và thanh thiếu niên dưới 18 tuổi.
Dùng thuốc cẩn thận, theo dõi thường xuyên và chặt chẽ ở những bệnh nhân: Hội chứng động kinh và hội chứng não thực thể, Suy gan, Suy thận, các bệnh tim mạch, huyết áp thấp, đái tháo đường.",Cân nhắc khi sử dụng,,"Buồn ngủ, ăn tăng, khô miệng, chóng mặt và mệt mỏi.",,https://drive.google.com/file/d/1d1fh0eYpbEdSIbxd2oVvyQr4WaeARHT1/view,
Diclofenac diethylamine,"11,6mg",Voltaren Emulgel,Gel bôi ngoài da,Thụy Sĩ,"Dùng thoa ngoài da giúp điều trị nhanh các triệu chứng đau, viêm và sưng trong các trường hợp: Tổn thương gân, dây chằng, cơ và khớp; Các dạng bệnh thấp khu trú ở mô mềm; điều trị triệu chứng viêm xương khớp ở các khớp nhỏ và trung bình nằm gần với da.","Bệnh nhân bị hay không bị hen suyễn mạn tính, nổi mề đay hoặc viêm mũi cấp sau khi dùng axit acetylsalicylic (aspirin) hoặc các thuốc chống viêm không steroid (NSAID) khác.
Quá mẫn với diclofenac hoặc bất kỳ tá dược nào của thuốc.
Phụ nữ trong 3 tháng cuối của thai kỳ.
Trẻ em và thanh thiếu niên dưới 14 tuổi.","Chỉ dùng ngoài da.

Người lớn và trẻ em từ 14 tuổi trở lên
Bệnh nhân nên tham khảo ý kiến bác sỹ nếu tình trạng bệnh không được cải thiện hoặc xấu đi trong vòng 7 ngày khi bắt đầu điều trị.
Chỉ dùng cho người lớn và trẻ em từ 14 tuổi trở lên.
Bệnh nhân cao tuổi (trên 65 tuổi)
Liều người lớn thông thường của Voltaren Emulgel có thể được sử dụng.
Nên bôi thuốc lên vùng bị đau 3 hoặc 4 lần/ngày và xoa nhẹ nhàng.",,"Voltaren Emulgel chứa propylene glycol, có thể gây kích ứng da nhẹ, cục bộ trên một số bệnh nhân.
Nên thận trọng khi sử dụng đồng thời các thuốc NSAID đường uống vì tỷ lệ tác dụng không mong muốn toàn thân có thể tăng.
Không nên dùng đồng thời Voltaren Emulgel với các sản phẩm khác có chứa diclofenac.
Chỉ nên bôi thuốc Voltaren Emulgel vào các bề mặt da nguyên vẹn, không bôi trên da bị bệnh và không bôi trên vết thương hở, vết loét hoặc vùng có nhiễm trùng.
Không được để thuốc tiếp xúc với mắt và niêm mạc, và không được nuốt.
Dừng điều trị nếu thấy phát ban trên da tiến triển sau khi dùng thuốc.",Cân nhắc khi sử dụng,,"Chứng viêm da, ban, ban đỏ, chàm, ngứa",,https://drive.google.com/file/d/1Y2PZJRS5fPl2a-LKahIxldw_tNgoU12H/view,
"Phức hợp hydroxyd sắt (III) và polymaltose tính theo ion sắt (III)
Acid folic","50mg
0,5mg",Hemafolic,"Chất lỏng màu nâu vàng, mùi thơm, trong",Việt Nam,"Phòng ngừa và điều trị thiếu máu do thiếu sắt, thiếu acid folic ở phụ nữ có thai và cho con bú.
Trong các trường hợp gia tăng nhu cầu về sắt trong thời kỳ kinh nguyệt, suy dinh dưỡng, hậu phẫu, mất máu, bệnh giun móc, trẻ em trong giai đoạn phát triển.","Người bệnh mẫn cảm với các thành phần của thuốc.
Thiếu vitamin B12, hemoglobin niệu kích phát ban đêm, nhiễm hemosiderin, bệnh mô nhiễm sắt, đang loét tiêu hóa, truyền máu nhiều lần, viêm hồi tràng khu trú và viêm loét đại tràng.
Thiếu máu không do thiếu sắt.","Theo sự chỉ dẫn của thầy thuốc, trung bình cho người lớn và trẻ em trên 12 tuổi:
        Điều trị: Mỗi lần uống 10 ml, ngày 2–3 lần.
        Dự phòng: Mỗi lần uống 10 ml, ngày 1 lần.
Trẻ em 2–12 tuổi: Mỗi lần uống 1 ống 5 ml, ngày 1 lần.
Trẻ em dưới 2 tuổi tùy theo chỉ định của bác sĩ.
Cách dùng: Uống trước bữa ăn 1 giờ hay sau bữa ăn 2 giờ.",,"Không nên dùng sắt dạng tiêm cùng với sắt dạng uống để tránh quá thừa sắt.
Một số bệnh nhân sau phẫu thuật cắt dạ dày làm cho kém hấp thu sắt. Nên đặc biệt chú ý khi điều trị thiếu máu thiếu sắt ở bệnh nhân này hoặc bệnh nhân bị loét dạ dày.
Cẩn thận trọng khi dùng cho bệnh nhân có thể có khối u phụ thuộc folat.",Sử dụng được cho phụ nữ có thai và cho con bú,,"Liên quan đến phức hợp hydroxyd sắt (III) và polymaltose:
Khi uống có thể gây chứng táo bón, tiêu chảy, đi tiêu phân đen, buồn nôn và đau thượng vị.
Có thể làm răng đen tạm thời (do dạng dung dịch uống nên dùng ống hút).
Liên quan đến acid folic:
Nói chung acid folic dung nạp tốt. Hiếm gặp: ngứa, nổi ban, mày đay. Có thể có rối loạn tiêu hóa",,https://drive.google.com/file/d/1EncRMXLtVH9HxlAVhN_QxM9vqJVtP7on/view,
Diclofenac natri,100mg,Veltaron,Viên đạn đặt trực tràng,Việt Nam,"Giảm tất cả các loại đau và viêm trong các bệnh sau:

Các dạng viêm và thoái hóa của bệnh thấp khớp: viêm khớp dạng thấp, viêm khớp dạng thấp ở tuổi thanh thiếu niên, viêm xương khớp bao gồm cả bệnh thoái hóa đốt sống, viêm cột sống dính khớp, các hội chứng đau cột sống.
Các cơn cấp của bệnh gout.
Bệnh thấp không đi kèm với khớp.
Chứng đau nửa đầu.
Là chất bổ trợ điều trị các bệnh viêm nhiễm kèm đau cấp tính ở họng, mũi hoặc tai, như: viêm họng-amiđan, viêm tai.
Các bệnh/chứng đau và viêm trong phụ khoa, như thống kinh nguyệt phần phụ.
Các rối loạn cơ - xương cấp tính như viêm quanh khớp (ví dụ viêm quanh khớp vai thể đông đặc), viêm gân, viêm bao gân, viêm bao hoạt dịch.
Các tình trạng đau, viêm và sưng sau chấn thương (bao gồm gãy xương, đau thắt lưng, bong gân, căng cơ, trật khớp) và sau phẫu thuật (như trong chỉnh hình, nha khoa và tiết niệu phẫu thuật).","Quá mẫn với hoạt chất hoặc bất kỳ tá dược nào của thuốc.
Đang bị chảy máu, thủng hoặc loét dạ dày-ruột.
Tiền sử chảy máu hoặc thủng đường tiêu hóa do điều trị NSAID trước đó.
Đang bị hoặc có tiền sử loét/xuất huyết đường tiêu hóa tái phát (≥ 2 đợt loét hoặc chảy máu tiêu hóa được chứng minh).
Ba tháng cuối của thai kỳ.
Suy gan, suy thận hoặc suy tim nặng.
Giống như các NSAID khác, diclofenac bị chống chỉ định ở những bệnh nhân bị các cơn phù, phù mạch, mày đay hoặc viêm mũi cấp tính, xảy ra do ibuprofen, acid acetylsalicylic hoặc các NSAID khác.
Viêm trực tràng.
Bệnh nhân suy tim sung huyết (từ độ II đến độ IV theo phân độ chức năng của suy tim theo Hội Tim New York - NYHA), bệnh tim thiếu máu cục bộ, bệnh động mạch ngoại vi, và bệnh mạch máu não.","Người lớn:
Dùng 1 lần mỗi ngày, thường là vào ban đêm.
Khi cần thiết, có thể kết hợp các dạng thuốc viên đến tổng liều tối đa 150 mg diclofenac/ngày.
Trong thống kinh nguyên phát, liều hằng ngày tùy theo từng người, thường 50 - 150 mg. Đầu tiên, nên dùng 50 - 100 mg, nếu cần thiết, tăng liều vào các chu kỳ kinh nguyệt sau cho đến tối đa 150 mg/ngày.
Điều trị các cơn đau nhức nửa đầu với Voltaren, nên bắt đầu dùng liều 100 mg khi cơn đau hiệu đầu tiên còn đau sắp xảy ra. Nếu cần, có thể dùng các viên thuốc đạn cho đến liều 50 mg vào cùng ngày. Nếu bệnh nhân cần điều trị kéo dài vào các ngày sau, liều tối đa mỗi ngày nên giới hạn đến 150 mg.
Suy thận:
Diclofenac bị chống chỉ định ở bệnh nhân suy thận nặng. Không có nghiên cứu cụ thể nào được thực hiện trên bệnh nhân suy thận, do đó, không thể đưa ra khuyến cáo điều chỉnh liều cụ thể. Thận trọng khi dùng diclofenac cho bệnh nhân suy thận nhẹ đến trung bình.",,"Nên dùng liều thấp nhất có hiệu quả trong thời gian ngắn nhất cần thiết để kiểm soát triệu chứng, nhằm giảm nguy cơ tác dụng không mong muốn.
Tránh sử dụng đồng thời nhiều thuốc NSAID (ví dụ kết hợp dạng uống với dạng tại chỗ) vì làm tăng nguy cơ tác dụng toàn thân và tại chỗ.
Tránh dùng diclofenac với các thuốc ức chế chọn lọc cyclooxygenase-2 (COX-2) nếu không có chỉ định rõ ràng, vì không có bằng chứng rằng việc kết hợp này làm giảm tác dụng phụ tim mạch hoặc tiêu hóa; thay vào đó, nguy cơ tác dụng không mong muốn có thể tăng.
Thận trọng khi dùng cho người cao tuổi hoặc bệnh nhân có bệnh lý kèm theo; đặc biệt ở người cao tuổi, nên dùng liều thấp nhất có hiệu quả và theo dõi chặt chẽ các dấu hiệu bất lợi (như xuất huyết tiêu hóa, suy tim, rối loạn thận)",Cân nhắc khi sử dụng,,"Đau đầu, hoa mắt, chóng mặt
Rối loạn tiêu hóa
Rối loạn gan mật
Phát ban",,https://drive.google.com/file/d/1_nSsk941TuUVvksod3VpyuJw4SseszCq/view,
Ciprofibrat,100mg,Miticiprat,Viên nang cứng,Việt Nam,"Điều trị rối loạn tăng lipid máu, bao gồm tăng cholesterol máu và tăng triglycerid đơn thuần hoặc hỗn hợp (typ IIa, IIb, III và IV) khi chế độ ăn kiêng nghiêm ngặt không đạt hiệu quả đầy đủ hoặc khi vẫn còn tăng lipid mặc dù đã thực hiện chế độ ăn kiêng và/hoặc có các yếu tố nguy cơ kết hợp.
Vẫn tiếp tục áp dụng chế độ ăn kiêng trong khi dùng thuốc.","Suy gan nặng
Suy thận nặng
Quá mẫn cảm với hoạt chất hoặc với một trong các tá dược
Mang thai và cho con bú
Sử dụng đồng thời với một fibrat khác","Dùng đường uống.
Người lớn: Liều khuyến cáo là 100 mg mỗi ngày.
Bệnh nhân cao tuổi: Dùng liều như người lớn nhưng cần theo dõi cẩn thận.
Trẻ em: Không được khuyến cáo do độ an toàn và hiệu quả ở trẻ em chưa được xác lập.
Sử dụng ở bệnh nhân suy giảm chức năng thận:
-Ở bệnh nhân suy thận vừa phải, cần giảm liều bằng cách cho uống cách một ngày một lần với liều 100 mg; theo dõi chặt chẽ chức năng thận.
-Ciprofibrate chống chỉ định ở bệnh nhân suy thận nặng.",,"Các tổn thương cơ, kể cả trên cơ vân (viêm cơ, tiêu cơ vân) là biến cố hiếm gặp nhưng đã được báo cáo khi điều trị với các fibrat.
Những người suy thận hoặc giảm albumin huyết do suy yếu tuyến giáp có nguy cơ cao bị tổn thương cơ khi điều trị với fibrat",Cân nhắc khi sử dụng,,"Thần kinh: Đau đầu, chóng mặt, buồn ngủ, hoa mắt.
Tiêu hóa: Buồn nôn, nôn, tiêu chảy, khó tiêu, đau bụng.
Da và mô dưới da: Phát ban, rụng tóc.
Cơ xương khớp: Đau cơ.
Toàn thân: Mệt mỏi.",,https://drive.google.com/file/d/1d7C8UsizJmMQDfRJF1yBcD7XEQmrmrQj/view,
"Tenofovir disoproxil fumarat
Lamivudin","300mg
100mg",Dinara,"Viên nén dài bao phim màu vàng, một mặt có dập logo, mặt kia có dập gạch ngang.",Việt Nam,"Phối hợp tenofovir disoproxil fumarat và lamivudin được dùng điều trị bệnh viêm gan siêu vi B mạn tính ở người lớn sau khi thất bại điều trị trong các trường hợp sau:
Virus kháng lamivudin đơn trị, hoặc
Virus đáp ứng một phần với tenofovir disoproxil fumarat.","Bệnh nhân mẫn cảm với lamivudin, tenofovir hoặc bất kỳ thành phần nào của thuốc.
Bệnh nhân có độ thanh thải creatinin ClCr ≤ 50 mL/phút.
Suy gan.",Người lớn: uống 1 viên x 1 lần/ngày.,,"Cần đánh giá giám sát tuân thủ điều trị và độ tin cậy của xét nghiệm HBV DNA trước khi kết luận thất bại điều trị.
Nếu có điều kiện nên xác định virus đột biến kháng thuốc bằng giải trình tự gen để có hướng xử trí tiếp theo.
Ở người bị suy chức năng thận và trẻ em, không dùng chế phẩm kết hợp có thành phần lamivudin và tenofovir disoproxil fumarat, vì không thể hiệu chỉnh liều riêng từng thuốc.",Cân nhắc khi sử dụng,,"Toàn thân: Mỏi cơ, nhức đầu.
Tiêu hóa: Ít chảy, chướng hơi, mất cảm giác thèm ăn, buồn nôn, nôn, đau bụng, khó tiêu.
Huyết học: Giảm bạch cầu trung tính, giảm phosphat huyết.
Hóa sinh: Làm tăng kết quả xét nghiệm AST, ALT, glucose niệu.",,https://drive.google.com/file/d/17nQjBx6inYfH6td4AFloQpVwkOwTRWrB/view,
"Perindopril
Amlodipin besilat","3,395mg
6,935mg",Coveram,Viên nén,Ireland,Coveram được sử dụng để điều trị tăng huyết áp và/hoặc bệnh động mạch vành ổn định ở những bệnh nhân đã được kiểm soát tốt bằng perindopril và amlodipin khi dùng riêng lẻ với cùng liều lượng.,"Quá mẫn với hoạt chất hoặc với các thuốc ức chế men chuyển khác.
Tiền sử phù mạch liên quan đến điều trị bằng thuốc ức chế men chuyển trước đó.
Phù mạch di truyền hoặc vô căn.
Ba tháng giữa và ba tháng cuối của thai kỳ.
Sử dụng đồng thời Coveram với các thuốc chứa aliskiren ở bệnh nhân đái tháo đường hoặc suy thận (mức lọc cầu thận < 60 ml/phút/1,73 m²).
Sử dụng đồng thời với sacubitril/valsartan.
Các điều trị ngoài cơ thể dẫn đến tiếp xúc máu với bề mặt tích điện âm.
Hẹp động mạch thận hai bên hoặc hẹp động mạch thận đáng kể dẫn đến còn chức năng thận một bên.","Thuốc dùng đường uống
Mỗi viên một ngày, tốt nhất uống vào buổi sáng trước khi ăn",,"Thận trọng khi sử dụng
Phù mạch
Tăng huyết áp động mạch thận
Tăng aldosterone
suy tim
suy gan
suy thận",Cân nhắc khi sử dụng,,"Rối loạn hệ thần kinh
Rối loạn trên mắt
Rối loạn hô hấp
Rối loạn dạ dày, ruột
Rối loạn da và mô dưới da
Rối loạn cơ xương mô liên kết",,https://drive.google.com/file/d/1qB5UXNMXvvRiYb7cx3LB3G6RSbYjbxx1/view,
Acid zoledronic,5mg,Aclasta,"Dung dịch tiêm truyền tĩnh mạch; Dung dịch vô khuẩn, trong suốt và không màu",Áo,"Điều trị loãng xương ở phụ nữ sau mãn kinh nhằm giảm nguy cơ:
Gãy xương đùi
Gãy xương đốt sống
Gãy xương ngoài đốt sống
Đồng thời giúp tăng mật độ khoáng xương.
Phòng ngừa gãy xương lâm sàng sau khi đã bị gãy xương đùi ở cả nam và nữ.
Điều trị loãng xương ở nam giới.
Điều trị và dự phòng loãng xương do sử dụng glucocorticoid.
Điều trị bệnh Paget xương","Hạ calci máu.
Suy thận nặng (độ thanh thải creatinin < 35 mL/phút).
Phụ nữ đang mang thai hoặc đang cho con bú.
Quá mẫn với hoạt chất, bất kỳ tá dược nào của thuốc hoặc với các thuốc thuộc nhóm bisphosphonate.",Truyền tĩnh mạch 1 liều Aclasta 5mg 1 lần trong năm,,Liều acid zoledronic 5mg phải được tiêm truyền trong thời gian ít nhất 15 phút; Bệnh nhân phải được bù nước thích hợp trước khi dùng Aclasta,Chống chỉ định,,"Đau đầu, chóng mặt; buồn nôn tiêu chảy; đau cơ, đau khớp; suy nhược, đau ớn lạnh",,https://drive.google.com/file/d/1PfNSs-33ZgEVfaEWCnDNFZxk5kf9ZKFM/view,
Mirtazapin,15mg,Mirzaten 15mg,viên nén,Slovenia,Điều trị các cơn trầm cảm nặng ở người lớn,Mẫn cảm với mirtazapin hoặc bất cứ thành phần nào của thuốc ; Dùng đồng thời với các thuốc ức chế MAO.,"Người lớn: Liều tác dụng hàng ngày từ 15-45 mg. Liều khởi đầu 15mg hoặc 30mg. Thông thường mirtazapin có hiệu quả sau 1-2 tuần điều trị. Điều trị với liều thích hợp sẽ có đáp ứng hiệu quả trong vòng 2-4 tuần. Với đáp ứng chưa hiệu quả, có thể tăng liều lên đến tối đa. Nếu không có đáp ứng điều trị sau thêm 2-4 tuần, nên ngừng điều trị. Bệnh nhân trầm cảm nên điều trị trong khoảng thời gian ít nhất 6 tháng để đảm bảo không còn triệu chứng. Nên ngừng điều trị với mirtazapin từ từ để tránh các triệu chứng cai thuốc ; Người cao tuổi: Liều khuyến cáo tương tự như ở người lớn. Việc tăng liều cần được thực hiện dưới sự giám sát chặt chẽ để đảm bảo hiệu quả và độ an toàn ; Bệnh nhân suy thận: Độ thanh thải của thuốc giảm ở bệnh nhân suy thận vừa và nặng ( độ thanh thải creatinin < 40ml/phút). Cần thận trọng khi dùng thuốc cho nhóm bệnh nhân trên ; Bệnh nhân suy gan: Độ thanh thải của thuốc giảm ở bệnh nhân suy gan. Cần thận trọng khi dùng thuốc cho nhóm bệnh nhân trên, đặc biệt là các bệnh nhân suy gan nặng, vì các bệnh nhân này chưa đọc nghiên cứu trên lâm sàng ; Bệnh nhi: Không sử dụng thuốc cho bệnh nhân dưới 18 tuổi vì hiệu quả của thuốc chưa được chứng minh hiệu quả trên các thử nghiệm lâm sàng và các bằng chứng về độ an toàn của thuốc.",,Thận trọng khi sử dụng cho trẻ em và thanh thiếu niên dưới 18 tuổi,Cân nhắc khi sử dụng,,"Rối loạn chuyển hóa, thần kinh, tiêu hóa, tim mạch, da và mô dưới da, cơ xương và mô liên kết.",,https://drive.google.com/file/d/1pDTOqsifMvYuFHpKFAwR1Ie83Ab-Rg3C/view,
Lansoprazol,30mg,Gastevin 30mg,viên nang,Slovenia,Điều trị loét dạ dày và tá tràng; viêm thực quản; ợ nóng và acid trào ngược; các nhiễm khuẩn gây ra bởi bacteria Helicobacter pylori khi phối hợp với liệu pháp kháng sinh; hội chứng Zollinger-Elllison.,Không sử dụng khi mẫn cảm với bất cứ thành phần nào của thuốc; không dùng đồng thời atazanavir,"Điều trị ợ nóng và acid trào ngược: 15mg hoặc 30mg trong 4 tuần. Điều trị loét tá tràng: 1 viên nang 30mg mỗi ngày trong 2 tuần. Điều trị loét dạ dày: 1 viên nang 30mg mỗi ngày trong 4 tuần. Ngăn trào ngược thực quản dài kỳ: 15mg mỗi ngày, bác sĩ có thể điều chỉnh liều tới 30mg mỗi ngày. Hội chứng Zollinger-Ellison: 2 viên 30mg mỗi ngày.",,Thận trọng khi sử dụng cho bệnh nhân mắc bệnh gan. Cẩn trọng khi sử dụng trên 1 năm.,Cân nhắc khi sử dụng,,"Đau đầu, hoa mắt, ỉa chảy táo bón, phát ban trên da, mệt mỏi, thay đổi kết quả xét nghiệm chức năng gan.",,https://drive.google.com/file/d/16GKF4dDkBFeemwLecxCjYWuRL0upRloC/view,
ketoprofen,"2,5g","Fastum® Gel 2,5%",Gel,Italy,Giảm đau kháng viêm tại chỗ trong các trường hợp đau xương khớp hay đau cơ,Bệnh nhân quá mẫn với các thành phần của thuốc và bệnh nhân suy thận nặng. Không sử dụng thuốc nếu có tiền sử mẫn cảm với ánh sáng,1-2 lần/ngày,,"Vết thương hở, vùng gần mắt",Chống chỉ định,,Bệnh nhân cao tuổi đặc biệt dễ gặp các tác dụng không mong muốn khi dùng các thuốc chống viêm không steroid.,,https://drive.google.com/file/d/14fyX2BLIT01TBkhLXtPw2GNXKEgxuzDf/view,
Ambroxol hydrochloride,30mg,Drenoxol,Siro uống,Bồ Đào Nha,"Để điều trị các bệnh cấp và mãn tính của đường hô hấp có liên quan đến sự tiết bất thường của phế quản và sự vận chuyển chất nhầy bị suy giảm, đặc biệt là viêm phế quản mãn, viêm phế quản dạng hen và hen phế quản.",Dị ứng với ambroxol hoặc với bất cứ thành phần nào khác của thuốc. Phản ứng quá mẫn có thể xảy ra khi dùng bất kỳ một loại thuốc nào. Bệnh nhân bị loét dạ dày tá tràng.,Người lớn: Liều trung bình 30 mg (1 ống) x 2-3 lần/ngày. Trẻ em: Trên 5 tuổi: 15mg (1/2 ống) x 2-3 lần/ngày.,,"Những bệnh nhân bị suyễn và/hoặc bị bệnh hô hấp nặng và những bệnh nhân yếu sức, vì phản xạ ho yếu hơn nên có nguy cơ tắc nghẽn đường thở, đó là hậu quả của việc gia tăng lượng đờm được bài tiết và không thể tống xuất ra ngoài.
Những bệnh nhân mắc chứng khó tiêu nên dùng thuốc sau bữa ăn.
Những bệnh nhân nhạy cảm hơn, đặc biệt khi được khuyến cáo dùng liều cao, có thể sẽ bị tiêu chảy vì hoạt tính thẩm thấu của sorbitol.
Sirô DRENOXOL chứa sorbitol. Nếu bạn được bác sĩ của bạn cho biết là bạn có vấn đề về việc dung nạp một ít loại đường nào đó nên hỏi ý kiến bác sĩ trước khi dùng thuốc này.
Sirô DRENOXOL chứa paraben. Thuốc cũng có thể gây những phản ứng dị ứng (có thể là những phản ứng chậm).
Bệnh nhân suy gan và/hoặc suy thận có thể giảm chuyển hóa và/hoặc thải trừ ambroxol dẫn đến tăng nồng độ thuốc trong máu. Vì vậy có thể cân nhắc việc giảm liều dùng thuốc ở những đối tượng này.",Cân nhắc khi sử dụng,,"Tai biến nhẹ chủ yếu sau khi tiêm như ợ nóng, khó tiêu, đôi khi buồn nôn",,https://drive.google.com/file/d/11NQyusORSAJW8GGkmcyRjts9znaKTDqX/view,
Acid gadoteric,"279,32mg",Dotagraf,"Dung dịch tiêm chứa trong lọ, trong suốt không màu đến màu vàng.",Áo,Dotagraf chỉ nên được sử dụng khi thông tin chẩn đoán là cần thiết và không thu được bằng kỹ thuật chụp cộng hưởng từ không tăng cường tương phản,Quá mẫn với axit gadoteric với meglumine hoặc với bất kỳ sản phẩm nào có chứa gadolinium,Nên sử dụng liều thấp nhất làm tăng tương phản đủ cho mục đích chẩn đoán.,,Không tiêm thuốc đường tủy sống. Lưu ý nghiêm ngặt việc tiêm tĩnh mạch,Cân nhắc khi sử dụng,,"Tan máu, lú lẫn, mù thoáng qua, đau mắt, ù tai, khô miệng",,https://drive.google.com/file/d/1SMgqQ1jKPa_PXGFC-ROXpaLGfq6D9piF/view,
Salmeterol xinafoate ; fluticasone propionate,"25/50 mcg , 25/125 mcg , 25/250 mcg",SERETIDE EVOHALER DC,Thuốc phun mù định liều hệ hỗn dịch,Tây Ban Nha,"​Hen (Bệnh tắc nghẽn đường dẫn khí có hồi phục)
​SERETIDE được chỉ định trong điều trị thường xuyên bệnh hen (bệnh tắc nghẽn đường dẫn khí có hồi phục), bao gồm hen phế quản ở người lớn và trẻ em từ 4 tuổi trở lên. Bao gồm:
​Bệnh nhân không được kiểm soát đầy đủ bằng corticosteroid xịt và thuốc chủ vận beta_2 tác dụng ngắn dạng xịt ""khi cần"".
​Bệnh nhân vẫn có triệu chứng khi đang điều trị bằng corticosteroid dạng xịt.
​Bệnh nhân đang được kiểm soát hiệu quả bằng cả thuốc chủ vận beta_2 tác dụng kéo dài và corticosteroid xịt",5,"Người lớn và thanh thiếu niên từ 12 tuổi trở lên:
​Hai nhát xịt loại 25 mcg salmeterol và 50 mcg fluticasone propionate, hai lần mỗi ngày.
​Hoặc Hai nhát xịt loại 25 mcg salmeterol và 125 mcg fluticasone propionate, hai lần mỗi ngày.
​Hoặc Hai nhát xịt loại 25 mcg salmeterol và 250 mcg fluticasone propionate, hai lần mỗi ngày.
​Liều tối đa khuyến cáo cho người lớn và trẻ em trên 12 tuổi là 500/50, 2 lần/ngày.
​Trẻ từ 4 tuổi trở lên:
​Hai nhát xịt loại 25 mcg salmeterol và 50 mcg fluticasone propionate, hai lần mỗi ngày.
​Liều tối đa cho phép của fluticasone propionate trong Seretide Evohaler DC cho trẻ em là 100 mcg, 2 lần/ngày.
​Không có số liệu về sử dụng SERETIDE ở trẻ em dưới 4 tuổi.",,"Nếu bạn có bệnh lý về tuyến giáp (nhiễm độc giáp), tiểu đường, hoặc nguy cơ hạ kali máu.",cân nhắc khi sử dụng,,"​Đau đầu: Thường nhẹ và giảm dần.
​Chuột rút: Cảm giác co thắt cơ.
​Đau khớp: Khó chịu ở các khớp xương.
​Viêm họng/Khàn tiếng: Do kích ứng tại chỗ hoặc nhiễm nấm miệng (nếu không súc miệng sau khi hịt).",,https://drive.google.com/file/d/1xomd9rcMPB2CYaYC2R1cAErqChxyDWC8/view,
Metoprolol succinate,"23,75 mg",Betaloc ZOK,Viên nén,Sweden,"Điều trị tăng huyết áp, điều trị suy tim mạn tính, điều trị dự phòng sau nhồi máu cơ tim.",thuốc chống chỉ định trong các trường hợp suy tim cấp hay trong các giai đoạn suy tim mất bù yêu cầu điều trị với các thuốc tăng co bóp cơ tim,"1 liều duy nhất trong ngày, tốt nhất vào buổi sáng",,đảm bảo tình trạng có bệnh nhân ổn định trong vòng ít nhất 4 tuần trước khi bắt đầu điều trị với thuốc,Cân nhắc khi sử dụng,,"Chóng mặt, nhức đầu, buồn nôn, đau bụng, tiêu chảy, chậm nhịp tim, lạnh chân tay, khó thở do căng thẳng",,https://drive.google.com/file/d/1Da-wQ6yagBCJDp5SHSwhbotQfiLAHJts/view,
Claithromycin,125mg/5ml,Klacid,Cốm pha hỗn dịch,Indonesia,"Hỗn dịch clarithromycin cho trẻ em được chỉ định điều trị các nhiễm khuẩn do các vi khuẩn nhạy cảm gây ra, bao gồm:
Nhiễm khuẩn đường hô hấp trên (viêm họng, viêm amidan).
Nhiễm khuẩn đường hô hấp dưới (viêm phế quản, viêm phổi).
Viêm tai giữa cấp.
Nhiễm khuẩn da và cấu trúc da (như chốc lở, viêm nang lông, viêm mô tế bào, áp xe).
Các nhiễm khuẩn do Mycobacterium như M. avium hoặc M. intracellulare; các nhiễm khuẩn do M. chelonae, M. fortuitum.","Quá mẫn với macrolid.
Dùng cùng: astemizol, cisaprid, pimozid, terfenadin (nguy cơ loạn nhịp tim).
Dùng với ergotamin hoặc dihydroergotamin.
Bệnh nhân có tiền sử kéo dài QT.
Suy gan nặng kèm suy thận.
Không dùng cùng statin chuyển hóa qua CYP3A4 (lovastatin, simvastatin","Các nghiên cứu lâm sàng sử dụng hỗn dịch clarithromycin cho trẻ từ 6 tháng tới 12 tuổi.
Liều dùng hàng ngày: 7,5 mg/kg/lần, ngày uống 2 lần (tối đa 500 mg x 2 lần/ngày).
Thời gian điều trị: 5–10 ngày tùy theo tác nhân gây bệnh và mức độ bệnh",,"Nguy cơ loạn nhịp tim, kéo dài QT.
Thận trọng ở bệnh nhân suy gan, suy thận.
Có thể gây viêm gan, vàng da, suy gan.
Nguy cơ viêm ruột giả mạc do Clostridium difficile.
Có thể gây nhiễm nấm hoặc vi khuẩn không nhạy cảm khi dùng kéo dài",cân nhắc khi sử dụng,,"Mất ngủ, loạn vị giác, đau đầu, giãn mạch, tiêu chảy, nôn, phát ban.",,https://drive.google.com/file/d/1PZOEMLZnxyPrZm0tUJMuYfqdS1VddPaE/view,
Sevofluran,,Sevorane,Dược chất lỏng nguyên chất dùng để hít,Italy,chỉ định trong khởi mê và duy trì mê khi phẫu thuật bệnh nhân nội trú và ngoại trú cả ở người lớn và trẻ em,"Không dùng ở người được biết là mẫn cảm với sevofluran và các thuốc gây mê đường hô hấp khác có chứa halogen. Sevofluran cũng chống chỉ định ở người đã biết hoặc nghi ngờ có nhạy cảm do di truyền với chứng sốt cao ác tính.
Sevofluran chống chỉ định ở bệnh nhân được chống chỉ định gây mê toàn thân.",Tiến mê được chọn tùy theo tình trạng của từng người bệnh và theo ý của người gây mê. Thường dùng thuốc kháng cholinergic.,,"Sevofluran có thể gây suy hô hấp, tình trạng có thể gia tăng do thuốc tiền mê hoặc các tác nhân gây suy hô hấp. Phải kiểm soát hô hấp và hỗ trợ nếu cần thiết.",cân nhắc khi sử dụng,,"nhịp tim nhanh, tăng huyết áp, buồn nôn, rét run, sốt, nồng độ đường huyết bất thường, xét nghiệm chức năng gan bất thường",,https://drive.google.com/file/d/1n3ajomGTUphrZaxYawfYC45arAUfAmpX/view,
Ipratropium bromid ; salbutamol,,Combivent,"dung dịch trong suốt, không màu hoặc gần như không màu, không có các tiểu phân treo lơ lửng, được chứa trong lọ đơn liều polyethylene",Pháp,COMBIVENT dung dịch dùng cho khí dung trong lọ đơn liều được chỉ định để kiểm soát co thắt phế quản có hồi phục do bệnh lý tắc nghẽn đường hô hấp ở những bệnh nhân cần nhiều hơn một thuốc giãn phế quản,"​Bệnh nhân bị bệnh cơ tim tắc nghẽn phì đại hoặc loạn nhịp nhanh.
​Bệnh nhân quá mẫn với atropin hoặc các dẫn xuất của atropin hoặc bất cứ thành phần nào của thuốc.","Điều trị cơn cấp tính:
01 lọ đơn liều là đủ để cắt cơn nhanh chóng trong nhiều trường hợp.
​Trong các trường hợp nặng, nếu không cắt cơn được với một lọ đơn liều, có thể cần dùng đến lọ đơn liều thứ 2. Trong những trường hợp này, bệnh nhân nên đến khám bác sĩ hoặc ngay lập tức đến bệnh viện gần nhất.
​Điều trị duy trì:
1 lọ đơn liều x 3 đến 4 lần/ngày",,Phản ứng quá mẫn và co thắt phế quản ; biến chứng tại mắt ; ảnh hưởng toàn thân và tim mạch,cân nhắc khi sử dụng,,"Đau đầu, kích ứng cổ họng, ho, khô miệng, rối loạn nhu động dạ dày ruột, buồn nôn và chóng mặt",,https://drive.google.com/file/d/1cHJV0d03mUzHK34FJkeoq22Rk4Al6zN7/view,
Atorvastatin,20mg,Insuact 20,Viên nén bao phim,Việt Nam,"Atorvastatin được chỉ định như thuốc bổ trợ cho chế độ ăn uống để giảm nồng độ cholesterol toàn phần, LDL-C, apo B và triglycerid và tăng HDL-C ở các bệnh nhân tăng cholesterol máu tiên phát (có hay không có tính chất gia đình dị hợp tử) và rối loạn lipid máu hỗn hợp
Giảm nguy cơ nhồi máu cơ tim.
Giảm nguy cơ đột quỵ tim mạch.
Giảm nguy cơ làm thủ thuật tái tạo mạch vành và nguy cơ đau thắt ngực.
Ở người đái tháo đường typ II không có các biểu hiện bệnh tim mạch vành, nhưng có các nguy cơ của bệnh tim mạch vành như bệnh võng mạc, albumin niệu, hút thuốc lá hoặc tăng huyết áp, thuốc được chỉ định nhằm:
Giảm nguy cơ nhồi máu cơ tim.
Giảm nguy cơ đột quỵ tim mạch.
Ở người tăng cholesterol huyết đã từng xảy ra các biến cố tim mạch, thuốc được chỉ định nhằm:
Giảm nguy cơ nhồi máu cơ tim.
Giảm nguy cơ đột quỵ tim mạch.
Giảm nguy cơ tiến hành thủ thuật tái tạo mạch vành.
Giảm nguy cơ nằm viện do suy tim sung huyết.
Giảm nguy cơ đau thắt ngực.","Người bệnh quá mẫn với atorvastatin hay bất kỳ thành phần nào của thuốc.
Người có bệnh gan hoạt động hoặc transaminase huyết thanh tăng dai dẳng không giải thích được.
Phụ nữ mang thai, phụ nữ đang cho con bú, phụ nữ nghi ngờ có thai hoặc có kế hoạch mang thai.",10-20 mg/lần/ngày,80 mg/ngày,,Chống chỉ định,,,"Nơi khô, không quá 30*C",https://drive.google.com/file/d/1bUe44KEE1JZFir04tJJ4GEL_Ore1kpyu/view,
Carbomer,20mg,Liposic eye gel,Gel,Đức,Dùng thay thế nước mắt trong các trường hợp tiết nước mắt không đủ và điều trị triệu chứng cho bệnh khô mắt.,Người có tiền sử phản ứng với bất kỳ thành phần nào của thuốc.,3 đến 5 lần mỗi ngày và nhỏ trước khi đi ngủ 30 phút.,,,Cân nhắc khi sử dụng,,,Dưới 25*C,https://drive.google.com/file/d/1r5fVxlg_uH0rfn9c6k0yVddukCMpgUXU/view,
Povidon Iod,0.01,Betadine gargle and Mouthwash,"Dung dịch súc họng, miệng",Síp,"Điều trị viêm , nhiễm khuẩn, nhiễm nấm miệng và họng
Dự phòng trong và sau phẫu thuật
Dùng thường kỳ để vệ sinh khoang miệng","Không dùng thuốc khi được biết có mẫn cảm với iod hoặc povidon hay bất kì thành phần tá dược nào.
Không dùng thuốc khi có sự hoạt động quá mức của tuyến giáp (tăng năng tuyến giáp), các bệnh lý rõ ràng khác của tuyến giáp cũng như trước và sau khi trị liệu iod phóng xạ.
Không được dùng thuốc này trong vòng 4 tuần trước khi làm nhấp nháy đồ iod phóng xạ hoặc điều trị iod phóng xạ trong ung thư biểu mô tuyến giáp.
Những bệnh nhân bướu giáp, bướu giáp nhân, hoặc các bệnh tuyến giáp khác (đặc biệt là các bệnh nhân cao tuổi) có nguy cơ tăng năng tuyến giáp (hoạt động quá mức của tuyến giáp) do dùng lượng lớn iod.
Không dùng cho bệnh nhân đang điều trị đồng thời với lithium.
Không dùng cho trẻ em dưới 6 tuổi.","1 nắp chai tương đương với 15 ml. Sử dụng 20 - 30 ml dung dịch không pha loãng hoặc pha loãng đến 2 phần nước.
4 lần/ngày",,,Cân nhắc khi sử dụng,,,Dưới 25*C,https://drive.google.com/file/d/1fkzS_EX0zTHcc1pUOKMk758wXzfkzsVs/view,
Amlodipine + Losartan,5 + 50mg,Cozzar XQ,Viên nén bao phim,Hàn Quốc,Tăng huyết áp vô căn,"Bệnh nhân đã biết có tiền sử nhạy cảm với các hoạt chất của thuốc hoặc Dihydropyridine.

Phụ nữ mang thai hoặc có thể có thai hoặc bà mẹ cho con bú.

Suy gan nặng.

Hẹp van động mạch chủ nặng.

Bệnh nhân bị sốc.",1 viên/ngày,,,Cực kỳ cẩn trọng khi dùng,,"Tụt huyết áp, mất cân bằng điện giải",Dưới 30*C,https://drive.google.com/file/d/1WPrVO8kPSspukCJN82_XXPAA_MNRD6Zw/view,
Povidon Iod,"0,45%",Betadine Throat Spray,Dung dịch xịt,Síp,"Điều trị các bệnh nhiễm trùng cấp tính niêm mạc miệng và họng bao gồm viêm miệng, viêm nướu, loét miệng aphter, viêm họng, viêm amiđan, nhiễm nấm Candida, cảm lạnh thông thường và cúm.",,Xịt vào niêm mạc họng vài lần một ngày (cách mỗi 3 - 4 giờ).,,,Thận trọng khi sử dụng,,,Dưới 30*C,https://drive.google.com/file/d/1l7ZqfAlkGBQYyrsjzujchbxhwo5Rbnn3/view,
Vinorelbine ( dưới dạng Vinorelbine tartrate ),20mg,Vinorelbine Alvogen 20mg soft capsules,Viên nang mềm,Đài Loan,"Trị liệu đầu tay cho ung thư phổi không tế bào nhỏ giai đoạn 3 hoặc 4.
Điều trị ung thư vú tiến triển giai đoạn 3 và 4 tái phát sau khi dùng hoặc không dùng đến chế độ điều trị có chứa anthracycline.","Quá mẫn với vinorelbine hoặc vinca-alkaloid khác hoặc với bất kỳ thành phần nào của thuốc.
Bệnh lý ảnh hưởng đáng kể đến khả năng hấp thu
Đã từng phẫu thuật cắt bỏ dạ dày hoặc ruột non.
Số lượng bạch cầu trung tính < 1500/mm3 hoặc nhiễm trùng nặng hiện tại hoặc gần đây (trong vòng 2 tuần).
Số lượng tiểu cầu < 100000/mm3
Thời kỳ mang thai, cho con bú
Bệnh nhân cần điều trị oxy lâu dài
Dùng chung với vắc xin sốt vàng da",60mg/m2,,,"Chống chỉ định phụ nữ cho con bú, hỏi ý kiến bác sĩ cho bệnh nhân có thai",,"Nhiễm khuẩn, virus hoặc nấm mà không giảm bạch cầu ở các vị trí khác nhau.

Các bệnh nhiễm trùng do vi khuẩn, vi rút hoặc nấm gây ra do suy tủy xương và/hoặc tổn thương hệ thống miễn dịch (nhiễm trùng bạch cầu trung tính).

Suy tủy xương dẫn đến giảm bạch cầu trung tính.

Giảm bạch cầu, thiếu máu, giảm tiểu cầu, sốt giảm bạch cầu trung tính.

Chán ăn, mất ngủ, rối loạn cảm giác thần kinh.

Rối loạn vận động thần kinh, nhức đầu, chóng mặt, rối loạn vị giác, suy giảm thị lực.

Tăng hoặc hạ huyết áp động mạch.

Khó thở, ho.

Buồn nôn, nôn, tiêu chảy, viêm miệng, đau bụng, táo bón. Rối loạn dạ dày, viêm thực quản, chứng khó nuốt.

Rối loạn chức năng gan.

Rụng tóc, phản ứng trên da.

Đau khớp bao gồm đau hàm, đau cơ. Đau bao gồm cả đau tại vị trí khối u, ớn lạnh.

Tiểu khó, triệu chứng sinh dục khác.

Mệt mỏi, khó chịu, sốt .",2-8*C,https://drive.google.com/file/d/1DQKUavXf8gu4iiZb3x3D-Ooal_PR7iZk/view,
"Diệp hạ châu, Cúc Hoa, Cam Thảo, Kim Ngân Hoa, Thảo Quyết Minh, Tam thất","10g, 1g, 2g, 2g, 5g, 5g",DIỆP HẠ CHÂU,Cốm,Việt Nam,"Thuốc Diệp Hạ Châu Vạn Xuân được chỉ định dùng trong các trường hợp điều trị chứng thấp nhiệt (nóng nực, chán ăn, đầy tức hạ sườn phải, táo bón, tiểu vàng, tiểu ít, mụn nhọt...) thường gặp trong tình trạng các bệnh:

Viêm gan cấp và mãn kể cả viêm gan virus B hay do hóa chất độc, xơ gan, ung thư gan, gan nhiễm mỡ.

Ngộ độc, nhiễm độc do rượu, hóa chất độc.","Dị ứng với thành phần bài thuốc.
Phụ nữ có thai
Người thể hàn, dương hư, tiêu chảy do hàn.","Người lớn:

Uống 1 - 2 gói/lần, ngày 2 - 3 lần. Dùng 10 - 20 ngày với bệnh cấp, 3 - 6 tháng hay dài hơn với bệnh mãn.

Trẻ em từ 2 tuổi trở lên:

0,5 - 1 g/kg thể trọng 1 ngày, chia nhiều lần trong ngày.",,,Chống chỉ định,,,Dưới 30*C,https://drive.google.com/file/d/1Ep10YvBvMty_b2Zl7Ql6RvoKIMntMjCS/view,
"Sitagliptin, Metformin",50/850mg,Stradiras,Viên nén bao phim,Việt Nam,Điều trị bệnh đái tháo đường tuýp 2,"Quá mẫn
Bất kỳ loại nhiễm toan nào
Tiền hôn mê ĐTĐ
eGFR < 30ml/phút
Mất nước, nhiễm trùng nặng, sốc, dùng thuốc cản quang chứa iod đường TM
Suy tim, suy hô hấp, mới bị nhồi máu cơ tim, sốc
Suy gan
Ngộ độc rượu cấp, nghiện rượu
Phụ nữ cho con bú",2 viên/ngày,,,Thận trọng với PN có thai và chống chỉ định với PN cho con bú,,"Nhiễm nấm da, hạ đường huyết, ho, buồn nôn, đầy hơi, đau bụng, nôn, khó tiêu",Dưới 30*C,https://drive.google.com/file/d/1c161qOk-5DShQhh-mLcUT-lctl6dYrCr/view,
Ambroxol hydrochloride,30ng,Ambromed,Siro,Thổ Nhĩ Kỳ,"Phòng biến chứng phổi sau mổ
Các bệnh mạn tính ở đường hô hấp có kèm tăng tiết dịch phế quản đặc biệt trong đợt cấp viêm phế quản mạn, hen, viêm phế quản dạng hen","Quá mẫn
Loét dạ dày tá tràng tiến triển","Người lớn: 5ml/lần, 3 lần/ngày
Trẻ em: 2,5ml/lần, 3 lần/ngày",,,Thận trọng khi sử dụng,,"Tai biến nhẹ, buồn nôn, nôn, khó tiêu, ợ nóng",< 30*C,https://drive.google.com/file/d/1ATA7sNRFIKNd4aHHdtK5g0K-aLlTSYoR/view,
"Địa liền, riềng, thiên niên kiện, đại hồi, huyết giác, ô dầu, quế nhục, long não, ethanol","5g, 5g, 5g, 3g, 3g, 2g, 2g, 0,2g, 20ml",Thuốc xoa bóp Bảo Phương,Tuýp,Việt Nam,"Đau nhức cơ, xương khớp, bong gân, chẹo chân, da bầm tím, đau do co cứng cơ, do va đập, chấn thương.

Đau nhức vai gáy, lưng, gối do phong tê thấp khớp, thoái hóa khớp.","Mẫn cảm với một trong các thành phần của thuốc.

Không xịt thuốc lên mắt và các vết thương hở.

Không thoa lên vú lúc cho con bú.

Không được uống.",Ngày dùng thuốc 2 đến 3 lần.,,,Được dùng,,,< 30*C,https://drive.google.com/file/d/10L1t7V45AXNwNZYePPlCnkS1kbusETPa/view,
Acetylsalicylic acid+ clopidogrel,100 mg; 75 mg,Duoplavin,,,,"Mẫn cảm với các thành phần thuốc
Dị ứng với NSAID, hội chứng hen, viêm mui, polip mũi
Có bệnh lý dưỡng bào từ trước
Xuất huyết (loét dạ dày, xuất huyết nội sọ)
Suy gan, suy thận nặng (Crcl < 30 ml/phút)
3 tháng cuối thai kỳ",,,,Thận trọng khi sử dụng,,,,https://drive.google.com/file/d/128cuwIzL13cabg-zLmNSMebjwVYGfTYf/view,
Methocarbamol,1000mg,Mycotrova 1000,,,,"Mẫn cảm với các thành phần thuốc
Hôn mê, tổn thương não, nhược cơ, tiền sử động kinh",,,,Thận trọng khi sử dụng,,,,https://drive.google.com/file/d/1tczlfoELYPsYte1AXuNV8ETaR4Y8at19/view,
Diosmin + hesperidin,500mg,Traflon 500,,,,Mẫn cảm với các thành phần thuốc,,,,Thận trọng khi sử dụng,,,,https://drive.google.com/file/d/1cRABEL6Bq2KdvY_Xsg5yEWE1VkhjodPC/view,
Diltiazem,30mg,Diltiazem,Viên nén,,,"Hội chứng suy nút xoang
Có block nhĩ thất độ 2 hoặc 3 trừ khi sử dụng máy tạo nhịp tim
Tụt H/A
Quá mẫn với diltiazem
Bị nhồi máu cơ tim cấp tính và sung huyết phổi được chẩn đoán bằng X-quang khi nhập viện",,,,Thận trọng khi sử dụng,,,,https://drive.google.com/file/d/1evRQavY_d4uZZhl6p1Mk-iXnf497RSqT/view,
Sitagliptin,25mg,Gliptinestad,Viên nén bao phim,,,"Đái tháo đường tuýp 1
Quá mẫn với các thành phần của Gliptinestad 25
Trẻ < 18 tuổi
Tiểu đường nhiễm toan ceton",,,,Không nên dùng,,,,https://drive.google.com/file/d/1Rn9DRPqOBCmX-4e0RWSpQ6LtXvXlTkYF/view,
Budesonid,"0,25mg/ ml x 2ml",Zensonid,Hỗn dịch dùng cho khí dung,,,"Quá mẫn với budesonid hoặc với các thành phần khác trong chế phẩm thuốc.

Điều trị ban đầu cơn hen cấp hoặc trạng thái hen khi cần phải điều trị tích cực.",,,,,,,,https://drive.google.com/file/d/1YDvTCeGXKdqy9BRzG5-FpP_VYnYV9ECd/view,
Simethicon,40mg/ml,Espumisan L,Nhũ tương uống nhỏ giọt,,,Espumisan® L chống chỉ định với những bệnh nhân quá mẫn với simethicon hoặc bất cứ tá dược nào của thuốc.,,,,,,,,https://drive.google.com/file/d/1jGh_GBa09AEYTmu0Jnk6J9yQ_pyoQzeI/view,
Saccharomyces boulardii,100mg,Bioflora,Bột pha hỗn dịch uống,,,"Mẫn cảm với một trong các thành phần của thuốc.
Bệnh nhân đặt catheter tĩnh mạch trung ương.
Bệnh nhân bị bệnh nghiêm trọng hoặc bệnh nhân suy giảm miễn dịch do có nguy cơ nhiễm nấm.",,,,,,,,https://drive.google.com/file/d/1Kqw1caU9uirVpdC-Qe3ErHesHGFxVg0u/view,
Clopidogrel,75 mg,Plavix 75mg,Viên nén bao phim,,,"Dị ứng với clopidogrel hoặc một trong bất cứ thành phần nào của Plavix.
Đang bị bệnh có thể gây chảy máu như loét dạ dày hoặc chảy máu trong não.
Bệnh gan nặng.",,,,,,,,https://drive.google.com/file/d/1oH8i-VtrCka1XnlbLzRYXo7Ie8LrN-JE/view,
Bosentan,"62,5 mg",PULMIFLO TABLETS 62.5MG,Viên nén bao phim,,,"Quá mẫn với các thành phần thuốc
Suy gan trung bình đến nặng, AST, ALT cao gấp 3 lần bình thường
Dùng với Cyclosporine A
Phụ nữ thai kỳ
Phụ nữ cho con bú không sử dụng các biện pháp ngừa thai tin cậy",,,,,,,,https://drive.google.com/file/d/12lZhsDVJhHHQim_F7LeUFyCgia5nLuAM/view,
Paracetamol + codein phosphat,500mg (515mg) + 30mg,Algocod 500 MG/30 MG,Viên sủi,,,"Quá mẫn với paracetamol và các thành phần thuốc
Suy gan nặng và bệnh gan mất bù
Suy hô hấp bất kể mức độ
Trẻ em dưới 12 tuổi
Trẻ em từ 0 - 18 tuổi < 50kg vừa thực hiện thủ thuật cắt amidan hoặc nạo V.A
Phụ nữ cho con bú
Những bệnh nhân mang gen chuyển hóa thuốc qua CYP2D6 siêu nhanh",,,,,,,,https://drive.google.com/file/d/176qati--Ni-eEHbpflN3_U17Uw4jypS_/view,
Gliclazide,30 mg,Clazic SR,Viên nén tác dụng kéo dài,Việt Nam,Thuốc Clazic SR được chỉ định dùng trong các trường hợp điều trị đái tháo đường type 2 không kiểm soát được bằng chế độ ăn và tập thể dục.,"- Đái tháo đường type 1.
Quá mẫn với sulfonylureas.
Suy gan hoặc suy thận nặng.
Hôn mê hoặc tiền hôn mê do đái tháo đường.
Phụ nữ cho con bú",30 - 120 mg (1 đến 4 viên) uống một lần mỗi ngày trước khi ăn sáng.,,,Cân nhắc cho phụ nữ có thai và chống chỉ định cho phụ nữ cho con bú,,"Hạ đường huyết
Rối loạn tiêu hóa",<30*C,https://drive.google.com/file/d/1IIZ_obMoyvi7opan8hoVT0nnIjBvcEV8/view,
candesartan cilexetil,8mg,Timtim,viên nén,romania,Điều trị tăng huyết áp,"Quá mẫn với Candesartan hoặc bất kỳ thành phần nào của thuốc.
Phụ nữ có thai trong 3 tháng giữa và 3 tháng cuối của thai kỳ.
Bệnh nhân suy gan nặng, ứ mật.
Trẻ em dưới 1 tuổi","Tăng huyết áp: liều khởi đầu 8 mg/ngày. Có thể tăng lên 16 mg hoặc 32 mg/ngày tùy đáp ứng của bệnh nhân.
Suy tim: bắt đầu với liều 4 mg/ngày, tăng dần liều gấp đôi sau mỗi 2 tuần cho đến liều tối đa 32 mg/ngày.",,,Không nên sử dụng trong thời kì mang thai.,,,,https://drive.google.com/file/d/1mEhvPpOgKVsH1tCMK60zsmZZEB3IzBz6/view,
fluvoxamine maleate,100mg,Luvox 100mg,viên nén bao phim,France,"Cơn trầm cảm chủ yếu.
Rối loạn xung lực cưỡng bức ám ảnh (OCD).","Không dùng Luvox nếu bạn bị dị ứng (mẫn cảm) với hoạt chất hoặc bất kì tá dược nào.

Không dùng viên nén Luvox kết hợp với tizanidine, các chất ức chế monoamine oxidase (MAOIs) hoặc với ramelteon (xem mục Tương tác thuốc).

Bác sĩ sẽ thông báo bạn thời điểm bắt đầu dùng thuốc, cần được biết rằng, nếu bạn đang dùng MAOI: Bạn có thể chỉ bắt đầu điều trị với Luvox 2 tuần sau khi ngưng dùng chất ức chế MAOI không đảo ngược được hoặc vào ngày tiếp theo sau khi ngưng dùng chất ức chế MAOI đảo ngược được (ví dụ moclobemide, linezolid).

Cũng vậy, bạn phải ngưng dùng Luvox ít nhất 1 tuần trước khi bắt đầu điều trị với bất kỳ chất ức chế MAOI nào.","Trầm cảm: từ  50 - 100mg/ ngày
Rối loạn xung lực cưỡng bức ám ảnh: từ 100 - 300mg/ngày",,,"Phụ nữ có thai: có thể tăng nguy cơ trẻ sinh ra bị tăng áp phổi dai dẳng
Phụ nữ đang cho con bú: Luvox không được dùng cho phụ nữ đang cho con bú.",,"chán ăn
Bối rối, căng thẳng, lo âu, mất ngủ
Đánh trống ngực/ nhịp tim nhanh
Đau bụng, táo bón, tiêu chảy, khô miêng, khó tiêu, buồn nôn, nôn
Tăng tiết mồ hôi
Suy nhược, mệt mỏi",<30*C,https://drive.google.com/file/d/1D8azINasd9lZE1t2A74JwuCp47CxruRH/view,
Bismuth oxid,120mg,BISMUTH,Viên nén tròn,Việt Nam,"Điều trị loét dạ dày và tá tràng
Hỗ trợ diệt Helicobacter pylori kết hợp với loại thuốc khác.","Quá mẫn với thành phần.
Suy thận nặng.","1viên x 4 lần/ngày
2 viên x 2 lần/ ngày",,,Không nên sử dụng trong thời kì mang thai.,,Nhuộm phân đen.,,https://drive.google.com/file/d/1eFEdbBxSTW3Psy3JS2AUwUwsXxxKqJxK/view,
Furosemid,40mg,AGIFUROS,Viên nén tròn trắng,Việt Nam,"Phù phổi cấp;
Phù do tim, gan, thận và các loại phù khác;
Tăng huyết áp khi có tổn thương thận;
Tăng calci huyết.","Mẫn cảm với Furosemid và với các dẫn chất sulfonamid, ví dụ như sulfamid chữa đái tháo đường cũng như với bất kỳ thành phần nào của thuốc;
Rối loạn điện giải (hạ natri máu nặng, hạ kali máu nặng, giảm thể tích máu), mất nước hoặc tụt huyết áp.
Tình trạng tiền hôn mê gan, hôn mê gan kèm xơ gan.
Vô niệu hoặc suy thận do các thuốc gây độc đối với thận hoặc gan.
Bệnh Addison.
Nhiễm độc digitalis.
Phụ nữ cho con bú.","Điều trị phù:
Liều uống bắt đầu thường dùng là 40mg/ngày.
Điều trị tăng huyết áp:
Liều dùng đường uống là 40 - 80mg/ngày, dùng đơn độc hoặc phối hợp với các thuốc hạ huyết áp khác.
Điều trị tăng calci máu:
Uống 120mg/ngày, uống 1 lần hoặc chia làm 2 hoặc 3 liều nhỏ.
rẻ em dưới 12 tuổi:
Liều dùng tính theo cân nặng của trẻ, vì vậy nên chọn dạng bào chế thích hợp cho trẻ em.",,,"-Gây rối loạn nước và chất điện gảii cho thai nhi, giảm tiểu cầu ở trẻ sơ sinh.
-Trong thời kỳ cho con bú: nguy cơ ức chế bài tiết sữa.",,"Rối loạn mạch máu
Rối loạn thận",,https://drive.google.com/file/d/1Gt7bWuPWG_TCaqUh86Tdbd64UMcl4rZo/view,
Bambuterol hydroclorid,10mg,baburol,Viên nén dài,Việt Nam,"hen phế quản, viêm phế quản mạn tính, khí phế thủng và các bệnh lý phổi khác có kèm co thắt phế quản.",,"Liều chỉ định 1 lần/ngày. Cần điều chỉnh liều phù hợp từng cá thể.
Người lớn: Liều chỉ định khởi đầu 10 mg.
Trẻ em 2–5 tuổi: Liều khuyên dùng thông thường là 5 mg/lần/ngày.

Trẻ em 6–12 tuổi: Liều khởi đầu khuyên dùng là 10mg/lần/ngày.

Người cao tuổi: Dùng theo liều người lớn.",,thận trọng trong 3 tháng đầu thai kỳ.,,,"run cơ, nhức đầu, rối loạn giấc ngủ",dưới 30*C,https://drive.google.com/file/d/1Bk9Q2Yvlx_x-uxA1g_w-DJD8cG4DgnrT/view,
Fenofibrat,160mg,Hafenthyl,Viên nén oval,Việt Nam,"Ðiều trị tăng triglycerid máu nghiêm trọng kèm hoặc không kèm với nồng độ HDL cholesterol thấp.
Điều trị tăng lipid máu hỗn hợp khi thuốc nhóm statin bị chống chỉ định hoặc không dung nạp.
Điều trị tăng lipid máu hỗn hợp ở những bệnh nhân có nguy cơ bệnh tim mạch cao kết hợp với một statin, khi triglycerid và HDL cholesterol chưa được kiểm soát đầy đủ.","Dị ứng với fenofibrat hoặc bất kỳ thành phần nào của thuốc.
Suy gan (bao gồm xơ gan mật và bất thường chức năng gan dai dẳng không xác định).
Bệnh túi mật.
Suy thận nặng (eGFR < 30 ml/phút/1,73m2).
Viêm tụy cấp tính hoặc mạn tính, ngoại trừ viêm tụy cấp do triglycerid huyết tăng cao trầm trọng.
Nhạy cảm với ánh sáng hay phản ứng quang độ tính trong quá trình điều trị với các fibrat hoặc ketoprofen.","Người lớn:
Liều khuyến cáo 1 viên (160 mg fenofibrat)/ngày.
Bệnh nhân cao tuổi (> 65 tuổi): Không cần điều chỉnh liều. Khuyến cáo dùng liều thông thường, trừ khi chức năng thận bị suy giảm với độ lọc cầu thận ước tính (eGFR) < 60 ml/phút/1,73m2.
Bệnh nhân suy thận nặng (eGFR < 30 ml/phút/1,73m2): không nên dùng fenofibrat.
Bệnh nhân suy gan: Không khuyến cáo sử dụng Hafenthyl Supra 160 mg do thiếu dữ liệu.
Trẻ em: Tính an toàn và hiệu quả của fenofibrat ở trẻ em và trẻ vị thành niên dưới 18 tuổi chưa được thiết lập.",,"Các nguyên nhân thứ phát gây tăng lipid huyết:
Đái tháo đường týp 2 không kiểm soát, suy giáp, hội chứng thận hư, rối loạn protein huyết, bệnh gan tắc nghẽn.
Chức năng gan:
Giống như các thuốc hạ lipid khác, tăng nồng độ transaminase đã được báo cáo ở một số bệnh nhân.
Khuyến cáo theo dõi nồng độ transaminase mỗi 3 tháng trong suốt 12 tháng đầu điều trị và định kỳ sau đó.
Tuyến tụy:
Viêm tụy đã được báo cáo ở bệnh nhân dùng fenofibrat. Biến cố này có thể là kết quả điều trị thất bại ở những bệnh nhân tăng triglycerid huyết nặng, là một tác dụng trực tiếp của thuốc, hoặc là một hiện tượng thứ phát qua việc hình thành sỏi hoặc cặn lắng trong đường mật kèm tắc nghẽn ống mật.
Cơ:
Ngộ độc cơ
Bệnh nhân có yếu tố tiền đề mắc bệnh về cơ và/ hoặc tiêu cơ vân, bao gồm trên 70 tuổi, tiền sử bản thân hoặc gia đình mắc chứng rồi loạn cơ di truyền, suy thận, suy giáp và uống nhiều rượu, có thể tăng nguy cơ tiêu cơ vân tiến triển.
Chức năng thận:
Hafenthyl Supra 160 mg chống chỉ định trong trường hợp suy thận nặng.
Tá dược:
Thuốc có chứa tá được lactose.",Không có dữ liệu đầy đủ về việc sử dụng fenofibrat ở phụ nữ mang thai.,,"Rối loạn tiêu hóa, dạ dày, ruột","Nơi khô ráo, dưới 30°C. Tránh ánh sáng.",https://drive.google.com/file/d/1psa_i87UoceX1lWQAMNJx41g237XmcWl/view,
Cao đặc Bồ bồ,200mg,Giải độc gan Vinaplant,Thuốc cốm,Việt Nam,"Giải độc gan, viêm gan do virus, viêm gan vàng da cấp và mạn tính, men gan tăng, ăn không tiêu, sốt,
đau đầu, không ra mồ hôi.
Hỗ trợ giải độc gan khi uống rượu, bia nhiều hay sử dụng thuốc, hóa chất độc hại.",,"Ngày uống 2 - 3 lần sau bữa ăn:
- Trẻ dưới 6 tuổi, mỗi lần 1 gói 3g.
- Trẻ từ 6 - 14 tuổi, mỗi lần 1-2 gói 3g hoặc 1 gói 6g.
- Trẻ từ 14 tuổi trở lên và người lớn, mỗi lần 2-3 gói 3g hoặc 1-2 gói 6g hoặc 1 gói 9g.",,,,,,"Nơi khô, nhiệt độ dưới 30*C",https://drive.google.com/file/d/1aXYk6GMicnxPTsOUIcogryJF6x0ZVLHO/view,
Voltaren Emulgel 1.16%,1g,Voltaren Emulgel,Dạng gel bôi ngoài da,Thụy Sỹ,"Tổn thương gân, dây chằng, cơ và khớp, ví dụ bong gân, vết bầm tím, căng cơ quá mức và đau lưng sau khi chơi thể thao hoặc bị tai nạn.
Các dạng bệnh thấp khu trú ở mô mềm như viêm gân (đau khuỷu tay ở người chơi tennis), hội chứng vai - bàn tay, viêm bao hoạt dịch, bệnh viêm quanh khớp.
Điều trị triệu chứng viêm xương khớp ở các khớp nhỏ và trung bình nằm gần với da như khớp ngón tay hoặc khớp gối.
Khuyến cáo rằng việc điều trị nên được xem xét sau 14 ngày trong các chỉ định này. Đối với điều trị viêm xương khớp của các khớp bề mặt như đầu gối. Trong điều trị viêm xương khớp, nên xem lại liệu pháp sau 4 tuần điều trị.","Bệnh nhân bị hay không bị hen suyễn mạn tính, nổi mề đay hoặc viêm mũi cấp sau khi dùng axit acetylsalicylic (aspirin) hoặc các thuốc chống viêm không steroid (NSAID) khác.
Quá mẫn với diclofenac hoặc bất kỳ tá dược nào của thuốc.
Phụ nữ trong 3 tháng cuối của thai kỳ.
Trẻ em và thanh thiếu niên dưới 14 tuổi.","Chỉ dùng cho người lớn và trẻ em từ 14 tuổi trở lên.
Bệnh nhân cao tuổi (trên 65 tuổi)
Liều người lớn thông thường của Voltaren Emulgel có thể được sử dụng.
Nên bôi thuốc lên vùng bị đau 3 hoặc 4 lần/ngày và xoa nhẹ nhàng.",,,,,,"Không bảo quản trên 30°C, tránh nhiệt.",https://drive.google.com/file/d/1TsEZbTFjtcbNC099VX8KrIfHM9wzFyw3/view,
Amlodipin,10mg,Kavasdin 10,Viên nén,Việt Nam,"Tăng huyết áp
Đau thắt ngực ổn định mạn tính
Đau thắt ngực do co thắt mạch (đau thắt ngực Prinzmetal)","Quá mẫn với các dẫn xuất của dihydropyridin, amlodipin hoặc bất cứ thành phần nào của thuốc
Hạ huyết áp nghiêm trọng. Sốc (bao gồm sốc tim)
Tắc nghẽn đường ra của tâm thất trái
Suy tim huyết động không ổn định sau khi bị nhồi máu cơ tim cấp tính","Người lớn: Đối với tăng huyết áp và đau thắt ngực, liều khởi đầu thông thường là 5mg amlodipin mỗi ngày một lần, có thể tăng lên đến liều tối đa là 10mg mỗi ngày một lần tùy theo đáp ứng của mỗi bệnh nhân
Trẻ em và thiếu niên từ 6 đến 17 tuổi bị cao huyết áp: liều khởi đầu khuyến cáo dùng qua đường uống để điều trị tăng huyết áp: 2,5mg mỗi ngày một lần, rồi có thể tăng lên đến 5mg mỗi ngày nếu không đạt huyết áp mong muốn sau 4 tuần.",10mg,"Suy tim (Độ III/IV): Có thể làm gia tăng tỷ lệ phù phổi nhưng không làm trầm trọng hơn tình trạng suy tim.
Suy gan: Thời gian bán thải bị kéo dài và chưa có liều chuẩn, phải sử dụng rất thận trọng.
Người cao tuổi: Cần thận trọng, lưu ý kỹ khi có chỉ định tăng liều thuốc.
Suy thận: Dùng được liều bình thường vì nồng độ thuốc không bị ảnh hưởng, amlodipin không thể thẩm tách được.","Phụ nữ có thai: Chưa được thiết lập độ an toàn, chỉ khuyến cáo khi không có sự thay thế an toàn hơn và khi lợi ích vượt trội so với nguy cơ cho mẹ và thai nhi.
Phụ nữ cho con bú: Amlodipin được bài tiết qua sữa mẹ (trẻ nhận từ 3 - 7%, tối đa 15%), chỉ nên dùng thuốc nếu lợi ích vượt trội so với nguy cơ.","- Ảnh hưởng của các thuốc khác lên amlodipin:
Chất ức chế CYP3A4: Làm tăng nồng độ amlodipin trong máu làm tăng nguy cơ hạ huyết áp quá mức.
Chất cảm ứng CYP3A4: Có thể làm giảm nồng độ amlodipin trong máu.
Nước bưởi chùm: Có thể làm tăng sinh khả dụng và tăng tác dụng hạ huyết áp, không nên sử dụng chung.
- Ảnh hưởng của amlodipin tới các thuốc khác:
Tacrolimus: Có nguy cơ làm tăng nồng độ tacrolimus trong máu. Cần theo dõi nồng độ tacrolimus và điều chỉnh liều thích hợp.
Các thuốc ức chế rapamycin (sirolimus, temsirolimus, everolimus): Amlodipin (chất ức chế yếu CYP3A) có thể làm tăng phơi nhiễm của các thuốc này khi dùng đồng thời.
Cyclosporin: Có sự ảnh hưởng đến nồng độ khi dùng đồng thời trên đối tượng bệnh nhân ghép thận","Tác dụng phổ biến nhất là buồn ngủ, chóng mặt, nhức đầu, đánh trống ngực, đỏ bừng, đau bụng, buồn nôn, sưng mắt cá chân, phù và mệt mỏi","Trong bao bì kín, nơi khô ráo, không bảo quản trên 30°C, tránh nhiệt.",https://drive.google.com/file/d/1VeQHTY-7Hu2SLPQ9nDqq4A1Fjh_jaTzz/view,
"Táo nhân
Tâm sen
Thảo quyết minh
Đăng tâm thảo
Calci carbonat
Bột talc
Magnesi stearat","0,8g
0,8g
0,3g
0,1g
0,1g
4mg
6mg",AN THẦN,Viên nang cứng,Việt Nam,"Trị khó ngủ, mất ngủ đặc biệt ở người cao tuổi,người suy nhược tinh thần kinh,người lao động trí óc nhiều.",Không dùng cho người mẫn cảm với bất cứ thành phần nào của thuốc,"Ngày 3 lần, mỗi lần 2-3 viên
Đợt dùng 2-4 tuần
Uống với nước đun sôi để nguội",,,,,,,https://drive.google.com/file/d/12TF7Ou4uOb1NOOS2TCcY0Vyu9WyFu_Dy/view,
"Cao khô lá Bạch quả, Cao đặc rễ Đinh lăng",75+150 mg,Hoạt huyết dưỡng não DTH SACHET,Thuốc cốm,Việt Nam,"- Suy giảm trí nhớ, thiểu năng tuần hoàn não, hội chứng tiền đình, rối loạn tuần hoàn não. Suy tuần hoàn não, có các biểu hiện: đau đầu, chóng mặt, mất ngủ, mất
thăng bằng
- Giảm chức năng não bộ: giảm trí nhớ, suy nhược thần kinh
- Người làm việc trí óc căng thẳng bị đau đầu, hoa mắt, chóng mặt, mệt mỏi","- Mẫn cảm với bất cứ thành phần của thuốc.
- Phụ nữ có thai
- Người rối loạn chảy máu, đang chảy máu","Người lớn: 1 gói/ lần. Ngày uống 1-2 lần.
Trẻ em trên 12 tuổi: 1 gói/ lần. Ngày uống 1 lần",,,Phụ nữ có thai không dùng,,"Sản phẩm chứa Bạch quả có thể gây ra các tác dụng phụ bao gồm: đau đầu, chóng mặt, đánh trống ngực, rối loạn tiêu hóa, rối loạn chảy máu và phản ứng quá mẫn ở da.","Nơi khô, nhiệt độ không quả 30C, tránh ánh sáng",https://drive.google.com/file/d/1EKCFSOiwFGfEDU7NIDmLm7jGFWT5n0EW/view,
Moxifloxacin,"5,0mg",vigamox,Dung dịch nhỏ mắt,Mỹ,điều trị viêm kết mạc do vi khuẩn gây ra,"quá mẫn với  moxifloxacin, quinolon,các thành phần nào của thuốc","Sử dụng ở người lớn, kể cả người cao tuổi
Nhỏ 1 giọt vào mắt bị viêm 3 lần/ngày, dùng thuốc trong 7 ngày.
Tình trạng viêm thường được cải thiện sau 5 ngày, cần tiếp tục điều trị trong 2-3 ngày nữa. Nếu tình trạng viêm không được cải thiện sau 5 ngày điều trị, nên xem xét lại việc chẩn đoán hoặc điều trị.
Sử dụng ở trẻ em
Không cần chỉnh liều.
Sử dụng ở người suy gan và suy thận
Không cần chỉnh liều.",,thận trọng khi dùng trong thời kỳ cho con bú,,,,Bảo quản ở nhiệt độ không quá 30°C.,https://drive.google.com/file/d/1Hxr669SWJ9iZgf3bUB-FP5bNtAuKODS_/view,
Moxifloxacin,25mg,vigamox,Dung dịch nhỏ mắt,Mỹ,điều trị viêm kết mạc do vi khuẩn gây ra,"quá mẫn với  moxifloxacin, quinolon,các thành phần nào của thuốc","Sử dụng ở người lớn, kể cả người cao tuổi
Nhỏ 1 giọt vào mắt bị viêm 3 lần/ngày, dùng thuốc trong 7 ngày.
Tình trạng viêm thường được cải thiện sau 5 ngày, cần tiếp tục điều trị trong 2-3 ngày nữa. Nếu tình trạng viêm không được cải thiện sau 5 ngày điều trị, nên xem xét lại việc chẩn đoán hoặc điều trị.
Sử dụng ở trẻ em
Không cần chỉnh liều.
Sử dụng ở người suy gan và suy thận
Không cần chỉnh liều.",,thận trọng khi dùng trong thời kỳ cho con bú,,,,Bảo quản ở nhiệt độ không quá 30°C.,https://drive.google.com/file/d/1Hxr669SWJ9iZgf3bUB-FP5bNtAuKODS_/view,
Rivaroxaban,15mg,RIVAROXABAN MCN 15 ODT,Viên nén phân tán trong miệng,Việt Nam,"Dự phòng đột quỵ và thuyên tắc mạch toàn thân ở các bệnh nhân bị rung nhĩ không do bệnh lý van tim có một yếu tố nguy cơ hoặc nhiều hơn như: suy tim,tăng huyết áp,đái tháo đường, tiền sử đột quỵ hoặc cơn thiếu máu hoại tử cục bộ thoáng qua.
Điều trị huyết khối tĩnh mạch sâu DVT và thuyên tắc phổi PE, phòng ngừa DVT và PE tái phát.","Bệnh nhân có tiền sử quá mẫn với bất kì thành phần nào của thuốc.
Bệnh nhân đang bị xuất huyết(xuất huyết nội sọ,xuất huyết đường tiêu hoá,..)do tăng nguy cơ xuất huyết.
Bệnh nhân mắc bệnh gan liên quan đến rối loạn đông máu
Bệnh nhân suy gan trung bình hoặc nặng.
Phụ nữ mang thai hoặc nghi ngờ đang mang thai.","Liều khuyến cáo là 20mg/lần/ngày, đó cũng là liều tối đa được khuyến cáo",,,,,"Theo dõi bệnh nhân cẩn thận và quan sát thấy bất kì dấu hiệu bất thường nào , thực hiện các biện pháp thích hơpj như ngưng thuốc.",,https://drive.google.com/file/d/1ob67J3FSkW_C2yVMpmGj5ybnynpKvbtU/view,
Sofosbuvir + Velpatasvir,400mg/100mg,Velfovin oral,Viên nén bao phin,Việt Nam,Velfovin Oral được chỉ định để điều trị nhiễm virus viêm gan C mạn tính (HCV) ở bệnh nhân từ 3 tuổi trở lên.,"Mẫn cảm với hoạt chất chính hoặc bất kỳ thành phần nào của thuốc.
Sử dụng với chất gây cảm ứng P-gp và CYP
Khi sử dụng đồng thời với các thuốc có gây cảm ứng P-glycoprotein (P-pg) hoặc cytochrome P450 (CYP) (rifampicin, rifabutin, St. John's wort [Hypericum perforatum], carbamazepin, phenobarbital và phenytoin) sẽ làm giảm đáng kể nồng độ của sofosbuvir và velpatas vir trong huyết tương và có thể dẫn đến mất hiệu quả của viên nén sofosbuvir/velpatasvir.","uống 1 viên/ngày, kèm hoặc không kèm thức ăn.",,"Chậm nhịp tim và block tim nặng, bệnh nhân đã thất bại điều trị trước đó với phác đồ có chứa NS5A, suy thận, sử dụng kết hợp với các phác đồ điều trị HIV hiện tại, các bệnh nhân đồng nhiễm HCV/HEV (viêm gan virus B), bệnh nhân xơ gan CPT nhóm C, bệnh nhân ghép gan","Không khuyến cáo sử dụng cho phụ nữ mang thai
Nghiên cứu trên động vật cho thấy có độc tính tới khả năng sinh sản.",,Rối loạn nhịp tim,"Để nơi mát, tránh ánh sáng, nhiệt độ dưới 30⁰C.
Để xa tầm tay trẻ em, đọc kỹ hướng dẫn sử dụng trước khi dùng.",https://drive.google.com/file/d/1RzLfEJcfmzH7Lnmf4etPGYRlUwLbnVOK/view,
tobramycin+dexamethason,3mg+1mg,tobradex,hỗn dịch nhỏ mắt,Bỉ,,Quá mẫn với thành phần hoạt chất hay bất kỳ thành phần tá dược nào.,"Người lớn và trẻ em trên 1 tuổi
Đối với bệnh mức độ nhẹ đến trung bình, nhỏ 1 hay 2 giọt vào túi kết mạc, mỗi 4 giờ 1 lần, điều trị trong 7 ngày.
Đối với những nhiễm khuẩn mức độ nặng, nhỏ 2 giọt vào mắt bị bệnh mỗi giờ. Sau khi bệnh cải thiện, có thể giảm liều.
Dung dịch nhỏ mắt Tobrex có thể được dùng kết hợp với thuốc mỡ tra mắt Tobrex.
Trẻ em
Dung dịch nhỏ mắt Tobrex có thể được dùng cho trẻ em (lớn hơn hoặc bằng 1 tuổi) với cùng mức liều như ở người lớn. Hiện có rất ít thông tin về việc sử dụng thuốc ở trẻ em dưới 1 tuổi.",,,,,,Bảo quản ở nhiệt độ không quá 30°C.,https://drive.google.com/file/d/1Gy5qFKNPOOSHM7ZhwpssW0UxB-ZvgrGS/view?usp=sharing,
Fenofibrat micronized,200mg,Fenofibrat 200mg,Viên nang cứng,Việt Nam,"Điều trị rối loạn lipoprotein huyết các typ IIa, IIb, III, IV và V, phối hợp với chế độ ăn.","Suy thận nặng.
Rối loạn chức năng gan nặng.
Trẻ dưới 10 tuổi.","Người lớn: Liều ban đầu thường dùng: 200 mg/ngày. Nếu cholesterol toàn phần vẫn cao > 4 g/l: Có thể tăng lên 300 mg/ngày. Cần duy trì liều ban đầu cho đến khi cholesterol máu bình thường, sau đó có thể giảm nhẹ liều hằng ngày. Định kỳ kiểm tra cholesterol máu 3 tháng/lần để điều chỉnh liều phù hợp.
Trẻ em trên 10 tuổi: Cần xác định chính xác nguyên nhân tăng lipid máu và kết hợp thử với chế độ ăn kiểm soát chặt chẽ trong 3 tháng. Liều tối đa khuyên dùng: 5 mg/kg/ngày.",5 mg/kg/ngày,"Trước khi dùng:  phải thăm dò chức năng gan và thận của người bệnh.
Theo dõi gan: Đo transaminase định kỳ 3 tháng/lần trong 12 tháng đầu sử dụng.
Ngừng thuốc: Phải tạm ngừng điều trị nếu thấy SGPT (ALT) > 100 đơn vị quốc tế.
Phối hợp chống đông: Giảm liều thuốc chống đông còn 1/3, theo dõi sát prothrombin máu.
Hiệu chỉnh liều: Điều chỉnh thuốc chống đông suốt quá trình dùng và sau khi ngừng fibrat 8 ngày.
Tác dụng phụ ở cơ: Nhược năng giáp là yếu tố nguy cơ làm tăng độc tính trên cơ.
Biến chứng mật: Dễ xảy ra biến chứng ở người bị sỏi mật hoặc xơ ứ gan mật.
Đổi trị liệu: Xem xét phương pháp khác nếu lipid máu không giảm đáng kể sau 3 - 6 tháng.",Không nên dùng,"Thuốc ức chế HMG CoA reductase (Statin - pravastatin, simvastatin, fluvastatin): Làm tăng đáng kể nguy cơ tổn thương cơ và viêm tụy cấp.
Cyclosporin: Làm tăng nguy cơ tổn thương cơ khi phối hợp cùng fibrat.
Thuốc chống đông: Fenofibrat đẩy thuốc này khỏi protein huyết tương làm tăng tác dụng và tăng nguy cơ xuất huyết. Cần theo dõi lượng prothrombin thường xuyên hơn và điều chỉnh liều trong suốt thời gian dùng thuốc cũng như sau khi ngừng fenofibrat 8 ngày.
Thuốc độc với gan (thuốc ức chế MAO, perhexilin maleat...): Tuyệt đối không được kết hợp cùng với fenofibrat.","Thường gặp (ADR > 1/100): Rối loạn tiêu hóa (đau thượng vị, buồn nôn, tiêu chảy), nổi ban/mề đay, tăng transaminase gan và đau nhức cơ.Hiếm gặp (ADR < 1/1000): Sỏi đường mật, giảm bạch cầu, mất dục tính, liệt dương và giảm tinh trùng.","Nơi khô, nhiệt độ dưới 30*C, tránh ánh sáng",https://drive.google.com/file/d/12OPJjv3cOHlPxNQIuW0qOwm86f2K7jJy/view,
Saccharomyces boulardii CNCM 1 - 745,100mg,Bioflora,Bột pha hỗn dịch uống,Pháp,"Điều trị tiêu chảy cấp ở người lớn và trẻ em kết hợp với bù nước bằng đường uống.
Ngăn ngừa tiêu chảy khi dùng kháng sinh.
Ngăn ngừa tái phát tiêu chảy do Clostridium difficile.","Mẫn cảm với một trong các thành phần của thuốc.
Bệnh nhân đặt catheter tĩnh mạch trung ương.
Bệnh nhân bị bệnh nghiêm trọng hoặc bệnh nhân suy giảm miễn dịch do có nguy cơ nhiễm nấm.","Người lớn và trẻ em: 2 gói mỗi ngày, chia làm 2 lần.",,Có thể dùng cho phụ nữ có thai và cho con bú khi có sự theo dõi của bác sĩ.,,"Do bản chất nấm men, không kết hợp thuốc này với các thuốc kháng nấm.",,"Bảo quản nhiệt độ dưới 30°C, tránh ẩm.",https://drive.google.com/file/d/1Kqw1caU9uirVpdC-Qe3ErHesHGFxVg0u/view,
nìedipine,20mg,Cordaflex,viên nén bao phim giải phóng chậm,hungary,"dự phòng cơn đau thắt ngực ổn định mạn tính
điều trị tăng huyết áp mức độ nhẹ dến vừa","quá mẫn cảm với hoạt chất chính nifedipine (và với các hợp chất khác thuộc nhóm dihydropyridine), hoặc bất cứ thành phần tá dược nào khác của thuốc;","Điều trị thiếu máu cơ tim: mỗi lần uống 1 viên, ngày uống 2 lần; có thể tăng liều: mỗi lần uống 2 viên, ngày uống 2 lần.
Điều trị tăng huyết áp: mỗi lần uống 1 viên, ngày uống 2; có thể tăng liều: mỗi lần uống 2 viên, ngày uống 2 lần.",,"thận trọng khi dùng cho bệnh nhân có huyết áp rất thấp
không nên dùng trong khi mang thai",,,"Đau đầu, táo bón;
Phù ngoại vi.",Nhiệt độ dưới 30 độ C.,https://drive.google.com/file/d/1WuIVFRbHpXgGoC6jlxBHW1T_znFhGFwD/view,
Cao đặc Diệp hạ châu,200mg,DIỆP HẠ CHÂU VINAPLANT,Viên nén bao phim,Việt Nam,"Điều trị viêm gan virus,viên gan vàng da cấp và mạn tính,men gan tăng,giải độc gan,mẩn ngứa,dị ứng,nổi mề đay,mụn nhọt,viêm da thần kinh,chàm,viêm thận.
Hỗ trợ giải độc gan khi uống rượu,bia nhiều hay sử dungj thuốc,hoá chất độc hại.",không dùng thuốc cho phụ nữ có thai,"Ngày uống 2-3 lần, mỗi lần 3-5 viêm,uống sau bữa ăn.",,,Chống chỉ định cho phụ nữ có thai,,,dưới 30 độ C.,https://drive.google.com/file/d/1JCm90VQ6_9XVrUdMqYLCj4aIjKSGwEow/view,
Desloratadine,5mg,Tadaritin,viên nén bao phim,Tây Ban Nha,"Viên nén bao phim desloratadine 5 mg được chỉ định để giảm nhanh các triệu chứng liên quan đến viêm mũi dị ứng, như hắt hơi, sổ mũi và ngứa mũi, sung huyết / nghẹt mũi, cũng như ngứa, chảy nước mắt và đỏ mắt, ngứa họng và ho.
Viên nén bao phim desloratadine 5 mg cũng được chỉ định để giảm các triệu chứng liên quan đến mề đay như giảm ngứa, giảm kích cỡ và số lượng ban.",Qúa mẫn với hoạt chất hoặc với bất kì thành phần nào của thuốc,Người lớn và thanh thiếu niên (từ 12 tuổi) uống 1 viên (5 mg) / 1 lần / ngày.,,"Chưa đánh giá độ an toàn cho trẻ dưới 12 tuổi, cần thận trọng ở người suy thận nặng hoặc có tiền sử động kinh (đặc biệt là trẻ nhỏ).
Không dùng cho bệnh nhân mắc các vấn đề hiếm gặp về không dung nạp galactose, thiếu hụt Lapp lactase hoặc kém hấp thu glucose-galactose.",Không dùng viên nén bao phim desloratidine 5mg cho phụ nữ cho con bú do desloratidine được tiết vào sữa mẹ,,"Thường gặp (1/100 đến < 1/10): Nhức đầu, khô miệng và mệt mỏi.
Rất hiếm gặp (< 1/10.000): Ảo giác, chóng mặt, buồn ngủ, mất ngủ, đánh trống ngực, nhịp tim nhanh và kéo dài khoảng QT.",Bảo quản dưới 30*C. Tránh ánh sáng,https://drive.google.com/file/d/1FjeWMznzLtJaYPx_oikBzuULr9yhqO1M/view,
Acid alpha lipoic,600mg,BIVANTOX,Viên nén bao phim,Việt Nam,Điều trị rối loạn cảm giác trong bệnh lý thần kinh do đái tháo đường,,"Liều dùng hằng ngày là 1 viên, uống trước khi ăn 30 phút",,"Không nên dùng thuốc  cho những bệnh nhân có chứng không dung nạp fructose di truyền, kém hấp thu glucose-galactose hay thiếu hụt men saccharase-ísomaltase.",Cân nhắc khi sử dụng,,Các triệu chứng trên tiêu hoá,,https://drive.google.com/file/d/1S95cntRRM1d5P7LV8jYtUcU7iIkqoJEX/view,
losartan kali+hydroclorothiazid,"50mg+12,5mg",losartan hct - sandoz,viên nén bao phim,slovenia,Ðiều trị tăng huyết áp,"Quá mẫn với losartan hoặc bất cứ thành phần nào của thuốc.
Đang điều trị kali máu.Suy gan nặng.Hạ natri máu có điều trị.Suy thận nặng.Dùng đồng thời với các thuốc đối kháng thụ thể angiotensin","Liều thường dùng là 1 viên Lostad HCT 50/12,5 x1 lần/ngày.",,Những bệnh nhân có tiền sử phù mạch nên được theo dõi chặt chẽ,Không nên sử dụng trong khi mang thai,Tránh sử dụng đồng thời với ARBs,Chóng mặt ở những bệnh nhân tăng huyết áp,Dưới 30*C,https://drive.google.com/file/d/1cAe0V1cdOBzsCrhudW49jd7v6ENpuMoM/view,
Sevoflurane,,Sevorane,Dược chất lỏng nguyên chất dùng để hít,Ý,"Khởi mê, duy trì mê trong phẫu thuật","Không dùng cho người mẫn cảm với sevofluran/halogen khác hoặc có tiền sử rối loạn chức năng gan, sốt, tăng bạch cầu không rõ nguyên nhân sau khi dùng các thuốc này.
Chống chỉ định ở người nghi ngờ/xác định nhạy cảm di truyền với chứng sốt cao ác tính hoặc bệnh nhân bị chống chỉ định gây mê toàn thân","Phải dùng bình bốc hơi chuẩn hóa riêng; giá trị MAC giảm dần theo tuổi (từ 3,3% ở trẻ sơ sinh xuống 1,4% ở người 80 tuổi) và giảm khi thêm
Khởi mê nhanh dưới 2 phút bằng cách cho hít nồng độ 5% (người lớn), 7% (trẻ em), hoặc 8% (không tiền mê); duy trì mê ổn định ở mức 0,5 - 3%",,"Sốt cao ác tính
Tăng kali máu trong giai đoạn trước và sau phẫu thuật, bệnh gạn, suy thận....","Thuốc làm giãn cơ tử cung nên có thể tăng xuất huyết; chưa có nghiên cứu đầy đủ trên người, chỉ dùng khi thật sự cần thiết.
Chưa rõ thuốc có bài tiết vào sữa hay không; khuyến cáo tránh cho con bú và loại bỏ sữa trong vòng 48 giờ sau khi dùng.",,,Nhiệt đồ phòng không quá 30*C,https://drive.google.com/file/d/1n3ajomGTUphrZaxYawfYC45arAUfAmpX/view,
Sucralfat,1g,GELLUX,Hỗn dịch uống,Việt  Nam,"Điều trị ngắn ngày (tới 8 tuần) loét tá tràng, loét dạ dày lành tính, viêm dạ dày mạn tính.
Phòng chảy máu dạ dày, ruột do stress.
Viêm loét miệng do hóa trị liệu ung thư hoặc nguyên nhân khác do thực quản, dạ dày.
Viêm thực quản.
Dự phòng loét dạ dày tá tràng tái phát.",Mẫn cảm với bất kì thành phần nào của chế phẩm,"Người lớn và trẻ em > 15 tuổi
2 g x 2 lần/ngày (vào buổi sáng và trước khi đi ngủ).
Trẻ em < 15 tuổi
Từ 12 - 15 tuổi: 1 g x 4 - 6 lần/ngày.",,,,,Táo bón,,https://drive.google.com/file/d/11q8RSGdQC2ZRbDzvpyypAnQhB7kais1o/view,
Carbimazol,5mg,Carbimazol DWP 5mg,Viên nén,Việt Nam,"- Điều trị triệu chứng cường giáp
- Điều trị trước khi phẫu thuật tuyến giáp do cường giáp, cho tới khi chuyển hóa cơ bản bình thường, để đề phòng cơn nhiễm độc giáp có thể xảy ra khi cắt bỏ tuyến giáp bán phần.
- Điều trị bổ trợ trước và trong khi điều trị iod phóng xạ cho tới khi liệu pháp này có tác dụng loại bỏ tuyến giáp.
- Điều trị cơn nhiễm độc giáp trước khi dùng liệu pháp iodid","- Ung thư tuyến giáp phụ thuộc TSH. Suy tủy, giảm bạch cầu nặng.
- Suy gan nặng.
- Mẫn cảm với carbimazol hoặc các dẫn chất thioimidazol như thiamazol.","Người lớn: 15-40mg dùng 1-3 lần/ngày cách nhau 8 giờ
Liều duy trì: 5-15mg
Trẻ ẻm: Trẻ sơ sinh-12 tuổi: Liều khởi đầu 0,25mg/kg mỗi lần, 3 lần/ngày
Trẻ 12-18 tuổi: Liều khởi đầu 10mg mỗi lần, 3 lần/ngày",60mg mỗi ngày,"Phải có thấy thuốc chuyên khoa chỉ định sử dụng và theo dõi trong suốt quá trình điều trị.
Cần theo dõi số lượng bạch cầu, công thức bạch cầu, chức năng gan trước khi bắt đầu điều trị và hàng tuần trong 6 tháng đầu điều trị vì có thể xảy ra suy tủy, giảm bạch cầu nặng, nhất là người bệnh cao tuổi hoặc dùng liều từ 40 mg mỗi ngày trở lên.
Theo dõi thời gian prothrombin trước và trong quá trình điều trị nếu thấy xuất huyết, đặc biệt là trước phẫu thuật.
Phải hết sức thận trọng khi dùng carbimazol cho người đang dùng các thuốc đã biết là dễ gây mất bạch cầu hạt.
Dùng thuốc kháng giáp liều quá cao có thể gây ra giảm năng giáp và bướu giáp. Có khả năng xảy ra mẫn cảm chéo giữa các thuốc kháng giáp (khoảng 50%). Vì vậy, cần lưu ý khi thay đổi thuốc.
Thuốc có chứa lactose monohydrat: Các bệnh nhân có các vấn đề di truyền hiếm gặp về không dung nạp galactose, thiếu Lapp lactase hoặc kém hấp thu glucose-galactose không nên dùng thuốc này.",Thận trọng khi sử dụng,"Với aminophylin, oxtriphylin, theophylin, glycosid trợ tim, thuốc chẹn beta: Khi cường giáp, sự chuyển hóa các thuốc này tăng lên. Dùng carbimazol, nếu tuyến giáp trở về bình thường, cần giảm liều các thuốc này.
Với amiodaron, iodoglycerol, iod hoặc kali iodid: Các thuốc có iod làm giảm đáp ứng của cơ thể với carbimazol, vì vậy phải dùng tăng liều carbimazol.
Với thuốc chống đông dẫn chất coumarin hoặc indandion: Carbimazol có thể làm giảm prothrombin huyết, nên làm tăng tác dụng của các thuốc chống đông uống. Do đó, cần điều chỉnh liều thuốc chống đông dựa vào thời gian prothrombin.
Iod phóng xạ 131I: Thuốc kháng giáp có thể làm tuyến giáp giảm hấp thu 131I. Hấp thu 131I có thể tăng trở lại sau khi ngừng đột ngột thuốc kháng giáp 5 ngày.","Tỷ lệ chung tác dụng không mong muốn là 2 – 14%, nặng dưới 1%. Tai biến xảy ra phụ thuộc vào liều dùng và thường xảy ra trong 6 - 8","Nơi khô, nhiệt độ không quá 30ºC, tránh ánh sáng.",https://drive.google.com/file/d/10V7PBcrTML_9o2btQf3mofAaPcOtxNGv/view,
Vitamin C (Acid ascorbic),500mg,Rx EFFE-C TP,Viên nén sủi,Việt Nam,Điều trị bệnh do thiếu vitamin C.,"Quá mẫn với vitamin C hoặc bất cứ thành phần nào của thuốc.
Chống chỉ định dùng vitamin C liều cao cho người thiếu hụt G6DP.
Không dùng cho bệnh nhân suy thận.
Không dùng cho bệnh nhân có sỏi oxalat ở thận và có các bệnh liên quan đến dự trữ sắt",Liều lượng: Người lớn: 1 viên/lần x 1-2 lần/ngày.,,"Dùng vitamin C liều cao kéo dài có thể dẫn đến hiện tượng nhờn thuốc, khi giảm liều sẽ dẫn đến thiếu hụt vitamin C.
Tránh dùng vitamin C liều cao cho bệnh nhân bị sỏi calci oxalatn ở thận. Dùng thận trọng với người có tiền sử sỏi thận, tăng oxalat niệu và rối loạn chuyển hóa oxalat. Sử dụng quá mức và kéo dài các chế phẩm chứa vitamin C uống có thể gây ăn mòn men răng.
Uống vitamin C liều cao trong thời gian dài có thể gây bệnh cơ tim nguy hiểm ở người có lượng sắt dự trữ cao hoặc người bị nhiễm sắc tố sắt mô.
Chế phẩm chứa tá dược aspartam, một nguồn phenylalanin, không dùng cho bệnh nhân bị phenylceton niệu.
Mỗi viên thuốc có chứa 227 mg natri, cần lưu ý với bệnh nhân có chế độ ăn hạn chế natri.
Bệnh nhân có bệnh lý di truyền hiếm gặp như không dung nạp fructose, kém hấp thu glucose-galactose, thiếu hụt sucrase-isomaltase không nên dùng vì thuốc có chứa đường. Dùng vitamin C có thể làm sai lệch kết quả xét nghiệm glucose trong nước tiểu.","Vitamin C qua được nhau thai và phân bố trong sữa mẹ. Có thể dùng thuốc cho phụ nữ có thai và cho con bú với liều thông thường. Tuy nhiên, dùng liều lớn vitamin C trong thời kỳ mang thai có thể dẫn đến bệnh scorbut ở trẻ sơ sinh","Dùng đồng thời vitamin C với sắt làm tăng hấp thu sắt qua đường tiêu hóa.
Dùng đồng thời vitamin C với aspirin làm tăng bài tiết vitamin C và giảm bài tiết aspirin trong nước tiểu.
Dùng đồng thời vitamin C và fluphenazin làm giảm nồng độ fluphenazin huyết tương.
Sự acid hóa nước tiểu sau khi dùng vitamin C có thể làm thay đổi sự bài tiết của các thuốc khác.
Vitamin C liều cao có thể phá hủy vitamin B12, nên dùng cách nhau 1 giờ.
Vitamin C có thể làm giảm hấp thu selen, nên uống cách nhau ít nhất 4 giờ.
Vitamin C có thể làm tăng tác dụng của nhôm hydroxyd, làm giảm tác dụng của amphetamin. Sự có mặt vitamin C trong nước tiểu dẫn đến sai lệch kết quả xét nghiệm glucose trong nước tiểu.","Rất hiếm gặp: Phản ứng quá mẫn trên da và hệ hô hấp.
Tần suất chưa rõ: Thiếu máu tan máu, tăng oxalat máu, tăng oxalat niệu.","Nơi khô, nhiệt độ không quá 30ºC, tránh ánh sáng.",https://drive.google.com/file/d/1AlQ2AyqTs539lh6MqBxfY3e6wlf89abf/view,
Budesonid,"0,5mg",Zensonid,Hỗn dịch dùng cho khí dung,Việt Nam,"Điều trị hen phế quản
Zensonid có thể được sử dụng khi cần thiết phải thay thế hoặc giảm liều steroid đường uống
Zensonid có thể dùng trong điều trị viêm thanh quản-khí quản-phế quản cấp (bệnh Croup) ở nhũ nhi và trẻ em",Quá mẫn với budesonid hoặc với các thành phần khác trong chế phẩm thuốc. Điều trị ban đầu cơn hen cấp hoặc trạng thái hen khi cần phải điều trị tích cực.,"Hen phế quản:
Liều khởi đầu hoặc trong giai đoạn hen nặng hoặc trong thời gian giảm liều corticosteroid đường uống:
Người lớn: 1-2 mg x 2 lần/ngày
Trẻ em: 0,5-1 mg x 2 lần/ngày
Điều trị duy trì:
Tuỳ thuộc cá nhân và nên dùng liều thấp nhất làm mất triệu chứng. Liều chỉ định là:
Người lớn: 0,5-1 mg x 2 lần/ngày
Trẻ em: 0,25-0,5 mg x 2 lần/ngày
Viêm thanh quản-khí quản-phế quản cấp (bệnh Croup)
Ở nhũ nhi và trẻ em mắc bệnh Croup, liều thông thường 2 mg budesonide dạng xông khí dung dùng 1 lần",,"Thận trọng trong trường hợp co thắt phế quản, co thắt phế quản nghịch lý, dùng corticoid dạng uống, ảnh hưởng đến tăng trưởng, bệnh nhân nhiễm khuẩn và lao, tăng tiết dịch nhầy trong đường hô hấp, chức năng gan, hệ thống phân phối áp lực dương",Thận trọng khi sử dụng thuốc cho phụ nữ có thai và cho con bú,"Thuốc hoặc thức ăn tác động đến enzym gan:
Thuốc (erythromycin, itraconazol, clarithromycin, ketoconazol, indinavir, ritonavir, saquinavir) và thực phẩm ức chế enzym CYP3A4: làm tăng nồng độ budesonid trong huyết tương, phải theo dõi các dấu hiệu và triệu chứng cường tuyến thượng thận và phải cân nhắc giảm liều budesonid.
Thuốc ngừa thai uống chứa ethinyl estradiol (cũng được isoenzym CYP3A4 chuyển hóa): không tác động đến nồng độ trong huyết tương của thuốc tránh thai đó.
Thuốc kích thích isoenzym CYP3A4: làm giảm nồng độ budesonid trong huyết tương.","Thường gặp: >1%
Ít gặp: <1%","Bảo quản trong bao bì kín, tránh ánh sáng, ở nhiệt độ dưới 30°C. Luôn giữ lọ chưa mở trong túi nhôm để bảo quản tránh ánh sáng",https://drive.google.com/file/d/1s2RaO7O3_9jeZ_Y5-ghk7xp0cYaDz-bm/view,
Claithromycin,125mg/5ml,Klacid,Cốm ha hỗn dịch,Indonesia,"Ðiều trị các nhiễm khuẩn đường hô hấp trên (như viêm họng do liên cầu khuẩn).
Ðiều trị các nhiễm khuẩn đường hô hấp dưới (như viêm phế quản, viêm phổi).
Điều trị viêm tai giữa cấp.
Điều trị nhiễm khuẩn da và cấu trúc da (như chốc lở, viêm nang lông, viêm mô tế bào, apxe).
Điều trị nhiễm khuẩn Mycobacterium khu trú hoặc lan tỏa do M.avium hoặc M.intracellulare; các nhiễm khuẩn khu trú do M.chelonae, M.fortuilum, hoặc M.kansaii.","Thuốc Klacid 125mg/5ml chống chỉ định trong các trường hợp sau:
Mẫn cảm với các kháng sinh họ macrolid hoặc với bất kỳ tá dược nào của thuốc.
Sử dụng đồng thời với các thuốc sau đây: astemizole, cisapride, pimozide, terfenadine vì có thể gây kéo dài khoảng QT và loạn nhịp tim bao gồm nhịp nhanh thất, rung tâm thất và xoắn đỉnh.
Sử dụng clarithromycin cùng ergotamine hoặc dihydroergotamine do có thể gây ngộ độc nấm cựa gà.
Sử dụng clarithromycin cùng thuốc ức chế enzyme HMG-CoA reductase (các thuốc statin) mà chuyển hóa phần lớn bởi CYP3A4 (lovastatin hoặc simvastatin), do tăng nguy cơ các bệnh về cơ, kể cả ly giải cơ vân.
Bệnh nhân có tiền sử khoảng QT kéo dài trên ECG hoặc loạn nhịp thất, bao gồm cả xoắn đỉnh.
Sử dụng clarithromycin với colchicin ở bệnh nhân suy gan, suy thận đang sử dụng các thuốc ức chế P-glycoprotein hoặc các thuốc ức chế CYP3A4.","Trẻ em từ 6 tháng tới 12 tuổi: Liều dùng là 7,5mg/kg, mỗi ngày uống 2 lần, tối đa 500 mg x 2 lần đối với các nhiễm khuẩn không do Mycobacterium",,,Không nên sử dụng trừ khi lợi ích lớn hơn nguy cơ,"Tăng nồng độ các thuốc sau khi sử dụng đồng thời với clarithromycin: Các thuốc chuyển hóa chủ yếu qua CYP3A4
Các thuốc gây kích ứng hệ thống enzyme CYP3A4 làm tăng chuyển hóa của clarithromycin. Sử dụng cùng lúc clarithromycin và rifabutin làm tăng nồng độ rifabutin và giảm nồng độ clarithromycin trong huyết thanh, cùng với tăng nguy cơ viêm màng mạch nho.
Dùng đồng thời clarithromycin với ergotamine/dihydroergotamine gây độc tính cấp của nấm cựa gà.
Các thuốc sau làm ảnh hưởng đến nồng độ tuần hoàn của clarithromycin: efavirenz, nevirapine, rifampicin, rifabutin, rifapentin, etravirine, fluconazole, ritonavir.","Tâm thần: Mất ngủ.
Hệ thần kinh: Loạn vị giác, đau đầu, cảm giác nhạt miệng.
Tim mạch: Giãn mạch.
Tiêu hóa: Tiêu chảy, nôn, khó tiêu, buồn nôn, đau bụng. Chức năng gan bất thường.","Giữ Klacid 125mg ở nhiệt độ phòng không quá 30oC.
Hỗn dịch đã pha có thể sử dụng được trong 14 ngày khi bảo quản ở nhiệt độ phòng (15 – 30oC) trong chai lọ nút kín. Không để thuốc hỗn dịch đã pha trong tủ lạnh, bảo quản ở nhiệt độ phòng.
Để thuốc ngoài tầm tay trẻ em.",https://drive.google.com/file/d/1PZOEMLZnxyPrZm0tUJMuYfqdS1VddPaE/view,
"Salbutamol (dưới dạng salbutamol sulphat)
Ipratropium bromid","Salbutamol: 2,5mg/2,5ml
Ipratropium bromid: 0,5mg/2,5ml",Zencombi,Dung dịch dùng cho khí dung,Việt Nam,Thuốc được chỉ định để kiểm soát co thắt phế quản có hồi phục do bệnh lý tắc nghẽn đường hô hấp ở những bệnh nhân cần nhiều hơn 1 thuốc giãn phế quản.,"Bệnh nhân có tiền sử mẫn cảm với một trong các thành phần của thuốc.
Không dùng cho bệnh nhân quá mẫn cảm với Atropin hoặc các dẫn xuất của Atropin.
Bệnh nhân bị bệnh cơ tim tắc nghẽn phì đại hoặc loạn nhịp nhanh.","Điều trị cơn cấp tính:
01 lọ đơn liều. Trong các trường hợp nặng không cắt cơn có thể dùng đến lọ đơn liều thứ 2. Trong trường hợp này, bệnh nhân cần được khám bác sĩ hoặc đến bệnh viện gần nhất ngay lập tức.
Điều trị duy trì:
01 lọ đơn liều x 3 – 4 lần/ngày. Bệnh nhân nên đến khám bác sĩ hoặc đến bệnh viện gần nhất ngay lập tức trong trường hợp khó thở cấp hoặc chứng khó thở nặng thêm một cách nhanh chóng nếu dùng thêm liều khí dung Zencombi không đem lại cải thiện.",,"Thận trọng trong các trường hợp quá mẫn, đau mắt hoặc khó chịu ở mắt, không được để bắn vào mắt, tiền sử bị glaucom góc hẹp, BN tiểu đường không được kiểm soát đầy đủ, Bn mới bị nhồi máu cơ tim, rối loạn tim mạch thực thể trầm trọng, cường giáp, u tủy thượng thận, phì đại tiền liệt tuyến, u cổ bàng quang, BN mắc bệnh tim nặng",Thận trọng khi sử dụng thuốc cho phụ nữ có thai và cho con bú,"Dùng đồng thời các dẫn xuất của xanthin cũng như các thuốc beta adrenergic khác và các thuốc kháng cholinergic có thể làm tăng các tác dụng phụ.
Khi dùng đồng thời với các dẫn xuất xanthin, các glucocorticosteroid và thuốc lợi tiểu có thể làm giảm kali máu, nên xét đến khả năng này đặc biệt ở những bệnh nhân bị tắc nghẽn đường hô hấp nặng.
Giảm kali máu có thể làm cho những bệnh nhân dùng digoxin dễ bị loạn nhịp tim, phải theo dõi nồng độ huyết tương cho những trường hợp này.
Khi dùng đồng thời với các thuốc ức chế beta có thể làm giảm tác dụng giãn phế quản.
Dùng đồng thời với các thuốc ức chế monoamin oxidase hoặc thuốc chống trầm cảm 3 vòng có thể làm tác dụng kích thích beta adrenergic mạnh lên.
Hít các chất gây mê hydrocarbon được halogen hóa như halothan, tricloroethylen và enfluran có thể gây tăng sự nhạy cảm đối với tác dụng trên hệ tim mạch của salbutamol.","Tác dụng không mong muốn của Zencombi bao gồm tác dụng không mong muốn của salbutamol và ipratropium bromid, được phân nhóm theo tần suất: rất thường gặp (ADR ≥ 1/10); thường gặp (1/100 ≤ ADR < 1/10); ít gặp (1/1000 ≤ ADR < 1/100); hiếm gặp (1/10000 ≤ ADR < 1/1000); rất hiếm gặp (ADR < 1/10000), hoặc không rõ (không thể ước tính được từ dữ liệu hiện có).","Trong bao bì kín, tránh ẩm, tránh ánh sáng, nhiệt độ dưới 30ºC",https://drive.google.com/file/d/1-L1lgjgWWCjuS3vxCeJnXyhI2bt79ngC/view,
Mometason,"0,05 kl/kl",Dkasolon,Hỗn dịch xịt mũi,Việt Nam,"Sử dụng ở người lớn và trẻ em từ 3 tuổi trở lên để dự phòng, điều trị các triệu chứng tủa viêm mũi dị ứng lâu năm hoặc theo mùa.
Điều trị polyp mũi ở người lớn tử 18 tuổi trở lên.","Bệnh nhân mẫn cảm với bất cứ thành phần nào của thuốc.
Không sử dụng khi có triệu chứng nhiễm khuẩn khu trú tại niêm mạc mũi ví dụ nhiễm herpes simplex.
Do tác dụng ức chế miễn dịch của corticoid, bênh nhân vừa trải qua phẫu thuật hoặc chấn thương ở mũi không nên sử dụng cho đến khi vết thương lành hằn.","Người lớn (bao gồm cả các bệnh nhân lớn tuổi) và trẻ em từ 12 tuổi trở lên:
+ Liều khuyến cáo thông thường là 2 nhát xịt vào mỏi bên mũi x 1 lần/ngày (tổng liều 200 mcg)
+ Khi các triệu chứng được kiểm soát, giảm liều xuống 1 nhát xịt vào mỗi bên mũi x 1lần/ngày (tổng liều 100 mcg) có thể có hiệu quả duy trì.",,,Chưa có dữ liệu.,,"-Thường gặp (ADR > 1/100):
+ Thần kinh trung ương: nhức đầu, mệt mỏi, trầm cảm, đau.
+ Thần kinh - cơ và xương: Đau cơ- xương, đau khớp, đau lưng, đau cơ
+ Hô hấp: Viêm mũi, nhiễm khuẩn hô hấp trên, viêm họng, ho, chảy máu cam.
+ Tim mạch: Đau ngực.
+ Tiêu hóa: Đau bụng, chán ăn, họng khô, tiêu chảy, khó tiêu, đầy hơi, viêm dạ dấy-ruột, buồn nôn, nôn
+ Sinh dục-niệu: Đau kinh.
+ Mắt: Viêm kết mạc.
+ Tai: đau tai, viêm tại giữa,
+ Khác: nhiễm siêu vi, hội chứng giống cảm cúm.","Bảo quản nơi khô mát, tránh ánh sáng, nhiệt độ dưới 30°C",https://drive.google.com/file/d/1e_oScdbtXlm0yPBeeWCuC0Glcn4S49SC/view,
Glucosamine sulfate natri chlorid kết tinh,314mg,VIARTRIL,Viên nang,Ireland,Giảm  triệu chứng của thái hoá khớp gối nhẹ và trung bình,"Phụ nữ có thai,phụ nữ cho con bú,trẻ em,trẻ vị thành niên dưới 18 tuổi do chưa có số liệu về độ an toàn và hiệu quả điều trị.
Quá mẫn cảm với glucosamine hoặc bất kỳ thành phần nào của thuốc.
Bệnh nhân dị ứng với vỏ tôm cua do thành phần chính có trong vỏ tôm.","Dùng cho người trên 18 tuổi
Uống 6 viên nang 250mg chia 3 lần/ngày hoặc 1 gói 1500mg uống một lần/ngày",,,Không khuyến cáo sử dụng,,,,https://drive.google.com/file/d/1dRDIGnyt4Q08q06VjMZwxuq82l5vUSkI/view,
Glucosamine sulfate natri chlorid kết tinh,1884mg,VIARTRIL,Bột pha dung dịch uống,Ireland,Giảm  triệu chứng của thái hoá khớp gối nhẹ và trung bình,"Phụ nữ có thai,phụ nữ cho con bú,trẻ em,trẻ vị thành niên dưới 18 tuổi do chưa có số liệu về độ an toàn và hiệu quả điều trị.
Quá mẫn cảm với glucosamine hoặc bất kỳ thành phần nào của thuốc.
Bệnh nhân dị ứng với vỏ tôm cua do thành phần chính có trong vỏ tôm.","Dùng cho người trên 18 tuổi
Uống 6 viên nang 250mg chia 3 lần/ngày hoặc 1 gói 1500mg uống một lần/ngày",,,Không khuyến cáo sử dụng,,,,https://drive.google.com/file/d/1dRDIGnyt4Q08q06VjMZwxuq82l5vUSkI/view,
Letrozol,"2,5mg",letero,Viên nén bao phim,Ấn Độ,"Dùng cho phụ nữ sau mãn kinh mắc ung thư vú giai đoạn đầu có thụ thể nội tiết dương tính.
Hỗ trợ kéo dài sau khi bệnh nhân đã hoàn tất liệu pháp nội tiết chuẩn
Chỉ định cho ung thư vú tiến triển tại chỗ hoặc di căn ở phụ nữ sau mãn kinh.
 Thường dùng để kích thích sự phát triển nang noãn và rụng trứng
 Phối hợp cùng các phác đồ khác để kích thích buồng trứng tạo phôi hoặc trữ trứng cho phụ nữ mắc ung thư có nhu cầu sinh con trong tương lai","Quá mẫn với letrozol hoặc bất kỳ thành phần nào của thuốc; trạng thái tiền mãn kinh.
phụ nữ có thai và phụ nữ đang cho con bú.","Người lớn/người cao tuổi uống 1 viên (2,5 mg)/ngày",,"giám sát chặt chẽ ở người suy gan nặng ,có bệnh di truyền không dung nạp galactose, thiếu hụt lactase.
kiểm tra, giám sát mật độ xương do thuốc làm giảm estrogen mạnh; tránh dùng đồng thời với tamoxifen hoặc các liệu pháp chứa estrogen khác",Chống chỉ định do thuốc có khả năng gây dị tật bẩm sinh,,,Bảo quản nhiệt độ dưới 30*C,https://drive.google.com/file/d/1c7c3ycL-gQrjR-qd8PVCr0nSbONVmmb7/view,
ofloxacin,15mg,Dung dịch nhỏ mắt Oflovid,Dung dịch nhỏ mắt thân nước,Nhật Bản,"Các nhiễm khuẩn sau đây gây bởi các vi khuẩn nhạy cảm với ofloxacin:Viên bờ mi,viêm túi lệ,lẹo,viêm kết mạc,viêm sụn mi,viêm giác mạc,(kể cả loét giác mạc) và dùng làm kháng sinh dự phòng sử dụng trước và sau phẫu thuật mắt.",Tiền sử quá mẫn cảm với bất kỳ thành phần nào của thuốc này hay với bất kỳ kháng sinh quinolon.,"Thông thường, cho cả người lớn và trẻ em, mỗi lần nhỏ vào mắt 1 giọt, 3 lần/ngày.",,,,,,,https://drive.google.com/file/d/1okjAA9NCqeZ0XkNE9JHfYhZ2WOL4x2ob/view,
Natri hyaluronat tinh chế,5mg,"Tearbalance 0,1%",Dung dịch nhỏ mắt,Nhật Bản,"Điều trị các tổn thương biểu mô giác mạc và kết mạc do các bệnh sau gây ra:
 -Hội chứng khô mắt, hội chứng Sjogren, hoặc hội chứng Stevens-Johnson.
 -Tổn thương do phẫu thuật, dùng thuốc, chấn thương, hoặc kích ứng mắt khi đeo kính sát tròng.",Qúa mẫn với bất kỳ thành phần nào của thuốc,"Mỗi lần 1 giọt, ngày 5-6 lần",,"Chỉ dùng nhỏ mắt
Không để đầu lọ tuốc chạm vào mắt
Không sử dụng khi đeo kính áp tròng loại mềm",Cân nhắc khi sử dụng,,,Bảo quản nhiệt độ dưới 30*C,https://drive.google.com/file/d/1D7NCSq9e6exb59bydbY9VuAYTLk156Xt/view,
Salbutamol,"2,5mg",AtiSaltolin,Dung dịch khí dung,,"Sử dụng cho người lớn và trẻ em từ 4 tuổi trở lên:
Điều trị chứng co thắt phế quản mạn tính không đáp ứng với liệu pháp thông thường.
Điều trị hen suyễn nặng cấp tính.","Quá mẫn với salbutamol hoặc bất kỳ thành phần nào của thuốc.
Không sử dụng dung dịch khí dung Atisaltolin để ngăn chuyển dạ sớm không biến chứng hay dọa sẩy thai","Người lớn: 2,5 mg - 5 mg/lần, tối đa 4 lần một ngày. Có thể dùng đến 40 mg mỗi ngày dưới sự giám sát nghiêm ngặt tại bệnh viện.
Trẻ em từ 12 tuổi trở lên: Liều dùng như người lớn.
Trẻ em từ 4 đến 11 tuổi: 2,5 mg - 5 mg/lần, tối đa 4 lần một ngày.",,"Giám sát chặt chẽ nguy cơ hen nặng lên cấp tính, co thắt phế quan nghịch thường (gây tử vong), tăng huyết áp, suy tim và loạn nhịp tim khi dùng liều cao
Thận trọng với nguy cơ hạ kali máu nặng, nhiễm toan lactic, tăng glucose máu ở bệnh nhân tiểu đường, và tăng độc tính khi phối hợp với các thuốc cường giao cảm khác",Cân nhắc khi sử dụng,Không kết hợp với thuốc ức chế Beta không chọn lọc như propranolol,,"Nơi khô ráo, nhiệt độ không quá 30°C, tránh ánh sáng.",https://drive.google.com/file/d/1nKGEEgTB5u5eEwQdm4A2r79F0OfWc_yR/view,
Ketoprofen,2.5g,"Fastum Gel 2,5%",Dạng gel bôi ngoài,Italy,"Fastum gel thuộc nhóm thuốc kháng viêm giảm đau. Dùng để giảm đau và kháng viêm tại chỗ trong các trường hợp đau xương khớp hay đau cơ do thấp khớp hay đau có nguồn gốc chấn thương: Chấn thương, trật khớp, thâm tím, cứng cổ, đau lưng.","Tiền sử mẫn cảm với ketoprofen, acid tiaprofenic, fenofibrate, các sản phẩm bôi da có tính chất ngăn ngừa tia tử ngoại, nước hoa.
Không bôi Fastum Gel lên vết thương, tổn thương da hở hay vùng gần mắt.
Phụ nữ có thai và cho con bú.",Thời gian dùng 1 - 2 lần/ngày.,,"Dùng lâu dài, có thể làm tăng tính nhạy cảm hoặc kích ứng tại vùng da bôi thuốc.
Bôi lượng lớn thuốc ngoài da có thể xảy ra phản ứng toàn thân như phản ứng quá mẫn và hen.
Ngừng thuốc ngay lập tức khi thấy có phát ban sau khi bôi Fastum Gel.",Không sử dụng cho phụ nữ đang mang thai và cho con bú,,"Phản ứng tại chỗ tại vùng da bôi thuốc, các phản ứng này có thể lan rộng và một số hiếm các trường hợp có báo cáo về phản ứng toàn thân nặng như chàm có mụn nước.","Bạn nên bảo quản ở nhiệt độ phòng, tránh ẩm và tránh ánh sáng. Không bảo quản trong phòng tắm hoặc trong ngăn đá. Bạn nên nhớ rằng mỗi loại thuốc có thể có các phương pháp bảo quản khác nhau. Vì vậy, bạn nên đọc kỹ hướng dẫn bảo quản trên bao bì hoặc hỏi dược sĩ.
Giữ thuốc tránh xa tầm tay trẻ em và thú nuôi.
Hạn sử dụng: 60 tháng kể từ ngày sản xuất.",https://drive.google.com/file/d/14fyX2BLIT01TBkhLXtPw2GNXKEgxuzDf/view,
"Polyethylene glycol (0.3%), Polyethylene glycol 400 (0.4%)",10ml,Systane Ultra,Dung dịch nhỏ mắt,Mỹ,Để làm giảm tạm thời các chứng rát và kích ứng do khô mắt.,Bệnh nhân quá mẫn với một trong các thành phần của thuốc,"Người lớn và người cao tuổi

Nhỏ 1 - 2 giọt vào mắt bị bệnh tùy theo nhu cầu.

Nếu cảm thấy kích ứng nhẹ, khó chịu hoặc nhìn mờ khi đeo kính áp tròng, nhỏ 1 hoặc 2 giọt vào mắt kính và chớp mắt 2 hoặc 3 lần.

Bệnh nhi

Tính an toàn và hiệu quả của Systane Ultra ở trẻ em chưa được thiết lập.

Bệnh nhân bị bệnh gan hoặc thận

Tính an toàn và hiệu quả của Systane Ultra 5ml ở các đối tượng bị bệnh gan/thận chưa được thiết lập",,"Nếu thường xuyên bị khó chịu ở mắt, chảy nước mắt quá mức, đau đầu, thay đổi thị lực, đỏ mắt ngừng ngay sử dụng Systane Ultra và hỏi ý kiến nhân viên y tế về tình trạng mắt của bạn do tình trạng có thể trở nên nghiêm trọng hơn.

Sau khi mở nắp, nếu vòng gắn đảm bảo bị lỏng, cần tháo bỏ trước khi sử dụng thuốc.","Phụ nữ có thai

0. Thuốc có thể được dùng trong thời kỳ mang thai.

Phụ nữ cho con bú

Chưa có dữ liệu đầy đủ liên quan đến ảnh hưởng của Systane Ultra trong thời kỳ cho con bú. Tất cả các thành phần của thuốc là các hợp chất trơ về mặt dược lý do được phân loại nói chung là các chất không có độc tính và không gây kích ứng. Do đó, thuốc được dự đoán không gây ảnh hưởng trong thời kỳ cho con bú. Thuốc có thể được dùng trong suốt thời kỳ cho con bú.

Khả năng sinh sản

Chưa có dữ liệu đầy đủ liên quan đến ảnh hưởng của Systane Ultra trên khả năng sinh sản. Tất cả các thành phần của thuốc là các hợp chất trơ về mặt dược lý do được phân loại nói chung là các chất không có độc tính và không gây kích ứng. Do đó, thuốc được dự đoán không gây ảnh hưởng trên khả năng sinh sản.",Chưa có các tương tác thuốc liên quan đến lâm sàng được mô tả.,,Bảo quản ở nhiệt độ không quá 30°C.,https://drive.google.com/file/d/1oN1klV_DHnCoRidiCGOwdhIR5FfMRt9f/view,
Simethicone,30ml,ESpumisan L,Nhũ tương loãng,Đức,"Điều trị triệu chứng các trường hợp có tích tụ khí trong đường tiêu hoá như chướng bụng, đau bụng ở trẻ em (đau bụng ở trẻ dưới 3 tháng tuổi).
Hỗ trợ trong trường hợp chuẩn bị xét nghiệm bằng hình ảnh khoang bụng (X quang, siêu âm, nội soi dạ dày).
Giải độc trong trường hợp ngộ độc bột giặt.",chống chỉ định với những bệnh nhân quá mẫn với simethicon hoặc bất cứ tá dược nào của thuốc.,"1 ml tương đương với 25 giọt.                                                                                            -Điều trị triệu chứng các trường hợp có tích tụ khí trong đường tiêu hoá như chướng bụng, đau bụng ở trẻ em (đau bụng ở trẻ dưới 3 tháng tuổi) Trẻ sơ sinh : 25 giọt (tương đương 1 ml) cho vào bình sữa hoặc cho uống trước hay sau khi bú.
Trẻ em: 1 - 6 tuổi : 25 giọt (tương đương 1 ml)     3 - 5 lần/ngày
Trẻ em và thanh thiếu niên: 6 - 14 tuổi  : 25 - 50 giọt (tương đương 1 - 2 ml)   3 - 5 lần/ngày
Thanh thiếu niên từ 14 tuổi và người lớn : 50 giọt (tương đương 2 ml)        3 - 5 lần/ngày Espumisan® L có thể dùng cùng hoặc sau bữa ăn, trước khi đi ngủ nếu cần thiết.

Thời gian điều trị phụ thuộc vào tình trạng bệnh.

Có thể dùng Espumisan® L kéo dài nếu cần thiết.

Có thể dùng Espumisan® L sau khi phẫu thuật.                                                            ---------Trường hợp hỗ trợ chuẩn bị xét nghiệm bằng hình ảnh khoang bụng
+Chụp X quang, siêu âm
1 Ngày trước hôm xét nghiệm : 3 lần x 2 ml (tương đương 3 lần x 50 giọt)                           Buổi sáng của hôkm xét nghiệm : 2 ml (tương đương 50 giọt)
+Như là một chất hỗ trợ cho thuốc cản quang:                                                                          4ml nhũ dịch với mỗi lít thuốc cản quang để được chất lượng hình ảnh tăng gấp đôi             +Để chuẩn bị cho nội sôi :                                                                                                                                                           Trước khi nội soi dùng 4 - 8 ml.
Nếu cần, có thể dùng một vài ml nhũ dịch tra vào ống nội soi trong quá trình nội soi để loại trừ sự ảnh hưởng của các bọt khí                                                                                              Như là một tác nhân giải độc trong trường hợp ngộ độc bột giặt
Phụ thuộc vào mức độ nặng của ngộ độc:                                                                                                              Tuổi và liều lượng
Trẻ em : 2,5 - 10 ml
Người lớn : 10 - 20 ml",,"Bệnh nhân có bệnh di truyền không dung nạp fructose không nên dùng Espumisan® L.

Nếu triệu chứng đầy hơi xuất hiện và/hoặc không dứt, phải hỏi ý kiến bác sĩ để tìm nguyên nhân của các triệu chứng và bệnh để có thể xác định việc điều trị.",Có thể dùng thuốc cho phụ nữ có thai và cho con bú,CHho đến nay chưa có,Cho đến nay không có tác dụng không mong muốn nào để ghi nhận khi dùng espumisan L,"Để xa tầm với và tầm nhìn trẻ em                                                              Không dược dùng sau khi hết hạn                                                               Hạn dùng dược ghi trên hộp thuốc và nhãn trên chai thuốc sau chữ ""EXP""                               Bảo quản nhiệt độ không quá 30 độ C",https://drive.google.com/file/d/1jGh_GBa09AEYTmu0Jnk6J9yQ_pyoQzeI/view,
Cefmetazol (Dưới dạng cefmetazol natri),1g,Cefmetazol 1g,Thuốc bột pha tiêm,Việt Nam,"Nhiễm khuẩn thứ phát của viêm bàng quang, viêm thận, bể thận.

Viêm phúc mạc, viêm túi mật, viêm đường mật.

Viêm tuyến Bartholin và phần phụ, nhiễm khuẩn tử cung.

Viêm kết mạc, viêm mô quanh xương hàm, viêm xương hàm.","Bệnh nhân có tiền sử quá mẫn với cefmetazol.

Bệnh nhân có tiền sử quá mẫn với kháng sinh cefem.","người lớn: Tiêm tĩnh mạch hoặc truyền nhỏ giọt tĩnh mạch liều 1 – 2 g mỗi ngày, chia thành 2 lần.
 trẻ nhỏ: Liều thông thường hàng ngày 25 – 100 mg/kg, tiêm tĩnh mạch hoặc truyền nhỏ giọt tĩnh mạch, chia thành 2 – 4 lần.",,"Thận trọng nếu tiền sử dị ứng penicillin, bản thân/gia đình có cơ địa dị ứng (hen, phát ban, mày đay); tránh dùng kéo dài để hạn chế vi khuẩn kháng thuốc.
Cần chỉnh khoảng cách liều ở người suy thận (12–48 giờ), theo dõi gan thận máu; chú ý nguy cơ thiếu hụt vitamin K gây chảy máu ở người già hoặc ăn uống, hấp thu kém; tránh uống rượu.",Dùng theo chỉ định bác sĩ.,"Rượu: Gây phản ứng giống disulfiram (đỏ mặt, tim đập nhanh, chóng mặt, nhức đầu, nôn mửa); phải tránh uống rượu trong khi dùng thuốc và ít nhất 1 tuần sau đó.

Furosemid (Lợi tiểu) & Probenecid: Phối hợp với furosemid làm tăng nguy cơ suy thận; phối hợp với probenecid làm giảm thải trừ qua thận, làm tăng nồng độ và độc tính của cefmetazol.","Sốc, phản ứng phản vệ, hoại tử biểu bì nhiễm độc (hội chứng Lyell/Stevens-Johnson), tổn thương thận cấp, viêm gan/vàng da (tăng mạnh AST/ALT), suy tủy (giảm bạch cầu hạt, thiếu máu tán huyết, giảm tiểu cầu), và viêm đại tràng giả mạc
Phát ban, ngứa, nổi mày đay, sốt; rối loạn tiêu hóa (nôn, buồn nôn, tiêu chảy, chán ăn); nhiễm nấm Candida; nguy cơ thiếu hụt vitamin nhóm B và vitamin K (gây chảy máu).","Không quá 30*C, tránh ẩm và ánh sáng",https://drive.google.com/file/d/1_v9xMGwRZfl9VnqbcHGwypv6Eweiu4h3/view,
Fluorometholon,5ml/5mg,"Flumetholon 0,1",Hỗn dịch nhỏ mắt,Nhật Bản,"Ðiều trị các bệnh viêm phía ngoài mắt và phần trước của mắt như viêm bờ mi, viêm kết mạc, viêm giác mạc, viêm củng mạc, viêm thượng củng mạc, viêm mống mắt, viêm mống mắt - thể mi, viêm màng mạch nho, viêm sau mổ...","Bệnh nhân có tiền sử quá mẫn cảm với bất kỳ thành phần nào của thuốc.
Bệnh nhân bị trầy hoặc loét giác mạc.
Bệnh nhân bị viêm giác - kết mạc do virus, bệnh lao mắt, bệnh nấm mắt hay mắt mưng mủ.","Mỗi lần nhỏ 1 - 2 giọt vào mắt, 2 - 4 lần/ngày.",,"Đường dùng:
Chỉ dùng để nhỏ mắt.
Khi dùng:
Hướng dẫn bệnh nhân cần thận trọng không chạm trực tiếp đầu lọ thuốc vào mắt để tránh nhiễm bẩn thuốc.
Sử dụng ở người lớn tuổi:
Vì chức năng sinh lý ở người lớn tuổi thường suy giảm, cần thận trọng khi dùng thuốc này ở bệnh nhân lớn tuổi.
Sử dụng trong nhi khoa:
Cần thận trọng khi dùng thuốc này, đặc biệt ở trẻ em dưới 2 tuổi. (Độ an toàn của thuốc này ở trẻ nhỏ và trẻ em chưa được thiết lập).",Chỉ dùng thuốc này cho phụ nữ có thai hoặc có khả năng có thai nếu lợi ích điều trị mong đợi hơn hẳn nguy cơ có thể xảy ra do dùng thuốc,,"Glôcôm: Tăng áp lực nội nhãn hoặc glôcôm đôi khi có thể xảy ra sau vài tuần dùng thuốc. Cần giám sát định kỳ áp lực nội nhãn trong quá trình điều trị.
Herpes giác mạc, nấm giác mạc, nhiễm Pseudomonas aeruginosa (không rõ tỷ lệ mắc): Thuốc này có thể gây herpes giác mạc, nấm giác mạc, nhiễm Pseudomonas aeruginosa... Trong các trường hợp này, cần có các biện pháp điều trị thích hợp.
Thủng giác mạc (không rõ tỷ lệ mắc): Thủng giác mạc có thể xảy nếu dùng thuốc này cho những bệnh nhân bị herpes giác mạc, loét hoặc chấn thương giác mạc...
Đục thủy tinh thể dưới bao sau (không rõ tỷ lệ mắc): Đục thủy tinh thể dưới bao sau có thể xảy ra sau khi dùng thuốc này dài hạn.","Bảo quản ở nhiệt độ dưới 30°C trong bao bì kín.
Vì các tiểu phân trong hỗn dịch có thể không phân tán tùy theo điều kiện bảo quản ngay cả sau khi lắc thuốc kỹ, nên bảo quản thuốc với đầu lọ hướng lên trên.",https://drive.google.com/file/d/1e8ZbbSkDRnf8-tqz75F9u0aET1D46xeh/view,
Glycerol,"2,25mg",Stiprol,Gel thụt trực tràng,Việt Nam,Điều trị táo bón trong thời gian ngắn giúp cho việc bài tiết nhanh và dễ hơn,"Quá mẫn với những thành phần của thuốc.
 Không dùng thuốc nhuận tràng cho những bệnh nhân
bị đau bụng cấp không rõ nguyên nhân, buồn nôn, ói
mửa, tắc ruột, hẹp ruột.
 Bệnh nhân bị chảy máu trực tràng không rõ nguyên
nhân, bệnh nhân bị mất nước tiến triển.
Không dùng dung dịch thụt rửa cho những bệnh nhân
bị trĩ.","Trẻ em:
-Dùng qua đường trực tràng. 1-2 tuýp 3g thụt trong vòng 24
giờ.
Người lớn:
-Dùng qua đường trực tràng. 1-2 tuýp 9g thụt trong vòng 24
giờ
-Không dùng quá 2 tuýp mỗi lần điều trị và không dùng quá
liều chỉ định.",,,Chưa có báo cáo.,,"Gây mất nước, có thể gây khó chịu và mệt mỏi","Nơi khô ráo, thoáng mát, tránh ánh sáng, nhiệt độ dưới 30*C",https://drive.google.com/file/d/1oXtuJUTC__HSfU3qfy33L9H8EivD3sRY/view,
Acid fusidic,20mg/g,Kem fucidin,Dạng kem,Ireland,"Điều trị các nhiễm khuẩn tại chỗ do các chủng vi sinh vật nhạy cảm, đặc biệt là tụ cầu","quá mẫn với acid fusidic/natri fusidate hoặc với bất kỳ tá
dược nào của thuốc.",3-4 lần/ngày,,,Thận trọng khi kê đơn,,,bảo quản dưới 30*C,https://drive.google.com/file/d/1J_aQOUapzNOupv-bwawzm2D8aDXRnZ0O/view,
Levofloxacin,5ml/25mg,Dung dịch nhỏ mắt Cravit,Dung dịch nhỏ mắt,Nhật Bản,"Các nhiễm khuẩn sau đây gây bởi các vi khuẩn nhạy cảm với Levofloxacin:Viên bờ mi,viêm túi lệ,lẹo,viêm kết mạc,viêm sụn mi,viêm giác mạc,(kể cả loét giác mạc) và dùng làm kháng sinh dự phòng sử dụng trước và sau phẫu thuật mắt.","Thuốc Cravit 0,5% chống chỉ định trong các trường hợp sau:

Tiền sử quá mẫn cảm với các thành phần của thuốc, ofloxacin hoặc bất kỳ kháng sinh nào thuộc nhóm quinolone.","Thông thường, liều cho cả người lớn và trẻ em mỗi lần nhỏ 1 giọt, 3 lần/ngày.                           Liều lượng có thể điều trị theo triệu chứng của bệnh nhân
Thời gian điều trị tùy thuộc vào loại nhiễm khuẩn và đáp ứng của bệnh nhân.",,"Để tránh sự xuất hiện vi khuẩn kháng thuốc, cần khẳng định tính nhạy cảm của vi khuẩn và điều trị với thuốc này nên giới hạn ở thời gian tối thiểu cần để tiêu diệt sự nhiễm khuẩn.

Hiệu quả của thuốc này đối với Staphylococcus aureus đề kháng methicillin (MRSA) chưa được chứng minh. Vì vậy, nên dùng ngay thuốc khác có hiệu lực kháng MRSA cho những bệnh nhân dương tính với nhiễm khuẩn do MRSA và không thấy bất kỳ sự cải thiện triệu chứng nào khi dùng thuốc này.

Khi dùng: Không chạm trực tiếp đầu lọ thuốc vào mắt để tránh nhiễm bẩn thuốc.","Thời kỳ mang thai
Chỉ dùng thuốc này cho phụ nữ có thai hoặc có khả năng có thai nếu lợi ích điều trị mong đợi hơn hẳn nguy cơ có thể xảy ra do dùng thuốc. Độ an toàn của thuốc này trong thai kỳ chưa được thiết lập.
Thời kỳ cho con bú
Levofloxacin được bài tiết vào sữa mẹ. Tuy nhiên, ở liều điều trị thuốc được dự đoán không ảnh hưởng đến trẻ bú mẹ. Chỉ dùng thuốc này cho phụ nữ cho con bú nếu lợi ích điều trị dự tính hơn hẳn nguy cơ có thể xảy ra với trẻ bú mẹ.",Chưa có thông tin.,"Tại thời điểm thuốc được phê duyệt, tác dụng không mong muốn của thuốc đã được báo cáo ở 8/472 bệnh nhân (1,69%). Các tác dụng không mong muốn chủ yếu gồm kích ứng mắt ở 4 bệnh nhân (0,85%) và ngứa mắt ở 3 bệnh nhân (0,64%), v.v.

Kết quả điều tra việc sử dụng thuốc (tại thời điểm hoàn tất tái kiểm tra):
Tác dụng không mong muốn được ghi nhận ở 42/6686 bệnh nhân (0,63%). Những tác dụng thường gặp gồm tổn thương giác mạc như viêm giác mạc lan tỏa nông ở 12 bệnh nhân (0,18%), viêm bờ mi ở 6 bệnh nhân (0,09%), kích ứng mắt ở 6 bệnh nhân (0,09%), v.v.

Tác dụng không mong muốn có ý nghĩa lâm sàng:

* Sốc, phản ứng phản vệ (không rõ tỉ lệ mắc): Bệnh nhân cần được theo dõi cẩn thận vì có thể xảy ra sốc hoặc phản ứng phản vệ. Nếu xuất hiện các triệu chứng như ban đỏ, khó thở, hạ huyết áp, phù mi mắt,… cần ngừng thuốc và xử trí thích hợp.

Tác dụng không mong muốn khác:
Nếu xuất hiện các phản ứng dưới đây, cần áp dụng biện pháp thích hợp như ngừng thuốc.

* Quá mẫn cảm:
    * Không rõ tỉ lệ mắc: Ban
    * <0,1%: Mề đay, viêm bờ mi (mi mắt đỏ và phù), viêm da mi mắt, ngứa
* Ở mắt:
    * 0,1% đến <5%: Kích ứng, tổn thương giác mạc như viêm giác mạc lan tỏa nông
    * <0,1%: Viêm kết mạc (sung huyết/phù kết mạc), đau mắt

Thông báo ngay cho bác sĩ hoặc dược sĩ nếu gặp phải các phản ứng có hại khi sử dụng thuốc.","Bảo quản dưới 30°C, tránh ánh sáng.",https://drive.google.com/file/d/12BFY7oFc5WxCrtwAq-fDVuNW1yN-WPVa/view,
Natri valproat,200mg,Depakine,Viên nén kháng acid dạ dày,Tây Ban Nha,"Người lớn:
Sử dụng như một thuốc đơn trị liệu,hoặc phối hợp với các thuốc điều trị chống động kinh khác.
Điều trị động kinh toàn thân:cơn co giật,cơn co cứng,cơn co cứng-co giật,cơn vắng ý thức,cơn giật cơ,và cơn mất trương lực, hội chứng Lennox-Gastaut.
Điều trị động kinh cục bộ:động kinh cục bộ có hoặc không kèm theo toàn thể hoá thứ phát.
Trẻ em:Sử dụng như một thuốc đơn trị liệu,hoặc phối hợp với các thuốc điều trị chống động kinh khác.
Điều trị động kinh toàn thân:cơn co giật,cơn co cứng - co giật, cơn vắng ý thức, cơn giật cơ và cơn mất trương lực, và hội chứng lennox-Gastuat
Điều trị bệnh kinh cục bộ: Động kinh cục bộ có hoặc không kèm theo toan thể hoá thứ phát
Trẻ em:
Điều trị dự phòng tái phát các cơn động kinh sau khi đã xảy ra 1 hoặc nhiều cơn co giật do sốt và hội đủ các tiêu chuẩn đối với các co giật do sốt do phức tạp, khi mà đã thất bại với điều trị dự phòng bằng benzodiazepine cách hồi.","Phụ nữ mang thai: trừ khi không có phương pháp điều trị thay thế nào (phù hợp)
Phụ nữ có khả năng mang thai, trừ khi đáp ứng các điều kiện của chương trình ngăn ngừa mang thai với valproat
Dị ứng với natri valproat hoặc bất cứ thành phần nào của thuốc.
Viêm gan cấp tính
viêm gan mạn tính
tiền sử cá nhân hay gia đình có tiền sử viêm gan mạn, nhất là khi liên quan đến thuốc.
Rối loạn chuyển hoá porphirin
Tiền sử bệnh gan và/hoặc các rối loạn chức năng tuỵ hoặc gan nặng
Rối loạn chu trình chuyển hoá ure
Những bệnh nhân đã được biết có rối loạn ti thể do đột biến gen trong nhân mã hoá cho enzym polumerase gamma của ti thể (POLG), Trẻ em dưới 2 tuổi nghi ngờ mọi rối loạn liên quan đến POLG","Trẻ nhỏ và trẻ em : 30mg/kg
Thanh thiếu niên và người lớn:  20-30mg/kg",,,"-Chống chỉ định phụ nữ mang thai trừ khi không có phương phaps thay thế nào phù hợp.
-Phụ nữ có khả năng mang thai trừ khi đáp ứng các điều kiện của chương trình ngăn ngừa mang thai với valproat.",,"Dị tật bẩm sinh và rối loạn phát triển
Thường gặp thiếu máu và giảm tiểu cầu","<30*C, nơi khô ráo",https://drive.google.com/file/d/1-bFz-JqJSIshPJKlwjPtbi6YK-oftHVA/view,
Bimatoprost và timolol,"0,3mg/mL và 5,0 mg/mL",ganfort,Dung dịch nhỏ mắt,Ireland,Làm giảm áp suất nội nhãn (IOP) ở bệnh nhân bị glaucoma góc mở hoặc tăng nhãn áp không đáp ứng đầy đủ với các thuốc chẹn beta hoặc các chất tương tự prostaglandin dùng tại chỗ.,"Quá mẫn cảm với các hoạt chất hoặc bất kỳ thành phần nào của tá dược.

Bệnh đường hô hấp tái hoạt bao gồm cả hen phế quản hoặc có tiền sử hen phế quản, bệnh phổi tắc nghẽn mãn tính nặng.

Nhịp tim chậm xoang, hội chứng nút xoang bệnh lý (sick sinus syndrome), bloc xoang nhĩ, bloc nhĩ thất độ II hoặc độ III không được kiểm soát bằng máy tạo nhịp tim, suy tim rõ, sốc do tim.","1 giọt, 1 lần/ngày",,,,,,"Bảo quản dưới 30°C. Giữ lọ thuốc trong hộp carton.
Không dùng thuốc quá 4 tuần sau khi mở.
Thuốc vô khuẩn khi dấu niêm phong còn nguyên vẹn.",https://drive.google.com/file/d/12YzYbaSIR84c8_YfVRHMAP0Hw4dMy6rG/view,
Ambroxol hydrochloride,30mg/10ml,Drenoxol,Siro,Bồ Đào Nha,"Điều trị các bệnh cấp và mãn tính của đường hô hấp có liên quan đến sự tiết bất thường của phế quản và sự vận chuyển chất nhầy bị suy giảm, đặc biệt là viêm phế quản mãn, viêm phế quản dạng hen và hen phế quản","Dị ứng với ambroxol hoặc với bất cứ thành phần nào khác của thuốc, phản ứng quá mẫn có thể xảy ra khi dùng bất kì một loại thuốc nào, bệnh nhân bị loét dạ dày tá tràng",Người lớn: 30mg (1 ống) x 2-3 lần/ngày; trẻ em trên 5 tuổi: 15mg (1/2 ống) x 2-3 lần/ngày; không dùng cho trẻ dưới 5 tuổi,,Thận trọng ở những bệnh nhân bị suyễn,Thận trọng khi sử dụng thuốc cho phụ nữ có thai và cho con bú,Dùng ambroxol với một số kháng sinh có thể dẫn đến tăng nồng độ kháng sinh trong mô phổi. Không phối hợp ambroxol với thuốc chống ho hoặc một thuốc làm khô đờm,Thường gặp (ADR>1/100); Ít gặp (1/1000<ADR<1/100); Hiếm gặp (ADR<1/1000),"Bảo quản nơi khô mát, tránh ánh sáng, nhiệt độ dưới 30 độ C",https://drive.google.com/file/d/11NQyusORSAJW8GGkmcyRjts9znaKTDqX/view,
Budesonid,"160/4,5 microgram/ liều",Symbicort Turbuhaler,Thuốc bột để hít,AstraZeneca AB,Hen suyễn và Bệnh phổi tắc nghẽn mạn tính ( COPD),"quá mẫn ( dị ứng) vơi s budesonid, formoterol hay lactose ( trong đó có chứa lượng nhỏ prtein sữa)","- Người lớn (≥ 18 tuổi): 1 - 2 hít, 2 lần/ngày. Một số bệnh nhân có thể cần liều lên đến tối đa 4 hít/lần, 2 lần/ngày.
Trẻ vị thành niên (12 - 17 tuổi): 1 - 2 hít/lần, 2 lần/ngày.",,Liều lượng nên được giảm dần khi ngưng điều trị và không nên ngưng thuốc đột ngột.,"Trong thai kỳ, Symbicort chỉ nên dùng khi cân nhắc thấy hiệu quả vượt trội nguy cơ. Nên dùng liều budesonid thấp nhất có hiệu quả để duy trì sự kiểm soát hen (suyễn) tốt.","Tương tác dược động học

Các chất ức chế mạnh CYP3A4 (như ketoconazol, itraconazol, voriconazol, posaconazol, clarithromycin, telithromycin, nefazodon và thuốc ức chế protease HIV) có thể làm tăng đáng kể nồng độ budesonid huyết tương và nên tránh dùng đồng thời các thuốc này. Nếu không thể thì khoảng thời gian giữa việc dùng chất ức chế và budesonid nên càng cách xa càng tốt. Không khuyến cáo dùng liệu pháp điều trị duy trì và giảm triệu chứng hen bằng Symbicort ở bệnh nhân dùng chất ức chế CYP3A4 mạnh.

Dùng đồng thời thuốc ức chế CYP3A4 mạnh ketoconazol, 200 mg x 1 lần/ngày, làm tăng trung bình gấp sáu lần nồng độ của budesonid uống (liều đơn 3 mg) trong huyết tương. Khi ketoconazol được dùng 12 giờ sau khi dùng budesonid, nồng độ chỉ tăng trung bình gấp ba lần cho thấy rằng khoảng cách giữa 2 liều có thể làm giảm sự tăng nồng độ huyết tương. Một số ít dữ liệu về tương tác này đối với budesonid dạng hít liều cao chỉ ra rằng tăng nồng độ trong huyết tương (trung bình gấp 4 lần) có thể xảy ra nếu itraconazole, 200 mg một lần mỗi ngày, được dùng đồng thời với budesonid dạng hít (liều duy nhất 1000 μg).

Tương tác dược lực học

Thuốc chẹn beta có thể làm giảm hoặc ức chế tác động của formoterol. Vì vậy, Symbicort không nên dùng với thuốc chẹn bêta (kể cả thuốc nhỏ mắt) trừ phi có lý do thuyết phục.

Dùng đồng thời với quinidin, disopyramid, procainamid, phenothiazin, thuốc kháng histamin (terfenadin), và chất chống trầm cảm 3 vòng có thể làm kéo dài khoảng QTc và gia tăng nguy cơ loạn nhịp thất.

Hơn nữa, L-Dopa, L-thyroxin, oxytocin và rượu có thể ảnh hưởng tính dung nạp của tim đối với thuốc cường giao cảm beta-2.

Dùng đồng thời với IMAO kể cả những tác nhân có đặc tính tương tự như furazolidon và procarbazin có thể thúc đẩy phản ứng tăng huyết áp.

Tăng nguy cơ loạn nhịp tim ở bệnh nhân đang gây mê với hydrocarbon halogen hóa.

Dùng đồng thời với các thuốc cường giao cảm beta khác hoặc các thuốc kháng cholinergic có thể có tác động giãn phế quản cộng hợp mạnh.

Giảm kali máu có thể làm tăng khuynh hướng loạn nhịp tim ở bệnh nhân điều trị bằng digitalis glycosid.

Giảm kali máu có thể do dùng chất chủ vận beta-2 và có thể do dùng đồng thời với các dẫn xuất xanthin, corticosteroid và lợi tiểu.

Budesonid và formoterol không cho thấy có tương tác với các thuốc khác dùng để điều trị hen (suyễn).

Trẻ em

Các nghiên cứu về tương tác chỉ mới thực hiện ở người lớn.","Rối loạn về tim mạch: Hồi hộp.
Rối loạn về hệ thần kinh: Nhức đầu, run rẩy.
Rối loạn hô hấp, lồng ngực và trung thất: Kích ứng nhẹ tại họng, ho, khan tiếng.
Nhiễm nấm và vi khuẩn: Nhiễm nấm Candida hầu họng, viêm phổi (ở bệnh nhân COPD).",không bảo quản trên 30 độ. Bảo quản trong bao bì đậy kín,https://drive.google.com/file/d/1e0eOh3qLT0mpKdfDKv_6NE54unphO8Uf/view,
masalazin,2g,Pentasa sachet,cốm phóng thích kéo dài,Thuỵ Sĩ,điều trị bệnh viêm loét đại tràng mức độ nhẹ đến trung bình và bệnh Cohn,,"Điều trị bệnh đang tiến triển
Người lớn: Liều dùng cho từng bệnh nhân, tối đa 4 g mỗi ngày  uống 1 lần hoặc chia làm nhiều lần.
Trẻ từ 6 tuổi trở lên: Liều được xác định cho từng bệnh nhi, khởi đầu với liều 30 - 50 mg/kg/ngày được chia làm nhiều lần. Liều tối đa: 75 mg/kg/ngày được chia làm nhiều lần. Tổng liều không vượt quá 4 g/ngày (liều tối đa của người lớn).
Điều trị duy trì
Người lớn: Liều dùng cho từng bệnh nhân. Liều khuyến cáo 2 g mesalazine một lần mỗi ngày. Cũng có thể chia làm nhiều lần.
Trẻ em từ 6 tuổi trở lên: Liều được xác định cho từng bệnh nhi, khởi đầu với 30 mg/kg/ngày chia làm nhiều lần. Tổng liều không vượt quá 2 g/ngày (Liều khuyến cáo của người lớn)",,"Bệnh nhân loét dạ dày
Quá mẫn với mesalazin
Bệnh nhân suy gan nặng
Trẻ em dưới 2 tuổi
Bệnh nhân bị tắc nghẽn đường tiết nệu",Pentasa nên được dùng thận trọng ở phụ nữ cho con bú và chỉ khi lợi ích dự kiến vượt hẳn nguy cơ gây hại có thể có theo ý kiến bác sĩ,"Điều trị đồng thời Pentasa với azathioprine, hoặc 6-mercaptopurine","tiêu chảy, nôn, đau bụng, đau đầu, nôn và nổi ban. Các phản ứng quá mẫn và sốt do thuốc thỉnh thoảng có thể xảy ra và phản ứng có hại trên da nghiêm trọng",dưới 30*C,https://drive.google.com/file/d/1Pat90_EjMXj5eaJE7oZVmAkF_9iSEDSg/view,
Salmeterol xinafoate ; fluticasone propionate,"25/50 mcg , 25/125 mcg , 25/250 mcg",SERETIDE EVOHALER DC,Thuốc phun mù định liều hệ hỗn dịch,Tây Ban Nha,"​Hen (Bệnh tắc nghẽn đường dẫn khí có hồi phục)
​SERETIDE được chỉ định trong điều trị thường xuyên bệnh hen (bệnh tắc nghẽn đường dẫn khí có hồi phục), bao gồm hen phế quản ở người lớn và trẻ em từ 4 tuổi trở lên. Bao gồm:
​Bệnh nhân không được kiểm soát đầy đủ bằng corticosteroid xịt và thuốc chủ vận beta_2 tác dụng ngắn dạng xịt ""khi cần"".
​Bệnh nhân vẫn có triệu chứng khi đang điều trị bằng corticosteroid dạng xịt.
​Bệnh nhân đang được kiểm soát hiệu quả bằng cả thuốc chủ vận beta_2 tác dụng kéo dài và corticosteroid xịt",Chống chỉ định SERETIDE cho bệnh nhân có tiền sử quá mẫn với bất cứ thành phần nào của thuốc.,"Người lớn và thanh thiếu niên từ 12 tuổi trở lên:
​Hai nhát xịt loại 25 mcg salmeterol và 50 mcg fluticasone propionate, hai lần mỗi ngày.
​Hoặc Hai nhát xịt loại 25 mcg salmeterol và 125 mcg fluticasone propionate, hai lần mỗi ngày.
​Hoặc Hai nhát xịt loại 25 mcg salmeterol và 250 mcg fluticasone propionate, hai lần mỗi ngày.
​Liều tối đa khuyến cáo cho người lớn và trẻ em trên 12 tuổi là 500/50, 2 lần/ngày.
​Trẻ từ 4 tuổi trở lên:
​Hai nhát xịt loại 25 mcg salmeterol và 50 mcg fluticasone propionate, hai lần mỗi ngày.
​Liều tối đa cho phép của fluticasone propionate trong Seretide Evohaler DC cho trẻ em là 100 mcg, 2 lần/ngày.
​Không có số liệu về sử dụng SERETIDE ở trẻ em dưới 4 tuổi.",,"Nếu bạn có bệnh lý về tuyến giáp (nhiễm độc giáp), tiểu đường, hoặc nguy cơ hạ kali máu.",cân nhắc khi sử dụng,,"​Đau đầu: Thường nhẹ và giảm dần.
​Chuột rút: Cảm giác co thắt cơ.
​Đau khớp: Khó chịu ở các khớp xương.
​Viêm họng/Khàn tiếng: Do kích ứng tại chỗ hoặc nhiễm nấm miệng (nếu không súc miệng sau khi hịt).",,https://drive.google.com/file/d/1xomd9rcMPB2CYaYC2R1cAErqChxyDWC8/view,
Miconazole,0.02,Vadikiddy,"Gel bôi niêm mạc miệng, họng",Việt Nam,"Thuốc điều trị nhiễm nấm Canidida ở khoang miệng họng
Thuốc chỉ sử dụng cho người lớn và trẻ em từ 4 tháng tuổi trở lên","Quá mẫn với Miconazole, các dẫn chất imidazol khác hoặc với bất kỳ thành phần nào của thuốc
Trẻ em dưới 4 tháng tuổi hoặc những người có phản xạ nuốt chưa phát triển hoàn chỉnh (nguy cơ bị nghẹt thở)
Bệnh nhân rối loạn chức năng gan
Dùng kết hợp với các thuốc được chuyển hoá bởi CYP3A4 gồm:
- Các thuốc gây kéo dài khoảng Qt, ví dụ: astemizole, cisapride, dofetilide, mizolastine, pimozide, quinidine, sertindole và terfenadine
- Các alkaloid nấm cựa gà
- Các chất ức chế enzym khử HMG-CoA như simvastatin và lovastatin
- Triazolam và midazolam đường uống","1 thìa đong thuốc được cung cấp tương đương với 124mg miconazole mỗi 5 ml gel
Trẻ nhỏ: 4-24 tháng tuổi: 1,25ml gel (1/4 thìa đong), 4 lần/ngày, sau bữa ăn. Mỗi liểu nên được chia thành những phần nhỏ hơn và bôi thuốc tại chỗ tổn thương bằng ngón tay sạch. Không bôi thuốc vào thành sau cổ họng do có thể gây nghẹt thở. Không nên nuốt gel ngay mà giữ trong miệng càng lâu càng tốt.
Người lớn và trẻ em từ 2 tuổi trở lên: 2,5ml gel (1/2 thìa đong thuốc), 4 lần/ ngày, sau bữa ăn
Không nên nuốt gel ngay, giữ trong miệng càng lâu càng tốt
Đối với nhiễm nấm Candida miệng, nếu có hàm răng giả nên được lấy ra mỗi tối và chà rửa với gel",,,Thận trọng khi sử dụng,,"Rối loạn tiêu hoá: Khô miệng, buồn nôn, khó chịu ở miệng, nôn, trào ngược
Rối loạn tổng quát và tại chỗ sử dụng: Mùi vị thuốc bất thường","Nơi khô, dưới 30ºC, tránh ánh sáng trực tiếp",https://drive.google.com/file/d/1j5zxk75IDmIVO0SbryuZBTKxGrCZAS2U/view,
Natri carboxymethylcellulose,"0,5%",Refresh Tears,Dung dịch nhỏ mắt,Mỹ,"Refresh Tears làm dịu nhất thời cảm giác nóng rát, kích ứng và khó chịu do khô mắt hoặc tiếp xúc với gió hay ánh nắng. Thuốc còn được dùng như 1 chất bảo vệ chống lại các kích ứng khác
Thuốc cũng dược chỉ định để bôi trơn và làm ẩm kính áp tròng thẩm khí loại mềm và cứng, bằng cách nhỏ một giọt vào kính trước khi đặt vào trong mắt giúp làm giảm tình trạng khô, khó chịu và kích ứng mắt có thể liên quan đến việc đeo kính áp tròng và đệm kính",Chống chỉ định ở bệnh nhân quá mẫn với bất kỳ thành phần của thuốc,"Nhỏ 1 hay 2 giọt vào mắt bị đau khi cần thiết
Các thuốc nhỏ mắt được dùng đồng thời nên cách lần nhỏ Refresh Tears ít nhất 5 phút để tránh thuốc bị rửa trôi",,,Không có cảnh báo đặc biệt,,,"Bảo quản ở nhiệt độ không quá 30ºC . Tránh ấm
Chỉ sử dụng khi dấu niêm phong lọ thuốc còn nguyên vẹn",https://drive.google.com/file/d/1sFRzoXzQ_rbxlEX1-MMtUqrGd5VdMO0C/view,
Vitamin E acetat,400mg,INCEPAVIT 400 CAPSULE,Viên nang cứng,Bangladesh,"Dùng dự phòng và điều trị thiếu vitamin E.
Vitamin E cũng được dùng làm thuốc chống oxy hóa.",Không có,Liều đề nghị là 1 viên nang/ ngày cùng hoặc sau bữa ăn hoặc theo kê toa của bác sĩ,,,"Phụ nữ có thai: Vitamin E có thể sử dụng khi mang thai ở liều bình thường nhưng sự an toàn khi điều trị với liều cao thì chưa được biết
Phụ nữ cho con bú:Vitamin E đi qua sữa mẹ, tuy nhiên chưa có tài liệu về những bất ổn khi dùng với liều thông thường.",,,"Bảo quản ở nơi khô mát, nhiệt độ dưới 30 °C, tránh ánh sáng.",https://drive.google.com/file/d/1tHZx3YG5KUPElgY_vnshAjBRUUj9Sn1L/view,
Dutasteride,5mg,Uroka,Viên nang mềm,Thái Lan,"UROKA được chỉ định để điều trị và phòng ngừa sự tiến triển của bệnh tăng sản lành tính tuyến tiền liệt (BPH-Benign Prostatic Hyperplasia) thông qua việc làm giảm triệu chứng, giảm kích thước (thể tích) tuyến tiền liệt, cải thiện lưu thông nước tiểu và giảm nguy cơ bí tiểu cấp tính
(AUR-Acute Urinary Retention) cũng như giảm nhu câu phẩu thuật liên quan đên BPH.
Ngoài ra, dutasteride 0,5 mg cũng được kết hợp với tamsulosin là một thuốc chen alpha để điều trị và phòng ngừa sự tiến triển của bệnh tăng sản lành tính tuyến tiền liệt (BPH) thông qua việc làm giảm kích thước tuyến tiền liệt, giảm triệu chứng, cải thiện lưu thông nước tiểu và giảm nguy cơ bí tiểu cấp tính (AUR) cũng như nhu cầu phẫu thuật liên quan đến BPH.","- Quá mẫn với dutasteride, các chất ức chế 5-alpha-reductase khác hay với bất cứ thành phần nào của thuốc.
- Phụ nữ và trẻ em.","Liều đề nghị là 1 viên (0,5 mg) uống 1 lần/ngày.
Dù có thể thấy đáp ứng sớm với thuốc, nhưng có thể cần điều trị ít nhất 6 tháng để có thể đánh giá khách quan việc đáp ứng điều trị có đạt được theo mong muốn hay không.
Để điều trị bệnh tăng sản lành tính tuyến tiền liệt, có thể dùng đơn trị liệu Uroka hoặc kết hợp với thuốc chẹn alpha tamsulosin (0,4 mg).
Suy thận: Ánh hưởng của suy thận đến dược động học của dutasteride chưa được nghiên cứu. Không cần điều chỉnh liều dutasteride trên bệnh nhân suy thận.
Suy gan: Ảnh hưởng của suy gan đến dược động học của dutasteride chưa được nghiên cứu.",,,"Phụ nữ mang thai: Chống chỉ định
Phụ nữ cho con bú: Không có thông tin",,,"Bảo quản dưới 30°C ở nơi khô thoáng, tránh ánh nắng trực tiếp.",https://drive.google.com/file/d/1axPeG9HvAaYx7hfKhkDf3vt_lALgpWIS/view,
Methylprednisolon,4mg,Mebikol,Viên nén,Việt Nam,"Rối loạn nội tiết
- Thiểu năng vỏ thượng thận nguyên phát hay thứ phát (hydrocortison hay cortison là thuốc được ưa tiên sử dụng; những hoạt chất tổng hợp tương tự cố thể được dùng cùng với mineralocorticoid khi cần thiết; ở trẻ em, việc cung cấp bổ sung mineralocorticoid là rất quan trọng).
- Tăng sản tuyến thượng thận bẩm sinh
- Viêm tuyến giáp không sinh mủ
- Calci máu cao liên quan đến ung thư.
Những rối loạn không phải do nội tiết
Rối loạn do thấp khớp
Là liệu pháp điều trị bổ trợ đối với chỉ định ngắn hạn (để đưa bệnh nhân qua khỏi giai đoạn cấp hay trầm trọng) trong:
- Viêm khớp do vảy nến
- Viêm khớp dạng thấp, kể cả viêm khớp dạng thấp ở thiếu niên (một số trường hợp đặc biệt có thể đòi hỏi liệu pháp duy trì liều thấp)
- Viêm cột sống dính khớp
- Viêm bao gân cấp tính không đặc hiệu
- Viêm khớp cấp tính do gút
- Viêm xương khớp sau chấn thương
- Viêm màng hoạt dịch trong chứng thoái hóa khớp
- Viêm mõm lồi cầu xương
Bệnh hệ thống tạo keo:
Dùng trong giai đoạn trầm trọng hoặc để điều trị duy trì trong những trường hợp chọn lọc của:
- Lupus ban đỏ hệ thống
- Viêm da cơ toàn thân (viêm đa cơ)
- Thấp tim cấp
- Đau da cơ do thấp khớp
- Viêm động mạch tế bào khổng lố
Bênh thuộc về da:
- Bệnh Pemphigus
- Hồng ban đa dạng thể nặng (hội chứng Stevens-Johnson)
- Viêm da tróc vày
- U sùi dạng nấm
- Viêm da tiết bã nhờn thể nặng
Bệnh di ứng:
Kiểm soát các tình trạng dị ứng nặng hoặc khó điều trị đã thất bại với các cách điều trị thông thường:
- Viêm mũi dị ứng theo mùa hoặc quanh năm
- Bệnh huyết thanh
Hen phế quản
Các phản ứng quá mẫn với thuốc
- Viêm da tiếp xúc
- Viêm da dị ứng
Bệnh về mắt:
Các quá trình viêm và dị ứng mạn tính và cấp tính nghiêm trọng ở mắt và các phần phụ của mắt như:
- Viêm loét kết mạc do dị ứng
- Nhiễm trùng giác mạc do Herpes Zoster
- Viêm tiền phòng
- Viêm màng mạch nho khếch tán phía sau và viêm màng mạch
- Nhãn viêm giao cảm
- Viêm kết mạc dị ứng
- Viêm giác mạc
- Viêm màng mạch - võng mạc
- Viêm thần kinh thị giác
- Viêm mống mắt và viêm mống mắt - thể mi
Bệnh ở đường hô hấp:
- Bệnh sarcoid có triệu chứng
- Hội chứng Loeffer không thể kiểm soát được bằng các phương pháp khác
- Nhiễm độc berylli
- Trong lao phổi thể lan tỏa hoặc bùng phát cấp tính, dùng đồng thời với liệu pháp hóa trị kháng lao thích hợp.
- Viêm phối hít
Rối loạn về huyết học:
- Xuất huyết giảm tiểu cầu vô căn ở người lớn
- Giảm tiểu cầu thứ phát ở người lớn
- Thiếu máu tán huyết mắc phải (tự miễn)
- Chứng giảm nguyên hồng cầu (thiếu máu hồng cầu)
- Thiếu máu giảm sản bẩm sinh (dòng hồng cầu)
Các bệnh ung thư:
Điều trị tạm thời:
- Bệnh bạch cầu và u lympho ở người lớn.
- Bệnh bạch cầu cấp ở trẻ em.
Tình trạng phù:
- Để giúp bài niệu và giảm protein niệu trong hội chứng thận hư không kèm theo urê máu cao, hoặc hội chứng thận hư do lupus ban đỏ rải rác.
Bệnh đường tiêu hóa:
Dùng để đưa bệnh nhân qua khỏi cơn nguy kịch của bệnh trong:
- Viêm loét đại tràng
- Viêm đoạn ruột non
Hệ thần kinh
- Các đợt cấp tính của bệnh đa xơ cứng
- Các trường hợp phù kết hợp với u não
Cấy ghép nội tạng
Các chỉ định khác:
- Lao màng não có tắc nghẽn khoang dưới nhện hoặc dọa tắc khi dùng đồng thời liệu pháp hóa trị liệu kháng lao thích hợp.
- Bệnh giun xoắn liên quan đến cơ tim và thần kinh.","- Nhiễm nấm toàn thân
- Quá mẫn với methylprednisolon hoặc bất kỳ thành phần nào của thuốc.
- Chống chỉ định sử dụng vắc-xin sống hoặc vắc-xin sống giảm độc lực cho bệnh nhân đang dùng các liều corticosteroid ức chế miễn dịch.","- Liều khởi đầu của viên nén methylprednisolon có thể thay đổi tùy thuộc vào bệnh đặc hiệu cần điều trị. Nếu bệnh ít nghiêm trọng, các liều thấp hơn thường là đủ, trong khi ở một số bệnh nhân có thể cần dùng liều khởi đầu cao hơn. Các bệnh cần dùng liều cao bao gồm đa xơ cứng (200 mg/ngày), phù não (200-1000 mg/ngày) và ghép cơ quan (tới 7 mg/kg/ngày). Nếu sau một khoảng thời gian đáng kể mà chưa có đáp ứng lâm sàng đầy đủ, thì phải ngừng thuốc và chuyển sang liệu pháp điều trị thích hợp hơn cho bệnh nhân. Nếu sau khi điều trị dài ngày mà muốn ngừng thuốc thì phải ngừng từ từ, không được ngừng đột ngột. - Sau khi thấy có đáp ứng thuận lợi, cần xác định liều duy trì bằng cách giảm liều khởi đầu theo từng nấc nhỏ, với các khoảng cách thởi gian thích hợp cho tới liều thấp nhất mà vẫn giữ vững được đáp ứng lâm sàng đầy đủ. Cần luôn nhớ là phải theo dõi liên tục để đánh giá về mức liều sử dụng. Những trường hợp cần điều chỉnh liều là những trường hợp có thay đổi về tình trạng lâm sàng thứ phát như là các đợt thuyên giảm hoặc các đợt kịch phát của bệnh, đáp ứng với thuốc của từng cá thể bệnh nhân và ảnh hưởng của các trạng thái stress không liên quan trực tiếp tới bệnh đang điều trị. Trong tình huống sau cùng (trạng thái stress không liên quan trực tiếp tới bệnh đang điều trị), có thể cần tăng liều methy|prednisolon trong một khoảng thời gian phù hợp với điều kiện của bệnh nhân. - Cần nhấn mạnh là yêu cầu về liều có thể thay đổi và cần phải cá thể hóa theo bệnh lý đang điều trị cũng như đáp ứng điều trị của bệnh nhân. ADT (Điều trì cách nhật) Điều trị cách nhật là chế độ liều corticosteroid trong đó dùng 2 lần liều hàng ngày của corticosteroid vào mỗi buổi sáng cách nhật (một ngày uống - một ngày nghỉ).",,,"Phụ nữ có thai: cân nhắc thận trọng về mặt lợi ích- nguy cơ
Thời kỳ cho con bú: cân nhắc thận trọng về mặt lợi ích- nguy cơ",,,"Nhiệt độ không quá 30ºC, tránh ánh sáng và ẩm",https://drive.google.com/file/d/1Xs2dQCs51qYm0FqoLyWbp2vtLcPgJAtx/view,
,,,,,,,,,,,,,,,
,,,,,,,,,,,,,,,
,,,,,,,,,,,,,,,
,,,,,,,,,,,,,,,
,,,,,,,,,,,,,,,
,,,,,,,,,,,,,,,
,,,,,,,,,,,,,,,
,,,,,,,,,,,,,,,
Adapalen,"0,1%","Differin cream 0,1%",Kem dùng ngoài da,Pháp,"Điều trị mụn trứng cá khi có nhiều nhân trứng cá, sẩn và mụn mủ. Thuốc được dùng cho mụn trứng cá ở mặt, ngực và lưng","Qúa mẫn với bất kì thành phần nào của thuốc
Phụ nữ có thai và dự định có thai",Mỗi ngày 1 lần,1,"Không để thuốc tiếp xúc với mắt, miệng, góc mũi hoặc niêm mạc
Không bôi vào vết thương hở, cháy nắng hoặc chàm.","Chống chỉ định cho PNCT hoặc dự định có thai
Tránh bôi ở ngực khi sử dụng trong thời kỳ cho con bú",Không dùng đồng thời các thuốc retinoid hay các thuốc khác có cùng phương thức tác động với adapalen,"Thường gặp: Da khô, kích ứng da, nóng rát da, ban đỏ
Ist gặp: Viêm da tiếp xúc, da cháy nắng, ngứa, tróc da...",Bảo quản ở nhiệt độ không quá 30*C,https://drive.google.com/file/d/1PedTPrYlLVP9YQiTK2N_siZGOJJoJC-k/view?usp=sharing,
bimatoprost,"0,3mg/3mL",LUMIGAN,Dung dịch nhỏ mắt,Ireland,,Làm giảm sự tăng áp suất nội nhãn ở bệnh nhân bị glaucoma góc mở hoặc bị tăng nhãn áp,"1 giọt vào mắt bị bệnh, 1 lần/ngày buổi tối",1 giọt,"Thay đổi mô chứa sắc tố, thay đổi lông mi, bệnh nhân bị viêm trong mắt, bệnh nhân không có thủy tinh thể",Thận trọng,,"Sung huyết kết mạc (nhẹ và không viêm)
Kích ứng mắt, ban đỏ mí mắt, ngứa mắt, tăng mọc lông mi
Rậm lông, tăng sắc tố da
Kích ứng tại thuốc nhỏ mắt",Bảo quản dưới 30*C. Không dùng quá 4 tuần sau khi mở,https://drive.google.com/file/d/1yuw3-LQixkslbNzIbFpng_78iBOpoqpg/view?usp=sharing,
Bào tử Bacillus subtilis,2 x 10^9 CFU,Domuvar,hỗn dịch thuốc uống,Việt Nam,"- Điều trị chứng loạn khuẩn đường ruột và các biểu hiện lâm sàng của nó, đặc biệt ở trẻ sơ sinh ( ví dụ như tiếu chảy)
- Liệu pháp bổ trợ để phục hồi hệ vi sinh vật đường ruột bị thay đổi trong quá trình điều trị bằng kháng sinh hoặc hoá trị liệu",Quá mẫn với các thành phần của thuốc.,"- Người lớn: 2-3 ống mỗi ngày
- Trẻ em và trẻ sơ sinh: 1-2 ống mỗi ngày",,"Có thể nhìn thấy các hạt nhỏ trong ống thuốc DOMUVAR do sự tập hợp của các bào tử Bacillus subtilis, vì vậy, đó không phải là một dấu hiệu cho thấy sản phẩm bị biến đổi.",Không có chống chỉ định về việc sử dụng sản phẩm trong thời kỳ mang thai và khi cho con bú,Không rõ,Không có TDKMM nào được báo cáo khi sử dụng thuốc,"Bảo quản nơi khô ráo, thoáng mát, tránh ánh áng, nhiệt độ dưới 30ºC",https://drive.google.com/file/d/1jaz1X_-DUQud_hH4LgDu6JppBeIKwVWO/view,
Cao khô Carduus marianus,400mg,Ganita 200,viên nang cứng,Việt Nam,"Hỗ trợ điều trị viêm gan mạn tính, xơ gan và tổn thương gan do nhiễm độc.","Mẫn cảm với bất cứ thành phần nào của thuốc.
Phụ nữ có thai và cho con bú.
Trẻ em dưới 12 tuổi.
Những bệnh nhân không dung nạp galactose do di truyền dạng hiếm, thiếu hụt lactase hoặc kém hấp thu glucose-galactose không nên dùng Ganita 200.
Không dùng trong điều trị nhiễm độc cấp tính.","Người lớn và thiếu niên từ 12 tuổi trở lên: uống ngày 2 lần, mỗi lần 1 viên.
Bác sĩ điều trị quyết định thời gian điều trị.",,"Song song với việc điều trị bằng thuốc phải tránh xa các nguyên nhân gây tổn thương gan (rượu).
Phải thông báo cho bác sĩ các trường hợp vàng da (sự biến đổi màu da từ vàng nhạt đến đậm, tròng trắng mắt có màu vàng).
Không có những nghiên cứu đầy đủ trên trẻ em. Do đó không được sử dụng cho trẻ em nhỏ hơn 12 tuổi.",Không có thông tin,Silymarin làm giảm hoạt tính của enzyme CYP3A4 in vitro. Nếu sử dụng Silymarin cùng với các thuốc chuyển hóa bởi enzyme CYP3A4 thì có thể sẽ làm thay đổi dược động học của các thuốc đó. Sự ảnh hưởng của các isoenzyme khác trong hệ thống enzyme cytochrome P450 cũng phải được xem xét. Nên theo dõi khi sử dụng đồng thời Silymarin với các thuốc có đặc tính như trên.,Nếu thấy hiện tượng bất thường khi dùng thuốc cần ngừng ngay và thông báo kịp thời cho bác sĩ hoặc dược sĩ biết để xử lý.,"Bảo quản dưới nơi khô, nhiệt độ dưới 30ºC, tránh ánh sáng",https://drive.google.com/file/d/1lxALhLqUyl5JjHyidNQY7mOXMQv71-lg/view,
Meloxicam,15mg,Meloxicam 15mg,viên nén,Việt Nam,"dùng trong bệnh thoái hóa khớp, viêm cột sống dính khớp, các bệnh khớp mạn tính khác, viêm khớp dạng thấp và viêm khớp dạng thấp lứa tuổi thanh thiếu niên.","- Mẫn cảm với các thành phần của thuốc.
- Người có tiền sử hen phế quản, polyp mũi, phù mạch thần kinh hoặc bị phù Quincke, mày đay sau khi dùng aspirin hoặc các thuốc chống viêm không steroid (NSAIDs) khác.
- Tiền sử chảy máu hoặc thủng đường tiêu hóa sau khi dùng NSAIDS.
- Tiến sử loét dạ dày - tá tràng hoặc loét dạ dày - tá tràng tiến triển.
- Xuất huyết tiêu hóa, chảy máu não hoặc rối loạn chảy máu khác.
- Bệnh viêm ruột (Bệnh Crohn, viêm loét đại tràng).
- Suy gan nặng và suy thận nặng không lọc máu.
- Suy tim nặng.
- Điều trị đau sau phẫu thuật bắc cầu động mạch vành (CABG).
- Ba tháng cuối của thai kỳ.
- Trẻ em và thanh thiếu niên dưới 16 tuổi.","Người lớn
- Viêm khớp dạng thấp, viêm cột sống dính khớp, các bệnh khớp mạn tính: 7,5 mg/lần/ngày và có thể dùng tối đa 15 mg/lần/ngày. Khi điều trị lâu dài, nhất là ở người cao tuổi hoặc người có nhiều nguy cơ tai biến phụ, liều khuyến cáo là 7,5 mg/lần/ngày. Không được vượt quá liều 15 mg/lãn/ngày.
- Đợt đau cấp của thoái hóa khớp: 7,5 mg/lần/ngày. Khi cần, có thể tăng liều tới 15 mg/lần/ngày.
- Viêm khớp dạng thấp lứa tuổi thanh thiếu niên: Liều khởi đầu và duy trì được khuyến cáo là 7,5 mg/lần/ngày, không khuyến cáo tăng liều trên 7,5 mg/ngày. Không sử dụng cho thanh thiếu niên dưới 60 kg.
Người cao tuổi hoặc có nguy cơ tai biến Liều khuyến cáo 7,5 mg/lần/ngày.
Suy gan, suy thận
Nhẹ và vừa, không cần điều chỉnh liều; nếu suy nặng, không dùng thuốc
Suy thận chạy thận nhân tạo Liều không được vượt quá 7,5 mg/ngày.
Trẻ em và thanh thiếu niên dưới 16 tuổi
Chống chỉ định cho trẻ em và thanh thiếu niên dưới 16 tuổi.
Cách dùng: Uống 1 lần trong ngày, không phụ thuộc vào bữa ăn.",,"- Thận trọng khi dùng cho người có tiền sử loét dạ dày - tá tràng hoặc đang dùng thuốc chống đông máu. Nên dùng liều thấp nhất có tác dụng trong thời gian ngắn nhất có thể. Trong quá trình dùng thuốc, nếu có biểu hiện bất thường trên da, niêm mạc hoặc có dấu hiệu loét hay chảy máu đường tiêu hóa, phải ngừng thuốc ngay.
- Thận trọng với người bị giảm dòng máu đến thận hoặc giảm thể tích máu như suy tim, hội chứng thận hư, xơ gan, bệnh thận nặng, đang dùng thuốc lợi tiểu hoặc đang tiến hành các phầu thuật lớn. Cần kiếm tra thể tích nước tiểu và chức năng thận trước khi dùng meloxicam.
- Meloxicam có thể gây tăng huyết áp hoặc làm nặng thêm bệnh tăng huyết áp. Khi dùng thuốc cần thường xuyên theo dõi huyết áp.
- Meloxicam có thể gây tăng nhẹ thoáng qua transaminase hoặc các thông số đánh giá chức năng gan. Khi các thông số này tăng cao vượt giới hạn bình thường ở mức có ý nghĩa hoặc tăng kéo dài thì phải ngừng dùng thuốc.
- Thận trọng khi dùng cho người cao tuổi vì có thể dẫn đến suy giảm chức năng gan, thận, tim.
- Thuốc có chứa lactose, những bệnh nhân có vấn để di truyền hiếm gặp như không dung nạp galactose, thiếu hụt lactase, hoặc kém hấp thu glucose - galactose không nên dùng thuốc này.
- Nguy cơ huyết khối tim mạch: Các thuốc chống viêm không steroid (NSAIDs), không phải aspirin, dùng đường toàn thân, có thể làm tăng nguy cơ xuất hiện biến cố huyết khối tim mạch, bao gồm cả nhồi máu cơ tim và đột quy, có thể dẫn đến tử vong. Nguy cơ này có thể xuất hiện sớm trong vài tuần đầu dùng thuốc và có thể tăng lên theo thời gian dùng thuốc. Nguy cơ huyết khối tim mạch được ghi nhận chủ yếu ở liều cao.","Phụ nữ có thai: chống chỉ định trong 3 tháng cuối
Phụ nữ cho con bú: Không khuyến khích dùng","- Dùng nhiều thuốc kháng viêm không steroid cùng lúc có thể làm tăng nguy cơ gây loét và xuất huyết tiêu hóa do tác động hiệp đồng.
- Tăng nguy cơ chảy máu trên bệnh nhân dùng thuốc chống đông máu dạng uống, ticlopidin, heparin, thuốc làm tan huyết khối.
- Dùng chung với lithi làm tăng nỗng độ lithi huyết.
- Làm tăng độc tính trên máu của methotrexat, trong trường hợp này cần phải đếm tế bào máu định kỳ.
- Thuốc làm giảm hiệu quả tránh thai của vòng tránh thai trong tử cung
- Làm tăng nguy cơ suy thận cấp ở bệnh nhân bị mất nước. Trường hợp phải dùng chung meloxicam với thuốc lợi niệu, phải đảm bảo đủ nước cho người bệnh và theo dõi chức năng thận cẩn thận.
- Cholestyramin gắn với meloxicam ở ống tiêu hóa làm giảm hấp
thu, tăng thải trừ meloxicam.
- Meloxicam có thể làm tăng quá trình chảy máu, do vậy, cần theo dõi thời gian chảy máu khi dùng chung meloxicam với warfarin.
- Meloxicam làm tăng độc tính trên thận của cyclosporin, làm giảm tác dụng lợi niệu của furosemid, nhóm thiazid.","Thường gặp, ADR ≥ 1/100
Rối loạn tiêu hóa, buồn nôn, nôn, đau bụng, táo bón, chướng bụng, tiêu chảy, thiếu máu, ngứa, phát ban trên da, nhiễm khuẩn đường hô hấp trên, hội chứng giống cúm, ho, viêm hầu họng, đau cơ, đau lưng
Đau đầu, phù, thiếu máu khi dùng kéo dài.","Nơi khô thoáng, tránh ánh sáng, nhiệt độ không quá 30°C.",https://drive.google.com/file/d/1eYffq3i0Xbpogx1OtT4fDZvvf6EgkH_l/view,
Methylprednisolon,16 mg,Medlon 16,Viên nén,Việt Nam,"Chỉ định trong các trường hợp cần hoạt tính glucocorticoid như:
1. Rồi loạn nội tiết: Thiểu năng vỏ thượng thận nguyên phát và thứ phát, tăng sản tuyến thượng thận bẩm sinh.
 2. Rối loạn thấp khớp: Viêm khớp dạng thấp, viêm khớp mạn tính ở thiếu niên, viêm cột sống dính khớp.
 3. Bệnh collagen (bệnh hệ thống tạo keo)/ viêm động mạch: Lupus ban đỏ hệ thống, viêm da cơ toàn thân (viêm đa cơ), sốt thấp khớp kèm viêm tim nặng, viêm động mạch tế bào khổng lồ/ đau đa cơ do thấp khớp.
4. Bệnh da liễu: Bệnh Pemphigus Vulgaris.
5. Bệnh dị ứng: Viêm mũi dị ứng nặng theo mùa và quanh năm, phản ứng quá mẫn với thuốc, bệnh huyết thanh, viêm da tiếp xúc dị ứng, hen phế quản.
6. Bệnh nhãn khoa: Viêm màng bổ đào trước (viêm mống mắt, viêm mống mắt - thể mì), viêm màng uố đào sau, viêm thần kinh thì giác.
 7. Bệnh đường hô hấp: Bệnh Sarcoid phổi, lao phổi thể lan tỏa hoặc bùng phát (dùng đồng thời với liệu pháp hóa trị kháng lao thích hợp), viêm phối hít.
8. Rối loạn huyết học: Xuất huyết giảm tiểu cầu vô căn ở người lớn, thiếu máu tan huyết (tự miễn).
9, Bệnh ung thư: Bệnh bạch cầu (cấp tính và bạch huyết), u lympho ác tính.
10. Bệnh đường tiêu hóa: Viêm loét đại tràng, bệnh Crohn. 11. Các chỉ định khác: Lao màng não (khi dùng đồng thời hóa trị liệu chống lao thích hợp), cấy ghép tạng.","- Những bệnh nhân bị nhiễm nấm toàn thân.
- Những bệnh nhân bị nhiễm khuẩn toàn thân trừ khi sử dụng liệu pháp chống nhiễm khuẩn cụ thể.
- Những bệnh nhân quá mẫn cảm với hoạt chất hoặc với bất kỳ tá dược nào của thuốc. Sử dụng vắc-xin sống hoặc vắc-xin sống giảm độc lực là chống chỉ định ở những bệnh nhân dùng liều corticosterol ức chế miễn dịch","Viêm khớp dạng thấp
- Nặng: 12 -16 mg.
- Trung bình - nặng: 8 - 12 mg.
- Trung bình: 4 - 8 mg
- Trẻ em: 4 - 8 mg.
Viêm da cơ toàn thân: 48 mg.
Lupus ban đỏ hệ thống: 20 - 100 mg.
Sốt thấp khớp cấp: 48 mg cho đến khi ESR bình thường trong một tuần.
Bệnh dị ứng: 12 -40 mg.
Hen phế quàn: lên đến 64 mg liều duy nhất / liếu cách ngày tối đa 100 mg.
Bệnh nhãn khoa: 12 - 40 mg.
Rối loạn huyết học và bệnh bạch cầu: 16 - 100 mg.
U lympho ác tính: 16 - 100 mg. Viêm loét đại tràng: 16 - 60 mg.
Bệnh Crohn: lên đến 48 mg mỗi ngày trong các đợt cấp tính.
Cấy ghép nội tạng: lên đến 3,6 mg/ kg/ ngày. Sarcoid phối: 32 - 48 mg cách ngày.
Viêm động mạch tế bào khổng lồ/ đau đa cơ do thấp khớp: 64 mg.
Bệnh Pemphigus Vulgaris: 80 - 360 mg.",,,"- Phụ nữ có thai: Chỉ nên được sử dụng trong thai kỳ sau khi cân nhắc về mặt lợi ích- nguy cơ của mẹ và thai nhi.
- Phụ nữ cho con bú: Chỉ nên sử dụng sau khi cân nhắc về mặt lợi ích về mặt rủi ro cho mẹ và trẻ sơ sinh.","Methylprednisolon là cơ chất của enzym cytochrom P450 (CYP) và chủ yếu được chuyển hóa bởi enzym CYP3A4. CYP3A4 là enzym chính của hầu hết các phân họ CYP trong gan của người trưởng thành. Nó xúc tác cho quá trình 6ß - hydroxyl hóa steroid, giai đoạn I thiết yếu trong quá trình chuyển hóa cho cả corticosteroid nội sinh và tổng hợp. Cũng có rất nhiều chất khác cũng là cơ chất của CYP3A4, một số chất này (cũng như các thuốc khác) làm thay đổi sv chuyển hóa glucocorticoid bằng cách gây cảm ứng (điều hòa) hoặc ức chế enzym CYP3A4.","Nhiễm khuẩn và nhiễm ký sinh trùng: Thường gặp: Nhiễm khuẩn (bao gồm tăng độ nhạy cảm và mức độ nghiễm trọng của nhiễm khuẩn với sự ức chế các triệu chứng và dấu hiệu làm sàng).
Rối loạn nội tiết: Hội chứng cushing
Rối loạn chuyển hóa và dinh dưỡng Thường gặp: Giữ natri, giữ nước
Rối loạn tâm thần: rối loạn cảm xúc
Rối loạn mắt thường gặp đục thủy tinh
Rối loạn mạch thường gặp tăng huyết áp
Rối loạn tiêu hóa thường gặp loét dạ dày tá tràng
Rối loạn da và môi dưới da thường gặp teo da, mụn
Rối loạn cơ và các mô liên kết thường gặp yếu cơ, chậm phát triển
Rối loạn chung và rối loạn tại chỗ dùng thuốc: thường gặp chậm lành vết thương
Xét nghiệm thường gặp giảm kali máu","Nơi khô ráo, nhiệt độ không quá 30ºC, tránh ánh sáng",https://drive.google.com/file/d/1XFcrthdQW6R8qMORbQ194widSKAREyHi/view,
"Nhôm hydroxyd
Magnesi hydroxyd","611,76 mg và 800,4 mg","NHÔM HYDROXYD GEL 611,76 MG MAGNESI HYDROXYD 800,4 MG",Hỗn dịch uống,Việt Nam,"Điều trị viêm loét dạ dày và làm giảm triệu chứng ợ nóng, khó tiêu, rối loạn dạ dày","Mẫn cảm với thành phần của thuốc
Trẻ nhỏ ( đặc biệt là trẻ mất nước và suy thận )
Bệnh nhân suy thận nặng
Bệnh nhân nhiễm kiềm, magnesi máu tăng cao, bệnh nhân giảm phosphat máu.","Để dùng trong bệnh loét dạ dày - tá tràng:
Trẻ em: 5 - 15 g hỗn dịch, cứ 3 - 6 giờ một lần hoặc 1 đến 3 giờ sau các bữa ăn và khi đi ngủ.
Người lớn: 15 - 45 g hỗn dịch, cứ 3 - 6 giờ một lần hoặc 1 đến 3 giờ sau khi ăn và khi đi ngủ.
Phòng chảy máu đường tiêu hóa:
Trẻ em: 2 - 5 g hỗn dịch/ liều, cứ 1 - 2 giờ uống một lần.
Trẻ lớn: 5 - 15 g hỗn dịch/ liều, cứ 1 - 2 giờ uống một lần.
Người lớn: 30 - 60 g hỗn dịch, cứ 1 giờ 1 lần.
Cần điều chỉnh liều lượng để duy trì pH dạ dày > 5.
Để kháng acid (làm giảm triệu chứng ợ nóng, khó tiêu, rối loạn dạ dày):
Người lớn uống 30 g hỗn dịch, vào lúc 1 đến 3 giờ sau bữa ăn và lúc đi ngủ.",,,Có thể sử dụng nhưng tránh liều cao và kéo dài,"NHÔM HYDROXYD GEL 611,76 MG MAGNESI HYDROXYD 800,4 MG có thể làm giảm sự hấp thu của một số thuốc khi dùng cùng lúc như kháng sinh nhóm tetracyclin, thuốc kháng muscarinic, diazepam, cimetidin, digoxin, các chế phẩm có chứa sắt, INH, thuốc nhóm phenothiazin, các vitamin tan trong dầu. Vì thế nên tránh uống NHÔM HYDROXYD GEL 611,76 MG MAGNESI HYDROXYD 800,4 MG cùng lúc với các thuốc này.","Tiêu chảy nhẹ, việc tập trung magnesi trong huyết thanh có thể làm tăng magnesi máu nếu dùng thuốc với liều cao và dài hạn.
Nhuyễn xương, bệnh não, sa sút trí tuệ và thiếu máu hồng cầu nhỏ đã xảy ra ở người suy thận mạn tính dùng nhôm hydroxyd làm tác nhân gây dính kết phosphat.
Giảm phosphat máu đã xảy ra khi dùng thuốc kéo dài hoặc liều cao. Ngộ độc nhôm và nhuyễn xương có thể xảy ra ở người bệnh có hội chứng urê máu cao.
Thông báo cho thầy thuốc các tác dụng không mong muốn gặp phải khi sử dụng thuốc","Nơi khô ráo, tránh ánh sáng, nhiệt độ không quá 30ºC",https://drive.google.com/file/d/1nARZzb8ximgYzkXnEdKD5uEGtv9SYi_I/view,
Etifoxine hydrochloride,50 mg,Stresam,Viên nang cứng,Pháp,Các biểu hiện dạng tâm thể của lo âu,"Tình trạng sốc - Suy gan, suy thận nặng - Nhược cơ","Thông thường từ 3 đến 4 viên mỗi ngày, chia làm 2 đến 3 lần
Uống thuốc với ít nước.
Trẻ em: Chưa có chứng cứ về tính an toàn và hiệu quả khi dùng Stresam® cho trẻ em dưới
15 tuổi.
Thời gian điều trị: vài ngày đến vài tuần.
Không được tăng liều kế tiếp để bù cho liều đã quên.",,,Không khuyên dùng thuốc này cho phụ nữ có thai và cho con bú,"Những phối hợp không khuyên dùng:
• Cồn: Cồn làm tăng tác dụng an thần của thuốc. Có thể nguy hiểm cho người lái xe và vận hành máy móc do làm giảm sự tỉnh táo.
Tránh những thức uống và thuốc có chứa cồn.
Những phối hợp cần lưu ý:
• Các thuốc ức chế hệ thần kinh trung ương khác: Dẫn xuất morphine (thuốc giảm đau, thuốc giảm ho và chất thay thế thuốc gây nghiện); benzodiazepine; thuốc ngủ; thuốc an thần; chất kháng histamine H1 có tác dụng làm dịu; thuốc chống trầm cảm có tinh lam dịu; thuốc điều trị tăng huyết áp tác dụng trụng ương; baclofene; thalidomide.
Làm tăng ức chế trung ương. Có thể nguy hiếm cho người lái xe và vận hành may móc do làm giảm sự tỉnh táo.","- Rất thường gặp (>1/10)
- Thường gặp (>1/100, <1/10)","Không dùng vượt quá ngày hết hạn dùng ghi ngoài bao bì
Không bảo quản ở nhiệt độ trên 30ºc",https://drive.google.com/file/d/1BIDXjztfN45r8j58uJBeABAVjPQ1LUn5/view,
perindopril,10mg,coversyl,viên nén bao phim,pháp,"Tăng huyết áp
Điều trị tăng huyết áp
Bệnh động mạch vành ổn định
Làm giảm nguy cơ biến cố tim mạch trên bệnh nhân đã có tiền sử nhồi máu cơ tim và hoặc tái thông mạch","CHỐNG CHỈ ĐỊNH
• Quá mẫn với thành phần hoạt chất hoặc bất kỳ thành phần nào của thuốc, hay bất kỳ thuốc ức chế enzym chuyển nào khác..
• Tiền sử phù mạch liên quan đến việc sử dụng các thuốc ức chế enzym chuyển trước đó.
• Phù mạch di truyền hoặc vô cắn,
• Giai đoạn hai và ba của thai kỳ.
• Sử dụng đồng thời Coversyl với các sản phẩm có chứa aliskiren trên bệnh nhân đái tháo đường hoặc suy thận (GFR< 60 ml/phút/1,73m2)
• Sử dụng đồng thời với sacubitril/valsartan
• Các điều trị ngoài cơ thể dẫn đến việc máu tiếp xúc với các bề mặt tích điện âm
• Hẹp động mạch thận hai bên hoặc hẹp động mạch đáng kể dẫn đến còn chức nằng thận một bên","Tăng huyết áp: liều khới đầu 2,5-5mg có thể tăng tới 10mg 1 lần mỗi ngày
Bệnh động mạch vanh ổn định: liều khới đầu 2,5-5mg có thể tăng tới 10mg 1 lần mỗi ngày
 Bênh nhân suy thận 2,5-5mg/ ngày
Bệnh nhân suy gan không chỉnh liều
Trẻ em không khuyến cáo",,,Chống chỉ định cho PNCT và cho con bú,,"Rối loạn thần kinh: choáng váng đau đầu, chóng mặt, dị cảm
Rối loạn thị giác
Rối loạn tai và mê cung: ù tai
Rối loạn mạch: hạ huyết áp
Rối loạn hô hấp, ngực và trung thất: ho, khó thở
Rối loạn tiêu hoá: đau bụng, táo bón, tiêu chảy, mất thị giác. rối laon tiêu hoá, buồn nôn và nôn
Rối loạn da và mô dưới da: ngứa và ngoại ban
Rối loạn cơ xương khớp và mô liên kết: chuột rút,
Rối loạn chung: suy nhược",Bảo quản thuốc dưới 30ºC và giữ lọ thuốc được đóng chặt,https://drive.google.com/file/d/1ATVEN6UTwhu_RY2jzAmLUUUUtw_KS1BE/view,
"Natri algniante
Natri bicarbinate
Calci carbonate","500mg
267mg
160mg",Gavison,Hỗn dịch uống,Anh,"Điều trị các triệu chứng trào ngược dạ dày- thực quản như trào ngược axit, ợ nóng và khó tiêu liên quan đến trào ngược, chẳng hạn như sau bữa ăn, hoặc trong khi mang thai, hoặc ở những bệnh nhân có các triệu chứng liên quan đến viêm thực quản do trào ngược",Nghi ngờ mẫn cảm với các hoạt chất hoặc bất kì tá dược nào của thuốc bao gồm methyl parahudroxybenzoate và propyl parahydrõybenzoate,"Người lớn và trẻ em từ 12 tuổi trở lên:1 đến 2 gói sau bưac ăn và trước khi đi ngủ ( tối đa 4 lần/ ngày)
Trẻ em dưới 12 tuổi: không cần chỉnh liều đối với nhóm tuổi này
Suy gan: không cần chỉnh liều
Suy thận: thận trọng nếu bệnh nhân cần chế độ ăn hạn chế muối nghiêm ngặt",,"Nêu triệu chứng không cải thiện sau 7 ngày, cân xem xét lại tình trạng lâm sàng. Sản phâm thuôc này chứa 142,6 mg natri môi 10 ml, tương đương với 7,13% lượng natri tôi đa được WHO Liêu tôi đa hàng ngày của sản phẩm này tương đương với 57% lượng natri tối đa được khuyên nghị hàng ngày của WHO. Sản phẩm này được xem là có hàm lượng natri cao. Điêu này cân đặc biệt lưu ý đối với những người có chê độ ăn ít muôi (ví dụ: trong một sô trường hợp suy tim xung huyết và suy thận). Môi liêu 1 gói 10 ml chứa 160 mg (1,6 mmol) calci cacbonate. Cân thận trọng khi điêu trị cho những bệnh nhân bị tăng calci huyết, vôi hóa thận và sỏi calci thận tái phát. Sản phẩm có chứa methyl parahydroxybenzoate (E218) 40 mg/10ml và propyl parahydroxybenzoate (E216) 6 mg/10ml có thể gây ra phản ứng dị ứng (có thể là phản ứng dị ứng chậm).",Có thể dùng trong thai kì và cho con bú,"Xem xét các thuốc khác cách xa trong 2 giờ đặc biệt là tettracyclines, digoxine, fluổquinolone, muối sắt, ketoconazone, thuốc chống loạn thần, hormon thyroid, penicillimie, chẹn beta, glucocortcoid, chlổquine, biphosphonate và estramustine",,"Không bảo quản nhiệt độ trên 30ºC, không đông lạnh hoặc để trong tủ lạnh",https://drive.google.com/file/d/1npNPxTNcnlT_GeSv25wA_qRwsHkcAnEn/view,
Cefalor,500mg,MFT- Cefaclor,Viên nang cứng,Ý,"Nhiễm khuẩn đường hô hâps bao gồm viêm phổi, viêm phế quản, đợt cấp của viêm phế quản mãn tính, vêm họng, viêm amidan và viêm xoang
Viêm tai giữa
Nhiễm khuẩn da và mô mềm
Nhiễm khuẩn đường tiết niệu bao gồm viêm- bể thận và viêm bàng quang
Nhiễm trùng đường tiết niệu cấp tính và mãn tính","Quá mẫn vơí bất kỳ thành phần nào của thuốc
Quá mẫn với các cephalosporin","Người lớn liều thông thường 250mg môĩ 8 giờ
Nhiễm trùng nặng tăng gấp đôi liều. Liều 4g mỗi ngày đã được coi là an toàn đối tuọng bình thường cho 28 ngày
Trẻ em khuyến cáo 20mg/kg/ngày chia làm nhiều lần cứ sau 8 giờ. Tối đa liều là 1g/ ngày",,"Cefaclor nên được sử dụng thận trọng khi chức năng thận bị suy giảm rõ rệt. Vì thời gian bán thải của cefaclor ở bệnh nhân suy thận là 2,3 đên 2,8 giờ (so với 0,6-0,9 giờ ở người bình thường), thường không cân điêu chỉnh liêu cho bệnh nhân suy thận vừa hoặc nặng. Kinh nghiệm lâm sàng với cefaclor trong những điều kiện như vậy còn hạn chê; do đó, cân quan sát lâm sàng cân thận và các nghiên cứu trong phòng thí nghiệm. Thuốc kháng sinh phổ rộng nên được kê đơn thận trọng ở những người có tiền sử bệnh dạ dày- ruột, đặc biệt là viêm đại tràng. Các xét nghiệm Coombs trực tiếp dương tính đã được báo cáo trong quá trình điều trị bằng kháng sinh cephalosporin. Trong các nghiên cứu về huyết học hoặc trong các thủ thuật kết hợp chéo truyền máu, khi xét nghiệm kháng globulin được thực hiện ở trẻ nhỏ, hoặc trong xét nghiệm Coombs trên trẻ sơ sinh có mẹ đã dùng kháng sinh cephalosporin trước khi sinh, cần lưu ý rằng xét nghiệm Coombs dương tính có thể là do thuốc. Phản ứng dương tính giả với glucose trong nước tiểu có thể xảy ra với dung dịch của Benedict hoặc Fehling hoặc với viên thử đồng sunphat.","Thận trọng dùng cho phụ nữ có thai
Thận trong cho phụ nữ đang cho con bú","Tăng thời gian prothrombin có hoặc không có chyar máu lâm sàng ơr những bệnh nhân dùng đồng thời cefalor và warfarin
Sự bài tiết cefaclor qua thận bị ức chế bởi probenecid","Tiêu hóa: tiêu chảy, buồn nôn
Phản ứng dị ứng phát ban dạng sởi, ngứa, nổi mề đay",Bảo quản dưới 30ºC trong bao bì gốc,https://drive.google.com/file/d/1LU255WBlQL3mOL8jW8dvFbSU-LhNn9Y3/view,
Etifoxin hydroclorid,50mg,vinfoxin,viên nang cứng,Việt nam,Các biểu hiện của dạng tâm thể lo âu,"Mẫn cảm với etifoxin hydroclorid hoặc với bất kỳ thành phần nào của thuốc
Tình trạng sốc
Suy gan và suy thận nặng
Bệnh nhược cơ","3 đến 4 viên mỗi ngày, chia làm 2 đến 3 lần",,"Thận trọng khi dùng chung etifoxin với các thuốc ức chế thần kinh trung ương
không dùng chung với đồ uống có cồn",Không sử dụng,"Cồn: làm tăng tác dụng thuốc an thần
Morphin, benzodiazepin, thuốc ngủ, thuốc an thần, thuốc kháng histamin H1",,Dưới 30ºC,https://drive.google.com/file/d/1O8613TZQvsfIlbAy5jOjHiJnI67btvZB/view,
saccharomyces boulardii,250mg,Bioflora,bột pha dịch uống,Pháp,"Điều trị tiêu chảy cấp do nhiêm khuẩn
 Dự phòng và điều trị tiêu chảy và viêm đại tràng liên quan đến kháng sinh
Điều trị dự phòng tiêu chảy liên quan đến nuôi ăn qua ống thông
Điều trị hội chứng kích thích ruột","Quá mẫn thành phần của thuốc
Bệnh nhân có đặt ống thông tĩnh mạch trung tâm
Bệnh nhân bị bệnh nặng hoặc bị suy giảm miễn dịch do nguy cơ nhiễm nấm huyết","1 hoặc 2 gói, một lần hoặc 2 lần mỗi ngày",,,Không sử dụng,,,khô ráo dứới 30ºC,https://drive.google.com/file/d/17UgInt4dBDKkB_JCGIuPviyZiAkj8llT/view,
Paracetamol,120mg,Babemol,siro thuốc,Việt Nam,"Hạ sốt, giảm đau cho trẻ trong các trường hợp cảm cúm, sốt xuất huyết, nhiễm khuẩn, nhiễm siêu vi, mọc răng sau khi tiêm chủng, sau phẫu thuật","Qúa mẫn với Paracetamol
Người bệnh thiếu máu, có bệnh tim, bệnh phổi
Thiếu hụt glucose-6-phosphat dehydrogenase; suy chức năng gan","Mỗi lần cách nhau 4-6 giờ, không quá 5 lần/ ngày
Liều uống: trung bình từ 10-15mg/kg thể trọng/ lần
Tổng liều tối đa không quá 60mg/kg thể trọng /24 giờ",,"Bác sĩ cần cảnh báo bệnh nhân về các dấu hiệu của phản ứng trên da nghiêm trọng như hội chứng Stevens-Johnson (SJS), hội chứng hoại tử da nhiễm độc (TEN) hay hội chứng Lyell, hội chứng ngoại ban mụn mủ toàn thân cấp tính (AGEP). Đôi khi có những phản ứng dị ứng như: ban dát, sần ngứa và mày đay. Giảm tiểu cầu, giảm bạch cầu và giảm toàn thể tiểu cầu có thể xảy ra khi dùng kéo dài với liều lớn. Dùng thận trọng ở người bệnh có thiếu máu từ trước. Thận trọng với người suy thận nặng: Thận trọng với người kiêng muối.",Không có thông tin,"Uống dài ngày liều cao Paracetamol làm tăng nhẹ tác dụng chống đông của
Coumarin và dẫn chất Indandion.
Cần chú ý đến khả năng gây hạ sốt nghiêm trọng ở người bệnh dùng đồng thời
Phenothiazin và liệu pháp hạ nhiệt.
Thuốc chống co giật (Phenytoin, Barbiturat, Carbamazepin) gây cảm ứng enzym ở microsom thể gan, có thể làm tăng tính độc hại gan của Paracetamol do tăng chuyển hóa thuốc thành những chất độc hại với gan.","Thường gặp: giảm tiểu cầu, giảm bạch cầu và giảm thể huyết cầu",Không quá 30ºC,https://drive.google.com/file/d/1TogHNiNUSckbdtigeM0BdSoDGVzXNu91/view,
Drotaverin hydroclorid,80mg,No-spa,Viên nén,hungary,"No-Spa forte là thuốc chống co thắt cơ trơn, thuốc được dùng trong các trường  hợp sau:
Co thắt cơ trơn trong những bệnh lý đường mật: sỏi túi mật, sỏi ống mật, viêm túi mật, viêm quanh túi mật, viêm đường mật, viêm bóng tụy.
 Co thắt cơ trơn trong những bệnh lý đường niệu: sỏi thận, sỏi niệu quản, viêm  bể thận, viêm bàng quang, đau do co thắt bàng quang.
Dùng điều trị hỗ trợ trong:
- Co thắt cơ trơn hệ tiêu hóá: loét dạ dày và tá tràng, viêm dạ dày, co thắt tâm vị và môn vị, viêm ruột, và tăng tính kích thích của đại tràng.
- Các bệnh phụ khoa: đau bụng kinh.","Mẫn cảm với hoạt chất hoặc với bất kỳ tá dược nào của thuốc
Suy thận nặng hoặc suy gan nặng
Suy tim","Người lớn: 1-3 viên/ ngày
Trẻ em trên 12 tuổi: 1 đến tối đa 2 viên/ ngày",,"Lưu ý sử dụng bệnh nhân bị huyết áp thấp
Bệnh nhân có vấn đề di truyền hiếm gặp về không dung nạp galactose, thiếu hụt lapp lactose hoặc kém hấp thu glucose",Không khuyến cáo,"Dùng chung với levodopa, làm giảm tác động điều trị chống parkinson của thuốc này như làm nặng thêm sự co cứng cơ và run rẩy",,Không quá 30ºC,https://drive.google.com/file/d/1x3YfhMwa8SoR_wzjRZ8zmU5hRnBTMqpg/view,
Bacillus clausii,4 tỷ/5ml,Enterogermina,Hỗn dịch uống,Ý,"Điều trị và phòng ngừa rối loạn hệ vi khuẩn đường ruột và bệnh lý kém hấp thu vitamin nội sinh
Điều trị hỗ trợ để phục hồi hệ vi khuẩn đường ruột bị ảnh hưởng khi dùng thuốc kháng sinh hoặc hoá trị liệu
Rối loạn tiêu hoá cấp và mạn tính ở trẻ em do nhiêmc độc hoặc rối loạn hệ vi khuẩn đường ruột và kém hấp thu vitamin",Dị ứng với các thành phần khác của thuốc,1 ống/ ngày,,"Chỉ uống không dùng đường khác
Thận trọng khi dùng với kháng sinh",Có thể dùng nên xin ý kiến bác sĩ,,,bảo quản không quá 30ºC,https://drive.google.com/file/d/1l5vVK2MsNuEITBvDAJwO060Ccmi9i0rf/view,
Extractum,"0,6g/ gói 3g",lanpandan,Thuốc cốm,Việt Nam,"Điều trị cholestẻol máu cao. Hỗ trọ điều trị béo phì
Phòng ngừa xơ vữa động mạch, tăng huyết áp","Quá mẫn với bất kì thành phần nào của thuốc
Trẻ em dưới 30 tháng tuổi, trẻ em có tiền sử động kinh hoặc co giật do sốt cao","Trẻ dưới 6 tuổi, mỗi lần 3g(1 gói 3g)
Trẻ từ 6-12 tuổi: mỗi lần 3-6g
Trẻ trên 12 tuổi và người lớn: mỗi lần 6g",,"Không nên ăn nhiều dầu mỡ, nhiều chất đường hoặc uống nhiều rượu bia
Nên tâpj thể dục đều đặn để tăng thêm tác dụng của thuốc",không dùng cho phụ nữ có thai và cho con bú,Thời gian dùng thuốc tránh dùng nhiều các thực phẩm chứa nhiều dầu mỡ,,"nơi khô, dưới 30ºC",https://drive.google.com/file/d/1f0_K5LBT6WtUU7aVSOgxlOPmG1kbsOXd/view,
Extractum,450mg/ gói 3g,Hoạt huyết thông mạch TP,Thuốc cốm,Việt Nam,"Bổ huyết- hoạt huyết thông mạch
Dùng cho người thiếu múa, sinh chứng đau đầu, hoa mắt, sạm da, giảm trí nhớ, mệt mỏi, mất thăng bằng","không dùng cho phụ nữ có thai người đang chảy máu hoặc đang nguy cơ chảy máu, người sốt xuất huyết","Trẻ dưới 6 tuổi, mỗi lần 3g(1 gói 3g)
Trẻ từ 6-14 tuổi, mỗi lần 3g-6g
Trẻ ừ 14 tuổi trở lên và người lớn , mỗi lần 6g",,Thận trọng với bệnh nhân bị bệnh tiểu đường,không dùng cho phụ nữ có thai và cho con bú,,,"Nơi khô, nhiệt đôh dưới 30ºC",https://drive.google.com/file/d/1r4vIeZN4guCEC224wIo9nM53j0d5aOlw/view,
Metronidazol,250mg,Metronidazol,Viên nén,Việt Nam,"Dự phòng và điều trị các bệnh nhiễm khuẩn do các vi khuẩn ky. khí gây ra ở người lớn và trẻ em:
+ Dự phòng nhiễm khuẩn sau phẫu thuật do vi khuẩn kị khí, đặc biệt là do loài Bacteroides và Streptococci.
+ Điều trị nhiễm khuẩn huyết, viêm phúc mạc , áp xe , viem phổi, viêm tuỷ xương, nhiễm trùng hậu sản, áp xe vùng chậu, viêm mô tế bào vùng chậu, nhiễm trùng vết thương sau phẫu thuật do các vi khuẩn kị khí.
 + Bệnh trùng roi do nhiễm Trichomonas vaginalis ở phụ nữ và nam giới.
+ Nhiễm khuẩn âm đạo (còn gọi là viêm âm đạo không đặc hiệu, viêm âm đạo do vi khuẩn kị khí, viêm âm đạo do Gardnerella).
+ Bệnh do amip gây ra (bệnh đường ruột hoặc bệnh ngoài đường ruột trong trường hợp không có kén amip). + Bệnh do nhiễm Giardia.
 + Viêm loét lợi.
 + Các vết loét ở chân do nhiễm vi khuẩn kị khi.
+ Nhiễm khuẩn răng cấp tính (như viêm chân răng, viêm lợi quanh chân răng).
+ Nhiễm trùng Helicobacter pylori trong loét dạ dày (sử dụng trong một liệu pháp điều trị kết hợp)",Có tiền sử quá mẫn với metronidazol hoặc các dẫn chất nitronimidazol khác hoặc bất kỳ thành phần nào của thuốc,"Chỉ dùng cho trẻ em trên 6 tuổi
Người lớn 500mg/ ngày đến 1500 mg/ ngày
Trẻ em 375mg/ ngày đến 20-40 mg/kg/ ngày",,,Không dùng cho phụ nữ có thai và cho con bú,,"Tiêu hoá: buồn nôn, nôn, chán ăn, đau bụng, ỉa chảy, có vị kim loại khó chịu","Nơi khô ráo, nhiệt độ dưới 30ºC",https://drive.google.com/file/d/1oQTK92Gfm7yfuJ8R8Hbu8pHtSO4spGTE/view,
"Amoxicillin trihydrate
Kali clavulanate","875mg
125mg",Augmentin,viên nén bao phim,Anh,"AUGMENTIN là thuốc kháng sinh với phổ kháng khuẩn rộng đặc biệt chống lại các vi khuẩn thường gây bệnh trong cộng đồng và bệnh viện. Tác dụng ức chế men beta-lactamase của clavulanate mở rộng phổ kháng khuẩn của amoxicllin hơn nữa, bao gồm nhiều chủng đã kháng các kháng sinh nhóm beta-lactam khác. Nên sử dụng AUGMENTIN theo hướng dẫn kê toa thuốc kháng sinh chính thức và dữ liệu về tính nhạy cảm của các vi khuẩn tại địa phương. AUGMENTIN dạng uống dùng 2 lần/ngày được chỉ định để điều trị ngắn hạn nhiễm khuẩn ở các vị trí dưới đây: Nhiễm khuẩn đường hô hấp trên (gồm cả tai-mũi-họng) như viêm amidan, viêm xoang, viêm tai giữa Nhiễm khuẩn đường hô hấp dưới như đợt cấp của viêm phế quản mạn, viêm phổi thùy và viêm phế quản phổi. Nhiễm khuẩn đường niệu-sinh dục như viêm bàng quang, viêm niệu đạo, viêm thận-bể thận. Nhiễm khuẩn da và mô mềm như nhọt, áp-xe, viêm mô tế bào, nhiễm khuẩn vết thương. Nhiễm khuẩn xương và khớp như viêm tủy xương Nhiễm khuẩn răng như áp-xe ổ răng. Các nhiễm khuẩn khác như nạo thai nhiễm khuẩn, nhiễm khuẩn sản khoa, nhiễm khuẩn trong ổ bụng. Tính nhạy cảm của vi khuẩn với AUGMENTIN sẽ thay đổi theo địa lý và thời gian (xem Các Đặc tính dược học, Dược lực học để biết thêm thông tin). Nên tham khảo dữ liệu về tính nhạy cảm của các vi khuẩn tại địa phương nếu có, và tiến hành lấy mẫu vi sinh và xét nghiệm về tính nhạy cảm nếu cần.","Chống chỉ định AUGMENTIN ở những bệnh nhân có tiền sử quá mẫn với beta-lactam, ví dụ các penicilin và cephalosporin. Chống chỉ định AUGMENTIN ở những bệnh nhân có tiền sử vàng da/ rối loạn chức năng gan liên quan đến AUGMENTIN.","người lớn và trẻ trên 12 tuổi: 625mg-1g x 2 lần/ngày
Nhiễm khuẩn răng (ổ áp xe): người lớn và trẻ em trên 12 tuổi: 625mg x 2 lần/ ngày, dùng trong 5 ngày
Liều cho người suy thận: 625mg- 1g
Liều cho người suy gan: thận trọng",,,"Phụ nữ có thai: tránh dùng trừ khi bác sĩ cho là cần thiết
Phụ nữ cho con bú: có thể dùng",,"Nhiễm khuẩn và nhiễm ký sinh trùng
Rối loạn đường tiêu hoá: tiêu chảy, buồn nôn, nôn","Bảo quản trong bao bì kín, nơi khô ráo, không quá 30°C",https://drive.google.com/file/d/1TYD8foYDm1WKKJfQJaMxRkixKzPSgS1-/view,
Bisoprolol fumarat,"2,5mg
5mg
10mg",Corneil,viên nén bao phim,Việt Nam,"Tăng huyết áp. Đau thắt ngực. Điều trị hỗ trợ suy tim mạn tính ổn định, từ vừa đến nặng, kèm giảm chức năng tâm thu thất trái sử dụng cùng với các thuốc ức chế men chuyển, lợi tiểu và có thể với glycosid trợ tim.","Mẫn cảm với bisoprolol hoặc với bất cứ thành phần nào của thuốc. Bisoprolol chống chỉ định ở bệnh nhân có sốc do tim, suy tim cấp, suy tim chưa kiểm soát được bằng điều trị nền, suy tim độ III nặng hoặc độ IV, block nhĩ - thất độ hai hoặc ba và nhịp tim chậm xoang (dưới 60 nhịp/ phút trước khi điều trị), bệnh nút xoang. Hen nặng hoặc bệnh phổi - phế quản mạn tính tắc nghẽn nặng. Hội chứng Raynaud nặng. U tuy thượng thận (u tế bào ưa crôm) khi chưa được điều trị. Huyết áp thấp (< 100 mmHg). Nhiễm toan chuyển hóa.","Điều trị tăng huyết áp và đau thắt ngực: 5-1mg
Điều trị suy tim mạn ổn định: 1,25-10mg
Suy thận hoặc suy gan ở người suy tim mạn: thận trọng
Người suy gan hoặc suy thận: 2,5-10mg
Người cao tuổi: không chỉnh liều
Trẻ em: chống chỉ định",,,"Phụ nữ có thai: chống chỉ định
Phụ nữ cho con bú: thận trọng",,"Tim: nhịp tim chậm, suy tim nặng thêm
Thần kinh: chóng mặt, nhức đầu
Tiêu hoá: Rối loạn tiêu hoá như buồn nôn, nôn, tiêu chảy, táo bón
Mạch máu: Cảm thấy lạnh hoặc tê đầu chi, hạ huyết áp
Chung: Suy nhược, mệt mỏi","Giữ thuốc trong bao bì gốc của nhà sản xuất, đậy kín.
Để thuốc nơi khô ráo, tránh ánh sáng, nhiệt độ không quá 30°C và ngoài tầm với của trẻ em.",https://drive.google.com/file/d/13C-QOKcLB2LGqU2WHgwwvq38Ki4oOp6B/view,
Valsartan,160mg,SaVi Valsartan 160,viên nén bao phim,Việt Nam,"- Điều trị tăng huyết áp ở người lớn và trẻ em từ 6-18 tuổi.
- Sau nhồi máu cơ tim: Điều trị ở người lớn suy tim có triệu chứng hoặc rối loạn chức năng tâm thu thất trái đã ổn định lâm sàng sau một cơn nhồi máu cơ tim gần đây (12 giờ-10 ngày).
- Điều trị suy tim ở người lớn suy tim có triệu chứng khi không dung nạp với thuốc ức chế ACE (Angiotensin converting enzyme) hoặc ở người bệnh không dung nạp thuốc chẹn beta được dùng như một biện pháp bổ trợ cho thuốc ức chế ACE khi không dùng được các chất đối kháng thụ thế mineralocorticoid.","Quá mẫn với các thành phần của thuốc.
Suy gan nặng, xơ gan mật và ứ mật.
Phụ nữ có thai 6 tháng cuối thai kỳ.
Kết hợp với các thuốc chứa aliskiren ở người bệnh đái tháo đường hoặc suy thận (GFR < 60 ml/phút/1,73 m2).","Tăng huyết áp: 80-320mg
Sau nhồi máu cơ tim: 20-160mg
Suy tim: 40-320mg
Người lớn tuổi: Không cần điều chỉnh liều ở người lớn tuổi.
Suy thận: Không cần điều chỉnh liều. Chống chỉ định kết hợp valsartan và aliskiren ở người bệnh suy thận (GFR < 60 ml/phút/1,73 m2)
Đái tháo đường: Chống chỉ định kết hợp valsartan và aliskiren ở người bệnh đái tháo đường.
Suy gan: Chống chỉ định valsartan ở người suy gan nặng, xơ gan mật và ứ mật. Liều valsartan tối đa ở người suy gan nhẹ và trung bình là 80 mg.
Trẻ em tăng huyết áp:
Trẻ từ 6-18 tuổi: 40- 320mg tuỳ theo cân nặng
Trẻ dưới 6 tuổi: không có thông tin
Trẻ em từ 6-18 tuổi suy thận: không khuyến cáo
Trẻ em từ 6-18 tuổi suy gan: chống chỉ định
Trẻ em suy tim và sau nhồi máu cơ tim: không khuyến cáo",,,chống chỉ định,,"Sau nhồi máu cơ tim:
Hệ thần kinh: choáng váng, chóng mặt tư thế
Mạch: Hạ huyết áp, hạ huyết áp tư thế
Thận và tiết niệu: Suy thận","Nơi khô, nhiệt độ không quá 30°C. Tránh ánh sáng",https://drive.google.com/file/d/1CGWwhBQQSTXJZj6pCGlRhoWr5RIZuzzh/view,
Valsartan,"80mg
160mg","Valsarfast 80,160",viên nén bao phim,Slovenia,"• Cao huyết áp: điều trị cao huyết áp vô căn.
• Nhồi máu cơ tim mới phát: điều trị các bệnh nhân đã ổn định lâm sàng với chứng suy tim có triệu chứng, hoặc rối loạn chức năng thất trái không triệu chứng thuộc tâm thu sau khi mới bị nhồi máu cơ tim (từ 12 giờ đến 10 ngày).
• Suy tim: điều trị suy tim có triệu chứng, khi các chất ức chế enzyme chuyển đổi Angiotensin (Angiotensin Converting Enzyme (ACE) ) không thể dùng được, hoặc như một liệu pháp cộng thêm với các chất ức chế ACE khi các chất khoá-beta không thể dùng được.","• Mẫn cảm với các thành phần của thuốc.
• Suy gan nặng, xơ gan mật, và ứ mật.
• Quý 2 và quý 3 của thời kỳ thai nghén.","Cao huyết áp: 80-320
Nhồi máu cơ tim mới phát: 20-160mg
Suy tim: 40-320mg",,,Phụ nữ có thai và cho con bú: Không khuyến cáo,,"Thường có: chóng mặt, chóng mặt theo tư thế; huyết áp thấp với triệu chứng chóng mặt; chức năng thận giảm (dấu hiệu của suy thận).","• Bảo quản nơi khô mát, tránh ánh sáng.
• Để xa tầm tay trẻ em.
• Không dùng thuốc quá hạn sử dụng ghi trên hộp.",https://drive.google.com/file/d/1z1JAKH1TnoL7T8Lqut6jCfetCGswJWDD/view,
Metformin hydroclorid,1000mg,Glumeform 1000 XR,Viên nén giải phóng kéo dài,Việt Nam,"Điều trị đái tháo đường týp 2 (không phụ thuộc insulin) ở người trưởng thành, đặc biệt ở người béo phì, sau khi đã áp dụng chế độ ăn kiêng và tập thể dục đơn thuần không hiệu quả.
Glumeform 1000 XR có thể được dùng như đơn trị liệu hoặc phối hợp với các thuốc trị đái tháo đường đường uống khác hoặc với insulin.","Bệnh nhân đã có tiền sử quá mẫn với metformin hoặc một trong các thành phần của thuốc.
Bệnh nhân suy thận nặng (eGFR dưới 30 mL/ phút/ 1,73 m') [xem mục Cảnh báo và thận trọng].
Bệnh nhân toan chuyển hóa cấp tính hoặc mạn tính, bao gồm cả nhiễm toan ceton do tiểu đường.
Các trường hợp cấp tính có thể làm thay đổi chức năng thận như: mất nước, nhiễm khuẩn nặng, sốc, tiêm chất cản quang có chứa iod.
Các trường hợp bệnh cấp tính có thể gây giảm oxy mô như: suy tim mất bù, suy hô hấp, cơn nhồi máu cơ tim, sốc.
Suy gan, nhiễm độc rượu cấp tính, nghiện rượu.","Liều khuyến cáo: 500-2000mg/ ngày
Trẻ em: không dùng
Khuyến cáo cho bệnh nhân suy thận: 500-1000/ ngày",,,Chống chỉ định,,"Rất thường gặp: Rối loạn tiêu hóa: nôn, buồn nôn, tiêu chảy, đau bụng và chán ăn. Các tác dụng này xảy ra thường xuyên hơn trong giai đoạn bắt đầu điều trị và thường tự khỏi trong hầu hết các trường hợp.
Thường gặp: Rối loạn vị giác.","Nơi khô, nhiệt độ không quá 30°C, tránh ánh sáng",,
Pregabalin,"75mg
150mg",Lyrica,Viên nang cứng,Đức,"Đau thần kinh
Pregabalin được chỉ định trong điều trị đau thần kinh ở người lớn.
Động kinh
Pregabalin được chỉ định điều trị hỗ trợ động kinh cục bộ, có hoặc không kèm theo toàn thể hóa thứ phát ở người lớn.
Rối loạn lo âu lan tỏa
Pregabalin được chỉ định điều trị rối loạn lo âu lan tỏa (Generalized Anxiety Disorder - GAD) ở người lớn.
Đau cơ xơ hóa
Pregabalin được chỉ định để điều trị chứng đau cơ xơ hóa (fibromyalgia).",Quá mẫn với hoạt chất hoặc bất kỳ tá dược nào của thuốc,"Đau thần kinh: 150-600mg
Động kinh: 150-600mg
Rối loạn lo âu lan toả: 150-600mg
Bệnh nhân suy thận: 25-600mg
Bệnh nhân suy gan: không chỉnh liều
Trẻ em và thiếu niên (12-17 tuổi): không có thông tin
Người cao tuổi (trên 65 tuổi): cần giảm liều",,,"Phụ nữ có thai: Không dùng trừ khi lợi nhiều hơn hại
Phụ nữ cho con bú: Không khuyến cáo",,"Nhiễm khuẩn và nhiễm ký sinh trùng: Viêm mũi họng
Rối loạn dinh dưỡng và chuyển hoá: tăng cảm giác ngon miệng
Rối loạn tâm thần: Hưng cảm, lú lẫn, cáu kỉnh, trầm cảm, rối loạn định hướng, mất ngủ, giảm ham muốn tình dục
Rối loạn hệ thần kinh: chóng mặt, buồn ngủ, Mất điều hòa, phối hợp bất thường, run, loạn vận động, mất trí nhớ, suy giảm trí nhớ, mất tập trung, dị cảm, giảm cảm giác, giảm đau, rối loạn thăng bằng, ngủ lịm
Rối loạn về mắt: nhìn mờ, song thị
Rối loạn về tai và tai trong: chóng mặt
Rối loạn đường tiêu hoá: nôn, táo bón, đầy hơi, trướng bụng, khô miệng
Rối loạn về hệ cơ xương và mô liên kết: chuột rút, đau khớp, đau lưng, đau chi, co thắt cơ cổ
Rối loạn toàn thân và tại chỗ: Phù ngoại vi, phù nề, dáng đi bất thường, ngã, cảm giác say rượu, cảm giấc bất thường, mệt mỏi
Xét nghiệm: tăng cân",bảo quản ở nhiệt độ dưới 30°C. Tránh ánh sáng và ẩm,https://drive.google.com/file/d/1PJEop0NZGG7jQyt5vKq5chpYMbVH12i4/view,
Eperison hydroclorid,50mg,Myonal,Viên nén,Thái Lan,"Cải thiện các triệu chứng tăng trương lực cơ trong các bệnh lý sau:
Hội chứng cổ - vai - cánh tay, viêm quanh khớp vai và đau thắt Liệt cứng trong các bệnh lý sau:
Bệnh lý mạch máu não, liệt cứng do tủy, thoái hóa đốt sống cổ, di chứng sau phẫu thuật (bao gồm cả u não tủy), di chứng sau chấn thương (chấn thương tủy, chấn thương sọ não), xơ cứng cột bên teo cơ, bại não, thoái hóa não tủy, bệnh lý mạch máu tủy, và các bệnh lý não tủy khác.",Bệnh nhân có tiền sử quá mẫn với bất kỳ thành phần nào của thuốc,Liều dùng: 1v/ lần - 3 lần/ ngày,,,"Phụ nữ có thai: Chỉ sử dụng khi lợi nhiều hơn hại
Phụ nữ cho con bú: chống chỉ định",,"Quá mẫn: phát ban
Thần kinh- tâm thần: buồn ngủ, mất ngủ, đau đầu và tê bì các chi
Dạ dày- ruột: Buồn nôn, nôn, chán ăn, dạ dày khó chịu, đau bụng, tiêu chảy, táo bón và khát
Rối loạn chung: yếu mệt, đau đầu và mệt mỏi toàn thân
Rối loạn khác: Đỏ bừng",Bảo quản ở nhiệt độ không quá 30°C và tránh ẩm sau khi mở bao bì,https://drive.google.com/file/d/15ZAzYBcvRA8rCXnkt9bPeNegoOPHUoz7/view,
"Empagliflozin
metformin hydrochloride","5mg hoặc 12,5mg
500mg, 850mg hoặc 1000mg",JARDIANCE DUO,viên nén bao phim,Đức,"Kiểm soát đường huyết:
JARDIANCE DUO được chỉ định phối hợp với chế độ ăn và luyện tập để cải thiện việc kiểm soát đường huyết ở bệnh nhân người lớn bị đái tháo đường typ 2 khi phù hợp điều trị bằng empagliflozin và metfomin
• không kiểm soát tốt khi điều trị bằng metformin hoặc empagliflozin đơn độc
• không kiểm soát tốt khi điều trị bằng metformin hoặc empagliflozin kết hợp với các thuốc hạ đường huyết khác bao gồm cả insulin (xem mục Các thử nghiệm lâm sàng)
• đã được điều trị đồng thời bằng empagliflozin và metformin dưới dạng viên nén riêng biệt.
Empaglilozin được chỉ định làm giảm nguy cơ tử vong tim mạch ở bệnh nhân trưởng thành đái tháo đường typ 2 và có sẵn bệnh lý tim mạch. Tuy nhiên, hiệu quả của JARDIANCE DUO trong làm giảm nguy cơ tử vong tim mạch ở bệnh nhân trưởng thành đái tháo đường typ 2 và có sẵn bệnh lý tim mạch chưa được chứng minh.","Quá mẫn với hoạt chất empagliflozin và/hoặc metformin hoặc bất cứ thành phần tá dược nào (xem mục Thành phần)
• Bệnh nhân toan chuyển hóa cấp tính hoặc mạn tính, bao gồm cả nhiễm toan ceton do đái tháo đường
• Tiền hôn mê do đái tháo đường
Suy thận vừa hoặc nặng (eGFR <45 ml/phút/1,73m), suy thận giai đoạn cuối hoặc đang lọc thận.
• Các trường hợp cấp tính có thể làm biến đổi chức năng thận như: mất nước, nhiễm trùng nặng sốc, dùng thuốc cản quang có chứa iôt dạng tiêm mạch
Bệnh có thể gây thiếu oxy ở mô (đặc biệt bệnh cấp tính hoặc bệnh mạn tính đang trở nặng) như: suy tim mất bù, suy hô hấp, nhồi máu cơ tim mới mắc, sốc.
Suy gan, ngộ độc rượu cấp , nghiện rượu","Uống 2 lần/ ngày
Liều tối đa: metformin hydroclorid là 2000mg và empagliflozin là 25mg",,,khuyến cáo tránh sử dụng,,"Nhiễm trùng và nhiễm ký sinh trùng: nấm âm đạo, viêm âm hộ- âm đạo, viêm quy đầu và các nhiễm trùng sinh dục khác. Nhiễm trùng đường tiết niệu
Rối loạn dinh dưỡng và chuyển hoá: hạ glucose máu, khát
Rối loạn hệ thần kinh: rối loạn vị giác
Rối loạn tiêu hoá: các triệu chứng về tiêu hoá, táo bón
Rối loạn da và mô dưới da: ngứa
Rối loạn thận và đường niệu: tiểu nhiều
Xét nghiệm: tăng lipid huyết thanh",Bảo quản dưới 30°C,,
Anastrozol,1mg,ZOLOTRAZ,Viên nén,Ấn Độ,"Zolotraz được chỉ định để điều trị hỗ trợ cho phụ nữ sau mãn kinh bị ung thư vú giai đoạn sớm có thụ thể estrogen dương tính.
Điều trị ung thư vú tiến triển ở phụ nữ sau mãn kinh. Ở những bệnh nhân có thụ thể estrogen âm tính, hiệu quả của thuốc chưa được chứng minh trừ phi các bệnh nhân này có đáp ứng tích cực trên lâm sàng với tamoxifen trước đó Điêu trị hỗ trợ cho phụ nữ sau mãn kinh bị ung thư vú giai đoạn sớm có thụ thể estrogen dương tính, là những bệnh nhân đã được điêu trị hô trợ băng tamoxifen trong 2 đên 3 năm.","- Bệnh nhân tiền mãn kinh.
- Phụ nữ mang thai hoặc đang cho con bú.
- Bệnh nhân có tổn thương chức năng thận nặng (độ thanh thải creatinin < 30 mL/phút).
- Bệnh nhân có bệnh lý gan trung bình hoặc nặng.
- Bệnh nhân quá mẫn cảm với anastrozol hoặc với bất kỳ tá dược nào được ghi trong phần Tá dược.
Không điều trị đồng thời tamoxifen hoặc các trị liệu có chứa estrogen với Zolotraz vì chúng có thể làm mất tác dụng dược lý của thuốc.","Người lớn, kể cả người cao tuổi: 1 viên/ngày.
Trẻ em: Không được khuyến cáo dùng
Tổn thương chức năng thận: Không cần thay đổi liều lượng ở bệnh nhân có tổn thương chức năng thận nhẹ hoặc trung bình.
Tôn thương chức năng gan: Không cần thay đổi liều lượng ở bệnh nhân có bệnh lý gan nhẹ. Đối với bệnh ở giai đoạn sớm, thời gian điêu trị khuyên cáo là 5 năm",,,Chống chỉ định,,"Chuyển hoá và rối loạn dinh dưỡng: biếng ăn, tăng cholesterol máu
Rối loạn hệ thần kinh: đau đầu, ngủ gà, hội chứng ống cổ tay, rối loạn cảm giác
Rối loạn vận mạch: nóng bừng
Rối loạn dạ dày - ruột: buồn nôn, tiêu chảy, ói mửa
Rối loạn gan mật: tăng alkalin phosphatase, alanin aminotransferase và aspartat aminotransferase
Rối loạn da và mô dưới da: phát ban, thưa tóc, phản ứng dị ứng
Rối loạn hệ cơ- xương và mô liên kết: đau khớp/ cứng khớp, viêm khớp, loãng xương, đau xương, đau cơ
Hệ sinh sản và tuyến vú: khô âm đạo, xuất huyết âm đạo
Rối loạn tổng quát và tại nơi dùng thuốc: suy nhược","Bảo quản ở nhiệt độ dưới 30°C, ở nơi khô ráo và thoáng mát. Tránh ánh sáng",https://drive.google.com/file/d/1ohMYPYqwUuBRbdTZXOoCg06lQPzs6qem/view,
"Amoxicillin trihydrate
Kali clavulanate","250mg
31,25mg",AUGMENTIN,Bột pha hỗn dịch uống,Pháp,"Tính nhạy cảm của vi khuẩn với AUGMENTIN sẽ thay đổi theo địa lý và thời gian. Nên sử dụng AUGMENTIN theo Hướng dẫn kê toa thuốc kháng sinh chính thức và dữ liệu về tính nhạy cảm của các vi khuẩn tại địa phương.
AUGMENTIN được chỉ định để điều trị ngắn hạn các nhiễm khuẩn gây bởi các vi khuẩn nhạy cảm với amoxicillin-clavulanate, ở các vị trí dưới đây:
-Nhiễm khuẩn đường hô hấp trên (gồm các nhiễm khuẩn tai-mũi-họng) như viêm amidan tái phát, viêm xoang, viêm tai giữa, điển hình gây bởi Streptococcus pneumoniae, Haemophilus influenzae#, Moraxella catarrhalis# va Streptococcus pyogenes.
-Nhiễm khuẩn đường hô hấp dưới như đợt cấp của viêm phê quản mạn, viêm phổi thùy và viêm phế quản phổi, điển hình gây bởi Streptococcus pneumoniae, Haemophilus influenzae# và
Moraxella catarrhalis#
Nhiễm khuẩn đường niệu-sinh dục như viêm bành quang, viêm niệu đạo, viêm thận-bể thận, nhiểm khuẩn sinh dục nữ, điển hình gây bởi Enterobacteriaceae* (chủ yếu Escherichia coli*), Staphylococcus saprophyticus và Enterococcus species và bệnh
lậu do Neisseria gonorrhoeae*.
- Nhiễm khuẩn da và mô mềm điển hình gây bởi Staphylococcus aureus*, Streptococcus pyogenes và Bacteroides species#
- Nhiễm khuẩn xương và khớp như viêm tủy xương, điển hình gây bởi Staphylococcus aureus*, thường phải điều trị kéo dài.
*Một số vi khuẩn thuộc những loài này sinh beta-lactamase, khiến chúng không nhạy cảm với amoxicillin đơn độc (xem Đặc tính dược học, Dược lực học để thêm thông tin).
Lấy mẫu vi sinh và xét nghiệm về tính nhay cảm nên thực hiện nếu cần.","ở những bệnh nhân có tiền sử quá mẫn với các beta-lactam, ví dụ các penicillin và cephalosporin.
ở những bệnh nhân có tiền sử vàng da/ rối loạn chức năng gan liên quan đên amoxicillin-clavulanate.","Người lớn: 1000/125mg x 2-3 lần/ ngày
Trẻ em: mg/kg/ngày
Trẻ em từ 12 tuổi trở xuống: 40/5- 80/10 mg/kg/ngày chia 3 lần
Trẻ sinh non: không dùng
Suy gan: thận trọng",,,"Phụ nữ có thai: tránh dùng
Phụ nữ cho con bú: có thể dùng",,"Nhiễm khuẩn và nhiễm ký sinh trùng: nhiễm nấm candida trên da và niêm mạc
Rối loạn tiêu hoá: tiêu chảy, nôn, buồn nôn","Bảo quản nơi khô ráo trong bao bì gốc của thuốc để tránh ẩm, dưới 30°C",https://drive.google.com/file/d/10ItF8TqjNxQbcajrebQeliAK0eUyjK9h/view,
"Amoxicillin trihydrate
Kali clavulanate","500mg
62,5mg",AUGMENTIN,Bột pha hỗn dịch uống,Pháp,"Tính nhạy cảm của vi khuẩn với AUGMENTIN sẽ thay đổi theo địa lý và thời gian. Nên sử dụng AUGMENTIN theo Hướng dẫn kê toa thuốc kháng sinh chính thức và dữ liệu về tính nhạy cảm của các vi khuẩn tại địa phương.
AUGMENTIN được chỉ định để điều trị ngắn hạn các nhiễm khuẩn gây bởi các vi khuẩn nhạy cảm với amoxicillin-clavulanate, ở các vị trí dưới đây:
-Nhiễm khuẩn đường hô hấp trên (gồm các nhiễm khuẩn tai-mũi-họng) như viêm amidan tái phát, viêm xoang, viêm tai giữa, điển hình gây bởi Streptococcus pneumoniae, Haemophilus influenzae#, Moraxella catarrhalis# va Streptococcus pyogenes.
-Nhiễm khuẩn đường hô hấp dưới như đợt cấp của viêm phê quản mạn, viêm phổi thùy và viêm phế quản phổi, điển hình gây bởi Streptococcus pneumoniae, Haemophilus influenzae# và
Moraxella catarrhalis#
Nhiễm khuẩn đường niệu-sinh dục như viêm bành quang, viêm niệu đạo, viêm thận-bể thận, nhiểm khuẩn sinh dục nữ, điển hình gây bởi Enterobacteriaceae* (chủ yếu Escherichia coli*), Staphylococcus saprophyticus và Enterococcus species và bệnh
lậu do Neisseria gonorrhoeae*.
- Nhiễm khuẩn da và mô mềm điển hình gây bởi Staphylococcus aureus*, Streptococcus pyogenes và Bacteroides species#
- Nhiễm khuẩn xương và khớp như viêm tủy xương, điển hình gây bởi Staphylococcus aureus*, thường phải điều trị kéo dài.
*Một số vi khuẩn thuộc những loài này sinh beta-lactamase, khiến chúng không nhạy cảm với amoxicillin đơn độc (xem Đặc tính dược học, Dược lực học để thêm thông tin).
Lấy mẫu vi sinh và xét nghiệm về tính nhay cảm nên thực hiện nếu cần.","ở những bệnh nhân có tiền sử quá mẫn với các beta-lactam, ví dụ các penicillin và cephalosporin.
ở những bệnh nhân có tiền sử vàng da/ rối loạn chức năng gan liên quan đên amoxicillin-clavulanate.","Người lớn: 1000/125mg x 2-3 lần/ ngày
Trẻ em: mg/kg/ngày
Trẻ em từ 12 tuổi trở xuống: 40/5- 80/10 mg/kg/ngày chia 3 lần
Trẻ sinh non: không dùng
Suy gan: thận trọng",,,"Phụ nữ có thai: tránh dùng
Phụ nữ cho con bú: có thể dùng",,"Nhiễm khuẩn và nhiễm ký sinh trùng: nhiễm nấm candida trên da và niêm mạc
Rối loạn tiêu hoá: tiêu chảy, nôn, buồn nôn","Bảo quản nơi khô ráo trong bao bì gốc của thuốc để tránh ẩm, dưới 30°C",https://drive.google.com/file/d/1lest1DEwNK-CqYoMXEIK2k-SSXbGm5Uc/view,
Gabapentin,300mg,Neurontin,viên nang cứng,Mỹ,"Động kinh
Gabapentin được chỉ định đơn trị liệu trong điều trị các cơn động kinh cục bộ có hay không kèm theo các cơn toàn thể thứ phát ở người lớn và trẻ em từ 12 tuổi trở lên. Độ an toàn và hiệu quá của phác đồ đơn trị liệu gabapentin ở trẻ em dưới 12 tuổi chưa được thiết lập (Xem mục 4.2 Liều dùng và cách dùng: Động kinh:
Người lớn và hênh nhi trên 12 tuổi).
Gabapentin được chỉ định như một liệu pháp hồ trợ trong điêu trị các cơn động kinh cục bộ có hay không kem theo các cơn toàn thê thứ phát ở người lớn và trẻ em từ 3 tuôi trở lên. Độ an toàn và hiệu quá của phác đô điêu trị hỗ trợ, sử dụng gabapentin ở bệnh nhân nhi dưới 3 tuổi vẫn chưa được thiết lập. (Xem mục 4.2 Liều dùng và cách dùng: Động kinh: Bệnh nhi từ 3 đến 12 tuổi).
Điều trị đau thần kinh
Gabapentin được chỉ định điều trị đau thần kinh ví dụ như bệnh lý thần kinh ở bệnh nhân đái tháo đường và đau sau zona ở người lớn. Độ an toàn và hiệu quả của gabapentin ở bệnh nhân dưới 18 tuổi chưa được thiết lập.",Quá mẫn với gabapentin hay bất kỳ thành phần nào của thuốc,"Động kinh
Người lớn và bệnh nhi trên 12 tuổi: 900-3600mg/ ngày
Bệnh nhi từ 3 đến 12 tuổi: 25-40mg/kg/ ngày
Đau thần kinh ở người lớn: 900-3600mg/ ngày
Suy thận: 150-3600mg/ ngày
Bệnh nhân đang được thẩm phân lọc máu: 200-400mg",,,Chỉ sử dụng khi lợi ích vượt trội hơn hẳn nguy cơ,,"Nhiễm trùng và nhiễm ký sinh trùng: nhiễm vi-rút, viêm phổi, nhiễm trùng hô hấp, nhiễm trùng đường tiết niệu, nhiễm trùng, viêm tai giữa
Rối loạn máu và hệ bạch huyết: giảm bạch cầu
Rối loạn chuyển hoá và dinh dưỡng: biếng ăn, tăng cảm giác thèm ăn
Rối loạn tâm thần: chống đối, lũ lẫn và rối loạn cảm xúc, trầm cảm, lo âu, căng thẳng, suy nghĩ bất thường
Rối loạn hệ thần kinh: buồn ngủ, chóng mặt, mất điều vận
Rối loạn mắt: rối loạn thị lực, chẳng hạn như nhược thị, song thị
Rối loạn tai và tai trong: chóng mặt
Rối loạn mạch: tăng huyết áp, giãn mạch
Rối loạn hô hấp, ngực và trung thất: khó thở, viêm phế quản, viêm họng, ho, viêm mũi
Rối loạn tiêu hoá: nôn ói, buồn nôn, bất thường về răng, viêm nướu, tiêu chảy, đau bụng, khó tiêu, táo bón, khô miệng hoặc cổ họng, đầy hơi
Rối loạn da và các mô dưới da: phù mặt, ban xuất huyết thường được mô tả nhất là bầm tím do tổn thương vật lý, phát ban, ngứa và mụn trứng cá
Rối loạn cơ xương và mô liên kết: đau khớp, đau cơ, đau lưng, rung giật
Rối loạn hệ sinh sản và vú: bất lực
Rối loạn chung và tình trạng tại nơi dùng thuốc: mệt mỏi, sốt, phù ngoại biên, dáng đi bất thường, suy nhược, đau, khó chịu, hội chứng giống cúm
Các xét nghiệm: giảm số lượng bạch cầu, tăng cân
Chấn thương, ngộ độc và các biến chứng do thủ thuật: chấn thường do tai nạn, gãy xương, trầy xước",Bảo quản dưới 30°C,https://drive.google.com/file/d/1YjpmrxDunQGuu5w4hw7bc2Se70LXMxZx/view,
Mesalazin,2g,Pentasa Sachet,Cốm phóng thích kéo dài,Thuỵ Sỹ,Điều trị bệnh viêm loét đại tràng mức độ nhẹ đến trung bình và bệnh Crohn,"Quá mẫn với mesalazin, bất kỳ thành phần tá dược nào hoặc các chất salicylat.
Bệnh nhân loét dạ dày, tá tràng.
Bệnh nhân bị tắc nghẽn đường tiết niệu, bệnh nhu mô thận hoặc suy thận nặng.
Rất hiếm khi mesalazine có thể làm tăng thêm độc tính trên thận ở những bệnh nhân này. Chức năng thận nên được xác định trước khi bắt đầu điều trị (ví dụ qua creatinine huyết thanh) và lợi ích so với nguy cơ tăng độc tính thận nên được đánh giá cẩn trọng. Xem mục Cảnh báo và thận trọng khi dùng thuốc.
Bệnh nhân suy gan nặng.
Trẻ em dưới 2 tuổi.","Viêm loét đại tràng
Điều trị bệnh đang tiến triển:
Người lớn: 4g/ ngày
Trẻ từ 6 tuổi trở lên: 30-50mg/kg/ngày. Tổng liều không quá 4g/ ngày
Điều trị duy trì:
Người lớn: 2g/ ngày
Trẻ từ 6 tuổi trở lên: 15-30mg/ ngày. Tổng liều không quá 2g/ ngày
Bệnh Corhn
Điều trị bệnh đang tiến triển:
Người lớn: 4g/ ngày
Trẻ từ 6 tuổi trở lên: 30-50mg/kg/ngày. Tổng liều không quá 4g/ ngày
Điều trị duy trì:
Người lớn: 4g/ ngày
Trẻ từ 6 tuổi trở lên: 15-30mg/ ngày. Tổng liều không quá 4g/ ngày",,,Không khuyến cáo,,"Rối loạn hệ thần kinh: nhức đầu
Rối loạn hệ tiêu hoá: tiêu chảy, đau bụng, buồn nôn, nôn, đầy hơi
Rối loạn da và mô dưới da: nổi ban (bao gồm nổi mề đay, nổi hồng ban)","Bảo quản dưới 30°C trong bao bì gốc, do thuốc nhạy cảm với ánh sáng",https://drive.google.com/file/d/1cSJYfF_WL8j8diNLmyFPcUY-YimMQIpp/view,
Bromhexin hydroclorid,"4mg/ 5ml
0,024g/30ml",Agi- Bromhexien,Dung dịch uống,Việt Nam,Làm loãng đờm trong các bệnh phế quản phổi cấp và mạn tính có kèm theo sự tiết chất nhày bất thường và sự vận chuyển chất nhày bị suy yếu.,"Mẫn cảm với bromhexin hydroclorid và các thành phần có trong thuốc.
Chống chỉ định sử dụng thuốc trong trường hợp bệnh nhân mắc bệnh lý di truyền hiếm gặp mà có thể không tương thích với tá dược nào của thuốc","Người lớn và trẻ trên 12 tuổi: 10 ml (8 mg) 3 lần mỗi ngày
Trẻ 6 - 12 tuổi: 5 ml (4 mg) 3 lần mỗi ngày
Trẻ 2 - 6 tuổi: 2,5 ml (2 mg) 3 lần mỗi ngày
Trẻ dưới 2 tuổi: 1,25 ml (1 mg) 3 lần mỗi ngày",,,"Phụ nữ mang thai: Khuyến cáo
Phụ nữ cho con bú: Không nên dùng",,,"Để ở nhiệt độ dưới 30°C, tránh ẩm và ánh sáng",https://drive.google.com/file/d/1Rhq3QzmZQn8bdZzTxGvsp84QGO7bf6HD/view,
Phân đoạn flavonoid vi hạt tinh chế,500mg,Daflon 500mg,Viên nén bao phim,Pháp,"Điều trị các triệu chứng liên quan đến suy giảm tĩnh mạch bạch huyết (nặng chân, đau, hội chứng nhức chân tăng nặng vào cuối ngày)
Điều trị triệu chứng liên quan đến trĩ cấp.",Mẫn cảm với flavonoid vi hạt tinh chế hoặc bất cứ thành phần nào của thuốc,"Liều thông thường: 2 viên một ngày, 1 viên vào bữa trưa và 1 viên vào bữa tối.
Điều trị trĩ cấp: 6 viên trong 4 ngày đầu, 4 viên trong 3 ngày tiếp theo.",,,Khuyến cáo không nên dùng,,"Rối loạn hệ tiêu hoá: tiêu chảy, khó tiêu, buồn nôn, nôn",Bảo quản dưới 30°C,https://drive.google.com/file/d/1kvbqyrAJmmfnhJonHJqB2a-2JH9knq9g/view,
Risperidon,2mg,AgiRISDON 2,Viên nén bao phim,Việt Nam,"Các bệnh loạn thần, đặc biệt tâm thần phân liệt cấp tính và mạn tính.
Điều trị ngắn ngày các đợt hưng cảm cấp từ vừa đến nặng.","Mẫn cảm với risperidon hoặc với bất kỳ thành phần nào của thuốc.
Người bệnh dùng quá liều barbiturat, chế phẩm có thuốc phiện hoặc rượu.","Tâm thần phân liệt
Người lớn: 4-8mg/ ngày
Người trẻ và lần đầu điều trị: 4mg/ ngày
Bệnh lưỡng cực
Người lớn: 6mg/ ngày
Liều lượng trong suy gan, suy thận, người cao tuổi hoặc người có nguy cơ bị hạ huyết áp thế đứng: 0,5-1,5mg",,,Chống chỉ định,,"Thần kinh trung ương: Chóng mặt, tăng kích thích, lo âu, ngủ gà, triệu chứng ngoại tháp, nhức đầu, hội chứng Parkinson.
Tiêu hóa: Táo bón, buồn nôn, nôn, khó tiêu, đau bụng, chán ăn, tăng tiết nước bọt, đau răng.
Hô hấp: Viêm mũi, ho, viêm xoang, viêm họng, khó thở.
Da: Ban, da khô, tăng tiết bã nhờn.
Thần kinh - cơ - xương - khớp: Đau khớp.
Tim mạch: Nhịp tim nhanh, hạ huyết áp tư thế.
Mắt: Nhìn mờ.
Khác: Đau lưng, đau ngực, sốt, mệt mỏi, nhiễm khuẩn đường hô hấp trên, loạn chức năng sinh dục.","Để ở nhiệt độ dưới 30°C, tránh ẩm và ánh sáng.",https://drive.google.com/file/d/1M4XW9_EKaE5WOwl8P_P4MviuM5Wo9gac/view,
Prednisolon,5mg,Drocolacyl,Viên nén,Việt Nam,"Prednisolon được chỉ định để điều trị trong các trường hợp sau:
Dị ứng và phản vệ: Hen phế quản, phần ứng quá mẫn do thuốc, bệnh huyết thanh, phù mạch thần kinh, sốc phản vệ, dị ứng không đấp ứng với điều trị thông thường.
Viêm động mạch/bệnh collagen. Viêm mạch tế bào khống lổ/đau đa cơ dạng thấp, bệnh mô liên kết hỗn hợp, viêm nút động mạch, viêm đa cơ Bệnh về máu: Thiếu máu tán huyết (tự miễn), ung thư bạch cầu (lympho mạn tính và cấp tính), u lympho, đa u tủy xương, ban xuất huyết giảm tiểu cầu vô căn.
Bệnh tim mạch. Hội chứng sau nhồi máu cơ tim, sốt thấp khớp kèm viêm tim nặng.
Bệnh nội tiết. Suy thượng thận nguyên phát và thứ phát, tăng sản thượng thận bẩm sinh.
Bệnh đường tiêu hóa: Bệnh Crohn, viêm loét đại tràng, hội chứng Coeliac dai dảng (bệnh Coeliac không đáp ứng với việc loại bỏ gluten), viêm gan mạn tính tự miễn đang hoạt động, bệnh đa hệ thống tác động lên gan, viêm phúc mạc mật.
Tăng calci huyết: Bệnh sarcoid, thừa vitamin D
Nhiễm trùng (kèm hóa trị thích hợp): Nhiễm giun sán, phản ứng Herxheimer, tăng bạch cầu đơn nhân nhiễm trùng, lao kê, viêm tinh hoàn do quai bị (người lớn), viêm màng não do lao, bệnh Rickettsia.
Bệnh cơ: Viêm đa cơ, viêm da cơ.
Bệnh thần kinh: Chứng co thất ở trẻ sơ sinh, hội chứng Shy-Drager, viêm đa dây thần kinh hủy myelin bán cấp Bệnh mắt. Viêm củng mạc, viêm màng bổ đào sau, viêm mạch võng mạc, u giả hốc mắt, viêm động mạch tế bào khổng lổ, bệnh mắt Grave ác tính.
Bệnh thận: Viêm thận Lupus, viêm thận mô kẽ cấp tính, viêm cầu thận tổn thương tối thiểu, hội chứng thận hư.
Bệnh đường hô hấp: Viêm phổi dị ứng, hen suyễn, hen suyễn nghề nghiệp, bệnh phổi do nấm Aspergillus, xơ phổi, viêm phế nang phổi, hít phải dị vật, hít phải dị vật đường tiêu hóa, u hạt phổi, bệnh phổi gây ra do thuốc, suy hô hấp ở người lớn, viêm thanh quản co thất.
Bệnh về khớp: Viêm khớp dạng thấp, đau đa cơ do thấp khớp, viêm khớp mạn tính thiếu niên, viêm khớp vẩy nến, lupus ban đỏ hệ thống, viêm da cơ, bệnh mô liên kết hỗn hợp.
Bệnh da: Pemphigus thể thông thường, viêm da tróc vảy, Pemphigoid bọng nước, Lupus ban đỏ hệ thống, viêm da mủ hoai thư.
Khác: U hạt, sốt cao, bệnh Behçets, ức chế miễn dịch trong cấy ghép cơ quan.","Quá mẫn với prednisolon hoặc bất kỳ thành phần nào của thuốc.
Nhiễm nấm toàn thân.
Chống chỉ định dùng vắc xin sống ở những bệnh nhân dùng corticosteroid liều ức chế miễn dịch.
Trong những trường hợp, điều trị bằng prednisolon có thể cứu sống bệnh nhân, không có chống chỉ định nào được áp dụng.",Liều dùng: 5-60mg/ ngày,,,Khuyến cáo không nên dùng,,"Nhiễm khuẩn và lây nhiễm: nhiễm khuẩn cơ hội, hoạt hoá nhiễm khuẩn
Hệ nội tiết: ức chế ACTH nội sinh và bài tiết cortison, triệu chứng giống Cushing, chậm phát triển ở trẻ em
Chuyển hoá và dinh dưỡng: hạ kali máu, giữ natri, tăng tổng hợp glucose, hiểu quả dị hoá, loãng xương
Mạch máu: tăng huyết áp gây phù
Da và mô dưới da: teo da, chậm lành vết thương
Cơ xương và mô liên kết: teo cơ","Dưới 30°C, nơi khô ráo, tránh ánh sáng",https://drive.google.com/file/d/1zaEhhQGk8CiiElG35jAykYg7rOmB9qtZ/view,
Valsartan,"80mg
160mg",Diovan,Viên nén bao phim,Tây Ba Nha,"Tăng huyết áp
Điều trị tăng huyết áp.
Suy tim
Điều trị suy tim (độ II-IV theo phân loại của Hiệp hội Tim New York - NYHA) ở bệnh nhân người lớn đang điều trị chuẩn với thuốc lợi tiểu, digitalis kèm với hoặc thuốc chẹn beta hoặc thuốc ức chế men chuyển angiotensin (ACE) nhưng không phải dùng cả hai; không bắt buộc có tất cả điều trị chuẩn này.
Diovan cải thiện tỷ lệ mắc bệnh ở những bệnh nhân này, chủ yếu qua việc làm giảm thời gian nhập viện do suy tim. Diovan còn làm chậm sự tiến triển suy tim, cải thiện độ suy tim chức năng theo phân loại của NYHA, cải thiện phân suất tống máu, giảm dấu hiệu và triệu chứng của suy tim và cải thiện chất lượng sống so với khi dùng giả dược
Sau nhồi máu cơ tim
Diovan được chỉ định để cải thiện sự sống còn sau nhồi máu cơ tim ở những bệnh nhân người lớn ổn định về lâm sàng có các dấu hiệu, triệu chứng hoặc biểu hiện X-quang về suy thất trái và/hoặc có rối loạn chức năng tâm thu thất trái",Quá mẫn cảm với valsartan hoặc với bất kỳ tá dược nào của Diovan,"Tăng huyết áp: 80-320mg/ ngày
Suy tim: 80-320mg/ngày
Sau nhồi máu cơ tim: 40-160mg/ ngày",,,Khuyến cáo không dùng,,"Phản ứng bất lợi trên suy tim và/ hoặc sau nhồi máu cơ tim
Rối loạn về mạch máu: Hạ huyết áp, hạ huyết áp tư thế đứng
Rối loạn về thận và tiết niệu: giảm chức năng thận và suy thận","Không bảo quản trên 30°C, giữ thuốc trong bao bì gốc",https://drive.google.com/file/d/1Rdqc0ICKW7iYr-KWt32WjN1kIW30Vt61/view,
Etoricoxib,"60,90,120mg",Arcoxia,Viên nén bao phim,Tây Ba Nha,"ARCOXIA được chỉ định:
• Điều trị cấp tính và mạn tính các dấu hiệu và triệu chứng bệnh thoái hóa khớp (osteoarthritis - OA) và viêm khớp dạng thấp (rheumatoid arthritis - RA).
• Điều trị viêm đốt sống dính khớp (ankylosing spondylitis - AS).
• Điều trị viêm khớp Gút cấp tính (acute gouty arthritis).
• Điều trị các cơn đau cấp tính, bao gồm chứng đau bụng kinh
nguyên phát.
• Điều trị ngắn hạn các cơn đau vừa liên quan đến phẫu thuật răng.
Quyết định kê đơn chất ức chế chọn lọc COX-2 phải dựa trên việc đánh giá toàn bộ các nguy cơ đối với từng bệnh nhân","- Mẫn cảm với bất kỳ thành phần nào của thuốc. Tiền sử hen suyễn, nổi mề đay hoặc các phản ứng dị ứng sau khi dùng aspirin hoặc các thuốc kháng viêm không steroid (NSAID) khác.
- Suy tim sung huyết (NYHA II-IV).
- Bệnh nhân cao huyết áp có huyết áp liên tục tăng cao trên 140/90 mmHg và chưa được kiểm soát đầy đủ.
- Bệnh tim thiếu máu cục bộ, bệnh động mạch ngoại biên và/hoặc bệnh mạch máu não đã được chẩn đoán (bao gồm bệnh nhân mới trải qua phẫu thuật bắc cầu động mạch vành hoặc nong mạch máu).
Rối loạn chức năng gan nặng (albumin huyết thanh <25 g/1 hoặc
điểm số Child-Pugh ≥ 10)'
- Loét dạ dày tá tràng hoạt động hoặc chảy máu (GI) tiêu hóa.
- Độ thanh thải creatinine <30 mL/phút.
- Phụ nữ có thai và cho con bú.
-Trẻ em dưới 16 tuổi.
Không nên sử dụng ARCOXIA như liệu pháp kết hợp với các thuốc kháng viêm không steroid (NSAID) khác do không có bất kỳ bằng chứng nào chứng minh cho lợi ích hiệp đồng và khả năng gây ra thêm các phản ứng bất lợi khác.","Thoái hóa khớp: 30 mg hoặc 60 mg / ngày (tối đa 60 mg/ngày).
 Viêm khớp dạng thấp & Viêm đốt sống dính khớp: 60 mg hoặc 90 mg / ngày (tối đa 90 mg/ngày).
 Gút cấp & Đau bụng kinh nguyên phát: 120 mg / ngày (tối đa 8 ngày, tối đa 120 mg/ngày).
 Đau sau phẫu thuật nha khoa: 90 mg / ngày (tối đa 3 ngày, tối đa 90 mg/ngày).
Liều dùng đối tượng đặc biệt:
 Người cao tuổi, giới tính, chủng tộc: Không cần chỉnh liều.
 Suy gan: Tối đa 60 mg / ngày.
 Suy gan nặng hoặc Suy thận tiến triển (< 30 mL/phút): không khuyến cáo dùng.",,,"Phụ nữ có thai: Tránh dùng những thang cuối thai kỳ
Phụ nữ cho con bú: Không có thông tin",,,Bảo quản dưới 30°C (86°F) trong bao bì gốc,https://drive.google.com/file/d/1xH4PfLU_dWkXW8nMbZNGU8zObQlIs4Fe/view,
Imatinib,"100mg
400mg",Imatinib Teva 100mg/400mg,Viên nén bao phim,Croatia,"- Điều trị bệnh nhân người lớn và trẻ em mới được chần đoán bị bệnh bạch cầu tủy mạn (CML) với nhiễm sắc thể Philadelphia
(BCR-ABL) dương tính (Ph+), với những người ghép tủy xương không được coi là lựa chọn đầu tay
- Điểu trị bệnh nhân người lớn và trẻ em bị bệnh bạch cầu tủy mạn với nhiêm sắc thể Philadelphia dương tính (Ph+CML) sau khi thất bại điều trị với interferon-alpha, hoặc trong giai đoạn tăng tốc hoặc cơn nguyên bào.
- Điều trị phối hợp với hóa trị liệu cho bệnh nhân người lớn và trẻ em bị bệnh bạch cầu nguyên bào lympho cấp với nhiễm sắc thể
Philadelphia dương tính (Ph+ ALL) mới được chẩn đoán.
- Điều trị bệnh nhẫn người lớn bị bệnh bạch cầu nguyên bào lympho cấp với nhiễm sắc thể Philadelphia dương tính (Ph+ ALL) tái phát hoặc kháng lại khi dùng đơn trị liệu.
- Điều trị bệnh nhân người lớn bị bệnh loạn sản tủy/rối loạn tăng sinh tủy xương (MDS/MPD) có liên quan tới sự sắp xếp lại gen của các thụ thế yếu tăng trưởng có nguồn gốc tiểu cầu (PDGFR).
- Điều trị bệnh nhân người lớn bị hội chứng tăng bạch cầu ái toan (HES) và/hoặc bệnh bạch cầu mạn tế bào ái toan (CEL) với sự sắp xếp lại FiP1L1-PDGFRa.
Chưa xác định được hiệu quả của imatinib đến cấy ghép tủy xương.
Imatinib Teva được chỉ định để:
- Điều trị bệnh nhân người lớn bị u mô đệm dạ dày ruột (GIST) ác tính với Kit (CD117) dương tính không thể cắt bỏ và/hoặc đã di căn.
- Điều trị cho bệnh nhân người lớn bị sarcom sợi bì lồi (DFSP) không thể cắt bỏ, tái phát và/hoặc di căn mà không đủ điều kiện vở bệnh nhần người lớn và trẻ em, hiệu quả của imatih dua trên tỷ lệ đập ứng chung về huyết học và di truyến học tế bào và số bệnh nhân sống sót không tiến triển khi điều trị CML, tỷ lệ đáp ứng về huyết học và di truyền học tế bào khi điều trị Ph+ ALL, MDS/MPD, tỷ lệ đáp ứng huyết học khi điều trị HES/CEL, tỷ lệ đáp ứng với mục tiêu ở bệnh nhấn người lớn bị GIST và DFSP không thể cắt bỏ và/hoặc đã di căn, và tỷ lệ sống sót không tái phát điều trị bổ trợ ở nhóm bị GIST. Kinh nghiệm sử dụng imatinib trong nhóm bệnh nhân MDS/MPD liên quan đên sự sắp xép lại gen PDGFR là rất hạn chê. Ngoại trừ nhóm CML giai đoạn mạn tính mới được chấn đoán, không có thử nghiệm lâm sàng có đổi chứng chứng minh được hiệu quả làm sàng hoặc tăng tỷ lệ sống ở những bệnh nhân này",Quá mẫn với dược chất hoặc bất kỳ tá dược nào của thuốc,"Liều dùng cho người lớn mắc bệnh CML : 400-800mg/ ngày
Liều dùng cho trẻ em mắc bệnh CML: 340 mg/m^2/ngày (không vượt quá tổng liều 800 mg/ngày).
Liều dùng cho người lớn bệnh Ph+ ALL: 600mg/ ngày
Liều dùng cho trẻ em bệnh Ph+ ALL: 340 mg/m^2/ngày (không vượt quá tổng liều 600 mg/ngày).
 Bệnh MDS/MPD: 400 mg/ngày.
 Bệnh HES/CEL: 100- 400 mg/ngày
Bệnh GIST: 400 mg/ngày.
Điều trị bổ trợ bệnh GIST: 400 mg/ngày
Bệnh DFSP:  800 mg/ngày.",,,Khuyến cáo không nên dùng,,"Rối loạn máu và hệ bạch huyết: Giảm bạch cầu trung tính, giảm tiểu cầu, thiếu máu. Giảm toàn thể huyết cầu, giảm bạch cầu trung tính có sốt
Rối loạn chuyển hoá và dinh dưỡng: chán ăn
Rối loạn tâm thần: mất ngủ
Rối loạn hệ thần kinh: đau đầu, chóng mặt, dị cảm, rối loạn vị giác, giảm cảm giác
Rối loạn ở mắt: phù mi mắt, tăng tiết nước mắt, xuất huyết kết mạc, viêm kết mạc, khô mắt, nhìn mờ
Rối loạn mạch: đỏ bừng mặt, xuất huyết
Rối loạn hô hấp, ngực, trung thất: khó thở, chảy máu cam, ho
Rối loạn tiêu hoá: buồn nôn, ỉa chảy, nôn, khó tiêu, đau bụng, đầy hơi, chướng bụng, trào ngược dạ dày thực quản, táo bón, khô miệng, viêm dạ dày
Rối loạn gan mật: tăng enzym gan
Rối loạn da và mô dưới da: phù quanh hốc mắt, viêm da/eczema/phát ban, ngứa, phù mặt, khô da, ban đỏ, rụng tóc, ra mồ hôi về đêm, phản ứng nhạy cảm với ánh sáng
Rối loạn cơ xương khớp và mô liên kết: co thắt cơ và co cứng cơ, đau cơ xương kể cả đau cơ, đau khớp, đau xương, sưng khớp
Rối loạn toàn thân và tình trạng tại chỗ dùng thuốc: ứ dịch và phù, mệt mỏi, yếu, sốt, phù toàn thân, ớn lạnh, rét run
Xét nghiệm: Tăng cân, giảm cân",Không bảo quản trên 30°C. Bảo quản trong bao bì gốc tránh ẩm,https://drive.google.com/file/d/1sxNcQPFMt2lRtnmpXjJzMmvY2rT5rrvB/view,
Acetazolamid,250,Acetazolamid,Viên nén,Việt Nam,"Bệnh tăng nhãn áp (giaucom): Glaucom góc mở (không sung huyết, đơn thuần mạn tính) điều trị ngắn ngày cùng các thuốc co đồng tử trước khi phẫu thuật; glaucom góc đóng cấp (góc hẹp, sau do mát đấp ung, can ngung tuơn thuốc cách quãng (cách nhật hoặc dù Chứng say núi: Uống 500 - 1.000 mg/ngày chịa nhiề quá trình leo núi. Khi đã đạt đến độ ca thể uống duy trì khi ở độ cao để kiển Uống 125 mg trước khi đi ngủ để ph Liệt chu kỳ (do hạ kali trong bệnh Wes Uống 250 mg/lần, 2 - 3 lần/ngày. Mc mg/ngày. Với bệnh nhân suy thận (cả người lớ Clc: 10- 50 ml/phút: Dùng thuốc n Cla < 10 ml/phút: Tránh sử dụng. Người cao tuổi: Viên nén Acetazol trọng đối với bệnh nhân cao tuc nghẽn đường tiết niệu hoặc với họ trớ nên bấp bênh hoặc rôi loạ Lưu ý: Đối với liều < 250 mg/lân câ hợp. 7. CHỐNG CHỈ ĐỊNH tắc); glaucom trẻ em hoặc glaucom thứ phát do đục thủy tinh thể hoặc tiêu thể thủy tinh. Động kinh: Kết hợp với các thuốc chống co giật khác để điều trị động kinh cơn nhỏ chủ yếu ở trẻ em và người trẻ tuổi. Phù: điều trị phù do suy tim sung huyết hoặc do dùng thuốc, có thể phối hợp với các thuốc lợi tiểu khác. Phòng và làm thuyên giảm các triệu chứng (đau đầu, mệt mỏi, mất ngủ, buồn nôn, lơ mợ) đi kèm với chứng say núi (say độ cao).","Bệnh nhân có tiền sử quá mẫn với acetazolamid với bất kỳ thành phần nào của thuốc
Nhiễm tón do suy thận, tăng clpr máu vô căn. Bệnh addsion
Suy gan, xơ gan, suy thận nặng, suy tuyến thượng thận
Gảm kali máu, giảm natri máu, mất cân bằng điện giải
Quá mẫn với các sulfonamid
Điều trị dài ngày glacom góc đóng mạn tính hoặc suy huyết","Người lớn: liều khơỉ đầu 250mg/lần, uống từ 1-4 lần. liều duy trì thường thấp hơn
Trẻ em: 8-30mg/kg/ ngày, chia làm 3 lần",,,Không được sử dụng,"Sử dụng đồng thời acetazolamid với các thuốc lợi tiểu, corticosteroid (glucocorticoid, mineralocorticoid), corticotrophin và amphotericin B làm tăng thải trừ kali, từ đó có thể gây hạ kali huyết nặng.
Do các tác dụng phụ có thể xảy ra, không nên sử dụng đồng thời với các chất ức chế anhydrase carbonic khác Tác dụng điều trị và/hoặc tác dụng không mong muốn của amphetamin, chất kháng tiết acetyl cholin, mecamylamin, quinidin, thuốc chống trầm cảm ba vòng có thế tăng lên hoặc kéo dài khi sử dụng đồng thời với C acetazolamid do acetazolamid gây kiềm hóa nước tiểu làm giảm thải trừ h các thuốc trên.
Ngược lại, nước tiểu kiềm làm tăng tốc độ thải trừ các acid n yếu (phenobarbital và salicylat) làm hiệu quả các thuốc này giảm đi. Methenamin và các hợp chất như methenamin hippurat và mandelat cần Nethehamin veral và 9 nước tiểu acid để có tác dụng nên có thể bị mất hoạt tính khi dùng cùng với acetazolamid.
 Toan chuyển hóa gây ra tăng tính thấm vào mô từ đó tăng độc tính ! salicylat còn salicylat lại làm giảm bài tiết acetazolamid nên độc tính quan sát được trên các bệnh nhân có thể từ acetazolamid hoặc từ salicylat hoặc cả hai. Đáp ứng hạ giucose huyết của insulin và các thuốc chống đái tháo đường dùng đường uống có thể bị giảm khi sử dụng đồng thời acetazolamid. Các barbiturat, carbamazepin, phenytoin, primidon dùng cùng với acetazolamid có thể gây nhuyễn xương. Dùng đồng thời glycosid digitalis với acetazolamid làm tăng độc tính của digitalis do hạ kali huyết, có thể gây tử vong do loạn nhịp tim. Lithi: Acetazolamid làm tăng thải trừ lithi và nồng độ lithi trong máu có thể giảm nên cần theo dõi đáp ứng khi sử dụng phối hợp. Natri bicacbonat: Acetazolamid và natri bicacbonat sử dụng đồng thời làm tăng nguy cơ hình thành sỏi thận.","Mêt mỏi, hoa mắt, chán ăn
Thay đổi vị giác
Nhiễm acid chyển hoá","Nơi khô, nhiệt độ không quá 30ºc",https://drive.google.com/file/d/1qdnGO5cG0MW1gYhDsxajWyxveRFB7fJu/view,
Mebeverine,200mg,Duspatalin,Viên nang cứng giải phóng kéo dài,pháp,Điều trị các triệu chứng đau và khó chịu liên quan đến rối loạn chức năng của đuờng tiêu hoá và đường mật,Bệnh nhân bị dị ứng với thành phần nào của thuốc,Uống 2-3 lần mỗi ngày,,,không được dùng,,"Rối loạn miễn dịch: nổi mề đay, phù mạch, nổi ban da, ngứa",Không bảo quản trên 30ºC,https://drive.google.com/file/d/1YLU0oQvjTg_rgNfgTDBOdKNUZqfYl8Xi/view,
Extractun Phyllanctum urinariae spissum,200mg,Diệp hạ châu Vinaplant,viên nén bao phim,việt nam,"Trị viêm gan do virus, viêm gan vàng da cấp và mạn tính, men gan tăng,giải độc gan, mẩn ngứa, dị ứng, nổi mề đay, mụn nhọt, viêm da thần kinh, chàm, viêm thận, phù thũng, sỏi tiết niệu, viêm ruột, tiêu chảy
Hỗ trợ giải độc gan khi uống rượu,  bia nhiều hay sử dụng thuốc, hoá chất độc hại",không dùng cho phụ nữ có thai,"Ngày uống 2-3 lần, mỗi lần 3-5 viên, uống sau bữa ăn",,Thận trọng cho nam giới có ý định sinh con,Không được sử dụng,,,"Nơi khô, nhiệt độ dưới 30ºC",https://drive.google.com/file/d/1PS1fAr-cCM7Ch4MunWC4n6o8uIO4fBp1/view,
Diclofenac sodium,5g,Eytanac ophthalmic solution,Dung dịch nhỏ mắt,korea,"Dự phòng các triệu chứng sau phẫu thuật như đục thuỷ tinh thể: viêm sau mổ, co đồng tử trong khi mổ, phù hoàng điểm dạng nang trong phẫu thuâtj lấy tinh thể đục và đặt thuỷ tinh thể nhân tạo
Điều trị các triệu chứng viêm: viêm không do nhiễm trùng như viêm kết mạc mạn tính, viêm sau chấn thương","Bệnh nhân mẫn cảm với natri diclofenac
Bệnh nhân hen xuyễn, ngứa, viêm mũi cấp sau khi sử dụng các thuốc chống viêm không steroid khác như acid acetel salicylic hoặc các thuốc ức chế cyclo-oxygenase
Phụ nữ mang thai 6 tháng đầu","Trước phẫu thuật: 1 giọt, nhỏ 3 lần
Ngay sau phẫu thuật : 1 giọt, nhỏ 3 lần
Liều duy trì: 1 giọt, nhỏ 4-5 lần mỗi ngày, điều chỉnh liều duy trì theo từng triệu chứng bệnh",,"Bệnh nhân mẫn cảm với aspirin, các dẫn chất của acid phenylacetic và các thuốc chống viêm không steroid khác
Chỉ sử dụng thuốc sau khi đã tháo bỏ ính áp tròng ít nhất 15 phút
Ngưng cho con bú khi sử dụng
Cẩn trọng tránh để thuốc bị kết tủa do ion kim loại",Không được dùng,"Không nên dùng đồng thời với tropicamid. Có thể xảy ra các hiện tượng kết tủa khi sử dụng natri diclofenac cùng với tropicamid
Nên sử dụng thuốc 15 phút trước hoặc sau khi dùng thuốc nhỏ mắt khác tránh để pha loãng",Chậm lành vết thương.,"Bảo quản nhiệt độ phòng, trong lọ kín không khí",https://drive.google.com/file/d/1H00mOlvipQQFm-FVatpC3c28y2g6LTkC/view,
"Monobasic natri phosphat
Dibasic natri phosphat","19g
7g",Fleet enema,Dung dịch thụt trực tràng,Mỹ,"Làm giảm chứng táo bón thường xuyên
Làm sạch phân trong ruột cho bệnh nhân trước khi phẫu thuật hoặc xét nghiệm trực tràng
Chuẩn bị để soi đại trành sigma","Không dùng cho bệnh nhân phì đại ruột kết bẩm sinh, bệnh nhân tắc nghẽn ruột, bệnh nhân không có hậu môn bệnh nhân suy tim xung huyết
Sử dụng thận trọng cho bệnh nhân suy thận, bệnh nhân rối loạn điện giải, bệnh nhân đang sử dụng thuốc lợi tiểu","Sử dụng mỗi ngày 1 lần
Ngừoi lớn và trẻ em 12 tuổi trở lên 1 chai",,"Chỉ sử dụng thụt trực tràng, không sử dụng đường khác",Hỏi bác sĩ trước khi sử dụng,Không sử dụng chứa cùng natri phosphat bao gồm cả dạng uống và dạng viên,Ấn đầu chai quá mạnh có thể gây thủng hoặc tổn thương trực tràng,"Bảo quản đông lạnh, để nơi mát dưới 30ºC",https://drive.google.com/file/d/1eA2M5X_b-Eph5Gu_vgBHw6DMCztCsyKn/view,
"Brinzolamid
Timolol","50mg
25mg",AZARGA,hỗn dịch nhỏ mắt,Bỉ,"hỗn dịch nhỏ mắt AZARGA được chỉ định làm giảm áp lực nội nhãn (IOP) ở người trưởng thành bị glôcôm góc mở hoặc tăng nhãn áp, mà đơn trị liệu không hạ nhãn áp có hiệu quả","- Quá mẫn với các thành phần hoạt chất, với bất cứ tá dược nào của thuốc hoặc với các sulphonamid.
- Bệnh đường hô hấp phản ứng kể cả hen phế quản hoặc có tiên sử hen phế quản, hoặc bệnh tắc nghẽn đường thở mãn tính nặng.
- Nhịp chậm xoang, hội chứng nút xoang, block xoang nhi, block nhi thất độ hai hoặc ba, suy tim ro rẹt hoạc sốc tim.
- Viêm mũi dị ứng nặng và phế quản đáp ứng quá mức, quá mẫn cảm với các thuốc chẹn beta khác.
- Suy than nang.
- Nhiễm toan tăng clorid máu.",nhỏ 1 giọt AZARGA vào túi kết mạc của mắt bị bệnh 2 lần mỗi ngày,,,Thận trọng,,"thường gặp: chứng loạn vị giác, viêm giác mạc chấm, nhìn mờ, đau mắt, kích ứng mắt, giảm nhịp tim",nhiệt độ dưới 30 độ,https://drive.google.com/file/d/1KNv4AdXqYQauQapa8_9DyNWPYQoMba2E/view,
Allopurinol,100mg,Alopurinol Arena 100mg tablets,Viên nén,Romania,"Người lớn:
Điều trị tất cả các dạng tăng uric máu không thể kiểm soát được chỉ bằng chế độ ăn bao gồm tăng uric máu thứ
cấp do nhiều nguyên nhân khác nhau và những biến chứng lâm sàng của các tình trạng tăng uric máu, đặc biệt triệu chứng của bệnh gút, bệnh thận có acid uric và để làm tan và phòng ngừa sởi acid uric.
Điều trị sỏi calci oxalat hỗn hợp tải phát đồng thời với điều trị tăng uric máu khi chế độ ăn uống và các biện pháp điều trị tương tự không có hiệu quả.
Trẻ em và thanh thiều niên:
Tăng uric máu thứ cấp do nhiều nguyên nhân khác nhau.
Bệnh thận urat trong khi điều trị ùng thư bạch cầu.
Rôi loạn thiều hụt enzym di truyền, hội chứng Lesch-Nyhan (thiếu hụt một phần hoặc toàn bộ enzym hypoxanthin-guanin phosphoribosyl transferase) và thiếu hụt enzym adenin phosphoribosyl transferase.",Chống chỉ định dùng allopurinol ở những bệnh nhân quá mẫn với hoạt chất hoặc bất kỳ thành phần tá dược nào của thuốc.,"Người lớn:
100-200 mg/ngày trong tình trạng bệnh nhẹ.
300-600 mg/ngày trong tình trạng bệnh trung bình.
700-900 mg/ngày trong tình trạng bệnh nặng.
Nếu cần dùng liều trên cơ sở mg/kg thể trọng, thì nên sử dụng liều từ 2-10 mg/kg thể trọng/ngày.
Trẻ em: dưới 15 tuổi liều dùng hằng ngày là 10-20 mg/kg (lên đến tối đa 400mg/ ngày) được chia làm 3 lần
Người cao tuổi: không có dữ liệu, nên sử dụng liều thấp nhất có hiệu quả trong việc giảm nồng đôn urat.
Suy thận:
- Độ thanh thải: >20 ml/ phút: liều bình thường
- Độ thanh thải: 10-20 ml/ phút: liều 100-200mg/ ngày
- Độ thanh thải: <10 ml/ phút: 100 mg/ ngày hoặc khoảng cách liều dài hơn
Suy gan: Nên giảm liều ở bệnh nhân suy gan. Khuyến cáo xét nghiệm chức năng gan định kỳ trong giai đoạn đầu điều trị.",,,Không khuyến cáo dùng,"- Chlorpropamid:
Nếu allopurinol được dùng đồng thời với chlorpropamid khi chức năng thận kém, có thể làm tăng nguy cơ hạ đường huyết kéo dài vì allopurinol và chlorpropamid có thể cạnh tranh đề bài tiết qua ống thận.
- Thuốc chống đông máu coumarin:
Có rất ít báo cáo về tác dụng tăng cường của warfarin và các thuốc chống đông coumarin khác khi dùng đồng thời với allopurinol, do đó, tất cả bệnh nhân đang dùng thuốc chống đông máu phải được theo dõi cẩn thận.
- Phenytoin: Allopurinol có thể ức chế quá trình oxy hóa phenytoin ở gan nhưng những ảnh hưởng lâm sàng vẫn chưa được chứng minh.","Thường gặp
- Rối loạn da và mô dưới da: phát ban
- Nghiên cứu: Tăng kích thích hormon tuyến giáp.","Bảo quản dưới nhiệt độ 30ºC, trong bao bì gốc",https://drive.google.com/file/d/1z_4mtJn85-GGTGJH-7qKvJw1utfWejU2/view,
Baclofen,20mg,Bacfenz 20,Viên nén,Việt Nam,"Baclofen được chỉ định để làm giảm co cứng cơ do các rối loạn như đa xơ cứng, các dạng khác của tổn thương tủy sống như u tủy sống, bệnh rỗng tủy sống, bệnh lý tế bào thần kinh vận động, viêm tủy ngang, chấn thương một phần tủy sống.
Baclofen cũng được chỉ định ở người lớn và trẻ em để làm giảm co cứng do các tai biến mạch máu não, bại não, viêm màng não, chấn thương vùng đầu.
Trẻ em
Baclofen được chỉ định ở trẻ em từ 0 đến dưới 18 tuổi để điều trị các triệu chứng co cứng có nguồn gốc từ não, đặc biệt do bại não ở trẻ em, sau tai biến mạch máu não, bệnh thoái hóa não hoặc u não.
Baclofen cũng được chỉ định để điều trị co thắt cơ xuất hiện trong các bệnh lý nhiễm khuẩn tủy sống, thoái hóa tủy sống, chấn thương tủy sống, u tủy sống hoặc chưa rõ nguồn gốc như đa xơ cứng, liệt cứng tủy sống, xơ cứng teo cơ một bên, bệnh rỗng tủy sống, viêm tủy ngang, liệt hai chi dưới do chấn thương và chèn ép tủy sống.","- Bệnh nhân quá mẫn với baclofen hoặc bất cứ thành phần nào của thuốc.
- Loét dạ dày.","Người lớn: liều khởi đầu từ 15 mg - 60 mg/ ngày
Trẻ em ( 0 đến < 18 tuổi ): liều rất thấp từ 0,3 mg/ kg/ ngày - 2mg/ kg.
Suy thận: 5 mg/ ngày
Suy gan: chưa có nghiên cứu",,,"Phụ nữ có thai: chỉ sử dụng khi cần thiết đặc biệt là 3 tháng đầu thai kỳ. Cân nhắc lợi ích và rủi ro đối với thai nhi, baclofen qua được hàng rào nhau thai.
Phụ nữ cho con bú: dược chất tiết vào sữa mẹ, nhưng với một lượng nhỏ, không gây ra tác dụng không mong muốn trên trẻ sơ sinh.",,"- Rất thường gặp ( ADR >= 1/10 )
Thần kinh: An thần, ngủ gà
Tiêu hoá: Buồn nôn
- Thường gặp ( 1/100 <=  ADR < 1/10 )
Thần kinh: Suy hô hấp, lú lẫn, chóng mặt, ảo giác, trầm cảm, mệt mỏi, mất ngủ, phấn khích, yếu cơ, mất điều hòa, run, ác mộng, đau cơ, đau đầu, rung giật nhãn cầu, khô miệng.
Mắt: Giảm thị giác, rối loạn điều tiết.
Tim: Giảm cung lượng tim.
Mạch: Hạ huyết áp.
Tiêu hóa: Rối loạn tiêu hóa, táo bón, tiêu chảy, nôn khan, nôn.
Da và mô dưới da: Phát ban, tăng tiết mồ hôi.
Thận và tiết niệu: Tiểu rắt, đái dầm, tiểu khó.","nơi khô, nhiệt độ không quá 30ºC. Tránh ánh sáng",https://drive.google.com/file/d/1D0K4mF9p4MDnzXvl43JMsYrp6B1fC3Lp/view,
"Clopidogrel
Acid acetylsalicylic","75mg
100mg",Duo Plavin,Viên nén bao phim,Pháp,"Duo Plavin được chỉ định để dự phòng thứ phát các biến cố huyết khối do xơ vữa ở bệnh nhân người trưởng thành đang dùng cá clopidogre và acio acetylsalicylic (ASA). DuoPlavin là thuốc phối hợp liều cố định để tiếp tục điều trị trong:
• Hội chứng mạch vành cấp không có đoạn ST chênh lên (đau thất ngực không ổn định hoặc nhồi máu cơ tim không có sóng Q) kể cả những bệnh nhân đang được đặt stent sau khi can thiệp mạch vành qua da
• Nhồi máu cơ tim cấp có đoạn ST chênh lên trên bệnh nhân được điều trị nội khoa đủ điều kiện để dùng liệu pháp tiêu sợi huyết.
Xin xem thêm thông tin mục dược lực học.","Vì sự hiện diện của hai thành phần trong sản phẩm, chống chỉ định dùng DuoPlavin trong trường hợp:
- Quá mẫn với các thành phần hoạt chất hoặc bất kỳ tá dược nào được liệt kê trong danh mục tá dược.
- Suy gan nặng.
- Xuất huyết bệnh lý đang hoạt động như loét dạ dày-tá tràng hoặc xuất huyết nội sọ.
Ngoài ra, vì có sự hiện diện của ASA, nên thuốc cũng bị chống chỉ định trong:
- Quá mẫn với thuốc kháng viêm không-steroid (NSAIDs) và hội chứng hen, viêm mũi, và pô-lýp mũi. Bệnh nhân có bệnh lý dượng bào từ trước, mà việc sử dụng acid acetylsalicylic ở họ có thể gây ra phản ứng quá mẫn nặng (bao gồm sốc tuần hoàn với triệu chứng đỏ bừng, hạ huyết áp, nhịp tim nhanh và buồn nôn)
- Suy thận nặng (độ thanh thài creatinine < 30 ml/phút).
- Ba tháng cuối thai kỳ (xem Phụ nữ có thai và nuôi con bằng sữa mẹ).","Người lớn và người già: 75mg/100mg/ ngày
Trẻ em: Không khuyên dùng
Suy gan, suy thận: Không khuyên dùng",,,Chống chỉ định,,"Rối loạn mạch máu: tụ máu
Rối loạn hô hấp, lồng ngực và trung thất: chảy máu cam
Rối loạn dạ dày-ruột: xuất huyết tiêu hoá, tiêu chảy, đau bụng, khó tiêu
Rối loạn da và mô dưới da: bầm máu","Bảo quản thuốc nơi khô, tránh ánh sáng, nhiệt độ không quá 30°C. Để xa tầm tay và tầm nhìn của trẻ em.
Không được dùng DuoPlavin đã quá hạn dùng được ghi trên hộp và vỉ thuốc.
Không được dùng DuoPlavin nêu để ý thấy bất kỳ dấu hiệu biến chất nào.
Không được tiêu hủy thuốc qua hệ thống nước thải hoặc chất thải gia dụng. Nên hỏi dược sĩ về cách tiêu hủy thuốc không còn cần đến. Những biện pháp này sẽ giúp bảo vệ môi trường.",https://drive.google.com/file/d/1u7D9CuZBrE2kVZIAmSOVKfbQr24m4aNy/view,
Desloratadin,"0,05% (w/v)",Adivec,Siro,Ukaina,"Si rô Adivec® được dùng cho trẻ em từ 1 tuổi trở lên, thanh thiếu niên và người lớn để làm giảm các triệu chứng có liên quan tới viêm mũi dị ứng và mày đay.","Chống chỉ định dùng si rô Adivec® cho những bệnh nhân bị mẫn cảm với hoạt chất hoặc với loratadin, hay với bất kỳ thành phần nào có trong thuốc.","Người lớn và thanh thiếu niên (từ 12 tuổi trở lên): liều khuyến cáo là 10 ml (5 mg desloratadin) si rô Adivec® 1lần 1ngày.
Trẻ em:Trẻ em từ 1 tuổi-5 tuổi: 2,5 ml (1,25 mg desloratadin) si rô Adivec®, 1 lần mỗi ngày.
Trẻ em từ 6 tuổi-11 tuổi: 5 ml (2,5 mg desloratadin) si rô Adivec®, 1 lần mỗi ngày.
Chưa chứng minh được sự an toàn và hiệu quả khi sử dụng Adivec® cho trẻ nhỏ dưới 1 tuổi.",,,Thận trọng,Uống desloratadin đồng thời với rượu không làm tăng nguy cơ gây suy giảm hành vi của rượu.,"- Trẻ em: Ở trẻ sơ sinh và trẻ nhỏ từ 6 đến 23 tháng tuổi, những tác dụng không mong muốn thường gặp nhất được báo cáo nhiều hơn so với giả dược là tiêu chảy (3,7%), sốt (2,3%) và mất ngủ (2,3%). Trong một nghiên cứu bổ sung, không ghi nhận tác dụng không mong muốn nào sau khi uống liều duy nhất 2,5 mg desloratadin dạng si rô ở trẻ từ 6 tuổi-11 tuổi.
- Người lớn và thanh thiếu niên
 tác dụng không mong muôn gặp nhiều hơn so với khi dùng giả dược được báo cáo là mệt mỏi (1,2%), khô miệng (0,8%) và đau đầu (0,6%).-",Bảo quản thuốc ở nhiệt độ dưới 30ºC,https://drive.google.com/file/d/1Q4pVzfqsHvnrBOAgnWTE4ZkjksnRavR1/view,
Brinzolamid,10mg,Azopt,Hỗn dịch nhỏ mắt,Mỹ,"Hỗn dịch nhỏ mắt brinzolamid 1% (AZOPT) được chỉ định như một liệu pháp đơn trị liệu để làm giảm tăng nhãn áp trên bệnh nhân là người lớn bị tăng nhãn áp hoặc glôcôm góc mở không đáp ứng hoặc có chống chỉ định với thuốc đối kháng thụ thể beta, hoặc điều trị hỗ trợ các thuốc đối kháng thụ thể beta hay nhóm thuốc tương tự prostaglandin.","Bệnh nhân mẫn cảm với brinzolamid hoặc bất kỳ thành phần nào của thuốc hoặc các sulphonamid.
• Bệnh nhân suy thận nặng.
• Nhiễm toan chuyển hóa tăng co huyết.","nhỏ 1 giọt hỗn dịch Azopt vào mắt bị bệnh, 2-3lần/ ngày.",Không nên nhỏ quá 1giọt/lần vào mắt người bệnh 2-3lần mỗi ngày.,,Không có thông tin,,"Rối loạn mắt: nhìn mờ, kích ứng, đau mắt, cảm giác có vật lạ ở mắt, sung huyết mắt
Rối loạn tiêu hoá: rối loạn vị giác",ở nhiệt độ dưới 30ºC,https://drive.google.com/file/d/1tdYdzPWVWGGiKyTEMnYZjSJJW1LGHd3A/view,
Cao khô lá dâu tằm,570mg,Didala,Viên nén,Việt Nam,Hỗ trợ điều trị đái tháo đường tuýp 2,"Thuốc Didala chống chỉ định trong các trường hợp mẫn cảm với bất kỳ thành phần nào của thuốc (Tá dược: Talcum, magnesi stearat, aerosil).",Uống 4 - 6 viên/ ngày chia 2 - 3 lần/ngày,,,Không có thông tin,,,ở nhiệt độ dưới 30ºC,https://drive.google.com/file/d/1Mv1IcJVyYHJ7HEQTcm_kewcaLXrvGnMv/view,
Amlodipin + atorvastatin,5mg/20mg,Toduet 5mg/20mg,Viên nén,Việt Nam,"Amlodipine được chỉ định để điều trị tăng huyết áp, giúp làm giảm huyết áp. Hạ huyết áp làm giảm nguy cơ tử vong do biến cố tim mạch, chủ yếu là đột quỵ và nhồi máu cơ tim. Đồng thời, Amlodipine được chỉ định để điều trị bệnh động mạch vành.

Atorvastatin được chỉ định như một liệu pháp điều trị bổ trợ cho chế độ ăn kiêng để phòng ngừa bệnh bệnh tim mạch và mỡ máu cao","Quá mẫn với bất kỳ thành phần hoạt chất và tá dược có trong công thức thuốc

Bệnh gan thể hoạt động, có thể bao gồm tình trạng nồng độ transaminase trong gan tăng kéo dài không rõ nguyên nhân khi mang thai

Phụ nữ đang mang thai và phụ nữ cho con bú","Liều dùng của Toduet 5mg/20mg phải được cá thể hoá trên cơ sở cả tính hiệu quả và khả năng dung nạp đối với từng thành phần riêng lẻ trong điều trị tăng huyết áp/ đau thắt ngực và tăng lipid máu. Chọn liều amlodipine và atorvastatin một cách độc lập

Có thể thay thế Toduet 5mg/20mg bằng các thành phần riêng lẻ với liều thích hợp. Bệnh nhận có thể dùng thuốc tương đương với Toduet 5mg/20mg hoặc một liều Toduet 5mg/20mg với lượng amlodipine, atorvastatin, hoặc cả 2 chất này cao hơn để có tác dụng chống đau thắt ngực, hạ huyết áp, hoặc hạ lipid máu cao hơn

Toduet 5mg/20mg có thể được dùng để điều trị bổ sung cho bệnh nhân đã dùng một trong các thành phần của thuốc. Toduet 5mg/20mg có thể được sử dụng để bắt đầu điều trị ở bệnh nhân bị tăng lipid máu và tăng huyết áp hoặc tăng lipid máu và đau thắt ngực",,,Chống chỉ định,,"Cứng cơ, run hoặc chuyển động cơ bất thường;

Yếu cơ vùng hông, vai, cổ và lưng;

Khó nhấc tay, khó leo cầu thang hoặc đứng yên;

Buồn ngủ nghiêm trọng, cảm giác sắp ngất xỉu;

Đau tức ngực trầm trọng hơn, đau lan xuống cánh tay hoặc lên hàm kèm theo buồn nôn, vã mồ hôi hoặc cảm giác ốm yếu;

Các vấn đề về gan như đau hạ sườn phải, chán ăn, mệt mỏi, nước tiểu sẫm màu, vàng da, vàng mắt.

Các tác dụng phụ thường gặp khác của thuốc Toduet 5mg/20mg có thể bao gồm:

Đau cơ hoặc đau khớp;

Tiêu chảy;

Buồn nôn, đau bụng;

Phù chân hoặc mắt cá chân.",ở nhiệt độ dưới 30ºC,https://drive.google.com/file/d/1QkVcqNeelnMJAliGliyA3uhQ6DmUZi2p/view,
Ramipril,10mg,Precen 10,Viên nén,Việt Nam,"Phòng ngừa bệnh tim mạch giúp giảm tỷ lệ tử vong và các biến cố tim mạch ở:

Bệnh nhân có bệnh tim mạch do xơ vữa huyết khối như bệnh mạch vành, đột quỵ hoặc bệnh mạch máu ngoại vi.
Người bệnh đái tháo đường có kèm ít nhất một yếu tố nguy cơ tim mạch.
Điều trị suy tim có triệu chứng.

Dự phòng thứ phát sau nhồi máu cơ tim cấp giúp giảm tỷ lệ tử vong trong giai đoạn cấp ở bệnh nhân xuất hiện dấu hiệu suy tim lâm sàng sau hơn 48 giờ kể từ khi xảy ra nhồi máu cơ tim.

Điều trị bệnh thận bao gồm:

Biến chứng cầu thận giai đoạn sớm do đái tháo đường được xác định bằng microalbumin niệu.
Bệnh thận đái tháo đường có tổn thương cầu thận với macroprotein niệu ở bệnh nhân có ít nhất một yếu tố nguy cơ tim mạch.
Bệnh cầu thận không do đái tháo đường với protein niệu ≥ 3 g/ngày","Người quá mẫn với bất kỳ thành phần nào của thuốc Precen 10 hoặc các thuốc ức chế men chuyển khác.

Phụ nữ đang mang thai ở ba tháng giữa hoặc ba tháng cuối của thai kỳ.

Bệnh nhân bị tụt huyết áp hoặc có huyết động không ổn định.

Sử dụng đồng thời với thuốc chứa aliskiren ở bệnh nhân đái tháo đường hoặc suy thận với GFR dưới 60 ml/phút/1,73 m².

Không bắt đầu điều trị bằng ramipril sớm hơn 36 giờ sau liều cuối của Sacubitril hoặc Valsartan.

Có tiền sử phù mạch do di truyền, vô căn hoặc liên quan đến việc sử dụng thuốc ức chế men chuyển hoặc thuốc đối kháng thụ thể angiotensin II.

Các phương pháp điều trị ngoài cơ thể làm máu tiếp xúc với các bề mặt mang điện tích âm.

Hẹp động mạch thận hai bên hoặc hẹp động mạch thận một bên ở bệnh nhân chỉ có một thận.","2,5 mg 1 lần/ngày",10 mg/ngày,,Chống chỉ định cho phụ nữ có thai 3 tháng đầu và 3 tháng cuối thia kỳ,,"Ho khan, viêm phế quản, viêm xoang, khó thở
Tăng Kali huyết
Viêm dạ dày - ruột, rối loạn tiêu hóa, khó chịu ở bụng, khó tiêu, tiêu chảy, buồn nôn, nôn
Đau đầu, choáng váng
Đau ngực, mệt mỏi
Phát ban, đặc biệt ban dát sần
Hạ huyết áp, hạ huyết áp tư thế, ngất
Tăng bạch cầu ái toan
Chuột rút, đau cơ",ở nhiệt độ dưới 30ºC,https://drive.google.com/file/d/1FqJjgvWZPIbSQwvyDJR7nfeXF4gb2Jwm/view,
Paracetamol,1,Ê,Viên nén,Việt Nam,"Dùng trong các cơn đau từ nhẹ đến vừa và sốt, đặc biệt đối với những bệnh nhân bị chống chỉ định hay không dung nạp salicylat.
Thuốc có tác động tốt trên những
cơn đau nhẹ không thuộc nguồn gốc nội tạng.",Người bệnh quá mẫn với paracetamol hoặc với bất kỳ thành phần nào của thuốc.Suy gan nặng,"Người lớn và trẻ em trên 12 tuổi: 500-1000mg mỗi 4-6h

Trẻ em từ 6-12 tuổi: 250-500mg mỗi 4-6h

Không khuyến cáo dùng cho trẻ em dưới 6 tuổi

Không tự ý dùng quá 10 ngày đối với người và không quá 3 ngày đối với trẻ em

Không tự ý dùng trong trường hợp sốt quá cao (> 39,5 độ C), sốt kéo dài hơn 3 ngày hoặc sốt tái phát.",,"Thận trọng với người bị suy giảm chức năng gan và thận.

Người bệnh có thiếu máu từ trước","Phụ nữ có thai chỉ dùng khi cần thiết, có chỉ định của bác sĩ


Phụ nữ cho con bú không thấy có ADR ở trẻ nhỏ bú mẹ","Uống dài ngày liều cao paracetamol làm tăng nhẹ tác dụng chống đông của coumarin và dẫn chất indandion.

Thuốc chống co giật (gồm phenytoin, barbiturat, carbamazepin) có thể làm tăng tính độc hại gan của paracetamol do tăng chuyển hóa thuốc thành những chất độc hại với gan. Ngoài ra, dùng đồng thời isoniazid với paracetamol cũng có thể dẫn đến tăng nguy cơ độc tính với gan, nhưng chưa xác định được cơ chế chính xác của tương tác này.

Nguy cơ paracetamol gây độc tính gan ở người bệnh uống liều paracetamol lớn hơn liều khuyên dùng trong khi đang dùng thuốc chống co giật hoặc isoniazid.

Thường không cần giảm liều ở người bệnh dùng đồng thời liều điều trị paracetamol và thuốc chống co giật; tuy vậy, người bệnh phải hạn chế tự dùng paracetamol khi đang dùng thuốc chống co giật hoặc isoniazid.
Cholestyramin: Cholestyramin làm giảm tốc độ hấp thu của paracetamol, không nên dùng cholestyramin trong vòng một giờ nếu cần giảm đau tối đa.
Metoclopramid và domperidon: Metoclopramid và domperidon làm tăng hấp thu paracetamol

Warfarin: Tác dụng chống đông của warfarin và các coumarin khác có thể gia tăng khi dùng paracetamol thường xuyên, kéo dài cùng với sự gia tăng nguy cơ chảy máu; liều thỉnh thoảng không có ảnh hưởng đáng kể.
Cloramphenicol: Paracetamol làm tăng nồng độ cloramphenicol trong huyết tương.","Thường gặp: ban đỏ, mày đay.Thỉnh thoảng ban da và những phản ứng dị ứng khác.
Quá liều : tổn thương gan nặng và đôi khi hoại tử ống thận cấp.

Ít gặp: Ban da, nôn, buồn nôn,
loạn tạo máu, thiếu máu, độc thận.

Hiếm gặp: Da: Hội chuwnga Stevens-Johnson, hoại tử biểu bì nhiễm độc, hội chứng lyell, mụn mủ ngoại ban toàn thân cấp tính.",ở nhiệt độ dưới 30ºC,https://drive.google.com/file/d/1PQZBeLXPSkZ9rdhBt4G4t7l_pqkd92Ea/view,
Rifampicin + Isoniazid,150mg + 100mg,Turbe,Viên Nén,Việt Nam,"Điều trị các dạng lao phổi và lao ngoài phổi ở người lớn gồm cả lao mắc mới, lao tiến triển, hoặc lao mạn tính","- Những người mẫn cảm với bất cứ thành phần nào của thuốc.
tyramin và hist cần được tự vấ
- Người suy chức năng gan do bất kỳ nguyên nhân nào, có biểu hiện vàng da, viêm đa dây thần kinh, và người động kinh.
- Rối loạn chuyển hóa porphyrin ở những người nhạy cảm với rifampicin do một cơ chế có liên quan tới việc gây
cảm ứng enzyme cytochrome P450 ở gan.",Người dưới 50kg: 3 viên/ngày  Người trên 50kg: 4viên/ngày,,Thận trọng với người bị suy giảm chức năng gan hoặc suy giảm chức năng thận khi dùng Isoniazid,Theo chỉ định của bác sĩ,"Chống chỉ định dùng Turbe cùng chế phẩm kết hợp saquinavir/ritonavir.                                                   Para-aminosalicylic acid có thể làm tăng nồng độ trong huyết tương và bán thải của isoniazid thông qua cạnh tranh enzyme acetyl hoá
Thuốc gây mê toàn thân có thể tăng độc tính trên gan của isoniazid.
Hấp thu isoniazid có thể bị giảm do dùng antacid.
Nguy cơ độc trên thần kinh trung ương tăng lên khi isoniazid dùng cùng cycloserin.
Isoniazid có thể làm giảm nồng độ trong huyết tương của ketoconazol và tăng nồng độ trong huyết tương của theophyllin","Thường gặp: Rối loạn hệ máu và bạch huyết, Rối loạn thần kinh trung ương, Rối loạn hệ tiêu hoá, Rối loạn toàn thể và tại vị trí đưa thuốc",,https://drive.google.com/file/d/1HDMOhMnFlz7wIxIxSTIRtr9KUiZ-3Jq1/view,
Tacrolimus,"0,1 %","Chamcromus 0,1%",thuốc mỡ,Việt Nam,Điều trị ngắn hạn với bệnh chàm thể tạng (viêm da thể tạng) cho người từ 16 tuổi trở lên.                             Đề phòng cơn bùng phát bệnh chàm thể tạng có tần suất cao và kéo dài bệnh,"Quá mẫn với nhóm macrolid nói chung, với tacrolimus hoặc với bất kỳ thành phần nào của thuốc, hay các kháng sinh macrolid như azithromycin, clarithromycin, erythromycin, telithromycin.
Người có suy giảm miễn dịch.
Trẻ em dưới 16 tuổi.","Điều trị tấn công: bôi ngày 2 lần.          Điều trị duy trì: ngày 1 lần, tuần 2 lần bôi",,"Thận trọng với bệnh nhân có hàng rào da bị tổn thương: hội chứng Netherton, bệnh vảy nến tróc vẩy, ban đỏ toàn thân",Thận trọng khi sử dụng,"Các thuốc ức chế enzym chuyển hoá CYP3A4 có thể ảnh hưởng đến sinh khả dụng của thuốc.             Nên tránh sử dụng thuốc đồng thời với liệu pháp điều trị bằng UVA, UVB hoặc kết hợp với psoralen (PUVA)","Nóng rát, ngứa, ban đỏ, kích ứng tại vị trí dùng thuốc.                               Nhiễm virus herpes,viêm nang lông, herpes môi, ban mụn nước dạng thuỷ đậu Kaposi.                          Dị cảm và rối loạn cảm giác",,https://drive.google.com/file/d/1tpoqoG4QMGsiMbqAaTKTAAUkaBx1qctD/view,
Moxifloxacin hydrocloride,400 mg,Bluemoxi,Viên nén,Việt Nam,"Viêm phối mắc phải trong cộng đồng (với mức độ từ nhẹ đến trung bình) gây bởi Streptococcus pneumoniae, Haemophilus influenzae, Mycoplasma pneumoniae, Chlamydia pneumoniae hoặc Moraxella catarrhalis.
Viêm vùng chậu mức độ nhẹ đến trung bình (nhiễm khuẩn đường sinh dục trên ở phụ nữ, viêm vòi trứng và viêm nội mạc tử cung) mà không có áp xe buông trứng hoặc áp xe vùng chậu.
Nhiễm khuẩn ô bụng có biên chứng
Nhiễm khuẩn da và tổ chức dưới da do Staphylococcus aureusva streptococcus pyogenes. áp xe dưới da không biến chứng, đinh nhọt, chốc lở và việm mô tế bào.
Đợt nhiêm khuân câp của viêm phê quản mạn tính
Viêm xoang cấp tính do vi khuẩn","Mẫn cảm với moxifloxacin hoặc các quinolon khác hoặc bất kỳ thành phân tá dược của thuôc
Bệnh nhân dưới 18 tuổi
Phụ nữ có thai và cho con bú
Bệnh nhân có khoảng QT kéo dài
Bệnh nhân có nhịp tim chậm
Bệnh nhân bị rối loạn điện giải, đặc biệt bệnh nhân có hạ kali máu chưa được điều chỉnh
Bệnh nhân đang điều trị bằng các thuốc chống loạn nhịp nhóm IA (như quinidin, procainamid) hoặc nhóm II1 (như amiodaron, sotalol)
Bệnh nhân có tiền sử bệnh gân cơ liên quan đến điều trị bằng quinolon
Suy tim có phân suất tống máu thất trái giảm
Không nên dùng moxifloxacin đồng thời với các thuốc làm kéo dài khoảng QT
Moxifloxacin cũng chống chỉ định ở những bệnh nhân suy giảm chức năng gan","400mg/ngày, uống 1 lần",,,Chống chỉ định,"không nên phôi hợp moxifloxacin với bât kỳ sản phâm thuốc sau đây:
- Chống loạn nhịp tim loại IA (ví dụ quinidine, hydroquinidine, disopyramide)
- Chống loạn nhịp tim loại III (ví dụ amiodarone, sotalol, dofetilide, ibutilide)
- thuốc chống loạn thân (ví dụ phenothiazines, pimozid, sertindole, haloperidol, sultopride)
- thuôc chống trâm cảm bạ vòng
- một số thuốc kháng khuẩn khác (saquinavir, sparfloxacin, erythromycin IV, pentamidine, thuốc sốt rét đặc biệt là halofantrine)
- thuốc chống dị ứg (terfenadine, astemizole, mizolastine)®
- Loại khác (cisapride, vincamin IV, bepridil, diphemanil).
Việc sử dụng đồng thời với than hoạt tính với liều 400 mg ois moxifloxacin uống đã dẫn tới việc giảm hấp thu thuốc
Sau khi dùng liều lặp lại ở những người tình nguyện khỏe mạnh, moxifloxacin làm tăng Cmax của digoxin khoảng 30% mà không ảnh hưởng đên AUC hoặc mức tôi thiêu. Không cần phải thận trọng khi sử dụng với digoxin.","Nhiễm khuẩn,rối loạn hệ thần kinh,tim mạch, rối loạn đường tiêu hoá, rối loạn chức năng gan, mật",,https://drive.google.com/file/d/1vbxDWvD_Yl2ORaBD45BjR9Ix9M96j7JQ/view,
Gefitinib,250 mg,Geastine,Viên nén bao phim,Việt Nam,"-Geastine được chỉ định điều trị cho bệnh nhân ung thư phối. Thuốc hoạt động bằng cách làm chậm hay ngăn chặn sự phát triển của các tế bào ung thư. Geastine làm mất hiệu lực của một protein nhất định (một enzym của tyrosin kinase).
- Geastine được chỉ định điều trị cho bệnh nhân ung thư phổi loại không phải tế bào nhỏ (Non Small Cell Lung Cancer-NSCLC) giai đoạn tiến triển tại chỗ hoặc di căn mà trước đây đã dùng hóa trị liệu hoặc không thích hợp đề hóa trị liệu.","- Quá mẫn với dược chất hoặc với bất cứ tá được nào của thuốc.
- Bệnh phổi mô kẽ, có thể khởi phát cấp tính, đã được quan sát thấy ở bệnh nhân đang dùng Geastine, và một vài trường hợp có thể bị từ vong (xem phần ""Tác dụng ngoại ý""). Nếu bệnh nhân có biểu hiện xấu đi với các triệu chứng hô hấp như khó thở, ho và sốt, nên ngừng Geastine, và cho kiểm tra ngay. Nếu xác nhận chấn đoán là bệnh phối mô kẽ, nên ngưng dùng Geastine, và điều trị bệnh nhân bằng các biện pháp thích hợp.
- Tăng transaminase gan đã được ghi nhận nhưng ít khi có biểu hiện viêm gan. Vì vậy, bệnh nhân được khuyến cáo nên kiểm tra chức năng gan định kỳ. Geastine nên được dùng thận trọng trên bệnh nhân có transaminase gan tăng nhẹ hoặc vừa. Nên xem xét ngưng dùng thuốc nếu các thay đổi này là nghiêm trọng
- Phụ nữ trong độ tuổi sinh sản phải được khuyến cáo tránh mang thai và phụ nữ đang cho con bú phải ngưng cho con bú trong khi điều trị bằng Geastin","250mg/ngày , uống 1 lần",,"Thận trọng ở bệnh nhân thay đổi chức năng gan ở mức độ nhẹ hoặc trung bình , xem xét ngưng dùng thuốc nếu thay đổi này làm nghiêm trọng",Chống chỉ định,":
- Gefitinib chuyển hóa chủ yếu qua CYP3A4. Dùng đồng thời gefitinib với
rifampicin (chất được biết là cảm ứng mạnh CYP3A4) trên người tình nguyện khỏe mạnh đã làm giảm 83% diện tích dưới đường cong (AUC) trung bình của gefitinib so với nhóm không dùng rifampicin.
- Khi dùng đồng thời gefitinib với itraconazole (chất ức chế CYP3A4) đã làm tăng 80% trị số AUC trung bình của gefitinib ở người tình nguyện khỏe mạnh. Sự gia tăng này có thể có ý nghĩa về mặt lâm sàng vì đã ghi nhận các phản ứng ngoại ý liên quan đến liều và nồng độ thuốc trong cơ thể.
- Phối hợp với ranitidine ở liều làm tăng kéo dài độ pH dịch vị ≥ 5 dẫn đến kết quả làm giảm trị số AUC bình quân của gefitinib là 47% ở người tình nguyện khỏe mạnh.
- Tăng INR và / hoặc các biến cố xuất huyết đã được báo cáo ở một vài bệnh nhân dùng warfarin.
- Các nghiên cứu in vitro đã chứng tỏ gefitinib ít có khả năng ức chế CYP2D6 do đó khi sử dụng chất ức chế CYP2D6 làm chất nền kết hợp với Gefitinib thì cần lưu ý điều chỉnh đặc biệt nồng độ chất ức chế để thu hẹp khoảng điều trị. Trong một thử nghiệm lâm sàng thực hiện trên bệnh nhân, khi dùng đồng thời gefitinib với metopro-lol (chất nền CYP2D6) đã làm tăng nhẹ (35%) nồng độ metoprolol trong cơ thể, nhưng điều này không được xem là có ý nghĩa trên lâm sàng.","Các phản ứng ngoại ý do thuốc (ADR) thông thường nhất được ghi nhận xảy ra
trên 20% bệnh nhân là tiêu chảy và phản ứng trên da (bao gồm nổi mẫn, mụn, da khô và ngứa). Các phản ứng ngoại ý do thuốc thường xuất hiện trong tháng đầu điều trị và nói chung có thể tự hết. Khoảng 8% bệnh nhân bị một phản ứng ngoại ý trầm trọng (độ 3 và 4 theo Tiêu chuẩn Đánh giá Độc tính Thường gặp-CTC: Common Toxicity Criteria). Tuy nhiên, chỉ có 3% bệnh nhân là phải ngưng điều trị do phản ứng ngoại ý.",Ở nhiệt độ dưới 30 độ C,https://drive.google.com/file/d/1VcmNmTElpOwIL6CYpAN-RZRhb5v8jbQq/view,
Rifampicin + Isoniazid + Pyrazinamid,150mg + 75mg + 400mg,Turbezid,viên nén bao phim,Việt Nam,Điều trị các dạng lao phổi và lao ngoài phổi ở người lớn,"- Người mẫn cảm với bât kỳ thành phần nào của thuốc
- Người suy chức năng gan do bất kỳ nguyên nhân nào
- Pyrazinamid chống chỉ định với những bệnh nhân có bệnh ni tơ huyết cao hay bệnh gout",Phụ thuộc vào trọng lượng cơ thể,"- Người < 50kg: 3 viên/ ngày
- Người > 50kg: 4 viên/ ngày","Tương tự như các thận trọng khi dùng phối hợp ba thuốc chứa Rifampicin, Isoniazid và Pyrazinamid đơn lẻ cùng lúc",Theo chỉ định của bác sĩ,"- Rifampicin có tác dụng cảm ứng, trong khi Isoniazid có tác dụng ức chế một số enzyme của hệ CYP 450. Vậy nên cẩn thận trọng khi dùng thuốc TURBEZID cùng với nhưng thuốc bị chuyển hóa mạnh bởi CYP 450. Để đảm bảo nồng độ điều trị cần phải có sự hiệu chỉnh liều với các thuốc này khi dùng kèm với thuốc TURBEZID.
- Tương tác với Rifampicin
+ Bệnh nhân dùng thuốc tránh thai đường uống nên chuyển sang liệu pháp tránh thai không dùng hormone trong giai đoạn điều trị bằng TURBEZID
+ Đường huyết của bệnh nhân tiểu đường cũng khó kiểm soát hơn khi đang dùng thuốc này.
+ Khi Rifampicin dùng cùng lúc với Saquinavir/Ritonavir sẽ làm tăng độc tính trên gan. Do vậy chống chỉ định dùng đồng thời TURBEZID với Saquinavir/Ritonavir.
- Tương tác với Isoniazid
+ Thuốc chống động kinh (carbamazepine, phenytoin).
+ Có thể làm ăng nguy cơ viêm hoặc đau dây thần kinh ngoaji biên khi dùng Isoniazid cho bệnh nhân đang dùng stavudine.
+ Sử dụng đồng thời Zalcitabine với Isoniazid có thể làm tăng gấp đôi hệ số thanh thải ở thận với bệnh nhân HIV.
+ Dùng 20 mg Prednisolone cho 13 bệnh nhân acetyl hóa chậm và 13 bệnh nhân acetyl hóa nhanh (tất cả đều đang dùng Isoniazid với liều 10 mg/kg) làm giẩm nồng độ Isoniazid trong huyết tương ỏ môi xnhosm lần lượt là 25% và 40% tuy nhiên không có triệu chứng lâm sàng rõ ràng.
+ Trong trường hợp uống một lượng rượu lớn (có thể duy trì nồng độ 1 g/L trong huyết thanh trong 12h), chuyển hóa Isoniazid và chất chuyển hóa của nó, acetyl isoniazid, ngay lập tức cũng chưa bị ảnh hưởng. Tuy nhiên với người nghiện rượu thì chuyển hóa Isoniazid sẽ tăng lên (mức độ ảnh hưởng vẫn chưa được định lượng rõ ràng).
- Tương tác với Pyrazinamide
+ Pyrazinamide làm giảm hiệu quả của các thuốc điều trị gút như probenecid và sulfinpyrazone.","- Rifampicin: tăng men gan.Tác dụng phụ có thể xảy ra nhưng hiếm gặp  là viêm gan hoặc vàng da.
- Isoniazid: Hiện tượng suy thoái dây thần kinh ngoại biên đã được báo cáo ở những phụ nữ mang thai, suy dinh dưỡng, người nghiện rượu và bệnh nhân bị tiểu đường. Viêm gan tuy không phổ biến nhưng là phản ưng phụ nghiêm trọng và phải ngừng ngay điều trị. Sự tăng đột ngột men gan ở thời gian đầu điều trị  không có ý nghĩa về mặt lâm sàng. Ngoiaf ra có thể gây rối loạn huyết học: tăng bạch cầu ưa acid, mất bạch cầu hạt, giảm tiểu cầu và thiếu máu, thiếu máu giảm hồng cầu, thiếu máu tan huyết. Tăng đường huyết, vú to ở nam giới cũng là các tác dụng không mong muốn đã ghi nhận khi điều trị với Isoniazid.
- Pyrazinamid: Một số bệnh nhân bị nổi mẩn đỏ nhẹ ở da. Tác dụng phụ cho gan có thể thay đổi mức độ từ nhẹ như tăng mức độ vừa phải nồng độ men chuyển tron huyết thanh, đặc biệt trong thời gian điều trị đầu, tới nững trường hợp nhiễm độc năng cho gan. Sự bài tiết acid uric của thận bị giảm đã làm tăng acid uric trong máu mà thường không có triệu chứng. Đôi khi bệnh nhân bị tấn công bởi bệnh gút và đau xương khớp cũng đã được báo cáo.","Nơi khô mát, tránh ánh sáng, nhiệt độ không quá 30°C.",https://drive.google.com/file/d/17tfeiqcbi38kglzIm0Msc6_lUmM0Kh5m/view,
Macrogol 4000 + Natri sulfat + Natri bicarbonat + Natri clorid + Kali clorid,"64,00g + 5,7g + 1,68g + 1,46g + 0,75g",Coliet,Dạng bột,Việt Nam,"- Rửa đại tràng ở người lớn , chuẩn bị cho : Các thăm dò về nội soi, X quang , phẫu thuật đại tràng","* Mẫn cảm với bất cứ thành phần nào của thuốc.
* Trẻ em dưới 18 tuổi.
* Tổn trạng suy yếu như: tình trạng mất nước hay suy tim nặng.
* Bệnh đại tràng làm cho niêm mạc ruột suy yếu nặng, ung thư đại tràng tiến triển.
* Bệnh nhân tắc ruột hay liệt ruột.
* Thủng hoặc có nguy cơ thủng đường tiêu hóa.
* Rối loạn liên quan đến dạ dày (ví dụ như liệt dạ dày).
* Viêm đại tràng hoặc phình đại tràng.","Liều dùng khoảng 1 lít cho 15-20 kg thể trọng , tương đương liều trung bình là 3-4 lít",,"- Thận trọng và giám sát y tế chặt chẽ ở những bệnh nhân nằm bất động hoặc bị rối loạn chức năng thần kinh - cơ vì nguy cơ sặc khi uống thuốc . Ở những bệnh nhân này , nên đặt bệnh nhân ở tư thế ngồi hoặc nghiêng thuốc qua ống thông dạ dày. Thận trọng ở bệnh nhân suy tim và / hoặc suy thận , có nguy cơ phù phổi cấp tính",Có rất ít hoặc không có dữ liệu,"* Bệnh nhân cần thông báo với bác sĩ về các loại thuốc đang sử dụng (nếu có). Các thuốc đang sử dụng có thể không được hấp thu do tác dụng nhuận tràng của COLIET. Nên uống các thuốc khác trước khi sử dụng COLIET hai giờ.
* Tránh dùng các liệu pháp nha khoa trong và sau khi uống thuốc nhuận tràng như COLIET và cho đến khi kết thúc thủ thuật.
* Đối với các sản phẩm thuốc có khoảng điều trị hẹp hoặc thời gian bán thải ngắn, hiệu quả điều trị của thuốc đó có thể bị ảnh hưởng đáng kể do tác dụng nhuận tràng của COLIET.","* Tiêu chảy là tác dụng hướng đến của COLIET. Buồn nôn và nôn có thể xảy ra lúc mới bắt đầu uống thuốc, sẽ giảm đi khi tiếp tục uống thuốc.
* Các phản ứng ngoại ý được phân loại theo tần suất và hệ cơ quan. Các loại tần suất được xác định theo quy ước như sau: Rất thường gặp (≥ 1/10); Thường gặp (≥ 1/100 đến <1/10); Ít gặp (≥ 1/1000 đến <1/100); Hiếm gặp (≥ 1/10 000 đến <1/1000); Rất hiếm gặp (<1/10000), chưa rõ tần suất (chưa xác định được từ những dữ liệu hiện có).
- Rối loạn hệ tiêu hóa:
* Rất thường gặp: Buồn nôn, đau bụng, trướng bụng.
* Thường gặp: Nôn.
- Rối loạn hệ miễn dịch:
* Chưa rõ tần suất: Quá mẫn (sốc phản vệ, phù mạch, mề đay, phát ban, ngứa).","Trong bao bì kín , tránh ẩm , tránh ánh sáng , ở nhiệt độ không quá 30 độ C",https://drive.google.com/file/d/1Ze9IMFv-ECmuekPYtrxzhuSgEqW5Nnjz/view,
Pramipexol dihydroclorid monohydrat,"0,25mg",Tormipex 0.25,Viên nén,Ấn Độ,Điều trị các dấu hiệu và triệu chứng của bệnh Parkinson vô căn.Điều trị triệu chứng cho hội chứng chân không yên vô căn vừa đến nặng.,Quá mẫn với Pramipexole hoặc bất cứ thành phần nào của thuốc,"Liều dùng tăng dần, liều khởi đầu là 0,375 mg dạng muối mỗi ngày rồi tăng liều dần mỗi 5-7 ngày","Liều tối đa là 4,5mg dạng muối mỗi ngày","Giảm liều ở bệnh nhân suy thận. Bệnh nhân bệnh tim mạch nặng, có rối loạn tâm thần (chỉ điều trị nếu lợi ích cao hơn nguy cơ), bệnh Parkinson (nếu xảy ra rối loạn vận động khi bắt đầu chỉnh liều: giảm liều; biểu hiện hưng cảm và mê sảng tiến triển, hoặc buồn ngủ và/hoặc ngủ gật, hoặc tiến triển rối loạn kiểm soát xung lực: giảm liều/ngưng thuốc từ từ).","Phụ nữ có thai: không nên dùng trong thai kỳ trừ khi thật cần thiết.
Phụ nữ cho con bú: Không nên dùng trong thời kỳ cho con bú","Pramipexole gắn với protein huyết tương với tỉ lệ rất thấp (< 20%) và ít bị biến đổi sinh học ở
người. Do đó, ít có khả năng xảy ra tương tác với những thuốc khác mà có ảnh hưởng đến sự găn kết protein huyết tương hoặc sự thải trừ do biến đổi sinh học.
Mặc dù tương tác với thuốc kháng cholinergic chưa được nghiên cứu, nhưng vì các thuốc kháng cholinergic bị thải trừ do biến đổi sinh học nên khả năng tương tác là rất thấp. Không có tương tác dược động học với selegilin và levodopa.
Cimetidine làm giảm độ thanh thải qua thận của pramipexole vào khoảng 34%, có lẽ do ức chế hệ thống vận chuyển bài tiết các ion dương ở ống thận. Vì vậy, các thuốc ức chế sự bài tiết chủ động qua thận hoặc được thải trừ qua con đường này, như cimetidin và amantadin, có thê tương tác với pramipexole kêt quả là làm giảm độ thanh thải một hoặc của cả hai thuốc. Cần cân nhắc giảm liều pramipexole khi các thuốc này được dùng cùng với TORMIPEX 0.25.
Khi dùng TORMIPEX 0.25 cùng với levodopa, cần giảm liều levodopa và giữ nguyên liều các thuốc trị bệnh Parkinson khác trong khi tăng liều TORMIPEX 0.25.
Do khả năng xảy ra tác dụng cộng hợp, cần khuyến cáo cẩn trọng cho bệnh nhân khi dùng đông thời pramipexole với các thuốc an thần khác hoặc rượu.
Không khuyên cáo việc sử dụng đông thời các thuốc chông loạn thân với pramipexole, ví dụ các ảnh hưởng tác động đối kháng có thể xảy ra (xem mục Cảnh báo và thận trọng khi dùng thuốc).","Rất thường gặp: buồn nôn, buồn ngủ, chóng mặt rối loạn vận động
Thường gặp: mất ngủ, ảo giác, mơ bất thường, lú lẫn, nhức đầu, suy giảm thị lực, hạ huyết áp, táo bón, nôn, mệt mỏi, phù ngoại biên, giảm cân
Ít gặp: viêm phổi, tiết hormon kháng bài tiết niệu không tương xứng, rối loạn tâm thần, hay quên, tăng động, ngất, khó thở, ngứa phát ban, suy tim
Hiếm gặp: rối loạn tâm thần","Dưới 25°C, tránh ánh sáng và ẩm",https://drive.google.com/file/d/1APnWk4jKeR2B5ns1oc-YR49E6aLGfv8e/view,
Lovastatin,10mg,Lovastatin DWP 10mg,viên nén,Việt Nam,"Dự phòng tiên phát bệnh tim mạch vành, bệnh tim mạch vành, tăng cholesterol máu, bệnh nhân vị thành niên mắc chứng tăng cholesterol gia đình dị hợp tử.","qua mẫn cảm với bất kỳ thành phần nào của thuốc, bệnh gan hoạt động hoặc sự tăng cao kéo dài không giải thích được của transaminase huyết thanh, sử dụng đồng thời với các chế CYP3A4 mạnh, mang thai và cho con bú.","Liều dùng:
Bệnh nhân nên được áp dụng chế độ ăn kiêng giảm cholesterol tiêu chuẩn trước khi sử dụng lovastatin và nên tiếp tục chế độ ăn kiêng này trong khi điều trị bằng lovastatin.
Người lớn:
Liều khởi đầu thường được đề nghị là 20 mg mỗi ngày một lần trong bữa ăn tối. Phạm vi liều khuyến cáo của lovastatin là 10 đến 80 mg/ngày với liều đơn hoặc chia thành hai lần; liều khuyến cáo tối đa là 80 mg/ngày. Liều dùng nên được cá nhân hóa theo mục tiêu điều trị được đề nghị. Bệnh nhân cần đạt được mục tiêu giảm LDL-C từ 20% trở lên nên được bắt đầu với liều lovastatin 20 mg/ngày. Một liều khởi đầu 10 mg lovastatin có thể được xem xét cho bệnh nhân cần giảm ở mức nhỏ hơn. Điều chỉnh liều nên được thực hiện trong khoảng thời gian 4 tuần trở lên.
Nồng độ cholesterol nên được theo dõi định kỳ và nên xem xét giảm liều lovastatin nếu nồng độ cholesterol giảm đáng kể dưới mức mục tiêu.
Liều dùng ở bệnh nhân dùng Danazol, Diltiazem, Dronedaron hoặc Verapamil:
Bệnh nhân sử dụng danazol, diltiazem, dronedaron hoặc verapamil đồng thời với lovastatin, điều trị nên bắt đầu với liều 10 mg lovastatin và không nên vượt quá 20 mg/ngày.
Liều dùng ở bệnh nhân dùng Amiodaron:
Bệnh nhân dùng amiodaron đồng thời với lovastatin, liều không được vượt quá 40 mg/ngày.
Bệnh nhân vị thành niên (10 đến 17 tuổi) bị tăng cholesterol máu gia đình dị hợp tử:
Phạm vi liều khuyến cáo của lovastatin là 10 đến 40 mg/ngày; không dùng quá 40 mg/ngày. Các liều nên được cá nhân hóa theo mục tiêu điều trị được đề nghị.
Bệnh nhân cần đạt được mục tiêu giảm LDL-C từ 20% trở lên nên được bắt đầu với liều lovastatin 20 mg/ngày. Một liều khởi đầu 10 mg lovastatin có thể được xem xét cho bệnh nhân cần giảm ở mức nhỏ hơn. Điều chỉnh liều nên được thực hiện trong khoảng thời gian 4 tuần trở lên.
Kết hợp điều trị hạ lipid:
Lovastatin có hiệu quả khi được sử dụng đơn lẻ hoặc đồng thời với acid bile sequestrants.
Bệnh nhân suy thận:
Ở bệnh nhân bị suy thận nặng (độ thanh thải creatinin dưới 30 ml/phút), nếu tăng liều lớn hơn 20 mg/ngày cần được theo dõi cẩn thận.",80mg/ ngày,"Bệnh cơ, tiêu cơ vân: Lovastatin có thể gây bệnh cơ và tiêu cơ vân (hiếm gặp nhưng nghiêm trọng), nguy cơ tăng theo liều và khi phối hợp với thuốc làm tăng nồng độ lovastatin. Ngừng thuốc ngay nếu xuất hiện đau cơ, yếu cơ, cứng cơ hoặc creatine kinase (CK) tăng cao; theo dõi CK ở bệnh nhân có yếu tố nguy cơ và khi có triệu chứng về cơ.

Tương tác thuốc: Không dùng đồng thời lovastatin với các thuốc ức chế mạnh CYP3A4 (như itraconazol, ketoconazol, erythromycin, clarithromycin, thuốc ức chế protease HIV, cobicistat…) vì làm tăng nguy cơ bệnh cơ, tiêu cơ vân. Nếu bắt buộc dùng các thuốc này trong thời gian ngắn, cần tạm ngừng lovastatin.

Độc tính trên gan: Thận trọng ở bệnh nhân uống nhiều rượu hoặc có tiền sử bệnh gan. Chống chỉ định ở bệnh nhân mắc bệnh gan tiến triển hoặc tăng transaminase kéo dài không rõ nguyên nhân. Ngừng thuốc nếu xuất hiện tổn thương gan nặng, vàng da hoặc tăng bilirubin.

Trẻ em: Chỉ có dữ liệu an toàn ở trẻ từ 10–17 tuổi mắc tăng cholesterol máu gia đình dị hợp tử; chưa có dữ liệu ở trẻ dưới 10 tuổi. Không khuyến cáo liều trên 40 mg/ngày và cần tư vấn tránh thai cho nữ vị thành niên.

Người cao tuổi: Người từ 65 tuổi trở lên có nguy cơ bệnh cơ và tiêu cơ vân cao hơn, cần thận trọng khi sử dụng và theo dõi trong quá trình điều trị.

Lactose: Thuốc chứa lactose, không dùng cho bệnh nhân không dung nạp galactose, thiếu hụt lactase hoặc rối loạn hấp thu glucose-galactose.",chống chỉ định,"Thuốc ức chế CYP3A4: Lovastatin được chuyển hóa qua CYP3A4. Các thuốc ức chế mạnh CYP3A4 (itraconazol, ketoconazol, posaconazol, voriconazol, erythromycin, clarithromycin, telithromycin, nefazodon, thuốc ức chế protease HIV/HCV, thuốc chứa cobicistat) và nước bưởi làm tăng nồng độ lovastatin, tăng nguy cơ bệnh cơ và tiêu cơ vân. Chống chỉ định hoặc tránh phối hợp.

Thuốc làm tăng nguy cơ bệnh cơ/tiêu cơ vân: Nguy cơ tăng khi phối hợp với gemfibrozil, các fibrat khác, niacin liều >1 g/ngày, colchicin, cyclosporin, danazol, diltiazem, verapamil, dronedaron, amiodaron và ranolazin. Tránh phối hợp khi có thể; nếu dùng cùng diltiazem, verapamil, dronedaron hoặc danazol không dùng quá 20 mg lovastatin/ngày; với amiodaron không quá 40 mg/ngày.

Thuốc chống đông coumarin: Có thể làm tăng thời gian prothrombin/INR và nguy cơ chảy máu khi dùng cùng warfarin hoặc các thuốc chống đông nhóm coumarin. Cần theo dõi INR/thời gian prothrombin khi bắt đầu, thay đổi liều hoặc ngừng lovastatin.

Các tương tác khác: Lovastatin không có tương tác lâm sàng đáng kể với propranolol, digoxin, glipizid và chlorpropamid. Có thể làm tăng nhẹ HbA1c và glucose huyết lúc đói; thận trọng khi phối hợp với các thuốc ảnh hưởng đến hormon steroid như spironolacton và cimetidin.","Thường gặp (1/10≥ ADR>1/100)
Chuyển hóa: Rối loạn tiêu hóa.
- Thần kinh: Chóng mặt, nhức đầu.
- Mắt: Nhìn mờ.
- Tiêu hóa: Đầy hơi, tiêu chảy, táo bón, buồn nôn, khó tiêu, đau bụng,
Da: Phát ban.
- Cơ xương: Chuột rút, đau cơ.
Ít gặp (1/100 ≥ ADR > 1/1000)
- Tâm thần: Mất ngủ, khó ngủ.
- Thần kinh: Loạn vị giác.
- Da: Ngứa, khô miệng.
- Toàn thân: Mệt mỏi.
Hiếm gặp (1/1000 ≥ ADR > 1/10000)
- Miễn dịch: Hội chứng quá mẫn liên quan đến một hoặc nhiều triệu chứng sau: sốc phản vệ, phù mạch, hội chứng giống lupus, viêm đa cơ, viêm bì cơ, viêm mạch, giảm tiểu cầu, giảm bạch cầu, tăng bạch cầu ái toan, thiếu máu tân huyết, kháng thể kháng nhân dương tính (ANA), tăng tốc độ lắng, viêm khớp, đau khớp, nổi mề đay, suy nhược, sốt, đỏ bừng mặt, ớn lạnh, khó thở và khó chịu.
- Chuyển hóa: Chán ăn.
- Tâm thần: Rối loạn tâm lý bao gồm bốn chốn/lo lắng.
- Thần kinh: Bệnh lý thần kinh ngoại biên đặc biệt nếu được sử dụng trong một thời gian dài, dị cảm, suy giảm chức năng nhận thức.
- Tiêu hóa: Nôn.
- Gan mật: Viêm gan, vàng da ứ mật.
- Da: Rụng tóc, hoại tử biểu bì nhiễm độc và ban đỏ đa dạng bao gồm hội chứng Stevens-Johnson.
- Cơ xương: Bệnh nhược cơ và tiêu cơ vân, rối loạn cương dương.
Điều tra nghiên cứu: Tăng rõ ràng và liên tục nồng độ transaminase huyết thanh. Những bất thường khác trong các xét nghiệm chức năng gan, bao gồm tăng phosphatase kiểm và bilirubin đã được báo cáo. Tăng nồng độ CK trong huyết thanh đã được nhìn thấy. Chúng thường nhẹ và thoáng qua; tăng đáng kể chỉ xảy ra trong những trường hợp hiểm.
- Nội tiết: Tăng HBA1c và tăng đường huyết.
Chưa rõ tần số:
- Tâm thần: Phiền muộn.
- Thần kinh: Suy giảm trí nhớ.","bảo quản thuốc nơi khô, nhiệt độ dưới 30°C",https://drive.google.com/file/d/1WT_y8lAgpt7_CW9SdO1Dx1bMkSDcg_LD/view?usp=sharing,
Pravastatin natri,30mg,Pravastatin DWP 30mg,Viên nén,Việt Nam,"Tăng cholesterol máu,Dự phòng tiên phát, dự phòng thứ phát ở bệnh nhân tăng cholesterol máu, Giảm lipid máu sau cấy ghép ở bệnh nhân điều trị ức chế miễn dịch sau khi cấy ghép nội tạng","Mẫn cảm với bất kì thành phần nào của thuốc, Bệnh gan hoạt động gồm tăng nồng độ transaminase huyết thanh dai dẳng mà không giải thích được trên 3 lần giới hạn trên bình thường.Thời kì mang thai hoặc cho con bú","Dùng điều trị tăng cholesterol máu: 1 viên một lần mỗi ngày.
Liều dùng khuyến cáo từ 10 - 40 mg một lần mỗi ngày. Đáp ứng điều trị diễn ra trong 1 tuần và tác dụng tối đa đạt được trong 4 tuần, do đó cần phải làm xét nghiệm lipid định kỳ
Liều dùng sau khi cấy ghép: 1 viên một lần mỗi ngày.
Sau khi cấy ghép nội tạng liểu khởi đầu là 20 mg một lần mỗi ngày và có thể tăng đến 40 mg một lần mỗi ngày tùy thuộc vào các chỉ số về lipid đối với bệnh nhân sử dụng liệu pháp ức chế miễn dịch
Với trẻ em và thiếu niên (từ 8 đến 18 tuổi) tăng cholesterol máu dị hợp tử gia đình
+ Trẻ từ 8-13 tuổi: 20mg/ ngày
+ Trẻ từ 14 - 18 tuổi là: 1 viên một lần mỗi ngày.
Liểu khuyến cáo từ 10 - 40 mg một lẫn mỗi ngày.
Chưa có nghiên cứu cho trẻ dưới 8 tuổi
Người già: Không cần hiệu chỉnh liều ở bệnh nhân này trừ khi dẫn đến các yếu  tố nguy cơ. Bệnh nhân suy thận hoặc bệnh gan : Liều  khởi đầu 10mg một lần và điều chỉnh liều nếu cần
 Phối hơp thuốc: Tác dụng hạ lipid của pravastatin natri trên cholesterol toàn phần và cholesterol LDL khi kết hợp với nhựa gắn acid mật (cholestyramin, colestipol). Pravastatin natri nên được uông trước 1 giờ hoặc sau ít nhất 4 giờ khi uống nhựa. Đối với bệnh nhân đnag dùng ciclosporin cùng hoặc không cùng các thuốc ức chế miễn dịch khác, nên bắt đầu với liều 20mg một lần mỗi ngày và nên thận trong khi tăng liều đến 40mg",40mg một lần mỗi ngày,"Pravastatin chưa được đánh giá ở bệnh nhân bị tăng cholesterol máu gia đình đồng hợp tử. Điều trị không phù hợp khi tăng cholesterol máu là do HDL-Cholesterol tăng cao.

Giống với các thuốc ức chế men khử HMG-CoA Khác, Không nên sử dụng kết hợp pravastatin với fibrat. ở trẻ em trước tuổi dậy thì, lợi ích/nguy cơ điều trị nên được bác sĩ đánh giá cần thận trước khi bắt đầu điều trị.

Rối loạn gan: như với các thuốc hạ lipid máu khác, nồng độ transaminase gan tăng vừa phải đã được quan sắt. Trong phần lớn các trưởng hợp, nông độ transaminase gan đã trở vé giá trị cơ bản mà không cần phải ngứng điều trị. Cần đặc biệt chú ý đến bệnh nhân tăng nồng độ transaminase và nên ngừng điều trị nếu tăng alanin aminotransferase (ALT) và aspartat aminotransferase (AST) . cần thận trọng khi dùng pravastatin cho bệnh nhân có tiền sử bệnh gan hoặc uống rượu nặng

Bệnh phổi kẽ: Các trường hợp đặc biệt của bệnh phổi kẽ đã được báo cáo với một số statin, đặc biệt khi điều trị dài hạn. Nếu nghi ngờ bệnh nhân mắc bệnh phối kẽ, nên ngừng điều trị bằng statin.

Rối loạn cơ bắp: như với các thuốc ức chế HMG-CoA reductase (statin) khác, pravastatin có liên quan đến sự khởi phát của đau cơ, bệnh cơ và rất hiếm khi, tiêu cơ vân. Bệnh cơ phải được xem xét ở bất kỳ bệnh nhân nào khi điều trị bằng statin với các triệu chứng cơ không rõ nguyên nhân như đau hoặc nhạy cảm đau, yếu cơ hoặc chuột rút cơ. Trong những trường hợp như vậy, cần đánh giá creatin kinase (CK). Điều trị bằng statin nên tạm thời dừng lại khi nồng độ CK > 5 x ULN hoặc khi có các triệu chứng lẩm sàng nghiêm trọng. Rất hiếm khi (1/100000 bệnh nhân), xảy ra tiêu cơ vân, có hoặc khống có suy thận thứ phát. Tiêu cơ vân là tình trạng cấp tính có khả năng gây tử vong của cơ xương, có thể phát triển bất cứ lúc nào trong quá trình điều trị và được đặc trưng bởi sự phá hủy cơ bắp lớn liên quan đến sự gia tăng lớn của CK (thường > 30 hoặc 40 x ULN) dẫn đến bệnh myoglobin niệu.

Nguy cơ bệnh cơ với statin dường như phụ thuộc vào sự phơi nhiễm và do đó có thể thay đổi theo từng sản phẩm thuốc (do khác biệt về tính ưa lipid và dược động học), bao gồm cả liểu lượng và khả năng tương tác của sản phẩm thuốc. Mặc dù không có chống chỉ định cơ với việc kê đơn statin, một số yếu tố ảnh hưởng nhất định có thể làm tăng nguy cơ nhiễm độc cơ và do đó minh chứng cho việc đánh giá cẩn thận lợi ích/nguy cơ và theo dõi lâm sàng đặc biệt. Đo CK được chỉ định trước khi bắt đầu điều trị bằng statin ở những bệnh Nguy cơ và mức độ nghiêm trọng của rồi loạn cơ trong khi điều trị bằng statin tăng lên do sự phối hợp của các sản phẩm thuốc tương tác. Việc sử dụng fibrat một mình đôi khi có liên quan đến bệnh cơ. Nói chung, nên tranh sử dụng kết hợp statin và fibrat. Nên thận trọng khi sử dụng statin và acid nicotinic. Sự gia tăng tỷ lệ mắc bệnh cơ cũng đã được mô tả ở bệnh nhân dùng statin khác kết hợp với các chất ức chế chuyển hóa cytochrom P450. Điều này có thể là kết quả của các tương tác dược động học chưa được ghi nhận đối với pravastatin. Các triệu chứng cơ thường giải quyết sau khi ngừng điều trị bằng statin.

Đã có báo cáo rất hiếm gặp việc hoại tử qua trung gian miễn dịch bệnh cơ (IMNM) trong hoặc sau khi điều trị với một số statin. IMNM được đặc trưng lâm sàng bởi sự yếu cơ kéo dài và creatin kinase huyết thanh tăng cao, vẫn tồn tại mặc dù đã ngừng điều trị bằng statin.

Đo lường và lý giải creatin kinase: Theo dõi thường xuyên creatin kinase (CK) hoặc các nồng độ enzym cơ khác không được khuyến cáo ở bệnh nhân không có triệu chứng khi điều trị bằng statin. Tuy nhiên, đo CK được khuyên cào trước khi bắt đầu điều trị bằng statin ở bệnh nhân có yếu tố ảnh hưởng đặc biệt và bệnh nhân phát triển các triệu chứng cơ trong khi điều trị bằng statin. Nếu nồng độ CK tăng cao một cách đáng kê tại đường cơ sở (> 5 x ULN), thì nồng độ CK sẽ được đo lại khoảng 5 đến 7 ngày sau đó đế xác nhận kết quả. Khi đo, nồng độ CK nên được lý giải trong bối cảnh các yêu tô tiêm năng khác có thế gây tốn thương cơ thoáng qua, chẳng hạn như tập thế dục nặng hoặc chấn thương cơ.

Trước khi bắt đầu điều tri: nên thận trọng khi dùng cho bệnh nhân có các yếu tố ảnh hưởng như suy thận, suy giáp, tiền sử nhiêm độc cơ với statin hoặc fibrat, rối loạn cơ bắp cá nhân hoặc tiền sử di truyền gia đình, hoặc lạm dụng rượu. Trong những trường hợp này, nên đo nồng độ CK trước khi bắt đầu điều trị. Đo CK cũng nên được xem xét trước khi bắt đầu điều trị ở người trên 70 tuổi, đặc biệt là khi có các yếu tố ảnh hưởng khác trong nhóm đối tượng này. Nếu nồng độ CK tăng đáng kể (> 5 xULN) tại đường cơ sở, không nên bắt đầu điều trị và kết quả sẽ được đo lại sau 5 - 7 ngày. Nồng độ CK cơ sở cũng có thể hữu ích như một tài liệu tham khảo trong trường hợp tăng trong khi điều trị bằng statin.

Trong quá trình điều trị: bệnh nhân nên được báo cáo kịp thời đau cơ không rõ nguyên nhân, nhạy cảm đau, yếu hoặc chuột rút. Trong những trường hợp này, cần đo nồng độ CK.

Nếu phát hiện thấy mức CK tăng cao (> 5 x ULN), liệu pháp statin phải bị tạm dừng. Ngừng điều trị cũng nên được xem xét nếu các triệu chứng cơ nghiêm trọng và gây khó chịu hàng ngày, ngay cả khi mức tăng CK vẫn còn ≤ 5 x ULN. Nếu các triệu chứng thuyên giảm và nồng độ CK trở lại bình thường, thì việc điều trị lại bằng statin có thể được xem xét ở liều thấp nhất và được theo dõi chặt chẽ. Nếu một bệnh cơ di truyền bị nghi ngờ ở bệnh nhân như vậy, không nên điều trị lại bằng statin.

Đái tháo đường: một số băng chứng cho thấy statin là một nhóm tăng đường huyết và một sô bệnh nhân có nguy cơ cao mắc bệnh tiếu đường trong tương lai. Tuy nhiên đó không phải là lý do để ngừng điều trị bằng statin. Bệnh nhân có nguy cơ (đường huyết lúc đói 5,6 đến 6,9 mmol/L, BMI > 30kg/m2, tăng triglycerid, tăng huyết áp) nên được theo dõi cả về

Acid fusidic: Pravastatin không được dùng đồng thời với các công thức toàn thân của acid fusidic hoặc trong vòng 7 ngày sau khi ngừng điều trị bằng acid fusidic. Ở bệnh nhân sử dụng acid fusidic toàn thân được coi là thiết yếu, nên ngừng điều trị bằng statin trong suốt thời gian điều trị bằng acid fusidic. Đã có báo cáo về tiêu cơ vân (bao gồm một số trường hợp tử vong) ở bệnh nhân sử dụng acid fusidic và statin kết hợp. Bệnh nhân nên được tư vân tim kiểm tư vân y tế ngay lập tức nêu họ gặp bất kỳ triệu chứng yếu cơ, đau hoặc nhạy

Điều trị bằng statin có thể được sử dụng lại bảy ngày sau liểu acid fusidic cuối cùng.

Trong trương hợp đặc biệt, khi cần sử dụng acid fusidic toàn thân kéo dài, ví dụ, để điều trị nhiềm trùng nặng, cần phải sử dụng đồng thời cravastatin và acid fusidic trong từng trường hợp cụ thể và dưới sự giám sát y tế chặt che.

Lactose: Thuốc có chứa lactose. Bệnh nhân có các vấn đề di truyền hiếm gặp không dung nạp galactose, thiếu hụt lactase hoặc rối loạn chuyển hóa glucose-galactose không nên dùng thuốc này.",Chống chỉ định,"Fibrat: việc sử dùng fibrat đơn thuần đôi khi có liên quan đến bệnh cơ. Tăng nguy cơ các tác dụng phụ liên quan đến cơ, bao góm tiêu cơ vân, đã được báo cáo khi fibrat được dùng chung với các statin khác.

Cholestyramin/Colestipol: dùng đồng thời dẫn đến giảm khoảng 40 đến 50% khả dụng sinh học của pravastatin.

Ciclosporin: sử dụng đồng thời pravastatin và ciclosporin dẫn đến tăng khoảng 4 lần phơi nhiễm với hệ thống của pravastatin. Tuy nhiên, ở một số bệnh nhân, sự gia tăng phơi nhiễm với pravastatin có thể lớn hơn. Cần theo dõi lâm sàng và sinh hóa của bệnh nhân sử dụng kết hợp này.

Các sản phẩm thuốc được chuyển hóa bởi cytochrom P450: Pravastatin không được chuyển hóa ở mức độ có ý nghĩa lâm sàng bởi hệ thống cytochrom P450.

Các sản phẩm thuốc khác: trong các nghiên cứu tương tác, không thấy sự khác biệt có ý nghĩa thống kê về sinh khả dụng khi sử dụng pravastatin với acid acetylsalicylic, thuốc kháng acid (khi được dùng một giờ trước khi dùng pravastatin), acid nicotinic hoặc probucol.

Thuốc đối kháng vitamin K: như với các thuốc ức chế HMG-CoA redutase khác, việc bắt đầu điều trị hoặc tăng liểu chuẩn độ của pravastatin ở bệnh nhân điều trị đồng thời với thuốc đối kháng vitamin K (ví dụ như warfarin hoặc thuốc chống đông máu coumarin khác) có thể dẫn đến tăng tỷ lệ chuẩn hóa quốc tế (INR). Ngừng hoặc giảm chuẩn độ pravastatin có thể dẫn đến giảm chỉ số INR. Trong những tình huống như vậy, cần có sự giám sát thích hợp của INR.

Acid fusidic: nguy cơ bệnh cơ bao gồm tiêu cơ vân có thể tăng lên khi sử dụng đồng thời acid fusidic toàn thân với statin.

Nếu điều trị bằng acid fusidic toàn thân là cần thiết, nên ngừng điều trị bằng thuốc pravastatin trong suốt thời gian điều trị bằng acid fusidic","Ít gặp (1/100 > ADR > 1/1000)

Rối loạn hệ thần kinh: chóng mặt, nhức đầu, rối loạn giấc ngủ, mất ngủ.

Rối loạn mắt: nhìn mờ hoặc nhìn đôi.

Hô hấp: viêm mũi, ho

Rối loạn da và các mô dưới da: ngứa, nồi mề đay, phát ban, viêm da cơ địa, bất thường da đầu/tóc (bao gồm cả rụng tóc).

Rối loạn thận và tiết niệu: tiểu tiện bất thường (gồm chứng khó tiểu, tiểu nhiều, tiểu đêm).

Rối loạn hệ thống sinh sản: rối loạn chức năng tình dục.

Rối loạn chung: mệt mỏi

Trên cơ xương: đau cơ xương gồm đau khớp, chuột rút cơ, đau cơ, suy nhược cơ, tăng nồng độ creatin kinase.

Đái tháo đường: Tần suất sẽ phụ thuộc vào sự hiện diện hay vằng mặt của các yếu tố nguy cơ (đường huyết lúc đói ở mức 5,6 mmol/L, BMI > 30kg/m2, tăng triglycerid, tiền sử tăng huyết áp

Rất hiếm gặp (ADR < 1/10000)

Rối loạn hệ thần kinh: bệnh đa dây thần kinh ngoại biên, đặc biệt dùng trong thời gian dài, dị cảm

Rối loạn hệ miễn dịch: sốc phản vệ, phù mạch, hội chứng lupus ban đỏ.

Rối loạn tiêu hóa: viêm tụy.

Trên gan mật: vàng da, viêm gan, hoại tử gan kịch phát.

Rối loạn cơ xương và mô liên kết: tiêu cơ vân có thể liên quan đến suy thận cấp thứ phát do myoglobin niệu, bệnh cơ, viêm, viêm đa cơ. Một số trường hợp bị rối loạn dây chắng, nặng hơn là bị đứt

Các tác dụng không mong muốn có thể gặp khác:

Bệnh cơ hoại tử qua trung gian miễn dịch

Suy giảm nhận thức (như mất trí nhớ, lú lẫn...)

Ác mộng

Trầm cảm

Các trường hợp ngoại lệ của bệnh phổi kẽ, đặc biệt khi điều trị dài hạn.

Tiêu đường.","Bảo quản nơi khô ráo, nhiệt độ dưới 30 độ C",https://drive.google.com/file/d/1uVBplK8yNLsEVYXZY3eBbNi0M9580r-L/view?usp=sharing,
Neomycin + polymyxin B + dexamethason,,Maxitrol,Thuốc mỡ,Bỉ,"Điều trị tình trạng đáp ứng với corticoid ở mắt khi cần dùng thêm kháng sinh dự phòng, khi đã loại trừ nấm và vi rút","Quá mẫn với thành phần của thuốc, viêm giác mạc,bệnh đâhu bò, thủy đậu hoặc virut khác ở giác mạc,các bệnh nấm và ký sinh trùng chưa điều trị, nhiễm khuẩn lao ở mắt",Người lớn và người cao tuổi: tra 3-4 lần/ngày,,"* Dị ứng với aminoglycosid (đặc biệt neomycin): Thận trọng do neomycin.
* Tăng nhãn áp, glôcôm: Thận trọng do dexamethason.
* Đục thủy tinh thể: Thận trọng do dexamethason khi dùng kéo dài.
* Đái tháo đường: Thận trọng do dexamethason (tăng nguy cơ tăng nhãn áp, đục thủy tinh thể).
* Loét giác mạc kéo dài hoặc giác mạc/củng mạc mỏng: Thận trọng do dexamethason.
* Nhiễm khuẩn, nấm hoặc virus ở mắt: Thận trọng do dexamethason (che lấp triệu chứng, làm nặng nhiễm trùng).
* Đang dùng ritonavir hoặc cobicistat: Thận trọng do tương tác với dexamethason.
* Đang dùng NSAID nhỏ mắt: Thận trọng khi phối hợp với dexamethason (tăng nguy cơ chậm liền giác mạc).",Theo ý kiến của bác sĩ,"• Sử dụng đồng thời steroid dùng tại chỗ và NSAIDs tại chỗ có thể làm tăng nguy cơ đối với vấn đề hồi phục vết thương giác mạc.
• Các chất ức chế CYP3A4 bạo gồm ritonavir và cobicistat có thể tăng nồng độ thuốc toàn thân dẫn đến tăng nguy cơ suy thượng thận/hội chứng Cushing","Ảnh hưởng đến khả năng lái xe và vận hành máy móc: nhìn mờ tạm thời hoặc những rối loạn khác về mắt.
Phản ứng bất lợi: Viêm giác mạc, tăng áp lực nội nhãn, ngứa mắt, khó chịu ở mắt, kích ứng mắt, quá mẫn, đau đầu, viêm loét giác mạc, nhìn mờ, sợ ánh sáng, giãn đồng tử, sa mi mắt, đau mắt, sưng mắt, cảm giác có dị vật trong mắt, sung huyết mắt, tăng chảy nước mắt và hội chứng Stevens–Johnson.",,https://drive.google.com/file/d/18tnMsJKqz1L738WakDjv0nw2nBcGmw9H/view?usp=sharing,
"Diệp hạ châu, Tam thất, Kim ngân hoa, Cam thảo, Thảo quyết minh, Cúc hoa",,Diệp hạ châu Vạn Xuân,Thuốc cốm,Việt Nam,"Chứng thấp nhiệt (nóng nực, chán ăn, đầy tức hạ sườn phải, táo bón, tiểu vàng, tiểu ít, mụn nhọt...) thường gặp trong tình trạng các bệnh:
- Viêm gan cấp và mạn, xơ gan, gan nhiễm mỡ.
- Ngộ độc; nhiễm độc do rượu, hóa chất độc.","Dị ứng với thành phần bài thuốc, phụ nữ có thai;
người thể hàn, dương hư, tiêu chảy do hàn; người đang bị hen (suyễn).","Người lớn: Uống 1 - 2 gói/lần, ngày 2 - 3 lần.
Trẻ em : 0,5 - 1 g/1kg thể trọng 1 ngày; chia nhiều lần trong ngày.",,"Khi huyết áp thấp; đang cảm ho; người có tiền sử hen (suyễn). Đối với tình trạng tiêu chảy, thuốc chỉ dùng cho trường hợp tiêu chảy do thấp nhiệt (tiêu chảy phân thối, có lẫn máu...). Với trường hợp nhiễm trùng đặc hiệu phải dùng các thuốc điều trị nhiễm trùng đặc hiệu.",Phụ nữ có thai: không dùng Phụ nữ cho con bú: dùng được,"Không dùng cùng lúc với các loại thuốc tẩy, thuốc tăng huyết áp",Chưa ghi nhận được báo cáo về phản ứng có hại của thuốc,,https://drive.google.com/file/d/1eK4TgY3CsHVV5k0GfKbEifYTkWG891EM/view?usp=sharing,
Morphin sulfat,30mg,Morphin,Viên nang,Việt Nam,Đau nhiều hoặc đau không đáp ứng với các thuốc giảm đau khác đặc biệt là đau do ung thư,"-Quá mẫn với morphin hoặc bất kỳ thành phần nào khác của thuốc.
- Trẻ em dưới 6 tháng.
- Suy hô hấp mất bù (trong trường hợp không có thông khí nhân tạo).
- Suy tế bào gan nặng (với bệnh não).
- Tình trạng cấp tính: chấn thương sọ não và tăng áp lực nội sọ khi không kiểm soát được thông khi.
- Động kinh không kiểm soát.
-Phụ nữ đang cho con bú, trong trường hợp bắt đầu hoặc tiếp tục điều trị một đợt kéo dài sau sinh",Người lớn: 10mg/ lần mỗi 4h hoặc 60mg mỗi ngày                            Bệnh nhân dễ tổn thương: giảm liều dùng một nửa cách từ 6h-8h          Trẻ nhỏ : 1mg/kg mỗi ngày            Suy thận:điều chỉnh theo nhu cầu bệnh nhân,,"Suy thận, suy hô hấp trong mất bù, suy gan, bệnh nhân cao tuổi,táo bón, trẻ sơ sinh đặc biệt trước ba tháng tuổi, tăng huyết áp nội sọ, rối loạn bài tiết, suy thượng thận, giảm kích thích hormon sinh dục và tăng prolactin",Phụ nữ có thai: kê đơn nếu cần thiết                               Phụ nữ cho con bú: theo chỉ dẫn của bác sĩ,"Rifampicin: giảm nồng độ và hiệu quả của morphin, chất ức chế P2Y12                                    Thuốc giảm đau chủ vận opioid khác                                      Thuốc giảm ho giống morphin Thuốc giảm ho opioid             Thuốc an thần",Rối loạn hệ thống miễn dịch                         Các rối loạn tâm thần Rối loạn hệ thần kinh   Các rối loạn mạch     Rối loạn hô hấp lồng ngực và trung thất     Các rối loạn tiêu hoá Các rối loạn thận và hệ tiết niệu                     Rối loạn toàn thân và tại vị trí dùng thuốc,,https://drive.google.com/file/d/1CFRxjKuYN7j44mACt248jvAS_Jv4BEnS/view?usp=sharing,
"Lá sen, Lá vông,Rotundin",,Relaxven-Plus,Viên nén bao phim,Việt Nam,"- An thần, gây ngủ, làm êm dịu thần kinh trong các trường hợp mất ngủ, lo âu, căng thẳng.
- Hồ trợ giảm đau do co thắt cơ trơn ở đường tiêu hóa, tử cung.
Đau đầu, đau thần kinh, co giật.","-Quá mẫn cảm với bất cứ thành nhần nào của thuốc.
- Người có nhịp tim tăng.","-Người lớn: Uống mỗi lần 2-3 viên, mỗi ngày 2 - 3 lần ( hoặc 2 - 3
viên trước khi đi ngủ).
- Trẻ em: Uống mỗi lần 1 - 2 viên, mỗi ngày 2 - 3 lần tùy theo tuổi.",,Các trường hợp bị chóng mặt biểu hiện dị ứng thì phải ngưng thuốc,"-Không dùng thuốc này
cho phụ nữ có thai hoặc cho con bú.",Không có báo cáo,Có thể gặp một số ít trường hợp chóng mặt hay dị ứng.,"Nơi nhiệt độ không quá 30°C, tránh ánh sáng và ẩm.",https://drive.google.com/file/d/1oxaMoDwINcQreZ3D2WwXT2qnceAO3-yy/view?usp=sharing,
sorbitol,5g,Sorbitol 5g,Gói,Việt Nam,Điều trị khó tiêu và táo bón,"Viêm ruột non,viêm loét đại-trực tràng, hội chứng tắc hay bán tắc Đau bụng chưa rõ nguyên nhân","Người lớn 1-3 gói/ngày điều trị khó tiêu, 1 gói lúc đói khi điều trị táo bón Trẻ em dùng 1/2 liều so với người lớn",,"- Không dùng trong những trường hợp tắc đường dẫn mật.
- Ở người bệnh “đại tràng kích thích"" tránh dùng sorbitol khi đói và nên giảm liều.
- Không nên dùng lâu dài thuốc nhuận tràng. Trị táo bón bằng sorbitol chỉ để hỗ trợ cho cách điều trị bằng chế độ ăn uống.
Nếu cần biết thêm thông tin về thuốc, xin tham khảo ý kiến của Bác sĩ hoặc Dược sĩ.",Tham khảo ý kiến bác sĩ khi sử dụng,"Làm tăng nhu động ruột, có thể rút ngắn thời gian các thuốc uống cùng, làm giảm hấp thu các thuốc",Tiêu chảy hay đau bụng ở các bệnh đại tràng kích thích hoặc trướng bụng,"Đóng trong túi màu trắng, hàn kín, gói 5 gam, hộp 20 gói. Để thuốc nơi khô thoáng, tránh ánh sáng, nhiệt độ dưới 30°C.",https://drive.google.com/file/d/1EaMun-wJLAufpcMANVt1ubPvqdDd_9_g/view?usp=sharing,
"Acid fusidic, Hydrocortison acetat",15g,Fucidin H,Kem bôi,Ireland,Điều trị bệnh chàm và viêm da kèm nhiễm khuẩn thứ phát,"Quá mẫn với các thành phần của thuốc Nhiễm trùng da nguyên phát do nấm, virut, vi khuẩn  Biểu hiện da liên quan tới bệnh lao Viêm da quanh miệng và mụn trứng cá đỏ",Người lớn và trẻ em: 2 lần/ngày không quá 2 tuần,,Không nên dùng dài ngày liên tục,Tham khảo ý kiến bác sĩ khi sử dụng,,Rối loạn chung và tình trạng tại nơi dùng,Bảo quản dưới 30 độ c,https://drive.google.com/file/d/10G66wNXvrLwWu_X96KxHCNSlCw3S-fUZ/view?usp=sharing,
Cilostazol,100mg,Pletaz 100mg tablets,Viên nén,SPAIN,Cải thiện tối đa khoảng cách đi bộ không đau ở những bệnh nhân bị đau cách hồi,"Quá mẫn thành phần của thuốc, Suy thận, gan nặng,Suy tim xung huyết,Bệnh nhân có tiền sử nhịp nhanh thất,loạn nhịp tim, cơn đau thắt ngực không ổn định",2 lần/ngày trước khi ăn 30 phút trước bữa sáng và bữa tối,,"Thuốc ức chế kết tập tiểu cầu, các bệnh nhân có nguy cơ đau thắt ngực",Chống chỉ định,"Các chất ức chế kết tập tiểu cầu, thuốc chống đông máu, thuốc ức chế CYP,thuốc có nguy cơ làm giảm huyết áp","Đau đầu, tiêu chảy và phân bất thường","Bảo quản dưới 30 độ , tránh ánh sáng",https://drive.google.com/file/d/1uww1hV0yoh67qeaca0064vebKoiQDnGw/view?usp=sharing,
Extractum herbae Desmodii styracifolii siccum,480mg,Kim Tiền Thảo AGI 480,Cốm,Việt Nam,"Sỏi đường tiết niệu, sỏi thận, viêm gan vàng da do ứ mật, viêm thận, phù thũng.","Người mẫn cảm với bất kỳ thành phần nào của thuốc.
Phụ nữ có thai và đang cho con bú.",2 gói/lần x 2lần/ngày,,"Người bị đau dạ dày nên uống thuốc lúc no.
Thành phần tá dược của thuốc này có aspartam: Là một nguồn của phenylalanin, chất này có thể gây nguy hiểm cho những người bị phenylceton-niệu. Đường trắng (sucrose): Không nên dùng thuốc này cho bệnh nhân có các vấn đề di truyền hiếm gặp về không dung nạp fructose, hội chứng kém
hấp thu glucose, galactose hoặc thiếu sucrase-isomaltase.",chống chỉ định,chưa có báo cáo về tương tác có thể xảy ra giữa kim tiền thảo và các thuốc khác. tuy nhiên cẩn thận trọng nếu dùng thuốc này với  các thuốc hạ huyết áp khác.,"Hạ huyết áp, chóng mặt và đánh trống ngực đã được ghi nhận ở một số bệnh nhân, có thể do tác dụng lợi tiểu của thuốc. Thông báo cho bác sỹ những tác dụng không mong muốn gặp phải khi sử dụng thuốc","Để ở nhiệt độ dưới 30°C, tránh ẩm và ánh sáng.",https://drive.google.com/file/d/1rc8Q5Xt1N8tnq2cTkUsP1QJo7_NBDwxR/view?usp=sharing,
Donepezil hydroclorid 3 mg,3mg,Donepezil DWP 3mg,viên nén,Việt Nam,Ức chế sự tiến triển của các triệu chứng sa sút trí tuệ trong bệnh Alzheimer và chứng sa sút trí tuệ thể Lewy.,"Quá mẫn với donepezil, các dẫn xuất của piperidin hoặc bất cứ thành phần nào của thuốc.",Người lớn: 3mgx1lần/ ngày tăng liều lên 5mg sau 1-2 tuần. Sau 4 tuần hoặc hơn tăng liều lên 10mg.  Không khuyến cáo dùng cho trẻ em,,"Dùng thận trọng ở bệnh nhân có hội chứng suy nút xoang hoặc các bất thường khác về dẫn truyền ở tim trên tâm thất. Dùng thận trọng ở bệnh nhân có tiền sử cơn động kinh, các thuốc có tác dụng giống cholin có khả năng gây các cơn co giật toàn thân, mặc dù cơn co giật cũng có thể do bệnh Alzheimer. Dùng thận trọng ở bệnh nhân có tiền sử hen hoặc viêm phổi tắc nghẽn mạn tính, có nguy cơ bị loét dạ dày (ví dụ, trước đây đã dùng các thuốc NSAID), hoặc ở bệnh nhân bị bí tiểu.",Không dùng thuốc cho phụ nữ có thai và cho con bú,"* Tăng nồng độ/tác dụng của donepezil: Thuốc ức chế CYP3A4 (ketoconazol, itraconazol, erythromycin), thuốc ức chế CYP2D6 (fluoxetin, quinidin), conivaptan, corticosteroid toàn thân.
* Giảm nồng độ/tác dụng của donepezil: Thuốc cảm ứng enzym (rifampicin, phenytoin, carbamazepin), rượu, thuốc kháng cholinergic, peginterferon alfa-2b, tocilizumab.","Tiêu chảy, co cứng cơ, mệt mỏi, chán ăn, buồn nôn, nôn, chóng mặt, mất ngủ.","Nơi khô, nhiệt độ không quá 30°C, tránh ánh sáng.",https://drive.google.com/file/d/1wW_iMemlFXSaLf6NmkKpgE1155S1BVyw/view?usp=sharing,
Paracetamol,16mg/1ml,Falgankid,Dung dịch uống,Việt Nam,"Hạ sốt, giảm đau nhẹ và vừa cho trẻ em","Thiếu máu, bệnh tim, phổi, thận hoặc gan, quá mẫn với thành phần của thuốc, người bệnh thiếu hụt glucose-6-phosphat dehydro genase",Tùy vào độ tuổi và cân nặng của bệnh nhân,,"Người bệnh thiếu máu, bệnh nhân có vấn đề di truyền hiếm gặp của không dung nạp fructose, người quá mẫn với thành phàn của thuốc",Theo hướng dẫn của bác sĩ,"Uống dài ngày làm tăng nhẹ tác dụng chống đông,thuốc chống co giật","Ban đỏ, mày đay kèm theo sốt do thuốc và thương tổn niêm mạc, quá mẫn với các thành phần của thuốc","Bao bì kín, tránh ẩm, tránh ánh sáng, nhiệt độ dưới 30 độ c",https://drive.google.com/file/d/1KMMxO7fnZ1VOLgrCqEpmk2wsfDEAibK5/view?usp=sharing,
Vildagliptin + metformin,50mg + 850mg,Stilaren,Viên nén,Việt Nam,Dùng cho bệnh nhân đái tháo đường  tuýp 2,"Qúa mẫn với thành phần của thuốc ,nhiễm toan chuyển hóa cấp tính, tiền hôn mê do đái tháo đường,suy thận nặng, suy gan,ngộ độc rượu cấp tính,nghiện rượu",50mg/850mg x 2 lần/ngày,,"Bệnh nhân đái tháo đường tuýp 1, nhiễm toan lactic,thuốc cản quang có iod, chức năng thận, suy gan,,theo dõi men gan,rối loạn trên da , viêm tụy cấp, hạ đường huyết",Chống chỉ định,"Vildagliptin, kết hợp với thuốc ức chế men chuyển, Metformin","Tca dụng không mong muốn thường nhẹ và thoáng qua, không cần ngưng dùng thuốc","Nơi khô, nhiệt độ không quá 30°C",https://drive.google.com/file/d/1uWNP3WTWyM65i5kHiCriAEQiix6EwukN/view?usp=sharing,
Candesartan cilexetil,16mg,Bluecan forte 16mg,viên nén không bao,Bồ Đào nha,"Điệu trị tăng huyêt áp, có thể sử dụng một mình hoặc kết hợp với các thuôc trị tăng huyết áp khác.
Điều trị suy tim có phân suất tống máu giảm EF≤40% ở người lớn, khi bệnh nhân không dung nạp được thuốc ức chê men chuyển.","-Chống chỉ định candesartan cilexetil trên bệnh nhân quá mẫn với bất kỳ thành phần nào của thuốc. Suy gan nặng và/hoặc ứ mật.
- Phụ nữ có thai 3 tháng giữa và cuối thai kỳ, trẻ em.
- Phối hợp với Aliskiren chống chỉ định ở bệnh nhân đái tháo đường hoặc suy thận với eGFR 2",tuỳ thuộc vào từng bệnh nhân,,"Suy thận,thuốc ức chế men chuyển trong suy tim, chạy thận nhân tạo,hẹp động mạch thận,ghép thận,gây mê và phẫu thuật,hẹp van động mạch chủ và van hai lá,tăng kali máu, thai kì",Chống chỉ định,"Thuốc chẹn thụ thể angiotensin, ức chế men chuyển angiotensin,aliskiren,thuốc lợi tiểu, thuốc chẹn beta","Điều trị tăng huyết áp, điều trị suy tim","Nơi khô, tránh ánh sáng, nhiệt độ dưới 30 độ",https://drive.google.com/file/d/1XnW_diL9hFBQAyw24nwBOOjqaOnYb0c6/view?usp=sharing,
Betahistine dihydrocloride,16mg,leriserc,Viên nén,Việt Nam,"Điều trị hội chứng Ménière, các triệu chứng có thể bao gồm chóng mặt, ù tai, mất thính giác và buồn nôn.","Quá mẫn với thành phần của thuốc, chống chỉ định bệnh nhân bị u tuỷ thượng thận",Người lớn: 8-16mg x 3 lần/ngày,,"Bệnh nhân loét dạ dày, tiền sử loét đường tiêu hoá, khó tiêu, hen phế quản, bệnh nhân bị mày đay, phát ban hoặc viêm mũi dị ứng, bị hạ huyết áp nặng",Chống chỉ định phụ nữ có thai Phụ nữ cho con bú: tham khảo ý kiến bác sĩ,,"Rối loạn hệ thần kinh, Rối loạn hệ tiêu hoá,","Nơi khô ráo, nhiệt độ không quá 30 độ c",https://drive.google.com/file/d/1YKsHG1I1zck_YHG750VN2RXWaOrcPZFa/view?usp=sharing,
Fusidic acid - Betamethasone,20MG/G - 1MG/G,Fucicort,dạng kem,Ireland,viêm da nhiễm khuẩn hoặc có thể bị nhiễm khuẩn,"quá mẫn với các thành phần của thuốc, chứa corticosteroid nên chống chỉ định nhiễm trùng da khởi phát bởi vi khuẩn, nấm, virut, bệnh liên quan tới lao da/giang mai, viêm quanh mồm miệng, trứng cá đỏ",bôi 2 lần/ngày,,"tránh điều trị dài ngày đặc biệt với trẻ em, trẻ sơ sinh;; tránh bôi lên mặt, mắt, diện rộng, vết thương hở, niêm mạc và vùng sinh dục; thận trọng nguy cơ teo da, ức chế thượng thận, tăng nhãn áp, kháng kháng sinh và dị ứng.",không nên bôi lên vùng vú ở phụ nữ đang cho con bú,,triệu chứng đa dạng kích ứng tại nơi dùng,bảo quản dưới 30 độ c,https://drive.google.com/file/d/1vKqNplgxY3wEYPJecqbpdZIGJ5Kafdd5/view?usp=sharing,
erlotinib hydrochloride,25mg - 100mg - 150mg,Apo-erlotinib,viên nén,Canada,"ung thư phổi không phải tế bào nhỏ (NSCLC), ung thư tụy di căn",quá mẫn với các thành phần của thuốc,dùng theo liều kê của bác sĩ,,"Xét nghiệm EGFR trước khi điều trị.
Bỏ thuốc lá.
Báo bác sĩ ngay nếu có khó thở, ho, sốt.
Tiêu chảy nhiều phải bù nước và đi khám.
Kiểm tra chức năng gan định kỳ.
Báo ngay khi có đau mắt, giảm thị lực hoặc bong tróc da.
Không tự ý dùng thuốc dạ dày hoặc thuốc khác khi chưa hỏi bác sĩ vì có thể làm giảm hiệu quả của erlotinib.","tránh mang thai khi sử dụng thuốc, phụ nữ cho con bú không nên sử dụng","Uống Erlotinib khi bụng đói (ít nhất 1 giờ trước hoặc 2 giờ sau ăn).
Không hút thuốc lá.
Không tự mua thuốc dạ dày, kháng sinh, thuốc chống nấm hoặc thuốc động kinh khi chưa hỏi bác sĩ.
Nếu đang dùng Warfarin, Statin hoặc bất kỳ thuốc điều trị bệnh mạn tính nào, hãy báo bác sĩ trước khi dùng Erlotinib.
Khi đi khám ở bất kỳ đâu, luôn nói với bác sĩ rằng bạn đang điều trị bằng Erlotinib để tránh kê đơn thuốc tương tác.","điều trị bước một với bệnh nhân có đột biến gen EGFR, điều trị duy trì, điều trị bước hai và các bước sau đó, ung thư tụy",bảo quản dưới 30 độ c,https://drive.google.com/file/d/1biMj0gH-TwUXwwWZiRvOsh49ifQxWRpT/view?usp=sharing,
Rebamipid,100mg,Agiremid 100,viên nén,Việt Nam,"Điều trị loét dạ dày, tổn thương niêm mạc dạ dày như ăn mòn, chảy máu, đỏ và phù nề trong đợt cấp của viêm dạ dày cấp hoặc viêm dạ dày mạn.",dị ứng với bất kỳ thành phần nào của thuốc,"Người lớn: 1 viên 100 mg/lần, ngày 3 lần.
loét dạ dày:uống vào sáng, tối và trước khi đi ngủ.
viêm dạ dày: 1 viên/lần, ngày 3 lần.",,"Người cao tuổi: Có thể tăng nguy cơ rối loạn tiêu hóa, cần theo dõi.
Trẻ em: Chưa đủ dữ liệu về độ an toàn.
Thuốc có chứa lactose; người mắc một số bệnh không dung nạp đường di truyền hiếm gặp cần hỏi bác sĩ trước khi dùng.
Chỉ dùng đúng liều, không tự ý tăng hoặc kéo dài thời gian điều trị.","Có thai: Chỉ sử dụng khi bác sĩ đánh giá lợi ích điều trị cao hơn nguy cơ đối với thai nhi.
Cho con bú: cân nhắc ngừng cho bú hoặc ngừng thuốc theo hướng dẫn bác sĩ.",,"táo bón, đầy bụng, buồn nôn, ợ nóng, đau bụng, chóng mặt, buồn ngủ",bảo quản dưới 30 độ c,https://drive.google.com/file/d/1pSv1grGMtSq4pH8VoLRmrUMQPRL39GM2/view?usp=sharing,
Ezetimib - Simvastatin,10mg - 10mg,Ezensimva,viên nén,Việt Nam,"Dùng hỗ trợ chế độ ăn kiêng cho người bị:
* Tăng cholesterol máu nguyên phát hoặc rối loạn lipid máu hỗn hợp.
* Tăng cholesterol máu có tính gia đình.
* Có thể dùng khi một thuốc đơn lẻ chưa kiểm soát được cholesterol.","Dị ứng với các thành phần thuốc.
Đang mắc bệnh gan tiến triển hoặc men gan tăng kéo dài không rõ nguyên nhân.
Phụ nữ có thai, dự định mang thai hoặc đang cho con bú.
Đang sử dụng một số thuốc tương tác mạnh làm tăng nguy cơ tổn thương cơ.",1 lần/ngày buổi tối uống nguyên viên với nước,,"gây đau cơ, yếu cơ hoặc tiêu cơ vân, hiếm dẫn đến tổn thương thận.
Nguy cơ cao hơn ở người lớn tuổi, suy thận, suy giáp hoặc đang dùng thuốc tương tác.
kiểm tra chức năng gan trước và trong quá trình điều trị khi bác sĩ yêu cầu.
Thận trọng với người uống nhiều rượu hoặc có tiền sử bệnh gan.
Báo ngay cho bác sĩ khi đau cơ, yếu cơ, chuột rút hoặc mệt bất thường.
Không tự tăng liều hay kết hợp với thuốc hạ mỡ máu khác","Không dùng trong thời kỳ mang thai.
Ngừng thuốc và báo bác sĩ nếu phát hiện có thai.
Không dùng khi cho con bú","Một số thuốc kháng nấm, kháng sinh, thuốc điều trị HIV hoặc viêm gan C.
Ciclosporin, danazol, amiodarone, verapamil, diltiazem, amlodipine.
Một số thuốc chống đông, thuốc hạ lipid nhóm fibrate và colchicine.","đau đầu, chóng mặt, đau bụng, đầy hơi, tiêu chảy, buồn nôn, táo bón , đau cơ khớp, tăng men gan, phát ban, ngứa",bảo quản dưới 30 độ c,https://drive.google.com/file/d/1XQteubF4q84cUkD2_l63FgU6iFGm4vRp/view?usp=sharing,
Desloratadin,"0,05% (0,5 mg/ml)",ADIVEC,Siro uống,Ukraina,"Điều trị viêm mũi dị ứng, mày đay","Quá mẫn với desloratadin, loratadin hoặc thành phần thuốc","≥12 tuổi: 10 ml/ngày; 6–11 tuổi: 5 ml/ngày; 1–5 tuổi: 2,5 ml/ngày",Không vượt liều khuyến cáo,"Thận trọng ở người suy thận nặng, tiền sử co giật, trẻ <2 tuổi",Có thai: chỉ dùng khi thật cần; Cho con bú: không khuyến cáo,"Ketoconazol, erythromycin, azithromycin, cimetidin; rượu; nước bưởi có thể ảnh hưởng hấp thu","Thường gặp: đau đầu, khô miệng, mệt mỏi, buồn ngủ, tiêu chảy (trẻ nhỏ); hiếm: dị ứng, co giật, tăng men gan, đánh trống ngực","Bảo quản dưới 30°C, sau mở nắp dùng trong 90 ngày",https://drive.google.com/file/d/1_ok0xGo-bIwvhn8s_rbsWwbmCfAtey6O/view?usp=sharing,
Aescin,20 mg; 50 mg,ECIPA,Viên nén bao phim tan trong ruột,Việt Nam (Apimed),"Suy tĩnh mạch mạn, giãn tĩnh mạch chân, trĩ, viêm tĩnh mạch, phòng và điều trị tụ máu, phù nề sau phẫu thuật/chấn thương","Quá mẫn với thuốc, suy thận cấp, phụ nữ có thai hoặc cho con bú",Người lớn: 20 mg x 2 viên x 3 lần/ngày hoặc 50 mg x 1 viên x 2 lần/ngày; sau 2–3 tháng có thể duy trì 40 mg/ngày,Không nêu liều tối đa,Theo dõi chức năng thận khi dùng kéo dài; không dùng cho trẻ <18 tuổi; thận trọng ở người không dung nạp lactose,Không khuyến cáo dùng cho phụ nữ có thai và cho con bú,"Thuốc chống đông, cephalosporin, aminoglycosid; thuốc tránh thai có thể làm tăng tác dụng aescin","Thường gặp: rối loạn tiêu hóa; hiếm: phản ứng quá mẫn, nổi mày đay","Bảo quản nơi khô, tránh ánh sáng, dưới 30°C",https://drive.google.com/file/d/1_ok0xGo-bIwvhn8s_rbsWwbmCfAtey6O/view?usp=sharing,
