record_id,raw_mention,normalized_mention,interaction_count,proposed_concept_code,proposed_name_vi,concept_type,body_system,severity,course,stage,dialysis,criteria_text,source_fragment,expression,is_compound,confidence,ai_status,match_status,mapping_status,reason,review_decision,review_note
condition-mention:3a56ffce7e6e25cf,suy thận,suy than,95,renal_impairment,Suy giảm chức năng thận,organ_impairment,renal,,,,,,suy thận,single,false,medium,not_requested,matched,needs_review,Khớp alias/thuật ngữ bằng rule tất định; bắt buộc duyệt thủ công.,,
condition-mention:b3a8c3bec47cb06a,suy gan,suy gan,51,hepatic_impairment,Suy giảm chức năng gan,organ_impairment,hepatic,,,,,,suy gan,single,false,medium,not_requested,matched,needs_review,Khớp alias/thuật ngữ bằng rule tất định; bắt buộc duyệt thủ công.,,
condition-mention:b7ec7190c7676040,suy thận nặng,suy than nang,51,renal_impairment,Suy giảm chức năng thận,organ_impairment,renal,severe,,,,,suy thận nặng,single,false,medium,not_requested,matched,needs_review,Khớp alias/thuật ngữ bằng rule tất định; bắt buộc duyệt thủ công.,,
condition-mention:9fff6e8d385ea9a8,suy gan nặng,suy gan nang,36,hepatic_impairment,Suy giảm chức năng gan,organ_impairment,hepatic,severe,,,,,suy gan nặng,single,false,medium,not_requested,matched,needs_review,Khớp alias/thuật ngữ bằng rule tất định; bắt buộc duyệt thủ công.,,
condition-mention:f4a689d65b9ca076,đái tháo đường,dai thao duong,24,diabetes_mellitus,Đái tháo đường,disease,endocrine,,,,,,đái tháo đường,single,false,medium,not_requested,matched,needs_review,Khớp alias/thuật ngữ bằng rule tất định; bắt buộc duyệt thủ công.,,
condition-mention:9bf61ed7f5e3bae0,suy giảm chức năng thận,suy giam chuc nang than,21,renal_impairment,Suy giảm chức năng thận,organ_impairment,renal,,,,,,suy giảm chức năng thận,single,false,medium,not_requested,matched,needs_review,Khớp alias/thuật ngữ bằng rule tất định; bắt buộc duyệt thủ công.,,
condition-mention:3850f9f4ec22d2dd,bệnh gan,benh gan,13,liver_disease,Bệnh gan,disease,hepatic,,,,,,bệnh gan,single,false,medium,not_requested,matched,needs_review,Khớp alias/thuật ngữ bằng rule tất định; bắt buộc duyệt thủ công.,,
condition-mention:ec291cde521ab204,động kinh,dong kinh,11,epilepsy,Động kinh/co giật,disease,neurologic,,,,,,động kinh,single,false,medium,not_requested,matched,needs_review,Khớp alias/thuật ngữ bằng rule tất định; bắt buộc duyệt thủ công.,,
condition-mention:e6c469b1631b4439,Bệnh thận,benh than,10,kidney_disease,Bệnh thận,disease,renal,,,,,,Bệnh thận,single,false,medium,not_requested,matched,needs_review,Khớp alias/thuật ngữ bằng rule tất định; bắt buộc duyệt thủ công.,,
condition-mention:bac70e637642e2c8,Suy giảm chức năng gan,suy giam chuc nang gan,10,hepatic_impairment,Suy giảm chức năng gan,organ_impairment,hepatic,,,,,,Suy giảm chức năng gan,single,false,medium,not_requested,matched,needs_review,Khớp alias/thuật ngữ bằng rule tất định; bắt buộc duyệt thủ công.,,
condition-mention:b0e4605e4fa2a5ef,suy tim,suy tim,10,heart_failure,Suy tim,disease,cardiovascular,,,,,,suy tim,single,false,medium,not_requested,matched,needs_review,Khớp alias/thuật ngữ bằng rule tất định; bắt buộc duyệt thủ công.,,
condition-mention:8cd5ec1a32862a2d,xơ gan,xo gan,10,cirrhosis,Xơ gan,disease,hepatic,,,,,,xơ gan,single,false,medium,not_requested,matched,needs_review,Khớp alias/thuật ngữ bằng rule tất định; bắt buộc duyệt thủ công.,,
condition-mention:5e821d4c37b80e50,cường giáp,cuong giap,9,hyperthyroidism,Cường giáp,disease,endocrine,,,,,,cường giáp,single,false,medium,not_requested,matched,needs_review,Khớp alias/thuật ngữ bằng rule tất định; bắt buộc duyệt thủ công.,,
condition-mention:d18a4a6b5a1d8613,Suy tim mất bù,suy tim mat bu,9,heart_failure,Suy tim,disease,cardiovascular,,,,,,Suy tim mất bù,single,false,medium,not_requested,matched,needs_review,Khớp alias/thuật ngữ bằng rule tất định; bắt buộc duyệt thủ công.,,
condition-mention:220c44dccfe35eff,đau thắt ngực không ổn định,dau that nguc khong on dinh,8,angina,Đau thắt ngực,disease,cardiovascular,,,,,,đau thắt ngực không ổn định,single,false,medium,not_requested,matched,needs_review,Khớp alias/thuật ngữ bằng rule tất định; bắt buộc duyệt thủ công.,,
condition-mention:7fa4187f0e715d6e,Sóc tim,soc tim,8,cardiogenic_shock,Sốc tim,disease,cardiovascular,,,,,,Sóc tim,single,false,medium,not_requested,matched,needs_review,Khớp alias/thuật ngữ bằng rule tất định; bắt buộc duyệt thủ công.,,
condition-mention:025ec1eb6a7614df,Suy thận nặng (độ thanh thải creatinin < 15 ml/phút),suy than nang do thanh thai creatinin < phut,8,renal_impairment,Suy giảm chức năng thận,organ_impairment,renal,severe,,,,độ thanh thải creatinin < 15 ml/phút,Suy thận nặng (độ thanh thải creatinin < 15 ml/phút),single,false,medium,not_requested,matched,needs_review,Khớp alias/thuật ngữ bằng rule tất định; bắt buộc duyệt thủ công.,,
condition-mention:a64be74c0d70f88c,Suy tim sung huyết,suy tim sung huyet,8,heart_failure,Suy tim,disease,cardiovascular,,,,,,Suy tim sung huyết,single,false,medium,not_requested,matched,needs_review,Khớp alias/thuật ngữ bằng rule tất định; bắt buộc duyệt thủ công.,,
condition-mention:24c4f209b6c8d52e,tăng huyết áp,tang huyet ap,8,hypertension,Tăng huyết áp,disease,cardiovascular,,,,,,tăng huyết áp,single,false,medium,not_requested,matched,needs_review,Khớp alias/thuật ngữ bằng rule tất định; bắt buộc duyệt thủ công.,,
condition-mention:152001bedc1c3a42,Hạ huyết áp nặng,ha huyet ap nang,7,hypotension,Hạ huyết áp,clinical_finding,cardiovascular,severe,,,,,Hạ huyết áp nặng,single,false,medium,not_requested,matched,needs_review,Khớp alias/thuật ngữ bằng rule tất định; bắt buộc duyệt thủ công.,,
condition-mention:79fb8b5349a9a741,Nhược cơ,nhuoc co,7,myasthenia_gravis,Nhược cơ,disease,neuromuscular,,,,,,Nhược cơ,single,false,medium,not_requested,matched,needs_review,Khớp alias/thuật ngữ bằng rule tất định; bắt buộc duyệt thủ công.,,
condition-mention:a63d590fafdea99c,tiểu đường,tieu duong,7,diabetes_mellitus,Đái tháo đường,disease,endocrine,,,,,,tiểu đường,single,false,medium,not_requested,matched,needs_review,Khớp alias/thuật ngữ bằng rule tất định; bắt buộc duyệt thủ công.,,
condition-mention:5de8fb61f736c16c,Bệnh nhân suy thận,benh nhan suy than,6,renal_impairment,Suy giảm chức năng thận,organ_impairment,renal,,,,,,Bệnh nhân suy thận,single,false,medium,not_requested,matched,needs_review,Khớp alias/thuật ngữ bằng rule tất định; bắt buộc duyệt thủ công.,,
condition-mention:581d06497cbe713e,Phì đại tuyến tiền liệt,phi dai tuyen tien liet,6,benign_prostatic_hyperplasia,Phì đại lành tính tuyến tiền liệt,disease,urologic,,,,,,Phì đại tuyến tiền liệt,single,false,medium,not_requested,matched,needs_review,Khớp alias/thuật ngữ bằng rule tất định; bắt buộc duyệt thủ công.,,
condition-mention:e56fca0a4c71e5be,rối loạn chuyển hóa porphyrin,roi loan chuyen hoa porphyrin,6,porphyria,Rối loạn chuyển hóa porphyrin,disease,metabolic,,,,,,rối loạn chuyển hóa porphyrin,single,false,medium,not_requested,matched,needs_review,Khớp alias/thuật ngữ bằng rule tất định; bắt buộc duyệt thủ công.,,
condition-mention:f66ebdf9ea9d9f5a,bệnh nhược cơ,benh nhuoc co,5,myasthenia_gravis,Nhược cơ,disease,neuromuscular,,,,,,bệnh nhược cơ,single,false,medium,not_requested,matched,needs_review,Khớp alias/thuật ngữ bằng rule tất định; bắt buộc duyệt thủ công.,,
condition-mention:d11db4ddd2568e11,Bệnh Parkinson,benh parkinson,5,parkinson_disease,Bệnh Parkinson,disease,neurologic,,,,,,Bệnh Parkinson,single,false,medium,not_requested,matched,needs_review,Khớp alias/thuật ngữ bằng rule tất định; bắt buộc duyệt thủ công.,,
condition-mention:8e2a6cbe33f6fbf1,bệnh tim,benh tim,5,cardiovascular_disease,Bệnh tim mạch,disease,cardiovascular,,,,,,bệnh tim,single,false,medium,not_requested,matched,needs_review,Khớp alias/thuật ngữ bằng rule tất định; bắt buộc duyệt thủ công.,,
condition-mention:c389b67ee8eec8f5,Bệnh tim mạch,benh tim mach,5,cardiovascular_disease,Bệnh tim mạch,disease,cardiovascular,,,,,,Bệnh tim mạch,single,false,medium,not_requested,matched,needs_review,Khớp alias/thuật ngữ bằng rule tất định; bắt buộc duyệt thủ công.,,
condition-mention:60c23acf1a3fa8cc,Hen phế quản,hen phe quan,5,asthma,Hen phế quản,disease,respiratory,,,,,,Hen phế quản,single,false,medium,not_requested,matched,needs_review,Khớp alias/thuật ngữ bằng rule tất định; bắt buộc duyệt thủ công.,,
condition-mention:a385ae7711b434e5,loãng xương,loang xuong,5,osteoporosis,Loãng xương,disease,musculoskeletal,,,,,,loãng xương,single,false,medium,not_requested,matched,needs_review,Khớp alias/thuật ngữ bằng rule tất định; bắt buộc duyệt thủ công.,,
condition-mention:2ac6ff11b1fbe082,Loét dạ dày - tá tràng,loet da day ta trang,5,peptic_ulcer,Loét dạ dày–tá tràng,disease,gastrointestinal,,,,,,Loét dạ dày - tá tràng,single,false,medium,not_requested,matched,needs_review,Khớp alias/thuật ngữ bằng rule tất định; bắt buộc duyệt thủ công.,,
condition-mention:45aec07263d5aab1,nhồi máu cơ tim,nhoi mau co tim,5,myocardial_infarction,Nhồi máu cơ tim,disease,cardiovascular,,,,,,nhồi máu cơ tim,single,false,medium,not_requested,matched,needs_review,Khớp alias/thuật ngữ bằng rule tất định; bắt buộc duyệt thủ công.,,
condition-mention:0d564a1ecc53a485,Bệnh đái tháo đường,benh dai thao duong,4,diabetes_mellitus,Đái tháo đường,disease,endocrine,,,,,,Bệnh đái tháo đường,single,false,medium,not_requested,matched,needs_review,Khớp alias/thuật ngữ bằng rule tất định; bắt buộc duyệt thủ công.,,
condition-mention:3b3b75ea016f72ed,bệnh mạch vành,benh mach vanh,4,ischemic_heart_disease,Bệnh tim thiếu máu cục bộ,disease,cardiovascular,,,,,,bệnh mạch vành,single,false,medium,not_requested,matched,needs_review,Khớp alias/thuật ngữ bằng rule tất định; bắt buộc duyệt thủ công.,,
condition-mention:bc1bb8eadcc90053,Bệnh nhân suy gan,benh nhan suy gan,4,hepatic_impairment,Suy giảm chức năng gan,organ_impairment,hepatic,,,,,,Bệnh nhân suy gan,single,false,medium,not_requested,matched,needs_review,Khớp alias/thuật ngữ bằng rule tất định; bắt buộc duyệt thủ công.,,
condition-mention:9b4c0f185e096b8e,Đái tháo đường typ 1,dai thao duong typ 1,4,type_1_diabetes,Đái tháo đường típ 1,disease,endocrine,,,,,,Đái tháo đường typ 1,single,false,medium,not_requested,matched,needs_review,Khớp alias/thuật ngữ bằng rule tất định; bắt buộc duyệt thủ công.,,
condition-mention:3060192d59e25615,Hạ huyết áp,ha huyet ap,4,hypotension,Hạ huyết áp,clinical_finding,cardiovascular,,,,,,Hạ huyết áp,single,false,medium,not_requested,matched,needs_review,Khớp alias/thuật ngữ bằng rule tất định; bắt buộc duyệt thủ công.,,
condition-mention:9957188b8c58efc3,Hẹp động mạch thận,hep dong mach than,4,renal_artery_stenosis,Hẹp động mạch thận,disease,renal,,,,,,Hẹp động mạch thận,single,false,medium,not_requested,matched,needs_review,Khớp alias/thuật ngữ bằng rule tất định; bắt buộc duyệt thủ công.,,
condition-mention:70c3a6635cb9d7c1,Không dung nạp fructose,khong dung nap fructose,4,hereditary_fructose_intolerance,Không dung nạp fructose di truyền,disease,metabolic,,,,,,Không dung nạp fructose,single,false,medium,not_requested,matched,needs_review,Khớp alias/thuật ngữ bằng rule tất định; bắt buộc duyệt thủ công.,,
condition-mention:253dd088594617eb,Loét dạ dày,loet da day,4,peptic_ulcer,Loét dạ dày–tá tràng,disease,gastrointestinal,,,,,,Loét dạ dày,single,false,medium,not_requested,matched,needs_review,Khớp alias/thuật ngữ bằng rule tất định; bắt buộc duyệt thủ công.,,
condition-mention:e25fecb2cde3631f,nhịp tim nhanh,nhip tim nhanh,4,tachycardia,Nhịp tim nhanh,clinical_finding,cardiovascular,,,,,nhịp tim nhanh,nhịp tim nhanh,single,false,medium,not_requested,matched,needs_review,Khớp alias/thuật ngữ bằng rule tất định; bắt buộc duyệt thủ công.,,
condition-mention:08dac836f5e186e4,Nhồi máu cơ tim cấp,nhoi mau co tim cap,4,myocardial_infarction,Nhồi máu cơ tim,disease,cardiovascular,,acute,,,,Nhồi máu cơ tim cấp,single,false,medium,not_requested,matched,needs_review,Khớp alias/thuật ngữ bằng rule tất định; bắt buộc duyệt thủ công.,,
condition-mention:71360ff0a6f144a1,Suy tim nặng,suy tim nang,4,heart_failure,Suy tim,disease,cardiovascular,severe,,,,,Suy tim nặng,single,false,medium,not_requested,matched,needs_review,Khớp alias/thuật ngữ bằng rule tất định; bắt buộc duyệt thủ công.,,
condition-mention:21da97e7be48d5c5,Tăng bạch cầu đơn nhân nhiễm khuẩn,tang bach cau don nhan nhiem khuan,4,infection,Nhiễm trùng/nhiễm khuẩn,disease,infectious,,,,,,Tăng bạch cầu đơn nhân nhiễm khuẩn,single,false,medium,not_requested,matched,needs_review,Khớp alias/thuật ngữ bằng rule tất định; bắt buộc duyệt thủ công.,,
condition-mention:e1f2b93302a8d90d,U tủy thượng thận,u tuy thuong than,4,pheochromocytoma,U tủy thượng thận,disease,endocrine,,,,,,U tủy thượng thận,unclear,true,medium,not_requested,matched,needs_review,Khớp alias/thuật ngữ bằng rule tất định; bắt buộc duyệt thủ công.,,
condition-mention:e1f2b93302a8d90d,U tủy thượng thận,u tuy thuong than,4,multiple_myeloma,Đa u tủy,disease,oncologic,,,,,,U tủy thượng thận,unclear,true,medium,not_requested,matched,needs_review,Khớp alias/thuật ngữ bằng rule tất định; bắt buộc duyệt thủ công.,,
condition-mention:10f7a196cd799cdc,Bệnh gan hoạt động hoặc transaminase huyết thanh tăng dai dẳng mà không giải thích được,benh gan hoat dong hoac transaminase huyet thanh tang dai dang ma khong giai thich duoc,3,active_liver_disease,Bệnh gan đang hoạt động,disease,hepatic,,,,,,Bệnh gan hoạt động hoặc transaminase huyết thanh tăng dai dẳng mà không giải thích được,or,true,medium,not_requested,matched,needs_review,Khớp alias/thuật ngữ bằng rule tất định; bắt buộc duyệt thủ công.,,
condition-mention:10f7a196cd799cdc,Bệnh gan hoạt động hoặc transaminase huyết thanh tăng dai dẳng mà không giải thích được,benh gan hoat dong hoac transaminase huyet thanh tang dai dang ma khong giai thich duoc,3,elevated_liver_enzymes,Tăng men gan/transaminase,clinical_finding,hepatic,,,,,,Bệnh gan hoạt động hoặc transaminase huyết thanh tăng dai dẳng mà không giải thích được,or,true,medium,not_requested,matched,needs_review,Khớp alias/thuật ngữ bằng rule tất định; bắt buộc duyệt thủ công.,,
condition-mention:cb35d198fdbd2fa0,Bệnh gan nặng,benh gan nang,3,liver_disease,Bệnh gan,disease,hepatic,severe,,,,,Bệnh gan nặng,single,false,medium,not_requested,matched,needs_review,Khớp alias/thuật ngữ bằng rule tất định; bắt buộc duyệt thủ công.,,
condition-mention:a6e660840abb9ee2,Bệnh nhân suy thận nặng,benh nhan suy than nang,3,renal_impairment,Suy giảm chức năng thận,organ_impairment,renal,severe,,,,,Bệnh nhân suy thận nặng,single,false,medium,not_requested,matched,needs_review,Khớp alias/thuật ngữ bằng rule tất định; bắt buộc duyệt thủ công.,,
condition-mention:ede1bfd23e86963a,bệnh tiểu đường,benh tieu duong,3,diabetes_mellitus,Đái tháo đường,disease,endocrine,,,,,,bệnh tiểu đường,single,false,medium,not_requested,matched,needs_review,Khớp alias/thuật ngữ bằng rule tất định; bắt buộc duyệt thủ công.,,
condition-mention:fc91df18278cb2e9,Cường aldosteron nguyên phát,cuong aldosteron nguyen phat,3,primary_hyperaldosteronism,Cường aldosteron nguyên phát,disease,endocrine,,,,,,Cường aldosteron nguyên phát,single,false,medium,not_requested,matched,needs_review,Khớp alias/thuật ngữ bằng rule tất định; bắt buộc duyệt thủ công.,,
condition-mention:4f07be82ac4cbf7b,Đái tháo đường tuýp 1,dai thao duong tuyp 1,3,type_1_diabetes,Đái tháo đường típ 1,disease,endocrine,,,,,,Đái tháo đường tuýp 1,single,false,medium,not_requested,matched,needs_review,Khớp alias/thuật ngữ bằng rule tất định; bắt buộc duyệt thủ công.,,
condition-mention:52ee564bf8b04840,glaucoma góc đóng,glaucoma goc dong,3,angle_closure_glaucoma,Glôcôm góc đóng/góc hẹp,disease,ophthalmic,,,,,,glaucoma góc đóng,single,false,medium,not_requested,matched,needs_review,Khớp alias/thuật ngữ bằng rule tất định; bắt buộc duyệt thủ công.,,
condition-mention:29690c560f40eb09,hen suyễn,hen suyen,3,asthma,Hen phế quản,disease,respiratory,,,,,,hen suyễn,single,false,medium,not_requested,matched,needs_review,Khớp alias/thuật ngữ bằng rule tất định; bắt buộc duyệt thủ công.,,
condition-mention:082bc7eba18ae2d8,Hẹp cơ học đường tiêu hóa,hep co hoc duong tieu hoa,3,bowel_obstruction,Tắc nghẽn ruột,disease,gastrointestinal,,,,,,Hẹp cơ học đường tiêu hóa,single,false,medium,not_requested,matched,needs_review,Khớp alias/thuật ngữ bằng rule tất định; bắt buộc duyệt thủ công.,,
condition-mention:5d203b5ec4f2b8cd,Mang thai,mang thai,3,pregnancy,Mang thai,special_condition,special,,,,,,Mang thai,single,false,medium,not_requested,matched,needs_review,Khớp alias/thuật ngữ bằng rule tất định; bắt buộc duyệt thủ công.,,
condition-mention:fe91e141fd69e568,Mất nước,mat nuoc,3,dehydration,Mất nước,clinical_finding,metabolic,,,,,,Mất nước,single,false,medium,not_requested,matched,needs_review,Khớp alias/thuật ngữ bằng rule tất định; bắt buộc duyệt thủ công.,,
condition-mention:70be5846427999d2,nhiễm toan ceton do đái tháo đường,nhiem toan ceton do dai thao duong,3,diabetic_ketoacidosis,Nhiễm toan ceton do đái tháo đường,disease,endocrine,,,,,,nhiễm toan ceton do đái tháo đường,single,false,medium,not_requested,matched,needs_review,Khớp alias/thuật ngữ bằng rule tất định; bắt buộc duyệt thủ công.,,
condition-mention:385c7e41e72afc0f,nhiễm toan chuyển hóa,nhiem toan chuyen hoa,3,metabolic_acidosis,Nhiễm toan chuyển hóa,clinical_finding,metabolic,,,,,,nhiễm toan chuyển hóa,single,false,medium,not_requested,matched,needs_review,Khớp alias/thuật ngữ bằng rule tất định; bắt buộc duyệt thủ công.,,
condition-mention:54fea00fbea17636,Nhồi máu cơ tim gần đây,nhoi mau co tim gan day,3,myocardial_infarction,Nhồi máu cơ tim,disease,cardiovascular,,,,,,Nhồi máu cơ tim gần đây,single,false,medium,not_requested,matched,needs_review,Khớp alias/thuật ngữ bằng rule tất định; bắt buộc duyệt thủ công.,,
condition-mention:5a02122218294a0f,Phenylceton - niệu,phenylceton nieu,3,phenylketonuria,Phenylketon niệu,disease,metabolic,,,,,,Phenylceton - niệu,single,false,medium,not_requested,matched,needs_review,Khớp alias/thuật ngữ bằng rule tất định; bắt buộc duyệt thủ công.,,
condition-mention:79d7c5ec74a4a109,Phù,phu,3,edema,Phù,clinical_finding,systemic,,,,,,Phù,single,false,medium,not_requested,matched,needs_review,Khớp alias/thuật ngữ bằng rule tất định; bắt buộc duyệt thủ công.,,
condition-mention:727ddf86aaec76a1,rối loạn chức năng gan,roi loan chuc nang gan,3,hepatic_impairment,Suy giảm chức năng gan,organ_impairment,hepatic,,,,,,rối loạn chức năng gan,single,false,medium,not_requested,matched,needs_review,Khớp alias/thuật ngữ bằng rule tất định; bắt buộc duyệt thủ công.,,
condition-mention:af1bae9605f44994,Rối loạn chức năng gan nặng,roi loan chuc nang gan nang,3,hepatic_impairment,Suy giảm chức năng gan,organ_impairment,hepatic,severe,,,,,Rối loạn chức năng gan nặng,single,false,medium,not_requested,matched,needs_review,Khớp alias/thuật ngữ bằng rule tất định; bắt buộc duyệt thủ công.,,
condition-mention:2b6aa6439c8675d7,Rối loạn đông máu,roi loan dong mau,3,bleeding_disorder,Rối loạn chảy máu/đông máu,disease,hematologic,,,,,,Rối loạn đông máu,single,false,medium,not_requested,matched,needs_review,Khớp alias/thuật ngữ bằng rule tất định; bắt buộc duyệt thủ công.,,
condition-mention:d3c18687945a412b,suy chức năng thận,suy chuc nang than,3,renal_impairment,Suy giảm chức năng thận,organ_impairment,renal,,,,,,suy chức năng thận,single,false,medium,not_requested,matched,needs_review,Khớp alias/thuật ngữ bằng rule tất định; bắt buộc duyệt thủ công.,,
condition-mention:139c6cdbadeb40ec,"Suy gan nặng, xơ gan mật hoặc ứ mật","suy gan nang, xo gan mat hoac u mat",3,cirrhosis,Xơ gan,disease,hepatic,,,,,,"Suy gan nặng, xơ gan mật hoặc ứ mật",or,true,medium,not_requested,matched,needs_review,Khớp alias/thuật ngữ bằng rule tất định; bắt buộc duyệt thủ công.,,
condition-mention:139c6cdbadeb40ec,"Suy gan nặng, xơ gan mật hoặc ứ mật","suy gan nang, xo gan mat hoac u mat",3,cholestasis,Ứ mật,disease,hepatic,,,,,,"Suy gan nặng, xơ gan mật hoặc ứ mật",or,true,medium,not_requested,matched,needs_review,Khớp alias/thuật ngữ bằng rule tất định; bắt buộc duyệt thủ công.,,
condition-mention:139c6cdbadeb40ec,"Suy gan nặng, xơ gan mật hoặc ứ mật","suy gan nang, xo gan mat hoac u mat",3,hepatic_impairment,Suy giảm chức năng gan,organ_impairment,hepatic,,,,,,"Suy gan nặng, xơ gan mật hoặc ứ mật",or,true,medium,not_requested,matched,needs_review,Khớp alias/thuật ngữ bằng rule tất định; bắt buộc duyệt thủ công.,,
condition-mention:7bfd74813c2a3162,Suy thận nặng (GFR < 30 mL/phút),suy than nang gfr < phut,3,renal_impairment,Suy giảm chức năng thận,organ_impairment,renal,severe,,,,GFR < 30 mL/phút,Suy thận nặng (GFR < 30 mL/phút),single,false,medium,not_requested,matched,needs_review,Khớp alias/thuật ngữ bằng rule tất định; bắt buộc duyệt thủ công.,,
condition-mention:c11707e72ad32505,Suy tim không ổn định về huyết động sau nhồi máu cơ tim cấp,suy tim khong on dinh ve huyet dong sau nhoi mau co tim cap,3,heart_failure,Suy tim,disease,cardiovascular,,,,,,Suy tim không ổn định về huyết động sau nhồi máu cơ tim cấp,unclear,true,medium,not_requested,matched,needs_review,Khớp alias/thuật ngữ bằng rule tất định; bắt buộc duyệt thủ công.,,
condition-mention:c11707e72ad32505,Suy tim không ổn định về huyết động sau nhồi máu cơ tim cấp,suy tim khong on dinh ve huyet dong sau nhoi mau co tim cap,3,myocardial_infarction,Nhồi máu cơ tim,disease,cardiovascular,,,,,,Suy tim không ổn định về huyết động sau nhồi máu cơ tim cấp,unclear,true,medium,not_requested,matched,needs_review,Khớp alias/thuật ngữ bằng rule tất định; bắt buộc duyệt thủ công.,,
condition-mention:313ba463cdbcb553,Tăng nhãn áp,tang nhan ap,3,glaucoma,Glôcôm/tăng nhãn áp,disease,ophthalmic,,,,,,Tăng nhãn áp,single,false,medium,not_requested,matched,needs_review,Khớp alias/thuật ngữ bằng rule tất định; bắt buộc duyệt thủ công.,,
condition-mention:fb2dbfa5f5c3a34f,Tăng nhãn áp góc đóng,tang nhan ap goc dong,3,angle_closure_glaucoma,Glôcôm góc đóng/góc hẹp,disease,ophthalmic,,,,,,Tăng nhãn áp góc đóng,single,false,medium,not_requested,matched,needs_review,Khớp alias/thuật ngữ bằng rule tất định; bắt buộc duyệt thủ công.,,
condition-mention:bbd391d0ded63036,Tiền sử loét dạ dày - tá tràng,tien su loet da day ta trang,3,peptic_ulcer,Loét dạ dày–tá tràng,disease,gastrointestinal,,,,,,Tiền sử loét dạ dày - tá tràng,single,false,medium,not_requested,matched,needs_review,Khớp alias/thuật ngữ bằng rule tất định; bắt buộc duyệt thủ công.,,
condition-mention:f5305d529421dbb4,Vô niệu,vo nieu,3,anuria,Vô niệu,clinical_finding,renal,,,,,,Vô niệu,single,false,medium,not_requested,matched,needs_review,Khớp alias/thuật ngữ bằng rule tất định; bắt buộc duyệt thủ công.,,
condition-mention:8c3825c436285d0b,bệnh di truyền không dung nạp fructose,benh di truyen khong dung nap fructose,2,hereditary_fructose_intolerance,Không dung nạp fructose di truyền,disease,metabolic,,,,,,bệnh di truyền không dung nạp fructose,single,false,medium,not_requested,matched,needs_review,Khớp alias/thuật ngữ bằng rule tất định; bắt buộc duyệt thủ công.,,
condition-mention:e40e39ba002565c8,Bệnh động kinh,benh dong kinh,2,epilepsy,Động kinh/co giật,disease,neurologic,,,,,,Bệnh động kinh,single,false,medium,not_requested,matched,needs_review,Khớp alias/thuật ngữ bằng rule tất định; bắt buộc duyệt thủ công.,,
condition-mention:3fbbeef1bffa55b3,"Bệnh gan nặng, bệnh tim mạch nặng, bệnh hô hấp nặng","benh gan nang, benh tim mach nang, benh ho hap nang",2,liver_disease,Bệnh gan,disease,hepatic,,,,,,"Bệnh gan nặng, bệnh tim mạch nặng, bệnh hô hấp nặng",unclear,true,medium,not_requested,matched,needs_review,Khớp alias/thuật ngữ bằng rule tất định; bắt buộc duyệt thủ công.,,
condition-mention:3fbbeef1bffa55b3,"Bệnh gan nặng, bệnh tim mạch nặng, bệnh hô hấp nặng","benh gan nang, benh tim mach nang, benh ho hap nang",2,cardiovascular_disease,Bệnh tim mạch,disease,cardiovascular,,,,,,"Bệnh gan nặng, bệnh tim mạch nặng, bệnh hô hấp nặng",unclear,true,medium,not_requested,matched,needs_review,Khớp alias/thuật ngữ bằng rule tất định; bắt buộc duyệt thủ công.,,
condition-mention:3fbbeef1bffa55b3,"Bệnh gan nặng, bệnh tim mạch nặng, bệnh hô hấp nặng","benh gan nang, benh tim mach nang, benh ho hap nang",2,respiratory_disease,Bệnh hô hấp,disease,respiratory,,,,,,"Bệnh gan nặng, bệnh tim mạch nặng, bệnh hô hấp nặng",unclear,true,medium,not_requested,matched,needs_review,Khớp alias/thuật ngữ bằng rule tất định; bắt buộc duyệt thủ công.,,
condition-mention:84245b6d983756df,Bệnh gout,benh gout,2,gout,Bệnh gút,disease,metabolic,,,,,,Bệnh gout,single,false,medium,not_requested,matched,needs_review,Khớp alias/thuật ngữ bằng rule tất định; bắt buộc duyệt thủ công.,,
condition-mention:38e442f8f2bc47b4,Bệnh gút,benh gut,2,gout,Bệnh gút,disease,metabolic,,,,,,Bệnh gút,single,false,medium,not_requested,matched,needs_review,Khớp alias/thuật ngữ bằng rule tất định; bắt buộc duyệt thủ công.,,
condition-mention:faf4d1bec3ecc15b,Bệnh hen,benh hen,2,asthma,Hen phế quản,disease,respiratory,,,,,,Bệnh hen,single,false,medium,not_requested,matched,needs_review,Khớp alias/thuật ngữ bằng rule tất định; bắt buộc duyệt thủ công.,,
condition-mention:ede7766e20f63816,bệnh nhân hen,benh nhan hen,2,asthma,Hen phế quản,disease,respiratory,,,,,,bệnh nhân hen,single,false,medium,not_requested,matched,needs_review,Khớp alias/thuật ngữ bằng rule tất định; bắt buộc duyệt thủ công.,,
condition-mention:a23a68e5860fc7dd,Bệnh nhân tâm thần nặng,benh nhan tam than nang,2,psychotic_disorder,Rối loạn tâm thần,disease,psychiatric,severe,,,,,Bệnh nhân tâm thần nặng,single,false,medium,not_requested,matched,needs_review,Khớp alias/thuật ngữ bằng rule tất định; bắt buộc duyệt thủ công.,,
condition-mention:5cba2df4c833ca31,Bệnh thận nặng,benh than nang,2,kidney_disease,Bệnh thận,disease,renal,severe,,,,,Bệnh thận nặng,single,false,medium,not_requested,matched,needs_review,Khớp alias/thuật ngữ bằng rule tất định; bắt buộc duyệt thủ công.,,
condition-mention:c544433dea83f9f7,"Bệnh tim mạch hoặc phổi nghiêm trọng, hen phế quản, bệnh thận, gan hoặc nội tiết hoặc có tiền sử bệnh loét dạ dày-ruột","benh tim mach hoac phoi nghiem trong, hen phe quan, benh than, gan hoac noi tiet hoac co tien su benh loet da day ruot",2,kidney_disease,Bệnh thận,disease,renal,,,,,,"Bệnh tim mạch hoặc phổi nghiêm trọng, hen phế quản, bệnh thận, gan hoặc nội tiết hoặc có tiền sử bệnh loét dạ dày-ruột",or,true,medium,not_requested,matched,needs_review,Khớp alias/thuật ngữ bằng rule tất định; bắt buộc duyệt thủ công.,,
condition-mention:c544433dea83f9f7,"Bệnh tim mạch hoặc phổi nghiêm trọng, hen phế quản, bệnh thận, gan hoặc nội tiết hoặc có tiền sử bệnh loét dạ dày-ruột","benh tim mach hoac phoi nghiem trong, hen phe quan, benh than, gan hoac noi tiet hoac co tien su benh loet da day ruot",2,cardiovascular_disease,Bệnh tim mạch,disease,cardiovascular,,,,,,"Bệnh tim mạch hoặc phổi nghiêm trọng, hen phế quản, bệnh thận, gan hoặc nội tiết hoặc có tiền sử bệnh loét dạ dày-ruột",or,true,medium,not_requested,matched,needs_review,Khớp alias/thuật ngữ bằng rule tất định; bắt buộc duyệt thủ công.,,
condition-mention:c544433dea83f9f7,"Bệnh tim mạch hoặc phổi nghiêm trọng, hen phế quản, bệnh thận, gan hoặc nội tiết hoặc có tiền sử bệnh loét dạ dày-ruột","benh tim mach hoac phoi nghiem trong, hen phe quan, benh than, gan hoac noi tiet hoac co tien su benh loet da day ruot",2,asthma,Hen phế quản,disease,respiratory,,,,,,"Bệnh tim mạch hoặc phổi nghiêm trọng, hen phế quản, bệnh thận, gan hoặc nội tiết hoặc có tiền sử bệnh loét dạ dày-ruột",or,true,medium,not_requested,matched,needs_review,Khớp alias/thuật ngữ bằng rule tất định; bắt buộc duyệt thủ công.,,
condition-mention:c544433dea83f9f7,"Bệnh tim mạch hoặc phổi nghiêm trọng, hen phế quản, bệnh thận, gan hoặc nội tiết hoặc có tiền sử bệnh loét dạ dày-ruột","benh tim mach hoac phoi nghiem trong, hen phe quan, benh than, gan hoac noi tiet hoac co tien su benh loet da day ruot",2,peptic_ulcer,Loét dạ dày–tá tràng,disease,gastrointestinal,,,,,,"Bệnh tim mạch hoặc phổi nghiêm trọng, hen phế quản, bệnh thận, gan hoặc nội tiết hoặc có tiền sử bệnh loét dạ dày-ruột",or,true,medium,not_requested,matched,needs_review,Khớp alias/thuật ngữ bằng rule tất định; bắt buộc duyệt thủ công.,,
condition-mention:9eb45ed98f266671,Bệnh tim mạch nặng,benh tim mach nang,2,cardiovascular_disease,Bệnh tim mạch,disease,cardiovascular,severe,,,,,Bệnh tim mạch nặng,single,false,medium,not_requested,matched,needs_review,Khớp alias/thuật ngữ bằng rule tất định; bắt buộc duyệt thủ công.,,
condition-mention:c444d7c0fc8f4e86,Bệnh vẩy nến,benh vay nen,2,psoriasis,Vảy nến,disease,dermatologic,,,,,,Bệnh vẩy nến,single,false,medium,not_requested,matched,needs_review,Khớp alias/thuật ngữ bằng rule tất định; bắt buộc duyệt thủ công.,,
condition-mention:bfa3b799301fba21,Bệnh về gan,benh ve gan,2,liver_disease,Bệnh gan,disease,hepatic,,,,,,Bệnh về gan,single,false,medium,not_requested,matched,needs_review,Khớp alias/thuật ngữ bằng rule tất định; bắt buộc duyệt thủ công.,,
condition-mention:92fb5a5a907569b8,Bí tiểu,bi tieu,2,urinary_retention,Bí tiểu,clinical_finding,urologic,,,,,,Bí tiểu,single,false,medium,not_requested,matched,needs_review,Khớp alias/thuật ngữ bằng rule tất định; bắt buộc duyệt thủ công.,,
condition-mention:ad876da853273955,Blốc nhĩ thất (độ II hoặc III),bloc nhi that do ii hoac iii,2,atrioventricular_block,Blốc nhĩ thất,disease,cardiovascular,,,,,,Blốc nhĩ thất (độ II hoặc III),or,true,medium,not_requested,matched,needs_review,Khớp alias/thuật ngữ bằng rule tất định; bắt buộc duyệt thủ công.,,
condition-mention:92ea06fcd225d9b3,Block nhĩ thất độ 3,block nhi that do 3,2,atrioventricular_block,Blốc nhĩ thất,disease,cardiovascular,,,,,,Block nhĩ thất độ 3,single,false,medium,not_requested,matched,needs_review,Khớp alias/thuật ngữ bằng rule tất định; bắt buộc duyệt thủ công.,,
condition-mention:b5ce30d3bac8668b,Block xoang nhĩ,block xoang nhi,2,sinoatrial_block,Blốc xoang nhĩ,disease,cardiovascular,,,,,,Block xoang nhĩ,single,false,medium,not_requested,matched,needs_review,Khớp alias/thuật ngữ bằng rule tất định; bắt buộc duyệt thủ công.,,
condition-mention:c22dfc36d54b660a,Bỏng,bong,2,burn,Bỏng,clinical_finding,systemic,,,,,,Bỏng,single,false,medium,not_requested,matched,needs_review,Khớp alias/thuật ngữ bằng rule tất định; bắt buộc duyệt thủ công.,,
condition-mention:15b43f7bd76254c8,Chảy máu dưới màng nhện,chay mau duoi mang nhen,2,active_bleeding,Đang xuất huyết,clinical_finding,hematologic,,,,,,Chảy máu dưới màng nhện,single,false,medium,not_requested,matched,needs_review,Khớp alias/thuật ngữ bằng rule tất định; bắt buộc duyệt thủ công.,,
condition-mention:897bc3db0061f9a8,Cường aldosterone nguyên phát,cuong aldosterone nguyen phat,2,primary_hyperaldosteronism,Cường aldosteron nguyên phát,disease,endocrine,,,,,,Cường aldosterone nguyên phát,single,false,medium,not_requested,matched,needs_review,Khớp alias/thuật ngữ bằng rule tất định; bắt buộc duyệt thủ công.,,
condition-mention:bcc56c01db4b5c17,cường giáp không kiểm soát,cuong giap khong kiem soat,2,hyperthyroidism,Cường giáp,disease,endocrine,,,,,,cường giáp không kiểm soát,single,false,medium,not_requested,matched,needs_review,Khớp alias/thuật ngữ bằng rule tất định; bắt buộc duyệt thủ công.,,
condition-mention:b6d83d33cfb2956b,Đái tháo đường hoặc suy thận,dai thao duong hoac suy than,2,renal_impairment,Suy giảm chức năng thận,organ_impairment,renal,,,,,,Đái tháo đường hoặc suy thận,or,true,medium,not_requested,matched,needs_review,Khớp alias/thuật ngữ bằng rule tất định; bắt buộc duyệt thủ công.,,
condition-mention:b6d83d33cfb2956b,Đái tháo đường hoặc suy thận,dai thao duong hoac suy than,2,diabetes_mellitus,Đái tháo đường,disease,endocrine,,,,,,Đái tháo đường hoặc suy thận,or,true,medium,not_requested,matched,needs_review,Khớp alias/thuật ngữ bằng rule tất định; bắt buộc duyệt thủ công.,,
condition-mention:5c58f6c06d596173,"Đái tháo đường hoặc suy thận (GFR < 60 mL/ phút/ 1,73 m²)","dai thao duong hoac suy than gfr < phut 1,73 m²",2,renal_impairment,Suy giảm chức năng thận,organ_impairment,renal,,,,,,"Đái tháo đường hoặc suy thận (GFR < 60 mL/ phút/ 1,73 m²)",or,true,medium,not_requested,matched,needs_review,Khớp alias/thuật ngữ bằng rule tất định; bắt buộc duyệt thủ công.,,
condition-mention:5c58f6c06d596173,"Đái tháo đường hoặc suy thận (GFR < 60 mL/ phút/ 1,73 m²)","dai thao duong hoac suy than gfr < phut 1,73 m²",2,diabetes_mellitus,Đái tháo đường,disease,endocrine,,,,,,"Đái tháo đường hoặc suy thận (GFR < 60 mL/ phút/ 1,73 m²)",or,true,medium,not_requested,matched,needs_review,Khớp alias/thuật ngữ bằng rule tất định; bắt buộc duyệt thủ công.,,
condition-mention:395459ed0854059d,Đái tháo nhạt,dai thao nhat,2,diabetes_insipidus,Đái tháo nhạt,disease,endocrine,,,,,,Đái tháo nhạt,single,false,medium,not_requested,matched,needs_review,Khớp alias/thuật ngữ bằng rule tất định; bắt buộc duyệt thủ công.,,
condition-mention:d6a47e39c5841b6a,đau thắt ngực,dau that nguc,2,angina,Đau thắt ngực,disease,cardiovascular,,,,,,đau thắt ngực,single,false,medium,not_requested,matched,needs_review,Khớp alias/thuật ngữ bằng rule tất định; bắt buộc duyệt thủ công.,,
condition-mention:96729f4de954d2c1,Giảm calci huyết,giam calci huyet,2,hypocalcemia,Hạ calci máu,clinical_finding,electrolyte,,,,,,Giảm calci huyết,single,false,medium,not_requested,matched,needs_review,Khớp alias/thuật ngữ bằng rule tất định; bắt buộc duyệt thủ công.,,
condition-mention:676bf9c376821167,Giãn tĩnh mạch thực quản,gian tinh mach thuc quan,2,esophageal_varices,Giãn tĩnh mạch thực quản,disease,hepatic,,,,,,Giãn tĩnh mạch thực quản,single,false,medium,not_requested,matched,needs_review,Khớp alias/thuật ngữ bằng rule tất định; bắt buộc duyệt thủ công.,,
condition-mention:d4d4a7a7f1b5f459,Glocom góc đóng,glocom goc dong,2,angle_closure_glaucoma,Glôcôm góc đóng/góc hẹp,disease,ophthalmic,,,,,,Glocom góc đóng,single,false,medium,not_requested,matched,needs_review,Khớp alias/thuật ngữ bằng rule tất định; bắt buộc duyệt thủ công.,,
condition-mention:77562953d4c8dc07,Gút,gut,2,gout,Bệnh gút,disease,metabolic,,,,,,Gút,single,false,medium,not_requested,matched,needs_review,Khớp alias/thuật ngữ bằng rule tất định; bắt buộc duyệt thủ công.,,
condition-mention:6ad95a28bf678627,Hạ calci máu,ha calci mau,2,hypocalcemia,Hạ calci máu,clinical_finding,electrolyte,,,,,,Hạ calci máu,single,false,medium,not_requested,matched,needs_review,Khớp alias/thuật ngữ bằng rule tất định; bắt buộc duyệt thủ công.,,
condition-mention:2439a76c5dbd4ab7,Hạ huyết áp nghiêm trọng,ha huyet ap nghiem trong,2,hypotension,Hạ huyết áp,clinical_finding,cardiovascular,severe,,,,,Hạ huyết áp nghiêm trọng,single,false,medium,not_requested,matched,needs_review,Khớp alias/thuật ngữ bằng rule tất định; bắt buộc duyệt thủ công.,,
condition-mention:6a2f37dee2e4204b,Hạ huyết áp tư thế,ha huyet ap tu the,2,hypotension,Hạ huyết áp,clinical_finding,cardiovascular,,,,,,Hạ huyết áp tư thế,single,false,medium,not_requested,matched,needs_review,Khớp alias/thuật ngữ bằng rule tất định; bắt buộc duyệt thủ công.,,
condition-mention:47b21663d435585c,"Hạ kali huyết dai dẳng, tăng calci huyết","ha kali huyet dai dang, tang calci huyet",2,hypokalemia,Hạ kali máu,clinical_finding,electrolyte,,,,,,"Hạ kali huyết dai dẳng, tăng calci huyết",unclear,true,medium,not_requested,matched,needs_review,Khớp alias/thuật ngữ bằng rule tất định; bắt buộc duyệt thủ công.,,
condition-mention:47b21663d435585c,"Hạ kali huyết dai dẳng, tăng calci huyết","ha kali huyet dai dang, tang calci huyet",2,hypercalcemia,Tăng calci máu,clinical_finding,electrolyte,,,,,,"Hạ kali huyết dai dẳng, tăng calci huyết",unclear,true,medium,not_requested,matched,needs_review,Khớp alias/thuật ngữ bằng rule tất định; bắt buộc duyệt thủ công.,,
condition-mention:d44a08de3981889d,hen,hen,2,asthma,Hen phế quản,disease,respiratory,,,,,,hen,single,false,medium,not_requested,matched,needs_review,Khớp alias/thuật ngữ bằng rule tất định; bắt buộc duyệt thủ công.,,
condition-mention:3c23a2b76e16e97c,hẹp động mạch chủ,hep dong mach chu,2,aortic_stenosis,Hẹp van động mạch chủ,disease,cardiovascular,,,,,,hẹp động mạch chủ,single,false,medium,not_requested,matched,needs_review,Khớp alias/thuật ngữ bằng rule tất định; bắt buộc duyệt thủ công.,,
condition-mention:7e1b2a6bbd19987d,Hội chứng suy nút xoang,hoi chung suy nut xoang,2,sick_sinus_syndrome,Hội chứng suy nút xoang,disease,cardiovascular,,,,,,Hội chứng suy nút xoang,single,false,medium,not_requested,matched,needs_review,Khớp alias/thuật ngữ bằng rule tất định; bắt buộc duyệt thủ công.,,
condition-mention:a2286a6e60b5dc9b,Hôn mê tăng thẩm thấu,hon me tang tham thau,2,hyperosmolar_state,Tình trạng tăng thẩm thấu,clinical_finding,metabolic,,,,,,Hôn mê tăng thẩm thấu,single,false,medium,not_requested,matched,needs_review,Khớp alias/thuật ngữ bằng rule tất định; bắt buộc duyệt thủ công.,,
condition-mention:5148233fbf51a879,huyết áp thấp,huyet ap thap,2,hypotension,Hạ huyết áp,clinical_finding,cardiovascular,,,,,,huyết áp thấp,single,false,medium,not_requested,matched,needs_review,Khớp alias/thuật ngữ bằng rule tất định; bắt buộc duyệt thủ công.,,
condition-mention:13f2f15ede1e8eee,Khoảng QT kéo dài,khoang qt keo dai,2,qt_prolongation,Khoảng QT kéo dài,clinical_finding,cardiovascular,,,,,,Khoảng QT kéo dài,single,false,medium,not_requested,matched,needs_review,Khớp alias/thuật ngữ bằng rule tất định; bắt buộc duyệt thủ công.,,
condition-mention:54c67d1a8ff374d6,"Không dung nạp galactose, thiếu hụt lactase hoàn toàn hoặc kém hấp thu glucose- galactose","khong dung nap galactose, thieu hut lactase hoan toan hoac kem hap thu glucose galactose",2,hereditary_galactose_intolerance,Không dung nạp galactose di truyền,disease,metabolic,,,,,,"Không dung nạp galactose, thiếu hụt lactase hoàn toàn hoặc kém hấp thu glucose- galactose",or,true,medium,not_requested,matched,needs_review,Khớp alias/thuật ngữ bằng rule tất định; bắt buộc duyệt thủ công.,,
condition-mention:54c67d1a8ff374d6,"Không dung nạp galactose, thiếu hụt lactase hoàn toàn hoặc kém hấp thu glucose- galactose","khong dung nap galactose, thieu hut lactase hoan toan hoac kem hap thu glucose galactose",2,glucose_galactose_malabsorption,Kém hấp thu glucose-galactose,disease,metabolic,,,,,,"Không dung nạp galactose, thiếu hụt lactase hoàn toàn hoặc kém hấp thu glucose- galactose",or,true,medium,not_requested,matched,needs_review,Khớp alias/thuật ngữ bằng rule tất định; bắt buộc duyệt thủ công.,,
condition-mention:54c67d1a8ff374d6,"Không dung nạp galactose, thiếu hụt lactase hoàn toàn hoặc kém hấp thu glucose- galactose","khong dung nap galactose, thieu hut lactase hoan toan hoac kem hap thu glucose galactose",2,lactase_deficiency,Thiếu hụt lactase,disease,metabolic,,,,,,"Không dung nạp galactose, thiếu hụt lactase hoàn toàn hoặc kém hấp thu glucose- galactose",or,true,medium,not_requested,matched,needs_review,Khớp alias/thuật ngữ bằng rule tất định; bắt buộc duyệt thủ công.,,
condition-mention:d1393bc6f85b9e81,Loạn chuyển hóa porphyrin,loan chuyen hoa porphyrin,2,porphyria,Rối loạn chuyển hóa porphyrin,disease,metabolic,,,,,,Loạn chuyển hóa porphyrin,single,false,medium,not_requested,matched,needs_review,Khớp alias/thuật ngữ bằng rule tất định; bắt buộc duyệt thủ công.,,
condition-mention:2f43d9cbb689231b,loạn nhịp tim,loan nhip tim,2,arrhythmia,Rối loạn nhịp tim,disease,cardiovascular,,,,,nhịp tim,loạn nhịp tim,single,false,medium,not_requested,matched,needs_review,Khớp alias/thuật ngữ bằng rule tất định; bắt buộc duyệt thủ công.,,
condition-mention:346185f9837f712c,loét đường tiêu hóa,loet duong tieu hoa,2,peptic_ulcer,Loét dạ dày–tá tràng,disease,gastrointestinal,,,,,,loét đường tiêu hóa,single,false,medium,not_requested,matched,needs_review,Khớp alias/thuật ngữ bằng rule tất định; bắt buộc duyệt thủ công.,,
condition-mention:f1d3414d133e2a62,người mới nối thông mạch máu,nguoi moi noi thong mach mau,2,vascular_anastomosis,Mới nối thông mạch máu,procedure_state,special,,,,,,người mới nối thông mạch máu,single,false,medium,not_requested,matched,needs_review,Khớp alias/thuật ngữ bằng rule tất định; bắt buộc duyệt thủ công.,,
condition-mention:d1bb98da46aa0a1f,Nhiễm độc giáp,nhiem doc giap,2,thyrotoxicosis,Nhiễm độc giáp,disease,endocrine,,,,,,Nhiễm độc giáp,single,false,medium,not_requested,matched,needs_review,Khớp alias/thuật ngữ bằng rule tất định; bắt buộc duyệt thủ công.,,
condition-mention:2c9388bb9fc254a5,Nhiễm độc tuyến giáp,nhiem doc tuyen giap,2,thyrotoxicosis,Nhiễm độc giáp,disease,endocrine,,,,,,Nhiễm độc tuyến giáp,single,false,medium,not_requested,matched,needs_review,Khớp alias/thuật ngữ bằng rule tất định; bắt buộc duyệt thủ công.,,
condition-mention:2fe9c07ebdf1d97b,Nhiễm kiềm chuyển hóa,nhiem kiem chuyen hoa,2,metabolic_alkalosis,Nhiễm kiềm chuyển hóa,clinical_finding,metabolic,,,,,,Nhiễm kiềm chuyển hóa,single,false,medium,not_requested,matched,needs_review,Khớp alias/thuật ngữ bằng rule tất định; bắt buộc duyệt thủ công.,,
condition-mention:e4d2e1430c410cb9,Nhiễm trùng huyết,nhiem trung huyet,2,sepsis,Nhiễm trùng huyết,disease,infectious,,,,,,Nhiễm trùng huyết,single,false,medium,not_requested,matched,needs_review,Khớp alias/thuật ngữ bằng rule tất định; bắt buộc duyệt thủ công.,,
condition-mention:c9d9c8310cc8593c,nhịp tim chậm,nhip tim cham,2,bradycardia,Nhịp tim chậm,clinical_finding,cardiovascular,,,,,nhịp tim chậm,nhịp tim chậm,single,false,medium,not_requested,matched,needs_review,Khớp alias/thuật ngữ bằng rule tất định; bắt buộc duyệt thủ công.,,
condition-mention:b7841eb4d9627847,Nhồi máu cơ tim cấp tính,nhoi mau co tim cap tinh,2,myocardial_infarction,Nhồi máu cơ tim,disease,cardiovascular,,acute,,,,Nhồi máu cơ tim cấp tính,single,false,medium,not_requested,matched,needs_review,Khớp alias/thuật ngữ bằng rule tất định; bắt buộc duyệt thủ công.,,
condition-mention:60ef2799d2535df2,Nhược cơ nặng,nhuoc co nang,2,myasthenia_gravis,Nhược cơ,disease,neuromuscular,severe,,,,,Nhược cơ nặng,single,false,medium,not_requested,matched,needs_review,Khớp alias/thuật ngữ bằng rule tất định; bắt buộc duyệt thủ công.,,
condition-mention:f37a2f699b51801a,Nhược giáp,nhuoc giap,2,hypothyroidism,Suy giáp,disease,endocrine,,,,,,Nhược giáp,single,false,medium,not_requested,matched,needs_review,Khớp alias/thuật ngữ bằng rule tất định; bắt buộc duyệt thủ công.,,
condition-mention:8cb285b04392467e,Parkinson,parkinson,2,parkinson_disease,Bệnh Parkinson,disease,neurologic,,,,,,Parkinson,single,false,medium,not_requested,matched,needs_review,Khớp alias/thuật ngữ bằng rule tất định; bắt buộc duyệt thủ công.,,
condition-mention:821e1163c2886a9d,Phenylketon niệu,phenylketon nieu,2,phenylketonuria,Phenylketon niệu,disease,metabolic,,,,,,Phenylketon niệu,single,false,medium,not_requested,matched,needs_review,Khớp alias/thuật ngữ bằng rule tất định; bắt buộc duyệt thủ công.,,
condition-mention:21b52b421b7bd6d8,Phù (bao gồm phù phổi và phù não) và xơ gan cổ trướng,phu bao gom phu phoi va phu nao va xo gan co truong,2,cirrhosis,Xơ gan,disease,hepatic,,,,,,Phù (bao gồm phù phổi và phù não) và xơ gan cổ trướng,and,true,medium,not_requested,matched,needs_review,Khớp alias/thuật ngữ bằng rule tất định; bắt buộc duyệt thủ công.,,
condition-mention:21b52b421b7bd6d8,Phù (bao gồm phù phổi và phù não) và xơ gan cổ trướng,phu bao gom phu phoi va phu nao va xo gan co truong,2,pulmonary_edema,Phù phổi,clinical_finding,respiratory,,,,,,Phù (bao gồm phù phổi và phù não) và xơ gan cổ trướng,and,true,medium,not_requested,matched,needs_review,Khớp alias/thuật ngữ bằng rule tất định; bắt buộc duyệt thủ công.,,
condition-mention:21b52b421b7bd6d8,Phù (bao gồm phù phổi và phù não) và xơ gan cổ trướng,phu bao gom phu phoi va phu nao va xo gan co truong,2,edema,Phù,clinical_finding,systemic,,,,,,Phù (bao gồm phù phổi và phù não) và xơ gan cổ trướng,and,true,medium,not_requested,matched,needs_review,Khớp alias/thuật ngữ bằng rule tất định; bắt buộc duyệt thủ công.,,
condition-mention:1570b8127081058a,rối loạn chảy máu,roi loan chay mau,2,active_bleeding,Đang xuất huyết,clinical_finding,hematologic,,,,,,rối loạn chảy máu,unclear,true,medium,not_requested,matched,needs_review,Khớp alias/thuật ngữ bằng rule tất định; bắt buộc duyệt thủ công.,,
condition-mention:1570b8127081058a,rối loạn chảy máu,roi loan chay mau,2,bleeding_disorder,Rối loạn chảy máu/đông máu,disease,hematologic,,,,,,rối loạn chảy máu,unclear,true,medium,not_requested,matched,needs_review,Khớp alias/thuật ngữ bằng rule tất định; bắt buộc duyệt thủ công.,,
condition-mention:86611a713fe4c47d,Rối loạn chức năng nút xoang,roi loan chuc nang nut xoang,2,sick_sinus_syndrome,Hội chứng suy nút xoang,disease,cardiovascular,,,,,,Rối loạn chức năng nút xoang,single,false,medium,not_requested,matched,needs_review,Khớp alias/thuật ngữ bằng rule tất định; bắt buộc duyệt thủ công.,,
condition-mention:55d6a0f593dc2dcf,Rối loạn chức năng thận,roi loan chuc nang than,2,renal_impairment,Suy giảm chức năng thận,organ_impairment,renal,,,,,,Rối loạn chức năng thận,single,false,medium,not_requested,matched,needs_review,Khớp alias/thuật ngữ bằng rule tất định; bắt buộc duyệt thủ công.,,
condition-mention:ed2bc3574f97753d,rối loạn tâm thần,roi loan tam than,2,psychotic_disorder,Rối loạn tâm thần,disease,psychiatric,,,,,,rối loạn tâm thần,single,false,medium,not_requested,matched,needs_review,Khớp alias/thuật ngữ bằng rule tất định; bắt buộc duyệt thủ công.,,
condition-mention:eaaa1845dab630e5,sa sút trí tuệ,sa sut tri tue,2,dementia,Sa sút trí tuệ,disease,psychiatric,,,,,,sa sút trí tuệ,single,false,medium,not_requested,matched,needs_review,Khớp alias/thuật ngữ bằng rule tất định; bắt buộc duyệt thủ công.,,
condition-mention:a6a39b7dbf18ad93,Sốc (bao gồm cả sốc tim),soc bao gom ca soc tim,2,cardiogenic_shock,Sốc tim,disease,cardiovascular,,,,,,Sốc (bao gồm cả sốc tim),single,false,medium,not_requested,matched,needs_review,Khớp alias/thuật ngữ bằng rule tất định; bắt buộc duyệt thủ công.,,
condition-mention:271fffa0262d016d,Sốc (bao gồm sốc tim),soc bao gom soc tim,2,cardiogenic_shock,Sốc tim,disease,cardiovascular,,,,,,Sốc (bao gồm sốc tim),single,false,medium,not_requested,matched,needs_review,Khớp alias/thuật ngữ bằng rule tất định; bắt buộc duyệt thủ công.,,
condition-mention:3cecb3a597569df8,"Sốc, bao gồm cả sốc tim","soc, bao gom ca soc tim",2,cardiogenic_shock,Sốc tim,disease,cardiovascular,,,,,,"Sốc, bao gồm cả sốc tim",unclear,true,medium,not_requested,matched,needs_review,Khớp alias/thuật ngữ bằng rule tất định; bắt buộc duyệt thủ công.,,
condition-mention:3cf1173bfea39baa,"Suy gan nặng, suy thận nặng","suy gan nang, suy than nang",2,renal_impairment,Suy giảm chức năng thận,organ_impairment,renal,,,,,,"Suy gan nặng, suy thận nặng",unclear,true,medium,not_requested,matched,needs_review,Khớp alias/thuật ngữ bằng rule tất định; bắt buộc duyệt thủ công.,,
condition-mention:3cf1173bfea39baa,"Suy gan nặng, suy thận nặng","suy gan nang, suy than nang",2,hepatic_impairment,Suy giảm chức năng gan,organ_impairment,hepatic,,,,,,"Suy gan nặng, suy thận nặng",unclear,true,medium,not_requested,matched,needs_review,Khớp alias/thuật ngữ bằng rule tất định; bắt buộc duyệt thủ công.,,
condition-mention:ce9446e1f75d4826,"Suy gan, thận hoặc tim nặng","suy gan, than hoac tim nang",2,hepatic_impairment,Suy giảm chức năng gan,organ_impairment,hepatic,severe,,,,,"Suy gan, thận hoặc tim nặng",or,true,medium,not_requested,matched,needs_review,Khớp alias/thuật ngữ bằng rule tất định; bắt buộc duyệt thủ công.,,
condition-mention:2ddf622d4d91da85,"Suy giảm chức năng gan, thận và bị bệnh tiểu đường","suy giam chuc nang gan, than va bi benh tieu duong",2,hepatic_impairment,Suy giảm chức năng gan,organ_impairment,hepatic,,,,,,"Suy giảm chức năng gan, thận và bị bệnh tiểu đường",and,true,medium,not_requested,matched,needs_review,Khớp alias/thuật ngữ bằng rule tất định; bắt buộc duyệt thủ công.,,
condition-mention:2ddf622d4d91da85,"Suy giảm chức năng gan, thận và bị bệnh tiểu đường","suy giam chuc nang gan, than va bi benh tieu duong",2,diabetes_mellitus,Đái tháo đường,disease,endocrine,,,,,,"Suy giảm chức năng gan, thận và bị bệnh tiểu đường",and,true,medium,not_requested,matched,needs_review,Khớp alias/thuật ngữ bằng rule tất định; bắt buộc duyệt thủ công.,,
condition-mention:7fcb969805910950,Suy giảm dẫn truyền,suy giam dan truyen,2,conduction_disorder,Rối loạn dẫn truyền tim,disease,cardiovascular,,,,,,Suy giảm dẫn truyền,single,false,medium,not_requested,matched,needs_review,Khớp alias/thuật ngữ bằng rule tất định; bắt buộc duyệt thủ công.,,
condition-mention:1edee8d6b522948b,Suy hô hấp nặng,suy ho hap nang,2,respiratory_failure,Suy hô hấp,organ_impairment,respiratory,severe,,,,,Suy hô hấp nặng,single,false,medium,not_requested,matched,needs_review,Khớp alias/thuật ngữ bằng rule tất định; bắt buộc duyệt thủ công.,,
condition-mention:8ff320f17ad28931,Suy thận hoặc suy gan nặng,suy than hoac suy gan nang,2,renal_impairment,Suy giảm chức năng thận,organ_impairment,renal,,,,,,Suy thận hoặc suy gan nặng,or,true,medium,not_requested,matched,needs_review,Khớp alias/thuật ngữ bằng rule tất định; bắt buộc duyệt thủ công.,,
condition-mention:8ff320f17ad28931,Suy thận hoặc suy gan nặng,suy than hoac suy gan nang,2,hepatic_impairment,Suy giảm chức năng gan,organ_impairment,hepatic,,,,,,Suy thận hoặc suy gan nặng,or,true,medium,not_requested,matched,needs_review,Khớp alias/thuật ngữ bằng rule tất định; bắt buộc duyệt thủ công.,,
condition-mention:252396cf8c65c514,Suy thận nặng (độ thanh thải creatinine < 30 ml/phút),suy than nang do thanh thai creatinine < phut,2,renal_impairment,Suy giảm chức năng thận,organ_impairment,renal,severe,,,,độ thanh thải creatinine < 30 ml/phút,Suy thận nặng (độ thanh thải creatinine < 30 ml/phút),single,false,medium,not_requested,matched,needs_review,Khớp alias/thuật ngữ bằng rule tất định; bắt buộc duyệt thủ công.,,
condition-mention:1a6c19db3bbbddf6,Suy thận nặng (với thiểu niệu /vô niệu),suy than nang voi thieu nieu vo nieu,2,renal_impairment,Suy giảm chức năng thận,organ_impairment,renal,,,,,,Suy thận nặng (với thiểu niệu /vô niệu),unclear,true,medium,not_requested,matched,needs_review,Khớp alias/thuật ngữ bằng rule tất định; bắt buộc duyệt thủ công.,,
condition-mention:1a6c19db3bbbddf6,Suy thận nặng (với thiểu niệu /vô niệu),suy than nang voi thieu nieu vo nieu,2,anuria,Vô niệu,clinical_finding,renal,,,,,,Suy thận nặng (với thiểu niệu /vô niệu),unclear,true,medium,not_requested,matched,needs_review,Khớp alias/thuật ngữ bằng rule tất định; bắt buộc duyệt thủ công.,,
condition-mention:1a6c19db3bbbddf6,Suy thận nặng (với thiểu niệu /vô niệu),suy than nang voi thieu nieu vo nieu,2,oliguria,Thiểu niệu,clinical_finding,renal,,,,,,Suy thận nặng (với thiểu niệu /vô niệu),unclear,true,medium,not_requested,matched,needs_review,Khớp alias/thuật ngữ bằng rule tất định; bắt buộc duyệt thủ công.,,
condition-mention:59931849e73e0aae,Suy thận nhẹ đến trung bình,suy than nhe den trung binh,2,renal_impairment,Suy giảm chức năng thận,organ_impairment,renal,moderate,,,,,Suy thận nhẹ đến trung bình,single,false,medium,not_requested,matched,needs_review,Khớp alias/thuật ngữ bằng rule tất định; bắt buộc duyệt thủ công.,,
condition-mention:8f384c52afc1a535,Suy tim cấp hoặc không ổn định,suy tim cap hoac khong on dinh,2,heart_failure,Suy tim,disease,cardiovascular,,acute,,,,Suy tim cấp hoặc không ổn định,or,true,medium,not_requested,matched,needs_review,Khớp alias/thuật ngữ bằng rule tất định; bắt buộc duyệt thủ công.,,
condition-mention:e05a0e769f8a2957,Suy tim có huyết động không ổn định sau nhồi máu cơ tim cấp,suy tim co huyet dong khong on dinh sau nhoi mau co tim cap,2,heart_failure,Suy tim,disease,cardiovascular,,,,,,Suy tim có huyết động không ổn định sau nhồi máu cơ tim cấp,unclear,true,medium,not_requested,matched,needs_review,Khớp alias/thuật ngữ bằng rule tất định; bắt buộc duyệt thủ công.,,
condition-mention:e05a0e769f8a2957,Suy tim có huyết động không ổn định sau nhồi máu cơ tim cấp,suy tim co huyet dong khong on dinh sau nhoi mau co tim cap,2,myocardial_infarction,Nhồi máu cơ tim,disease,cardiovascular,,,,,,Suy tim có huyết động không ổn định sau nhồi máu cơ tim cấp,unclear,true,medium,not_requested,matched,needs_review,Khớp alias/thuật ngữ bằng rule tất định; bắt buộc duyệt thủ công.,,
condition-mention:081b6993831d6699,Tắc nghẽn đường ra tâm thất trái (như hẹp động mạch chủ mức độ nặng),tac nghen duong ra tam that trai nhu hep dong mach chu muc do nang,2,aortic_stenosis,Hẹp van động mạch chủ,disease,cardiovascular,,,,,,Tắc nghẽn đường ra tâm thất trái (như hẹp động mạch chủ mức độ nặng),unclear,true,medium,not_requested,matched,needs_review,Khớp alias/thuật ngữ bằng rule tất định; bắt buộc duyệt thủ công.,,
condition-mention:081b6993831d6699,Tắc nghẽn đường ra tâm thất trái (như hẹp động mạch chủ mức độ nặng),tac nghen duong ra tam that trai nhu hep dong mach chu muc do nang,2,left_ventricular_outflow_obstruction,Tắc nghẽn đường ra thất trái,disease,cardiovascular,,,,,,Tắc nghẽn đường ra tâm thất trái (như hẹp động mạch chủ mức độ nặng),unclear,true,medium,not_requested,matched,needs_review,Khớp alias/thuật ngữ bằng rule tất định; bắt buộc duyệt thủ công.,,
condition-mention:b35a63d6a096b306,Tắc nghẽn đường thoát của thất trái (ví dụ bệnh cơ tim phì đại tắc nghẽn và hẹp động mạch chủ mức độ nặng),tac nghen duong thoat cua that trai vi du benh co tim phi dai tac nghen va hep dong mach chu muc do nang,2,aortic_stenosis,Hẹp van động mạch chủ,disease,cardiovascular,,,,,,Tắc nghẽn đường thoát của thất trái (ví dụ bệnh cơ tim phì đại tắc nghẽn và hẹp động mạch chủ mức độ nặng),and,true,medium,not_requested,matched,needs_review,Khớp alias/thuật ngữ bằng rule tất định; bắt buộc duyệt thủ công.,,
condition-mention:b35a63d6a096b306,Tắc nghẽn đường thoát của thất trái (ví dụ bệnh cơ tim phì đại tắc nghẽn và hẹp động mạch chủ mức độ nặng),tac nghen duong thoat cua that trai vi du benh co tim phi dai tac nghen va hep dong mach chu muc do nang,2,left_ventricular_outflow_obstruction,Tắc nghẽn đường ra thất trái,disease,cardiovascular,,,,,,Tắc nghẽn đường thoát của thất trái (ví dụ bệnh cơ tim phì đại tắc nghẽn và hẹp động mạch chủ mức độ nặng),and,true,medium,not_requested,matched,needs_review,Khớp alias/thuật ngữ bằng rule tất định; bắt buộc duyệt thủ công.,,
condition-mention:b35a63d6a096b306,Tắc nghẽn đường thoát của thất trái (ví dụ bệnh cơ tim phì đại tắc nghẽn và hẹp động mạch chủ mức độ nặng),tac nghen duong thoat cua that trai vi du benh co tim phi dai tac nghen va hep dong mach chu muc do nang,2,hypertrophic_cardiomyopathy,Bệnh cơ tim phì đại,disease,cardiovascular,,,,,,Tắc nghẽn đường thoát của thất trái (ví dụ bệnh cơ tim phì đại tắc nghẽn và hẹp động mạch chủ mức độ nặng),and,true,medium,not_requested,matched,needs_review,Khớp alias/thuật ngữ bằng rule tất định; bắt buộc duyệt thủ công.,,
condition-mention:b35a63d6a096b306,Tắc nghẽn đường thoát của thất trái (ví dụ bệnh cơ tim phì đại tắc nghẽn và hẹp động mạch chủ mức độ nặng),tac nghen duong thoat cua that trai vi du benh co tim phi dai tac nghen va hep dong mach chu muc do nang,2,muscle_disease,Bệnh cơ,disease,neuromuscular,,,,,,Tắc nghẽn đường thoát của thất trái (ví dụ bệnh cơ tim phì đại tắc nghẽn và hẹp động mạch chủ mức độ nặng),and,true,medium,not_requested,matched,needs_review,Khớp alias/thuật ngữ bằng rule tất định; bắt buộc duyệt thủ công.,,
condition-mention:c1f47f2242167ab1,Tăng calci huyết,tang calci huyet,2,hypercalcemia,Tăng calci máu,clinical_finding,electrolyte,,,,,,Tăng calci huyết,single,false,medium,not_requested,matched,needs_review,Khớp alias/thuật ngữ bằng rule tất định; bắt buộc duyệt thủ công.,,
condition-mention:a9e1509ddc18563b,tăng huyết áp không kiểm soát được,tang huyet ap khong kiem soat duoc,2,hypertension,Tăng huyết áp,disease,cardiovascular,,,,,,tăng huyết áp không kiểm soát được,single,false,medium,not_requested,matched,needs_review,Khớp alias/thuật ngữ bằng rule tất định; bắt buộc duyệt thủ công.,,
condition-mention:66b2bf996962bce3,Tăng kali huyết,tang kali huyet,2,hyperkalemia,Tăng kali máu,clinical_finding,electrolyte,,,,,,Tăng kali huyết,single,false,medium,not_requested,matched,needs_review,Khớp alias/thuật ngữ bằng rule tất định; bắt buộc duyệt thủ công.,,
condition-mention:fd800bac9fada6ff,tăng natri huyết,tang natri huyet,2,hypernatremia,Tăng natri máu,clinical_finding,electrolyte,,,,,,tăng natri huyết,single,false,medium,not_requested,matched,needs_review,Khớp alias/thuật ngữ bằng rule tất định; bắt buộc duyệt thủ công.,,
condition-mention:91b99985cd42bd5f,Tăng nhãn áp góc hẹp,tang nhan ap goc hep,2,angle_closure_glaucoma,Glôcôm góc đóng/góc hẹp,disease,ophthalmic,,,,,,Tăng nhãn áp góc hẹp,single,false,medium,not_requested,matched,needs_review,Khớp alias/thuật ngữ bằng rule tất định; bắt buộc duyệt thủ công.,,
condition-mention:56f4a6051c01cc94,Thiếu glucose-6-phosphat dehydrogenase,thieu glucose 6 phosphat dehydrogenase,2,g6pd_deficiency,Thiếu men G6PD,disease,hematologic,,,,,,Thiếu glucose-6-phosphat dehydrogenase,single,false,medium,not_requested,matched,needs_review,Khớp alias/thuật ngữ bằng rule tất định; bắt buộc duyệt thủ công.,,
condition-mention:ff14e538cadc1cbe,Thiếu hụt G6PD,thieu hut g6pd,2,g6pd_deficiency,Thiếu men G6PD,disease,hematologic,,,,,,Thiếu hụt G6PD,single,false,medium,not_requested,matched,needs_review,Khớp alias/thuật ngữ bằng rule tất định; bắt buộc duyệt thủ công.,,
condition-mention:babe51fa4726a61b,Thiếu máu,thieu mau,2,anemia,Thiếu máu,disease,hematologic,,,,,,Thiếu máu,single,false,medium,not_requested,matched,needs_review,Khớp alias/thuật ngữ bằng rule tất định; bắt buộc duyệt thủ công.,,
condition-mention:7eba32250f2f887b,Thừa nước,thua nuoc,2,fluid_overload,Quá tải dịch,clinical_finding,metabolic,,,,,,Thừa nước,single,false,medium,not_requested,matched,needs_review,Khớp alias/thuật ngữ bằng rule tất định; bắt buộc duyệt thủ công.,,
condition-mention:1c5786f14466f6f7,Tiền sử hạ huyết áp thế đứng,tien su ha huyet ap the dung,2,hypotension,Hạ huyết áp,clinical_finding,cardiovascular,,,,,,Tiền sử hạ huyết áp thế đứng,single,false,medium,not_requested,matched,needs_review,Khớp alias/thuật ngữ bằng rule tất định; bắt buộc duyệt thủ công.,,
condition-mention:b157e123ace2109b,tổn thương gan,ton thuong gan,2,hepatic_impairment,Suy giảm chức năng gan,organ_impairment,hepatic,,,,,,tổn thương gan,single,false,medium,not_requested,matched,needs_review,Khớp alias/thuật ngữ bằng rule tất định; bắt buộc duyệt thủ công.,,
condition-mention:e88cb2f3e84e9d99,Trầm cảm,tram cam,2,depression,Trầm cảm,disease,psychiatric,,,,,,Trầm cảm,single,false,medium,not_requested,matched,needs_review,Khớp alias/thuật ngữ bằng rule tất định; bắt buộc duyệt thủ công.,,
condition-mention:dd9a027cbdcb95f9,U ác tính,u ac tinh,2,malignancy,Bệnh ác tính,disease,oncologic,,,,,,U ác tính,single,false,medium,not_requested,matched,needs_review,Khớp alias/thuật ngữ bằng rule tất định; bắt buộc duyệt thủ công.,,
condition-mention:3fc4de989505d156,U tế bào ưa crôm,u te bao ua crom,2,pheochromocytoma,U tủy thượng thận,disease,endocrine,,,,,,U tế bào ưa crôm,single,false,medium,not_requested,matched,needs_review,Khớp alias/thuật ngữ bằng rule tất định; bắt buộc duyệt thủ công.,,
condition-mention:19d9b0b65212e5be,Vấn đề về thận,van de ve than,2,kidney_disease,Bệnh thận,disease,renal,,,,,,Vấn đề về thận,single,false,medium,not_requested,matched,needs_review,Khớp alias/thuật ngữ bằng rule tất định; bắt buộc duyệt thủ công.,,
condition-mention:bc11289df1b3fe06,viêm tụy,viem tuy,2,pancreatitis,Viêm tụy,disease,gastrointestinal,,,,,,viêm tụy,single,false,medium,not_requested,matched,needs_review,Khớp alias/thuật ngữ bằng rule tất định; bắt buộc duyệt thủ công.,,
condition-mention:e6b2cf311de37e8e,AIDS có viêm đại tràng nhiễm khuẩn do virus và vi khuẩn,aids co viem dai trang nhiem khuan do virus va vi khuan,1,colitis,Viêm đại tràng,disease,gastrointestinal,,,,,,AIDS có viêm đại tràng nhiễm khuẩn do virus và vi khuẩn,and,true,medium,not_requested,matched,needs_review,Khớp alias/thuật ngữ bằng rule tất định; bắt buộc duyệt thủ công.,,
condition-mention:e6b2cf311de37e8e,AIDS có viêm đại tràng nhiễm khuẩn do virus và vi khuẩn,aids co viem dai trang nhiem khuan do virus va vi khuan,1,infection,Nhiễm trùng/nhiễm khuẩn,disease,infectious,,,,,,AIDS có viêm đại tràng nhiễm khuẩn do virus và vi khuẩn,and,true,medium,not_requested,matched,needs_review,Khớp alias/thuật ngữ bằng rule tất định; bắt buộc duyệt thủ công.,,
condition-mention:37ffa71742544706,Áp lực làm đầy tim thấp,ap luc lam day tim thap,1,low_cardiac_reserve,Dự trữ tim kém,clinical_finding,cardiovascular,,,,,,Áp lực làm đầy tim thấp,single,false,medium,not_requested,matched,needs_review,Khớp alias/thuật ngữ bằng rule tất định; bắt buộc duyệt thủ công.,,
condition-mention:97e5602b232c6822,Ban đỏ toàn thân,ban do toan than,1,generalized_erythema,Ban đỏ toàn thân,clinical_finding,dermatologic,,,,,,Ban đỏ toàn thân,single,false,medium,not_requested,matched,needs_review,Khớp alias/thuật ngữ bằng rule tất định; bắt buộc duyệt thủ công.,,
condition-mention:9282e5297b78f0ca,Ban ngứa hoặc viêm mũi dị ứng,ban ngua hoac viem mui di ung,1,allergic_rhinitis,Viêm mũi dị ứng,disease,immune,,,,,,Ban ngứa hoặc viêm mũi dị ứng,or,true,medium,not_requested,matched,needs_review,Khớp alias/thuật ngữ bằng rule tất định; bắt buộc duyệt thủ công.,,
condition-mention:5aed6e067eda3c3f,"Bất dung nạp galactose, thiếu Lapp lactase hay hội chứng kém hấp thu glucose và galactose","bat dung nap galactose, thieu lapp lactase hay hoi chung kem hap thu glucose va galactose",1,lactase_deficiency,Thiếu hụt lactase,disease,metabolic,,,,,,"Bất dung nạp galactose, thiếu Lapp lactase hay hội chứng kém hấp thu glucose và galactose",and,true,medium,not_requested,matched,needs_review,Khớp alias/thuật ngữ bằng rule tất định; bắt buộc duyệt thủ công.,,
condition-mention:58766dc945271524,bất thường liên quan đến hoạt động của nút xoang nhĩ và nút nhĩ thất,bat thuong lien quan den hoat dong cua nut xoang nhi va nut nhi that,1,sick_sinus_syndrome,Hội chứng suy nút xoang,disease,cardiovascular,,,,,,bất thường liên quan đến hoạt động của nút xoang nhĩ và nút nhĩ thất,and,true,medium,not_requested,matched,needs_review,Khớp alias/thuật ngữ bằng rule tất định; bắt buộc duyệt thủ công.,,
condition-mention:48cec6ec7c86d7c9,Bất thường ở thực quản (hẹp thực quản hoặc co thắt thực quản),bat thuong o thuc quan hep thuc quan hoac co that thuc quan,1,esophageal_stenosis,Hẹp thực quản,disease,gastrointestinal,,,,,,Bất thường ở thực quản (hẹp thực quản hoặc co thắt thực quản),or,true,medium,not_requested,matched,needs_review,Khớp alias/thuật ngữ bằng rule tất định; bắt buộc duyệt thủ công.,,
condition-mention:6394f32dbfcea381,Bệnh Addison,benh addison,1,addison_disease,Bệnh Addison,disease,endocrine,,,,,,Bệnh Addison,single,false,medium,not_requested,matched,needs_review,Khớp alias/thuật ngữ bằng rule tất định; bắt buộc duyệt thủ công.,,
condition-mention:63594b942503a992,Bệnh Addison (suy vỏ thượng thận),benh addison suy vo thuong than,1,addison_disease,Bệnh Addison,disease,endocrine,,,,,,Bệnh Addison (suy vỏ thượng thận),single,false,medium,not_requested,matched,needs_review,Khớp alias/thuật ngữ bằng rule tất định; bắt buộc duyệt thủ công.,,
condition-mention:250f1efdaafbdb72,Bệnh Alzheimer,benh alzheimer,1,alzheimer_disease,Bệnh Alzheimer,disease,neurologic,,,,,,Bệnh Alzheimer,single,false,medium,not_requested,matched,needs_review,Khớp alias/thuật ngữ bằng rule tất định; bắt buộc duyệt thủ công.,,
condition-mention:161bd04fd49f7a70,"Bệnh ảnh hưởng đến tuyến thượng thận, tuyến yên hoặc tuyến giáp","benh anh huong den tuyen thuong than, tuyen yen hoac tuyen giap",1,endocrine_gland_disorder,Bệnh tuyến nội tiết,disease,endocrine,,,,,,"Bệnh ảnh hưởng đến tuyến thượng thận, tuyến yên hoặc tuyến giáp",or,true,medium,not_requested,matched,needs_review,Khớp alias/thuật ngữ bằng rule tất định; bắt buộc duyệt thủ công.,,
condition-mention:8f83ccb1435a949f,Bệnh áp-tơ hoặc bị loét miệng nặng,benh ap to hoac bi loet mieng nang,1,oral_ulcer,Loét miệng/áp-tơ,disease,dermatologic,severe,,,,,Bệnh áp-tơ hoặc bị loét miệng nặng,or,true,medium,not_requested,matched,needs_review,Khớp alias/thuật ngữ bằng rule tất định; bắt buộc duyệt thủ công.,,
condition-mention:5cec2a5cb947515d,"Bệnh cấp tính hoặc mạn tính có thể dẫn tới giảm oxy ở mô như suy tim mất bù, suy hô hấp, mới bị nhồi máu cơ tim gần đây, sốc","benh cap tinh hoac man tinh co the dan toi giam oxy o mo nhu suy tim mat bu, suy ho hap, moi bi nhoi mau co tim gan day, soc",1,heart_failure,Suy tim,disease,cardiovascular,,,,,,"Bệnh cấp tính hoặc mạn tính có thể dẫn tới giảm oxy ở mô như suy tim mất bù, suy hô hấp, mới bị nhồi máu cơ tim gần đây, sốc",or,true,medium,not_requested,matched,needs_review,Khớp alias/thuật ngữ bằng rule tất định; bắt buộc duyệt thủ công.,,
condition-mention:5cec2a5cb947515d,"Bệnh cấp tính hoặc mạn tính có thể dẫn tới giảm oxy ở mô như suy tim mất bù, suy hô hấp, mới bị nhồi máu cơ tim gần đây, sốc","benh cap tinh hoac man tinh co the dan toi giam oxy o mo nhu suy tim mat bu, suy ho hap, moi bi nhoi mau co tim gan day, soc",1,myocardial_infarction,Nhồi máu cơ tim,disease,cardiovascular,,,,,,"Bệnh cấp tính hoặc mạn tính có thể dẫn tới giảm oxy ở mô như suy tim mất bù, suy hô hấp, mới bị nhồi máu cơ tim gần đây, sốc",or,true,medium,not_requested,matched,needs_review,Khớp alias/thuật ngữ bằng rule tất định; bắt buộc duyệt thủ công.,,
condition-mention:5cec2a5cb947515d,"Bệnh cấp tính hoặc mạn tính có thể dẫn tới giảm oxy ở mô như suy tim mất bù, suy hô hấp, mới bị nhồi máu cơ tim gần đây, sốc","benh cap tinh hoac man tinh co the dan toi giam oxy o mo nhu suy tim mat bu, suy ho hap, moi bi nhoi mau co tim gan day, soc",1,shock,Sốc,clinical_finding,systemic,,,,,,"Bệnh cấp tính hoặc mạn tính có thể dẫn tới giảm oxy ở mô như suy tim mất bù, suy hô hấp, mới bị nhồi máu cơ tim gần đây, sốc",or,true,medium,not_requested,matched,needs_review,Khớp alias/thuật ngữ bằng rule tất định; bắt buộc duyệt thủ công.,,
condition-mention:5cec2a5cb947515d,"Bệnh cấp tính hoặc mạn tính có thể dẫn tới giảm oxy ở mô như suy tim mất bù, suy hô hấp, mới bị nhồi máu cơ tim gần đây, sốc","benh cap tinh hoac man tinh co the dan toi giam oxy o mo nhu suy tim mat bu, suy ho hap, moi bi nhoi mau co tim gan day, soc",1,respiratory_failure,Suy hô hấp,organ_impairment,respiratory,,,,,,"Bệnh cấp tính hoặc mạn tính có thể dẫn tới giảm oxy ở mô như suy tim mất bù, suy hô hấp, mới bị nhồi máu cơ tim gần đây, sốc",or,true,medium,not_requested,matched,needs_review,Khớp alias/thuật ngữ bằng rule tất định; bắt buộc duyệt thủ công.,,
condition-mention:c2b79f3911e31f08,"Bệnh cấp tính hoặc mạn tính có thể gây thiếu oxy mô (Suy tim hoặc suy hô hấp, mới bị nhồi máu cơ tim, sốc)","benh cap tinh hoac man tinh co the gay thieu oxy mo suy tim hoac suy ho hap, moi bi nhoi mau co tim, soc",1,heart_failure,Suy tim,disease,cardiovascular,,,,,,"Bệnh cấp tính hoặc mạn tính có thể gây thiếu oxy mô (Suy tim hoặc suy hô hấp, mới bị nhồi máu cơ tim, sốc)",or,true,medium,not_requested,matched,needs_review,Khớp alias/thuật ngữ bằng rule tất định; bắt buộc duyệt thủ công.,,
condition-mention:c2b79f3911e31f08,"Bệnh cấp tính hoặc mạn tính có thể gây thiếu oxy mô (Suy tim hoặc suy hô hấp, mới bị nhồi máu cơ tim, sốc)","benh cap tinh hoac man tinh co the gay thieu oxy mo suy tim hoac suy ho hap, moi bi nhoi mau co tim, soc",1,myocardial_infarction,Nhồi máu cơ tim,disease,cardiovascular,,,,,,"Bệnh cấp tính hoặc mạn tính có thể gây thiếu oxy mô (Suy tim hoặc suy hô hấp, mới bị nhồi máu cơ tim, sốc)",or,true,medium,not_requested,matched,needs_review,Khớp alias/thuật ngữ bằng rule tất định; bắt buộc duyệt thủ công.,,
condition-mention:c2b79f3911e31f08,"Bệnh cấp tính hoặc mạn tính có thể gây thiếu oxy mô (Suy tim hoặc suy hô hấp, mới bị nhồi máu cơ tim, sốc)","benh cap tinh hoac man tinh co the gay thieu oxy mo suy tim hoac suy ho hap, moi bi nhoi mau co tim, soc",1,shock,Sốc,clinical_finding,systemic,,,,,,"Bệnh cấp tính hoặc mạn tính có thể gây thiếu oxy mô (Suy tim hoặc suy hô hấp, mới bị nhồi máu cơ tim, sốc)",or,true,medium,not_requested,matched,needs_review,Khớp alias/thuật ngữ bằng rule tất định; bắt buộc duyệt thủ công.,,
condition-mention:c2b79f3911e31f08,"Bệnh cấp tính hoặc mạn tính có thể gây thiếu oxy mô (Suy tim hoặc suy hô hấp, mới bị nhồi máu cơ tim, sốc)","benh cap tinh hoac man tinh co the gay thieu oxy mo suy tim hoac suy ho hap, moi bi nhoi mau co tim, soc",1,respiratory_failure,Suy hô hấp,organ_impairment,respiratory,,,,,,"Bệnh cấp tính hoặc mạn tính có thể gây thiếu oxy mô (Suy tim hoặc suy hô hấp, mới bị nhồi máu cơ tim, sốc)",or,true,medium,not_requested,matched,needs_review,Khớp alias/thuật ngữ bằng rule tất định; bắt buộc duyệt thủ công.,,
condition-mention:c2b79f3911e31f08,"Bệnh cấp tính hoặc mạn tính có thể gây thiếu oxy mô (Suy tim hoặc suy hô hấp, mới bị nhồi máu cơ tim, sốc)","benh cap tinh hoac man tinh co the gay thieu oxy mo suy tim hoac suy ho hap, moi bi nhoi mau co tim, soc",1,hypoxemia,Thiếu oxy máu,clinical_finding,respiratory,,,,,,"Bệnh cấp tính hoặc mạn tính có thể gây thiếu oxy mô (Suy tim hoặc suy hô hấp, mới bị nhồi máu cơ tim, sốc)",or,true,medium,not_requested,matched,needs_review,Khớp alias/thuật ngữ bằng rule tất định; bắt buộc duyệt thủ công.,,
condition-mention:417db17c69d7ddab,Bệnh celiac,benh celiac,1,celiac_disease,Bệnh Celiac,disease,immune,,,,,,Bệnh celiac,single,false,medium,not_requested,matched,needs_review,Khớp alias/thuật ngữ bằng rule tất định; bắt buộc duyệt thủ công.,,
condition-mention:83ade4c7433995a9,"Bệnh co thắt phế quản (hen phế quản, bệnh đường thở tắc nghẽn)","benh co that phe quan hen phe quan, benh duong tho tac nghen",1,asthma,Hen phế quản,disease,respiratory,,,,,,"Bệnh co thắt phế quản (hen phế quản, bệnh đường thở tắc nghẽn)",unclear,true,medium,not_requested,matched,needs_review,Khớp alias/thuật ngữ bằng rule tất định; bắt buộc duyệt thủ công.,,
condition-mention:83ade4c7433995a9,"Bệnh co thắt phế quản (hen phế quản, bệnh đường thở tắc nghẽn)","benh co that phe quan hen phe quan, benh duong tho tac nghen",1,bronchospasm,Co thắt phế quản,clinical_finding,respiratory,,,,,,"Bệnh co thắt phế quản (hen phế quản, bệnh đường thở tắc nghẽn)",unclear,true,medium,not_requested,matched,needs_review,Khớp alias/thuật ngữ bằng rule tất định; bắt buộc duyệt thủ công.,,
condition-mention:83ade4c7433995a9,"Bệnh co thắt phế quản (hen phế quản, bệnh đường thở tắc nghẽn)","benh co that phe quan hen phe quan, benh duong tho tac nghen",1,muscle_disease,Bệnh cơ,disease,neuromuscular,,,,,,"Bệnh co thắt phế quản (hen phế quản, bệnh đường thở tắc nghẽn)",unclear,true,medium,not_requested,matched,needs_review,Khớp alias/thuật ngữ bằng rule tất định; bắt buộc duyệt thủ công.,,
condition-mention:19899a750aeaa22c,Bệnh cơ tim phì đại tắc nghẽn,benh co tim phi dai tac nghen,1,hypertrophic_cardiomyopathy,Bệnh cơ tim phì đại,disease,cardiovascular,,,,,,Bệnh cơ tim phì đại tắc nghẽn,unclear,true,medium,not_requested,matched,needs_review,Khớp alias/thuật ngữ bằng rule tất định; bắt buộc duyệt thủ công.,,
condition-mention:19899a750aeaa22c,Bệnh cơ tim phì đại tắc nghẽn,benh co tim phi dai tac nghen,1,muscle_disease,Bệnh cơ,disease,neuromuscular,,,,,,Bệnh cơ tim phì đại tắc nghẽn,unclear,true,medium,not_requested,matched,needs_review,Khớp alias/thuật ngữ bằng rule tất định; bắt buộc duyệt thủ công.,,
condition-mention:626d6014457ee0ba,Bệnh cơ tim phì đại tắc nghẽn (HOCM),benh co tim phi dai tac nghen hocm,1,hypertrophic_cardiomyopathy,Bệnh cơ tim phì đại,disease,cardiovascular,,,,,,Bệnh cơ tim phì đại tắc nghẽn (HOCM),unclear,true,medium,not_requested,matched,needs_review,Khớp alias/thuật ngữ bằng rule tất định; bắt buộc duyệt thủ công.,,
condition-mention:626d6014457ee0ba,Bệnh cơ tim phì đại tắc nghẽn (HOCM),benh co tim phi dai tac nghen hocm,1,muscle_disease,Bệnh cơ,disease,neuromuscular,,,,,,Bệnh cơ tim phì đại tắc nghẽn (HOCM),unclear,true,medium,not_requested,matched,needs_review,Khớp alias/thuật ngữ bằng rule tất định; bắt buộc duyệt thủ công.,,
condition-mention:eed30075b5c822c5,Bệnh cơ tim tắc nghẽn phì đại hoặc loạn nhịp nhanh,benh co tim tac nghen phi dai hoac loan nhip nhanh,1,arrhythmia,Rối loạn nhịp tim,disease,cardiovascular,,,,,,Bệnh cơ tim tắc nghẽn phì đại hoặc loạn nhịp nhanh,or,true,medium,not_requested,matched,needs_review,Khớp alias/thuật ngữ bằng rule tất định; bắt buộc duyệt thủ công.,,
condition-mention:eed30075b5c822c5,Bệnh cơ tim tắc nghẽn phì đại hoặc loạn nhịp nhanh,benh co tim tac nghen phi dai hoac loan nhip nhanh,1,muscle_disease,Bệnh cơ,disease,neuromuscular,,,,,,Bệnh cơ tim tắc nghẽn phì đại hoặc loạn nhịp nhanh,or,true,medium,not_requested,matched,needs_review,Khớp alias/thuật ngữ bằng rule tất định; bắt buộc duyệt thủ công.,,
condition-mention:825ba31896122421,Bệnh Crohn hoặc viêm loét đại tràng dạng hoạt động,benh crohn hoac viem loet dai trang dang hoat dong,1,ulcerative_colitis,Viêm loét đại tràng,disease,gastrointestinal,,,,,,Bệnh Crohn hoặc viêm loét đại tràng dạng hoạt động,or,true,medium,not_requested,matched,needs_review,Khớp alias/thuật ngữ bằng rule tất định; bắt buộc duyệt thủ công.,,
condition-mention:825ba31896122421,Bệnh Crohn hoặc viêm loét đại tràng dạng hoạt động,benh crohn hoac viem loet dai trang dang hoat dong,1,crohn_disease,Bệnh Crohn,disease,gastrointestinal,,,,,,Bệnh Crohn hoặc viêm loét đại tràng dạng hoạt động,or,true,medium,not_requested,matched,needs_review,Khớp alias/thuật ngữ bằng rule tất định; bắt buộc duyệt thủ công.,,
condition-mention:2fea7154069e93b8,Bệnh cường giáp không được điều trị,benh cuong giap khong duoc dieu tri,1,hyperthyroidism,Cường giáp,disease,endocrine,,,,,,Bệnh cường giáp không được điều trị,single,false,medium,not_requested,matched,needs_review,Khớp alias/thuật ngữ bằng rule tất định; bắt buộc duyệt thủ công.,,
condition-mention:92a6b6926f68dc87,Bệnh dạ dày ác tính,benh da day ac tinh,1,malignancy,Bệnh ác tính,disease,oncologic,,,,,,Bệnh dạ dày ác tính,single,false,medium,not_requested,matched,needs_review,Khớp alias/thuật ngữ bằng rule tất định; bắt buộc duyệt thủ công.,,
condition-mention:ca88ba7cf8c60d79,"bệnh đái tháo đường hoặc suy thận (GFR <60 ml/min/1,73 m²)","benh dai thao duong hoac suy than gfr < min 1,73 m²",1,renal_impairment,Suy giảm chức năng thận,organ_impairment,renal,,,,,,"bệnh đái tháo đường hoặc suy thận (GFR <60 ml/min/1,73 m²)",or,true,medium,not_requested,matched,needs_review,Khớp alias/thuật ngữ bằng rule tất định; bắt buộc duyệt thủ công.,,
condition-mention:ca88ba7cf8c60d79,"bệnh đái tháo đường hoặc suy thận (GFR <60 ml/min/1,73 m²)","benh dai thao duong hoac suy than gfr < min 1,73 m²",1,diabetes_mellitus,Đái tháo đường,disease,endocrine,,,,,,"bệnh đái tháo đường hoặc suy thận (GFR <60 ml/min/1,73 m²)",or,true,medium,not_requested,matched,needs_review,Khớp alias/thuật ngữ bằng rule tất định; bắt buộc duyệt thủ công.,,
condition-mention:0e10c88116f69148,Bệnh di truyền về sinh tổng hợp haem,benh di truyen ve sinh tong hop haem,1,heme_biosynthesis_disorder,Rối loạn sinh tổng hợp heme,disease,metabolic,,,,,,Bệnh di truyền về sinh tổng hợp haem,single,false,medium,not_requested,matched,needs_review,Khớp alias/thuật ngữ bằng rule tất định; bắt buộc duyệt thủ công.,,
condition-mention:84063e62f4a0efaf,Bệnh động kinh hoặc có tiền sử co giật,benh dong kinh hoac co tien su co giat,1,epilepsy,Động kinh/co giật,disease,neurologic,,,,,,Bệnh động kinh hoặc có tiền sử co giật,or,true,medium,not_requested,matched,needs_review,Khớp alias/thuật ngữ bằng rule tất định; bắt buộc duyệt thủ công.,,
condition-mention:af85956cad0b28ab,Bệnh động mạch ngoại biên,benh dong mach ngoai bien,1,peripheral_arterial_disease,Bệnh động mạch ngoại biên,disease,cardiovascular,,,,,,Bệnh động mạch ngoại biên,single,false,medium,not_requested,matched,needs_review,Khớp alias/thuật ngữ bằng rule tất định; bắt buộc duyệt thủ công.,,
condition-mention:78487f941bc0915c,Bệnh động mạch vành / Bệnh mạch máu,benh dong mach vanh benh mach mau,1,ischemic_heart_disease,Bệnh tim thiếu máu cục bộ,disease,cardiovascular,,,,,,Bệnh động mạch vành / Bệnh mạch máu,unclear,true,medium,not_requested,matched,needs_review,Khớp alias/thuật ngữ bằng rule tất định; bắt buộc duyệt thủ công.,,
condition-mention:61617f4d426f7367,Bệnh động mạch vành ổn định,benh dong mach vanh on dinh,1,ischemic_heart_disease,Bệnh tim thiếu máu cục bộ,disease,cardiovascular,,,,,,Bệnh động mạch vành ổn định,single,false,medium,not_requested,matched,needs_review,Khớp alias/thuật ngữ bằng rule tất định; bắt buộc duyệt thủ công.,,
condition-mention:733815ba4c082151,Bệnh động mạch vành tắc nghẽn nặng,benh dong mach vanh tac nghen nang,1,ischemic_heart_disease,Bệnh tim thiếu máu cục bộ,disease,cardiovascular,severe,,,,,Bệnh động mạch vành tắc nghẽn nặng,single,false,medium,not_requested,matched,needs_review,Khớp alias/thuật ngữ bằng rule tất định; bắt buộc duyệt thủ công.,,
condition-mention:c2439335c7dac761,Bệnh động mạch vành / Tim thiếu máu cục bộ,benh dong mach vanh tim thieu mau cuc bo,1,ischemic_heart_disease,Bệnh tim thiếu máu cục bộ,disease,cardiovascular,,,,,,Bệnh động mạch vành / Tim thiếu máu cục bộ,unclear,true,medium,not_requested,matched,needs_review,Khớp alias/thuật ngữ bằng rule tất định; bắt buộc duyệt thủ công.,,
condition-mention:f36c5089052ba2bd,Bệnh đường hô hấp,benh duong ho hap,1,respiratory_disease,Bệnh hô hấp,disease,respiratory,,,,,,Bệnh đường hô hấp,single,false,medium,not_requested,matched,needs_review,Khớp alias/thuật ngữ bằng rule tất định; bắt buộc duyệt thủ công.,,
condition-mention:c0ca2ef469684175,Bệnh đường tiêu hóa,benh duong tieu hoa,1,gastrointestinal_disease,Bệnh đường tiêu hóa,disease,gastrointestinal,,,,,,Bệnh đường tiêu hóa,single,false,medium,not_requested,matched,needs_review,Khớp alias/thuật ngữ bằng rule tất định; bắt buộc duyệt thủ công.,,
condition-mention:d95a95da2f793e67,"Bệnh đường tiêu hóa, đặc biệt bệnh lỵ","benh duong tieu hoa, dac biet benh ly",1,gastrointestinal_disease,Bệnh đường tiêu hóa,disease,gastrointestinal,,,,,,"Bệnh đường tiêu hóa, đặc biệt bệnh lỵ",unclear,true,medium,not_requested,matched,needs_review,Khớp alias/thuật ngữ bằng rule tất định; bắt buộc duyệt thủ công.,,
condition-mention:061adec7d2c90547,"Bệnh gan (cấp, mạn hoặc có tiền sử)","benh gan cap, man hoac co tien su",1,acute_liver_disease,Bệnh gan cấp tính,disease,hepatic,,acute,,,,"Bệnh gan (cấp, mạn hoặc có tiền sử)",or,true,medium,not_requested,matched,needs_review,Khớp alias/thuật ngữ bằng rule tất định; bắt buộc duyệt thủ công.,,
condition-mention:4d766442387ee7af,Bệnh gan đang hoạt động như viêm gan cấp và xơ gan đang tiến triển,benh gan dang hoat dong nhu viem gan cap va xo gan dang tien trien,1,active_liver_disease,Bệnh gan đang hoạt động,disease,hepatic,,,,,,Bệnh gan đang hoạt động như viêm gan cấp và xơ gan đang tiến triển,and,true,medium,not_requested,matched,needs_review,Khớp alias/thuật ngữ bằng rule tất định; bắt buộc duyệt thủ công.,,
condition-mention:4d766442387ee7af,Bệnh gan đang hoạt động như viêm gan cấp và xơ gan đang tiến triển,benh gan dang hoat dong nhu viem gan cap va xo gan dang tien trien,1,cirrhosis,Xơ gan,disease,hepatic,,,,,,Bệnh gan đang hoạt động như viêm gan cấp và xơ gan đang tiến triển,and,true,medium,not_requested,matched,needs_review,Khớp alias/thuật ngữ bằng rule tất định; bắt buộc duyệt thủ công.,,
condition-mention:4d766442387ee7af,Bệnh gan đang hoạt động như viêm gan cấp và xơ gan đang tiến triển,benh gan dang hoat dong nhu viem gan cap va xo gan dang tien trien,1,hepatitis,Viêm gan,disease,hepatic,,,,,,Bệnh gan đang hoạt động như viêm gan cấp và xơ gan đang tiến triển,and,true,medium,not_requested,matched,needs_review,Khớp alias/thuật ngữ bằng rule tất định; bắt buộc duyệt thủ công.,,
condition-mention:9457b260e476b855,Bệnh gan đang tiến triển / Tăng transaminase dai dẳng không giải thích được,benh gan dang tien trien tang transaminase dai dang khong giai thich duoc,1,active_liver_disease,Bệnh gan đang hoạt động,disease,hepatic,,,,,,Bệnh gan đang tiến triển / Tăng transaminase dai dẳng không giải thích được,unclear,true,medium,not_requested,matched,needs_review,Khớp alias/thuật ngữ bằng rule tất định; bắt buộc duyệt thủ công.,,
condition-mention:0e8aca8fde296737,Bệnh gan do rượu không xơ gan,benh gan do ruou khong xo gan,1,cirrhosis,Xơ gan,disease,hepatic,,,,,,Bệnh gan do rượu không xơ gan,unclear,true,medium,not_requested,matched,needs_review,Khớp alias/thuật ngữ bằng rule tất định; bắt buộc duyệt thủ công.,,
condition-mention:0e8aca8fde296737,Bệnh gan do rượu không xơ gan,benh gan do ruou khong xo gan,1,alcohol_related_liver_disease,Bệnh gan liên quan đến rượu,disease,hepatic,,,,,,Bệnh gan do rượu không xơ gan,unclear,true,medium,not_requested,matched,needs_review,Khớp alias/thuật ngữ bằng rule tất định; bắt buộc duyệt thủ công.,,
condition-mention:69bf8fec5ec6d7ad,Bệnh gan hoặc bệnh gan mạn tính / Bệnh gan hoạt động,benh gan hoac benh gan man tinh benh gan hoat dong,1,chronic_liver_disease,Bệnh gan mạn tính,disease,hepatic,,,,,,Bệnh gan hoặc bệnh gan mạn tính / Bệnh gan hoạt động,or,true,medium,not_requested,matched,needs_review,Khớp alias/thuật ngữ bằng rule tất định; bắt buộc duyệt thủ công.,,
condition-mention:69bf8fec5ec6d7ad,Bệnh gan hoặc bệnh gan mạn tính / Bệnh gan hoạt động,benh gan hoac benh gan man tinh benh gan hoat dong,1,active_liver_disease,Bệnh gan đang hoạt động,disease,hepatic,,,,,,Bệnh gan hoặc bệnh gan mạn tính / Bệnh gan hoạt động,or,true,medium,not_requested,matched,needs_review,Khớp alias/thuật ngữ bằng rule tất định; bắt buộc duyệt thủ công.,,
condition-mention:42484f5eeb188c63,Bệnh gan hoặc bệnh thận,benh gan hoac benh than,1,kidney_disease,Bệnh thận,disease,renal,,,,,,Bệnh gan hoặc bệnh thận,or,true,medium,not_requested,matched,needs_review,Khớp alias/thuật ngữ bằng rule tất định; bắt buộc duyệt thủ công.,,
condition-mention:42484f5eeb188c63,Bệnh gan hoặc bệnh thận,benh gan hoac benh than,1,liver_disease,Bệnh gan,disease,hepatic,,,,,,Bệnh gan hoặc bệnh thận,or,true,medium,not_requested,matched,needs_review,Khớp alias/thuật ngữ bằng rule tất định; bắt buộc duyệt thủ công.,,
condition-mention:7f66b36de8166caf,Bệnh gan hoặc thận,benh gan hoac than,1,liver_disease,Bệnh gan,disease,hepatic,,,,,,Bệnh gan hoặc thận,or,true,medium,not_requested,matched,needs_review,Khớp alias/thuật ngữ bằng rule tất định; bắt buộc duyệt thủ công.,,
condition-mention:dc84b15cd0363c93,"Bệnh gan hoặc thận nặng, hạ thân nhiệt, suy giáp","benh gan hoac than nang, ha than nhiet, suy giap",1,liver_disease,Bệnh gan,disease,hepatic,,,,,,"Bệnh gan hoặc thận nặng, hạ thân nhiệt, suy giáp",or,true,medium,not_requested,matched,needs_review,Khớp alias/thuật ngữ bằng rule tất định; bắt buộc duyệt thủ công.,,
condition-mention:dc84b15cd0363c93,"Bệnh gan hoặc thận nặng, hạ thân nhiệt, suy giáp","benh gan hoac than nang, ha than nhiet, suy giap",1,hypothyroidism,Suy giáp,disease,endocrine,,,,,,"Bệnh gan hoặc thận nặng, hạ thân nhiệt, suy giáp",or,true,medium,not_requested,matched,needs_review,Khớp alias/thuật ngữ bằng rule tất định; bắt buộc duyệt thủ công.,,
condition-mention:ef17a4529f5410b8,"bệnh gan hoạt động hoặc tăng transaminase huyết thanh dai dẳng không rõ nguyên nhân, vượt quá 3 lần giới hạn trên của mức bình thường (ULN)","benh gan hoat dong hoac tang transaminase huyet thanh dai dang khong ro nguyen nhan, vuot qua 3 lan gioi han tren cua muc binh thuong uln",1,active_liver_disease,Bệnh gan đang hoạt động,disease,hepatic,,,,,,"bệnh gan hoạt động hoặc tăng transaminase huyết thanh dai dẳng không rõ nguyên nhân, vượt quá 3 lần giới hạn trên của mức bình thường (ULN)",or,true,medium,not_requested,matched,needs_review,Khớp alias/thuật ngữ bằng rule tất định; bắt buộc duyệt thủ công.,,
condition-mention:b09549336568f2e3,Bệnh gan hoạt động hoặc tăng transaminase liên tục không giải thích được,benh gan hoat dong hoac tang transaminase lien tuc khong giai thich duoc,1,active_liver_disease,Bệnh gan đang hoạt động,disease,hepatic,,,,,,Bệnh gan hoạt động hoặc tăng transaminase liên tục không giải thích được,or,true,medium,not_requested,matched,needs_review,Khớp alias/thuật ngữ bằng rule tất định; bắt buộc duyệt thủ công.,,
condition-mention:0c79124b3f9d46c9,Bệnh gan hoạt động hoặc transaminase huyết thanh tăng cao không rõ nguyên nhân,benh gan hoat dong hoac transaminase huyet thanh tang cao khong ro nguyen nhan,1,active_liver_disease,Bệnh gan đang hoạt động,disease,hepatic,,,,,,Bệnh gan hoạt động hoặc transaminase huyết thanh tăng cao không rõ nguyên nhân,or,true,medium,not_requested,matched,needs_review,Khớp alias/thuật ngữ bằng rule tất định; bắt buộc duyệt thủ công.,,
condition-mention:0c79124b3f9d46c9,Bệnh gan hoạt động hoặc transaminase huyết thanh tăng cao không rõ nguyên nhân,benh gan hoat dong hoac transaminase huyet thanh tang cao khong ro nguyen nhan,1,elevated_liver_enzymes,Tăng men gan/transaminase,clinical_finding,hepatic,,,,,,Bệnh gan hoạt động hoặc transaminase huyết thanh tăng cao không rõ nguyên nhân,or,true,medium,not_requested,matched,needs_review,Khớp alias/thuật ngữ bằng rule tất định; bắt buộc duyệt thủ công.,,
condition-mention:0ad2f9f88d8b4e0f,Bệnh gan mạn tính,benh gan man tinh,1,chronic_liver_disease,Bệnh gan mạn tính,disease,hepatic,,chronic,,,,Bệnh gan mạn tính,single,false,medium,not_requested,matched,needs_review,Khớp alias/thuật ngữ bằng rule tất định; bắt buộc duyệt thủ công.,,
condition-mention:569e7868f96f67d6,"Bệnh gan mạn tính còn bù hoặc ở thể hoạt động, suy tế bào gan, nghiện rượu mạn tính, suy dinh dưỡng kéo dài, hội chứng Gilbert và mất nước","benh gan man tinh con bu hoac o the hoat dong, suy te bao gan, nghien ruou man tinh, suy dinh duong keo dai, hoi chung gilbert va mat nuoc",1,chronic_liver_disease,Bệnh gan mạn tính,disease,hepatic,,,,,,"Bệnh gan mạn tính còn bù hoặc ở thể hoạt động, suy tế bào gan, nghiện rượu mạn tính, suy dinh dưỡng kéo dài, hội chứng Gilbert và mất nước",mixed,true,medium,not_requested,matched,needs_review,Khớp alias/thuật ngữ bằng rule tất định; bắt buộc duyệt thủ công.,,
condition-mention:569e7868f96f67d6,"Bệnh gan mạn tính còn bù hoặc ở thể hoạt động, suy tế bào gan, nghiện rượu mạn tính, suy dinh dưỡng kéo dài, hội chứng Gilbert và mất nước","benh gan man tinh con bu hoac o the hoat dong, suy te bao gan, nghien ruou man tinh, suy dinh duong keo dai, hoi chung gilbert va mat nuoc",1,gilbert_syndrome,Hội chứng Gilbert,disease,hepatic,,,,,,"Bệnh gan mạn tính còn bù hoặc ở thể hoạt động, suy tế bào gan, nghiện rượu mạn tính, suy dinh dưỡng kéo dài, hội chứng Gilbert và mất nước",mixed,true,medium,not_requested,matched,needs_review,Khớp alias/thuật ngữ bằng rule tất định; bắt buộc duyệt thủ công.,,
condition-mention:569e7868f96f67d6,"Bệnh gan mạn tính còn bù hoặc ở thể hoạt động, suy tế bào gan, nghiện rượu mạn tính, suy dinh dưỡng kéo dài, hội chứng Gilbert và mất nước","benh gan man tinh con bu hoac o the hoat dong, suy te bao gan, nghien ruou man tinh, suy dinh duong keo dai, hoi chung gilbert va mat nuoc",1,hepatic_impairment,Suy giảm chức năng gan,organ_impairment,hepatic,,,,,,"Bệnh gan mạn tính còn bù hoặc ở thể hoạt động, suy tế bào gan, nghiện rượu mạn tính, suy dinh dưỡng kéo dài, hội chứng Gilbert và mất nước",mixed,true,medium,not_requested,matched,needs_review,Khớp alias/thuật ngữ bằng rule tất định; bắt buộc duyệt thủ công.,,
condition-mention:569e7868f96f67d6,"Bệnh gan mạn tính còn bù hoặc ở thể hoạt động, suy tế bào gan, nghiện rượu mạn tính, suy dinh dưỡng kéo dài, hội chứng Gilbert và mất nước","benh gan man tinh con bu hoac o the hoat dong, suy te bao gan, nghien ruou man tinh, suy dinh duong keo dai, hoi chung gilbert va mat nuoc",1,dehydration,Mất nước,clinical_finding,metabolic,,,,,,"Bệnh gan mạn tính còn bù hoặc ở thể hoạt động, suy tế bào gan, nghiện rượu mạn tính, suy dinh dưỡng kéo dài, hội chứng Gilbert và mất nước",mixed,true,medium,not_requested,matched,needs_review,Khớp alias/thuật ngữ bằng rule tất định; bắt buộc duyệt thủ công.,,
condition-mention:569e7868f96f67d6,"Bệnh gan mạn tính còn bù hoặc ở thể hoạt động, suy tế bào gan, nghiện rượu mạn tính, suy dinh dưỡng kéo dài, hội chứng Gilbert và mất nước","benh gan man tinh con bu hoac o the hoat dong, suy te bao gan, nghien ruou man tinh, suy dinh duong keo dai, hoi chung gilbert va mat nuoc",1,malnutrition,Suy dinh dưỡng,clinical_finding,metabolic,,,,,,"Bệnh gan mạn tính còn bù hoặc ở thể hoạt động, suy tế bào gan, nghiện rượu mạn tính, suy dinh dưỡng kéo dài, hội chứng Gilbert và mất nước",mixed,true,medium,not_requested,matched,needs_review,Khớp alias/thuật ngữ bằng rule tất định; bắt buộc duyệt thủ công.,,
condition-mention:306750327c63d4eb,Bệnh gan mức độ trung bình,benh gan muc do trung binh,1,liver_disease,Bệnh gan,disease,hepatic,moderate,,,,,Bệnh gan mức độ trung bình,single,false,medium,not_requested,matched,needs_review,Khớp alias/thuật ngữ bằng rule tất định; bắt buộc duyệt thủ công.,,
condition-mention:d00a591cc89ca043,bệnh gan nặng / bệnh não do gan,benh gan nang benh nao do gan,1,hepatic_encephalopathy,Bệnh não gan,disease,hepatic,severe,,,,,bệnh gan nặng / bệnh não do gan,unclear,true,medium,not_requested,matched,needs_review,Khớp alias/thuật ngữ bằng rule tất định; bắt buộc duyệt thủ công.,,
condition-mention:69240e26b78ba7e1,Bệnh gan nặng hoặc có tiền sử bệnh gan nặng,benh gan nang hoac co tien su benh gan nang,1,liver_disease,Bệnh gan,disease,hepatic,severe,,,,,Bệnh gan nặng hoặc có tiền sử bệnh gan nặng,or,true,medium,not_requested,matched,needs_review,Khớp alias/thuật ngữ bằng rule tất định; bắt buộc duyệt thủ công.,,
condition-mention:1690f909c27c22c8,"Bệnh gan nặng, xơ gan tắc mật (ứ mật)","benh gan nang, xo gan tac mat u mat",1,cirrhosis,Xơ gan,disease,hepatic,,,,,,"Bệnh gan nặng, xơ gan tắc mật (ứ mật)",unclear,true,medium,not_requested,matched,needs_review,Khớp alias/thuật ngữ bằng rule tất định; bắt buộc duyệt thủ công.,,
condition-mention:1690f909c27c22c8,"Bệnh gan nặng, xơ gan tắc mật (ứ mật)","benh gan nang, xo gan tac mat u mat",1,cholestasis,Ứ mật,disease,hepatic,,,,,,"Bệnh gan nặng, xơ gan tắc mật (ứ mật)",unclear,true,medium,not_requested,matched,needs_review,Khớp alias/thuật ngữ bằng rule tất định; bắt buộc duyệt thủ công.,,
condition-mention:1690f909c27c22c8,"Bệnh gan nặng, xơ gan tắc mật (ứ mật)","benh gan nang, xo gan tac mat u mat",1,biliary_obstruction,Tắc nghẽn đường mật,disease,hepatic,,,,,,"Bệnh gan nặng, xơ gan tắc mật (ứ mật)",unclear,true,medium,not_requested,matched,needs_review,Khớp alias/thuật ngữ bằng rule tất định; bắt buộc duyệt thủ công.,,
condition-mention:c19190e146df14e3,Bệnh gan / Suy gan,benh gan suy gan,1,hepatic_impairment,Suy giảm chức năng gan,organ_impairment,hepatic,,,,,,Bệnh gan / Suy gan,unclear,true,medium,not_requested,matched,needs_review,Khớp alias/thuật ngữ bằng rule tất định; bắt buộc duyệt thủ công.,,
condition-mention:a383e313364e6606,Bệnh gan (tăng áp lực tĩnh mạch cửa và xơ gan),benh gan tang ap luc tinh mach cua va xo gan,1,cirrhosis,Xơ gan,disease,hepatic,,,,,,Bệnh gan (tăng áp lực tĩnh mạch cửa và xơ gan),and,true,medium,not_requested,matched,needs_review,Khớp alias/thuật ngữ bằng rule tất định; bắt buộc duyệt thủ công.,,
condition-mention:a383e313364e6606,Bệnh gan (tăng áp lực tĩnh mạch cửa và xơ gan),benh gan tang ap luc tinh mach cua va xo gan,1,portal_hypertension,Tăng áp lực tĩnh mạch cửa,disease,hepatic,,,,,,Bệnh gan (tăng áp lực tĩnh mạch cửa và xơ gan),and,true,medium,not_requested,matched,needs_review,Khớp alias/thuật ngữ bằng rule tất định; bắt buộc duyệt thủ công.,,
condition-mention:d2e98a9cb2347352,Bệnh gan thể hoạt động,benh gan the hoat dong,1,liver_disease,Bệnh gan,disease,hepatic,,,,,,Bệnh gan thể hoạt động,single,false,medium,not_requested,matched,needs_review,Khớp alias/thuật ngữ bằng rule tất định; bắt buộc duyệt thủ công.,,
condition-mention:9b2586fc1fde245e,Bệnh gan thể hoạt động hoặc tăng transaminase huyết tương kéo dài không rõ nguyên nhân,benh gan the hoat dong hoac tang transaminase huyet tuong keo dai khong ro nguyen nhan,1,liver_disease,Bệnh gan,disease,hepatic,,,,,,Bệnh gan thể hoạt động hoặc tăng transaminase huyết tương kéo dài không rõ nguyên nhân,or,true,medium,not_requested,matched,needs_review,Khớp alias/thuật ngữ bằng rule tất định; bắt buộc duyệt thủ công.,,
condition-mention:312f71afbaa7c822,bệnh gan tiến triển,benh gan tien trien,1,active_liver_disease,Bệnh gan đang hoạt động,disease,hepatic,,,,,,bệnh gan tiến triển,single,false,medium,not_requested,matched,needs_review,Khớp alias/thuật ngữ bằng rule tất định; bắt buộc duyệt thủ công.,,
condition-mention:2ca4f30b776096ad,Bệnh gan tiến triển (bao gồm xơ gan mật nguyên phát và bất thường chức năng gan dai dẳng không giải thích được),benh gan tien trien bao gom xo gan mat nguyen phat va bat thuong chuc nang gan dai dang khong giai thich duoc,1,active_liver_disease,Bệnh gan đang hoạt động,disease,hepatic,,,,,,Bệnh gan tiến triển (bao gồm xơ gan mật nguyên phát và bất thường chức năng gan dai dẳng không giải thích được),and,true,medium,not_requested,matched,needs_review,Khớp alias/thuật ngữ bằng rule tất định; bắt buộc duyệt thủ công.,,
condition-mention:2ca4f30b776096ad,Bệnh gan tiến triển (bao gồm xơ gan mật nguyên phát và bất thường chức năng gan dai dẳng không giải thích được),benh gan tien trien bao gom xo gan mat nguyen phat va bat thuong chuc nang gan dai dang khong giai thich duoc,1,cirrhosis,Xơ gan,disease,hepatic,,,,,,Bệnh gan tiến triển (bao gồm xơ gan mật nguyên phát và bất thường chức năng gan dai dẳng không giải thích được),and,true,medium,not_requested,matched,needs_review,Khớp alias/thuật ngữ bằng rule tất định; bắt buộc duyệt thủ công.,,
condition-mention:6a135159961b7203,Bệnh gan tiến triển hoặc enzym transaminase tăng ở mức cao không rõ nguyên nhân,benh gan tien trien hoac enzym transaminase tang o muc cao khong ro nguyen nhan,1,active_liver_disease,Bệnh gan đang hoạt động,disease,hepatic,,,,,,Bệnh gan tiến triển hoặc enzym transaminase tăng ở mức cao không rõ nguyên nhân,or,true,medium,not_requested,matched,needs_review,Khớp alias/thuật ngữ bằng rule tất định; bắt buộc duyệt thủ công.,,
condition-mention:6a135159961b7203,Bệnh gan tiến triển hoặc enzym transaminase tăng ở mức cao không rõ nguyên nhân,benh gan tien trien hoac enzym transaminase tang o muc cao khong ro nguyen nhan,1,elevated_liver_enzymes,Tăng men gan/transaminase,clinical_finding,hepatic,,,,,,Bệnh gan tiến triển hoặc enzym transaminase tăng ở mức cao không rõ nguyên nhân,or,true,medium,not_requested,matched,needs_review,Khớp alias/thuật ngữ bằng rule tất định; bắt buộc duyệt thủ công.,,
condition-mention:c6eeb67a78a73152,Bệnh gan tiến triển hoặc tăng transaminase huyết thanh kéo dài không rõ nguyên nhân,benh gan tien trien hoac tang transaminase huyet thanh keo dai khong ro nguyen nhan,1,active_liver_disease,Bệnh gan đang hoạt động,disease,hepatic,,,,,,Bệnh gan tiến triển hoặc tăng transaminase huyết thanh kéo dài không rõ nguyên nhân,or,true,medium,not_requested,matched,needs_review,Khớp alias/thuật ngữ bằng rule tất định; bắt buộc duyệt thủ công.,,
condition-mention:5837340d872a62d4,Bệnh gan tiến triển / Tăng dai dẳng không giải thích được các transaminase huyết thanh cao hơn 3 lần giới hạn trên của mức bình thường (ULN),benh gan tien trien tang dai dang khong giai thich duoc cac transaminase huyet thanh cao hon 3 lan gioi han tren cua muc binh thuong uln,1,active_liver_disease,Bệnh gan đang hoạt động,disease,hepatic,,,,,,Bệnh gan tiến triển / Tăng dai dẳng không giải thích được các transaminase huyết thanh cao hơn 3 lần giới hạn trên của mức bình thường (ULN),unclear,true,medium,not_requested,matched,needs_review,Khớp alias/thuật ngữ bằng rule tất định; bắt buộc duyệt thủ công.,,
condition-mention:5837340d872a62d4,Bệnh gan tiến triển / Tăng dai dẳng không giải thích được các transaminase huyết thanh cao hơn 3 lần giới hạn trên của mức bình thường (ULN),benh gan tien trien tang dai dang khong giai thich duoc cac transaminase huyet thanh cao hon 3 lan gioi han tren cua muc binh thuong uln,1,elevated_liver_enzymes,Tăng men gan/transaminase,clinical_finding,hepatic,,,,,,Bệnh gan tiến triển / Tăng dai dẳng không giải thích được các transaminase huyết thanh cao hơn 3 lần giới hạn trên của mức bình thường (ULN),unclear,true,medium,not_requested,matched,needs_review,Khớp alias/thuật ngữ bằng rule tất định; bắt buộc duyệt thủ công.,,
condition-mention:01c1101c688d07d2,Bệnh gan tiến triển / Xơ gan,benh gan tien trien xo gan,1,active_liver_disease,Bệnh gan đang hoạt động,disease,hepatic,,,,,,Bệnh gan tiến triển / Xơ gan,unclear,true,medium,not_requested,matched,needs_review,Khớp alias/thuật ngữ bằng rule tất định; bắt buộc duyệt thủ công.,,
condition-mention:01c1101c688d07d2,Bệnh gan tiến triển / Xơ gan,benh gan tien trien xo gan,1,cirrhosis,Xơ gan,disease,hepatic,,,,,,Bệnh gan tiến triển / Xơ gan,unclear,true,medium,not_requested,matched,needs_review,Khớp alias/thuật ngữ bằng rule tất định; bắt buộc duyệt thủ công.,,
condition-mention:a431664c7e25a1e0,"Bệnh gan tiến triển, hoặc nồng độ transaminase huyết thanh tăng cao liên tục không rõ nguyên nhân","benh gan tien trien, hoac nong do transaminase huyet thanh tang cao lien tuc khong ro nguyen nhan",1,active_liver_disease,Bệnh gan đang hoạt động,disease,hepatic,,,,,,"Bệnh gan tiến triển, hoặc nồng độ transaminase huyết thanh tăng cao liên tục không rõ nguyên nhân",or,true,medium,not_requested,matched,needs_review,Khớp alias/thuật ngữ bằng rule tất định; bắt buộc duyệt thủ công.,,
condition-mention:a431664c7e25a1e0,"Bệnh gan tiến triển, hoặc nồng độ transaminase huyết thanh tăng cao liên tục không rõ nguyên nhân","benh gan tien trien, hoac nong do transaminase huyet thanh tang cao lien tuc khong ro nguyen nhan",1,elevated_liver_enzymes,Tăng men gan/transaminase,clinical_finding,hepatic,,,,,,"Bệnh gan tiến triển, hoặc nồng độ transaminase huyết thanh tăng cao liên tục không rõ nguyên nhân",or,true,medium,not_requested,matched,needs_review,Khớp alias/thuật ngữ bằng rule tất định; bắt buộc duyệt thủ công.,,
condition-mention:29fab686f0ebf650,Bệnh gan / Yếu tố nguy cơ về bệnh gan,benh gan yeu to nguy co ve benh gan,1,liver_disease,Bệnh gan,disease,hepatic,,,,,,Bệnh gan / Yếu tố nguy cơ về bệnh gan,unclear,true,medium,not_requested,matched,needs_review,Khớp alias/thuật ngữ bằng rule tất định; bắt buộc duyệt thủ công.,,
condition-mention:cd27ed30802173bf,"Bệnh gan, suy tim, thiếu oxy máu nặng, suy hô hấp nặng, giảm thể tích máu hoặc sốc, block tim không hoàn toàn hoặc nhịp tim chậm, và rung nhĩ","benh gan, suy tim, thieu oxy mau nang, suy ho hap nang, giam the tich mau hoac soc, block tim khong hoan toan hoac nhip tim cham, va rung nhi",1,liver_disease,Bệnh gan,disease,hepatic,,,,,,"Bệnh gan, suy tim, thiếu oxy máu nặng, suy hô hấp nặng, giảm thể tích máu hoặc sốc, block tim không hoàn toàn hoặc nhịp tim chậm, và rung nhĩ",mixed,true,medium,not_requested,matched,needs_review,Khớp alias/thuật ngữ bằng rule tất định; bắt buộc duyệt thủ công.,,
condition-mention:cd27ed30802173bf,"Bệnh gan, suy tim, thiếu oxy máu nặng, suy hô hấp nặng, giảm thể tích máu hoặc sốc, block tim không hoàn toàn hoặc nhịp tim chậm, và rung nhĩ","benh gan, suy tim, thieu oxy mau nang, suy ho hap nang, giam the tich mau hoac soc, block tim khong hoan toan hoac nhip tim cham, va rung nhi",1,heart_failure,Suy tim,disease,cardiovascular,,,,,,"Bệnh gan, suy tim, thiếu oxy máu nặng, suy hô hấp nặng, giảm thể tích máu hoặc sốc, block tim không hoàn toàn hoặc nhịp tim chậm, và rung nhĩ",mixed,true,medium,not_requested,matched,needs_review,Khớp alias/thuật ngữ bằng rule tất định; bắt buộc duyệt thủ công.,,
condition-mention:cd27ed30802173bf,"Bệnh gan, suy tim, thiếu oxy máu nặng, suy hô hấp nặng, giảm thể tích máu hoặc sốc, block tim không hoàn toàn hoặc nhịp tim chậm, và rung nhĩ","benh gan, suy tim, thieu oxy mau nang, suy ho hap nang, giam the tich mau hoac soc, block tim khong hoan toan hoac nhip tim cham, va rung nhi",1,bradycardia,Nhịp tim chậm,clinical_finding,cardiovascular,,,,,,"Bệnh gan, suy tim, thiếu oxy máu nặng, suy hô hấp nặng, giảm thể tích máu hoặc sốc, block tim không hoàn toàn hoặc nhịp tim chậm, và rung nhĩ",mixed,true,medium,not_requested,matched,needs_review,Khớp alias/thuật ngữ bằng rule tất định; bắt buộc duyệt thủ công.,,
condition-mention:cd27ed30802173bf,"Bệnh gan, suy tim, thiếu oxy máu nặng, suy hô hấp nặng, giảm thể tích máu hoặc sốc, block tim không hoàn toàn hoặc nhịp tim chậm, và rung nhĩ","benh gan, suy tim, thieu oxy mau nang, suy ho hap nang, giam the tich mau hoac soc, block tim khong hoan toan hoac nhip tim cham, va rung nhi",1,atrioventricular_block,Blốc nhĩ thất,disease,cardiovascular,,,,,,"Bệnh gan, suy tim, thiếu oxy máu nặng, suy hô hấp nặng, giảm thể tích máu hoặc sốc, block tim không hoàn toàn hoặc nhịp tim chậm, và rung nhĩ",mixed,true,medium,not_requested,matched,needs_review,Khớp alias/thuật ngữ bằng rule tất định; bắt buộc duyệt thủ công.,,
condition-mention:cd27ed30802173bf,"Bệnh gan, suy tim, thiếu oxy máu nặng, suy hô hấp nặng, giảm thể tích máu hoặc sốc, block tim không hoàn toàn hoặc nhịp tim chậm, và rung nhĩ","benh gan, suy tim, thieu oxy mau nang, suy ho hap nang, giam the tich mau hoac soc, block tim khong hoan toan hoac nhip tim cham, va rung nhi",1,atrial_fibrillation,Rung nhĩ,disease,cardiovascular,,,,,,"Bệnh gan, suy tim, thiếu oxy máu nặng, suy hô hấp nặng, giảm thể tích máu hoặc sốc, block tim không hoàn toàn hoặc nhịp tim chậm, và rung nhĩ",mixed,true,medium,not_requested,matched,needs_review,Khớp alias/thuật ngữ bằng rule tất định; bắt buộc duyệt thủ công.,,
condition-mention:cd27ed30802173bf,"Bệnh gan, suy tim, thiếu oxy máu nặng, suy hô hấp nặng, giảm thể tích máu hoặc sốc, block tim không hoàn toàn hoặc nhịp tim chậm, và rung nhĩ","benh gan, suy tim, thieu oxy mau nang, suy ho hap nang, giam the tich mau hoac soc, block tim khong hoan toan hoac nhip tim cham, va rung nhi",1,shock,Sốc,clinical_finding,systemic,,,,,,"Bệnh gan, suy tim, thiếu oxy máu nặng, suy hô hấp nặng, giảm thể tích máu hoặc sốc, block tim không hoàn toàn hoặc nhịp tim chậm, và rung nhĩ",mixed,true,medium,not_requested,matched,needs_review,Khớp alias/thuật ngữ bằng rule tất định; bắt buộc duyệt thủ công.,,
condition-mention:cd27ed30802173bf,"Bệnh gan, suy tim, thiếu oxy máu nặng, suy hô hấp nặng, giảm thể tích máu hoặc sốc, block tim không hoàn toàn hoặc nhịp tim chậm, và rung nhĩ","benh gan, suy tim, thieu oxy mau nang, suy ho hap nang, giam the tich mau hoac soc, block tim khong hoan toan hoac nhip tim cham, va rung nhi",1,respiratory_failure,Suy hô hấp,organ_impairment,respiratory,,,,,,"Bệnh gan, suy tim, thiếu oxy máu nặng, suy hô hấp nặng, giảm thể tích máu hoặc sốc, block tim không hoàn toàn hoặc nhịp tim chậm, và rung nhĩ",mixed,true,medium,not_requested,matched,needs_review,Khớp alias/thuật ngữ bằng rule tất định; bắt buộc duyệt thủ công.,,
condition-mention:cd27ed30802173bf,"Bệnh gan, suy tim, thiếu oxy máu nặng, suy hô hấp nặng, giảm thể tích máu hoặc sốc, block tim không hoàn toàn hoặc nhịp tim chậm, và rung nhĩ","benh gan, suy tim, thieu oxy mau nang, suy ho hap nang, giam the tich mau hoac soc, block tim khong hoan toan hoac nhip tim cham, va rung nhi",1,hypoxemia,Thiếu oxy máu,clinical_finding,respiratory,,,,,,"Bệnh gan, suy tim, thiếu oxy máu nặng, suy hô hấp nặng, giảm thể tích máu hoặc sốc, block tim không hoàn toàn hoặc nhịp tim chậm, và rung nhĩ",mixed,true,medium,not_requested,matched,needs_review,Khớp alias/thuật ngữ bằng rule tất định; bắt buộc duyệt thủ công.,,
condition-mention:cd27ed30802173bf,"Bệnh gan, suy tim, thiếu oxy máu nặng, suy hô hấp nặng, giảm thể tích máu hoặc sốc, block tim không hoàn toàn hoặc nhịp tim chậm, và rung nhĩ","benh gan, suy tim, thieu oxy mau nang, suy ho hap nang, giam the tich mau hoac soc, block tim khong hoan toan hoac nhip tim cham, va rung nhi",1,hypovolemia,Giảm thể tích tuần hoàn,clinical_finding,metabolic,,,,,,"Bệnh gan, suy tim, thiếu oxy máu nặng, suy hô hấp nặng, giảm thể tích máu hoặc sốc, block tim không hoàn toàn hoặc nhịp tim chậm, và rung nhĩ",mixed,true,medium,not_requested,matched,needs_review,Khớp alias/thuật ngữ bằng rule tất định; bắt buộc duyệt thủ công.,,
condition-mention:2b5db00a89be55d4,"Bệnh gan, tăng áp lực tĩnh mạch cửa và xơ gan","benh gan, tang ap luc tinh mach cua va xo gan",1,cirrhosis,Xơ gan,disease,hepatic,,,,,,"Bệnh gan, tăng áp lực tĩnh mạch cửa và xơ gan",and,true,medium,not_requested,matched,needs_review,Khớp alias/thuật ngữ bằng rule tất định; bắt buộc duyệt thủ công.,,
condition-mention:2b5db00a89be55d4,"Bệnh gan, tăng áp lực tĩnh mạch cửa và xơ gan","benh gan, tang ap luc tinh mach cua va xo gan",1,portal_hypertension,Tăng áp lực tĩnh mạch cửa,disease,hepatic,,,,,,"Bệnh gan, tăng áp lực tĩnh mạch cửa và xơ gan",and,true,medium,not_requested,matched,needs_review,Khớp alias/thuật ngữ bằng rule tất định; bắt buộc duyệt thủ công.,,
condition-mention:3f4f4bd96a5aa5df,Bệnh gây mỏng giác mạc hoặc củng mạc,benh gay mong giac mac hoac cung mac,1,corneal_disorder,Bệnh giác mạc/củng mạc,disease,ophthalmic,,,,,,Bệnh gây mỏng giác mạc hoặc củng mạc,or,true,medium,not_requested,matched,needs_review,Khớp alias/thuật ngữ bằng rule tất định; bắt buộc duyệt thủ công.,,
condition-mention:89f3aef23cbb218c,"Bệnh gây tình trạng thiếu oxy mô (suy tim mất bù, suy hô hấp, nhồi máu cơ tim gần đây, sốc)","benh gay tinh trang thieu oxy mo suy tim mat bu, suy ho hap, nhoi mau co tim gan day, soc",1,heart_failure,Suy tim,disease,cardiovascular,,,,,,"Bệnh gây tình trạng thiếu oxy mô (suy tim mất bù, suy hô hấp, nhồi máu cơ tim gần đây, sốc)",unclear,true,medium,not_requested,matched,needs_review,Khớp alias/thuật ngữ bằng rule tất định; bắt buộc duyệt thủ công.,,
condition-mention:89f3aef23cbb218c,"Bệnh gây tình trạng thiếu oxy mô (suy tim mất bù, suy hô hấp, nhồi máu cơ tim gần đây, sốc)","benh gay tinh trang thieu oxy mo suy tim mat bu, suy ho hap, nhoi mau co tim gan day, soc",1,myocardial_infarction,Nhồi máu cơ tim,disease,cardiovascular,,,,,,"Bệnh gây tình trạng thiếu oxy mô (suy tim mất bù, suy hô hấp, nhồi máu cơ tim gần đây, sốc)",unclear,true,medium,not_requested,matched,needs_review,Khớp alias/thuật ngữ bằng rule tất định; bắt buộc duyệt thủ công.,,
condition-mention:89f3aef23cbb218c,"Bệnh gây tình trạng thiếu oxy mô (suy tim mất bù, suy hô hấp, nhồi máu cơ tim gần đây, sốc)","benh gay tinh trang thieu oxy mo suy tim mat bu, suy ho hap, nhoi mau co tim gan day, soc",1,shock,Sốc,clinical_finding,systemic,,,,,,"Bệnh gây tình trạng thiếu oxy mô (suy tim mất bù, suy hô hấp, nhồi máu cơ tim gần đây, sốc)",unclear,true,medium,not_requested,matched,needs_review,Khớp alias/thuật ngữ bằng rule tất định; bắt buộc duyệt thủ công.,,
condition-mention:89f3aef23cbb218c,"Bệnh gây tình trạng thiếu oxy mô (suy tim mất bù, suy hô hấp, nhồi máu cơ tim gần đây, sốc)","benh gay tinh trang thieu oxy mo suy tim mat bu, suy ho hap, nhoi mau co tim gan day, soc",1,respiratory_failure,Suy hô hấp,organ_impairment,respiratory,,,,,,"Bệnh gây tình trạng thiếu oxy mô (suy tim mất bù, suy hô hấp, nhồi máu cơ tim gần đây, sốc)",unclear,true,medium,not_requested,matched,needs_review,Khớp alias/thuật ngữ bằng rule tất định; bắt buộc duyệt thủ công.,,
condition-mention:89f3aef23cbb218c,"Bệnh gây tình trạng thiếu oxy mô (suy tim mất bù, suy hô hấp, nhồi máu cơ tim gần đây, sốc)","benh gay tinh trang thieu oxy mo suy tim mat bu, suy ho hap, nhoi mau co tim gan day, soc",1,hypoxemia,Thiếu oxy máu,clinical_finding,respiratory,,,,,,"Bệnh gây tình trạng thiếu oxy mô (suy tim mất bù, suy hô hấp, nhồi máu cơ tim gần đây, sốc)",unclear,true,medium,not_requested,matched,needs_review,Khớp alias/thuật ngữ bằng rule tất định; bắt buộc duyệt thủ công.,,
condition-mention:6005c946c67f477e,Bệnh glôcôm hoặc bệnh nhân có khả năng bị tăng nhãn áp do có góc hẹp hay tiền phòng nông,benh glocom hoac benh nhan co kha nang bi tang nhan ap do co goc hep hay tien phong nong,1,angle_closure_glaucoma,Glôcôm góc đóng/góc hẹp,disease,ophthalmic,,,,,,Bệnh glôcôm hoặc bệnh nhân có khả năng bị tăng nhãn áp do có góc hẹp hay tiền phòng nông,or,true,medium,not_requested,matched,needs_review,Khớp alias/thuật ngữ bằng rule tất định; bắt buộc duyệt thủ công.,,
condition-mention:45b931e360afe06a,Bệnh gloucom góc đóng,benh gloucom goc dong,1,angle_closure_glaucoma,Glôcôm góc đóng/góc hẹp,disease,ophthalmic,,,,,,Bệnh gloucom góc đóng,single,false,medium,not_requested,matched,needs_review,Khớp alias/thuật ngữ bằng rule tất định; bắt buộc duyệt thủ công.,,
condition-mention:76ed01a164e3b80e,bệnh hen suyễn mạn tính,benh hen suyen man tinh,1,asthma,Hen phế quản,disease,respiratory,,chronic,,,,bệnh hen suyễn mạn tính,single,false,medium,not_requested,matched,needs_review,Khớp alias/thuật ngữ bằng rule tất định; bắt buộc duyệt thủ công.,,
condition-mention:f864fb7a21965148,bệnh hen suyễn và bệnh đường hô hấp tắc nghẽn,benh hen suyen va benh duong ho hap tac nghen,1,asthma,Hen phế quản,disease,respiratory,,,,,,bệnh hen suyễn và bệnh đường hô hấp tắc nghẽn,and,true,medium,not_requested,matched,needs_review,Khớp alias/thuật ngữ bằng rule tất định; bắt buộc duyệt thủ công.,,
condition-mention:973421f6257856bc,Bệnh Huntington,benh huntington,1,huntington_disease,Bệnh Huntington,disease,neurologic,,,,,,Bệnh Huntington,single,false,medium,not_requested,matched,needs_review,Khớp alias/thuật ngữ bằng rule tất định; bắt buộc duyệt thủ công.,,
condition-mention:9ef3a96d9a09ef4b,Bệnh huyết khối tắc mạch,benh huyet khoi tac mach,1,thrombosis,Huyết khối,disease,hematologic,,,,,,Bệnh huyết khối tắc mạch,single,false,medium,not_requested,matched,needs_review,Khớp alias/thuật ngữ bằng rule tất định; bắt buộc duyệt thủ công.,,
condition-mention:df93be92818f14c9,"Bệnh huyết khối tắc mạch / Nguy cơ huyết khối (nhồi máu cơ tim, tai biến mạch máu não)","benh huyet khoi tac mach nguy co huyet khoi nhoi mau co tim, tai bien mach mau nao",1,myocardial_infarction,Nhồi máu cơ tim,disease,cardiovascular,,,,,,"Bệnh huyết khối tắc mạch / Nguy cơ huyết khối (nhồi máu cơ tim, tai biến mạch máu não)",unclear,true,medium,not_requested,matched,needs_review,Khớp alias/thuật ngữ bằng rule tất định; bắt buộc duyệt thủ công.,,
condition-mention:df93be92818f14c9,"Bệnh huyết khối tắc mạch / Nguy cơ huyết khối (nhồi máu cơ tim, tai biến mạch máu não)","benh huyet khoi tac mach nguy co huyet khoi nhoi mau co tim, tai bien mach mau nao",1,stroke,Đột quỵ/tai biến mạch máu não,disease,neurologic,,,,,,"Bệnh huyết khối tắc mạch / Nguy cơ huyết khối (nhồi máu cơ tim, tai biến mạch máu não)",unclear,true,medium,not_requested,matched,needs_review,Khớp alias/thuật ngữ bằng rule tất định; bắt buộc duyệt thủ công.,,
condition-mention:df93be92818f14c9,"Bệnh huyết khối tắc mạch / Nguy cơ huyết khối (nhồi máu cơ tim, tai biến mạch máu não)","benh huyet khoi tac mach nguy co huyet khoi nhoi mau co tim, tai bien mach mau nao",1,thrombosis,Huyết khối,disease,hematologic,,,,,,"Bệnh huyết khối tắc mạch / Nguy cơ huyết khối (nhồi máu cơ tim, tai biến mạch máu não)",unclear,true,medium,not_requested,matched,needs_review,Khớp alias/thuật ngữ bằng rule tất định; bắt buộc duyệt thủ công.,,
condition-mention:31505fe33fe43d68,"bệnh không dung nạp galactose di truyền hiếm gặp, thiếu hụt Lapp lactase hoặc chứng kém hấp thu glucose - galactose","benh khong dung nap galactose di truyen hiem gap, thieu hut lapp lactase hoac chung kem hap thu glucose galactose",1,hereditary_galactose_intolerance,Không dung nạp galactose di truyền,disease,metabolic,,,,,,"bệnh không dung nạp galactose di truyền hiếm gặp, thiếu hụt Lapp lactase hoặc chứng kém hấp thu glucose - galactose",or,true,medium,not_requested,matched,needs_review,Khớp alias/thuật ngữ bằng rule tất định; bắt buộc duyệt thủ công.,,
condition-mention:31505fe33fe43d68,"bệnh không dung nạp galactose di truyền hiếm gặp, thiếu hụt Lapp lactase hoặc chứng kém hấp thu glucose - galactose","benh khong dung nap galactose di truyen hiem gap, thieu hut lapp lactase hoac chung kem hap thu glucose galactose",1,glucose_galactose_malabsorption,Kém hấp thu glucose-galactose,disease,metabolic,,,,,,"bệnh không dung nạp galactose di truyền hiếm gặp, thiếu hụt Lapp lactase hoặc chứng kém hấp thu glucose - galactose",or,true,medium,not_requested,matched,needs_review,Khớp alias/thuật ngữ bằng rule tất định; bắt buộc duyệt thủ công.,,
condition-mention:31505fe33fe43d68,"bệnh không dung nạp galactose di truyền hiếm gặp, thiếu hụt Lapp lactase hoặc chứng kém hấp thu glucose - galactose","benh khong dung nap galactose di truyen hiem gap, thieu hut lapp lactase hoac chung kem hap thu glucose galactose",1,lactase_deficiency,Thiếu hụt lactase,disease,metabolic,,,,,,"bệnh không dung nạp galactose di truyền hiếm gặp, thiếu hụt Lapp lactase hoặc chứng kém hấp thu glucose - galactose",or,true,medium,not_requested,matched,needs_review,Khớp alias/thuật ngữ bằng rule tất định; bắt buộc duyệt thủ công.,,
condition-mention:5214d80c1731031c,"Bệnh không nạp galactose di truyền, thiếu hụt Lapp lactase hoặc chứng kém hấp thu glucose-galactose","benh khong nap galactose di truyen, thieu hut lapp lactase hoac chung kem hap thu glucose galactose",1,hereditary_galactose_intolerance,Không dung nạp galactose di truyền,disease,metabolic,,,,,,"Bệnh không nạp galactose di truyền, thiếu hụt Lapp lactase hoặc chứng kém hấp thu glucose-galactose",or,true,medium,not_requested,matched,needs_review,Khớp alias/thuật ngữ bằng rule tất định; bắt buộc duyệt thủ công.,,
condition-mention:5214d80c1731031c,"Bệnh không nạp galactose di truyền, thiếu hụt Lapp lactase hoặc chứng kém hấp thu glucose-galactose","benh khong nap galactose di truyen, thieu hut lapp lactase hoac chung kem hap thu glucose galactose",1,glucose_galactose_malabsorption,Kém hấp thu glucose-galactose,disease,metabolic,,,,,,"Bệnh không nạp galactose di truyền, thiếu hụt Lapp lactase hoặc chứng kém hấp thu glucose-galactose",or,true,medium,not_requested,matched,needs_review,Khớp alias/thuật ngữ bằng rule tất định; bắt buộc duyệt thủ công.,,
condition-mention:5214d80c1731031c,"Bệnh không nạp galactose di truyền, thiếu hụt Lapp lactase hoặc chứng kém hấp thu glucose-galactose","benh khong nap galactose di truyen, thieu hut lapp lactase hoac chung kem hap thu glucose galactose",1,lactase_deficiency,Thiếu hụt lactase,disease,metabolic,,,,,,"Bệnh không nạp galactose di truyền, thiếu hụt Lapp lactase hoặc chứng kém hấp thu glucose-galactose",or,true,medium,not_requested,matched,needs_review,Khớp alias/thuật ngữ bằng rule tất định; bắt buộc duyệt thủ công.,,
condition-mention:d26243a3e3cf1f47,Bệnh Leber’s (bệnh teo thần kinh thị giác),benh leber’s benh teo than kinh thi giac,1,optic_neuropathy,Bệnh thần kinh thị giác,disease,ophthalmic,,,,,,Bệnh Leber’s (bệnh teo thần kinh thị giác),single,false,medium,not_requested,matched,needs_review,Khớp alias/thuật ngữ bằng rule tất định; bắt buộc duyệt thủ công.,,
condition-mention:6e51f343ee638ff3,Bệnh loạn tâm thần mạn,benh loan tam than man,1,psychotic_disorder,Rối loạn tâm thần,disease,psychiatric,,chronic,,,,Bệnh loạn tâm thần mạn,single,false,medium,not_requested,matched,needs_review,Khớp alias/thuật ngữ bằng rule tất định; bắt buộc duyệt thủ công.,,
condition-mention:287bee1761a0879b,Bệnh loét dạ dày,benh loet da day,1,peptic_ulcer,Loét dạ dày–tá tràng,disease,gastrointestinal,,,,,,Bệnh loét dạ dày,single,false,medium,not_requested,matched,needs_review,Khớp alias/thuật ngữ bằng rule tất định; bắt buộc duyệt thủ công.,,
condition-mention:7e454f7d5d9ec499,"Bệnh lý cấp/mạn tính làm giảm oxy mô (suy tim, suy hô hấp, nhồi máu cơ tim, sốc)","benh ly cap man tinh lam giam oxy mo suy tim, suy ho hap, nhoi mau co tim, soc",1,heart_failure,Suy tim,disease,cardiovascular,,,,,,"Bệnh lý cấp/mạn tính làm giảm oxy mô (suy tim, suy hô hấp, nhồi máu cơ tim, sốc)",unclear,true,medium,not_requested,matched,needs_review,Khớp alias/thuật ngữ bằng rule tất định; bắt buộc duyệt thủ công.,,
condition-mention:7e454f7d5d9ec499,"Bệnh lý cấp/mạn tính làm giảm oxy mô (suy tim, suy hô hấp, nhồi máu cơ tim, sốc)","benh ly cap man tinh lam giam oxy mo suy tim, suy ho hap, nhoi mau co tim, soc",1,myocardial_infarction,Nhồi máu cơ tim,disease,cardiovascular,,,,,,"Bệnh lý cấp/mạn tính làm giảm oxy mô (suy tim, suy hô hấp, nhồi máu cơ tim, sốc)",unclear,true,medium,not_requested,matched,needs_review,Khớp alias/thuật ngữ bằng rule tất định; bắt buộc duyệt thủ công.,,
condition-mention:7e454f7d5d9ec499,"Bệnh lý cấp/mạn tính làm giảm oxy mô (suy tim, suy hô hấp, nhồi máu cơ tim, sốc)","benh ly cap man tinh lam giam oxy mo suy tim, suy ho hap, nhoi mau co tim, soc",1,shock,Sốc,clinical_finding,systemic,,,,,,"Bệnh lý cấp/mạn tính làm giảm oxy mô (suy tim, suy hô hấp, nhồi máu cơ tim, sốc)",unclear,true,medium,not_requested,matched,needs_review,Khớp alias/thuật ngữ bằng rule tất định; bắt buộc duyệt thủ công.,,
condition-mention:7e454f7d5d9ec499,"Bệnh lý cấp/mạn tính làm giảm oxy mô (suy tim, suy hô hấp, nhồi máu cơ tim, sốc)","benh ly cap man tinh lam giam oxy mo suy tim, suy ho hap, nhoi mau co tim, soc",1,respiratory_failure,Suy hô hấp,organ_impairment,respiratory,,,,,,"Bệnh lý cấp/mạn tính làm giảm oxy mô (suy tim, suy hô hấp, nhồi máu cơ tim, sốc)",unclear,true,medium,not_requested,matched,needs_review,Khớp alias/thuật ngữ bằng rule tất định; bắt buộc duyệt thủ công.,,
condition-mention:0678db4fffe02f6d,"Bệnh lý cột sống (hẹp đốt sống, viêm, lao, u bướu, chấn thương đốt sống...)","benh ly cot song hep dot song, viem, lao, u buou, chan thuong dot song...",1,tuberculosis,Bệnh lao,disease,infectious,,,,,,"Bệnh lý cột sống (hẹp đốt sống, viêm, lao, u bướu, chấn thương đốt sống...)",single,false,medium,not_requested,matched,needs_review,Khớp alias/thuật ngữ bằng rule tất định; bắt buộc duyệt thủ công.,,
condition-mention:b0a4dae514de8a38,Bệnh lý dạ dày ác tính,benh ly da day ac tinh,1,malignancy,Bệnh ác tính,disease,oncologic,,,,,,Bệnh lý dạ dày ác tính,single,false,medium,not_requested,matched,needs_review,Khớp alias/thuật ngữ bằng rule tất định; bắt buộc duyệt thủ công.,,
condition-mention:bf61e21513f3cdef,Bệnh lý do tăng áp lực ổ bụng (thoát vị),benh ly do tang ap luc o bung thoat vi,1,hernia,Thoát vị,disease,gastrointestinal,,,,,,Bệnh lý do tăng áp lực ổ bụng (thoát vị),single,false,medium,not_requested,matched,needs_review,Khớp alias/thuật ngữ bằng rule tất định; bắt buộc duyệt thủ công.,,
condition-mention:95cf4c8858879984,Bệnh lý đường tiêu hóa mạn tính với các bệnh cần phải ăn uống có kiểm soát,benh ly duong tieu hoa man tinh voi cac benh can phai an uong co kiem soat,1,gastrointestinal_disease,Bệnh đường tiêu hóa,disease,gastrointestinal,,chronic,,,,Bệnh lý đường tiêu hóa mạn tính với các bệnh cần phải ăn uống có kiểm soát,single,false,medium,not_requested,matched,needs_review,Khớp alias/thuật ngữ bằng rule tất định; bắt buộc duyệt thủ công.,,
condition-mention:243dfb152ea1c484,"Bệnh lý đường tiêu hóa, đặc biệt viêm đại tràng","benh ly duong tieu hoa, dac biet viem dai trang",1,colitis,Viêm đại tràng,disease,gastrointestinal,,,,,,"Bệnh lý đường tiêu hóa, đặc biệt viêm đại tràng",unclear,true,medium,not_requested,matched,needs_review,Khớp alias/thuật ngữ bằng rule tất định; bắt buộc duyệt thủ công.,,
condition-mention:e5763954536a7eff,bệnh lý hệ thần kinh ngoại biên hoặc hệ thần kinh trung ương cấp và mạn tính,benh ly he than kinh ngoai bien hoac he than kinh trung uong cap va man tinh,1,nervous_system_disease,Bệnh hệ thần kinh,disease,neurologic,,acute,,,,bệnh lý hệ thần kinh ngoại biên hoặc hệ thần kinh trung ương cấp và mạn tính,mixed,true,medium,not_requested,matched,needs_review,Khớp alias/thuật ngữ bằng rule tất định; bắt buộc duyệt thủ công.,,
condition-mention:613abfb44b0c8011,"Bệnh lý hệ thần kinh trung ương tiến triển (viêm màng não, viêm tủy xám, xuất huyết nội sọ, thoái hóa tủy sống bán cấp do thiếu máu ác tính và u bướu não tủy)","benh ly he than kinh trung uong tien trien viem mang nao, viem tuy xam, xuat huyet noi so, thoai hoa tuy song ban cap do thieu mau ac tinh va u buou nao tuy",1,intracranial_hemorrhage,Xuất huyết nội sọ,disease,neurologic,,,,,,"Bệnh lý hệ thần kinh trung ương tiến triển (viêm màng não, viêm tủy xám, xuất huyết nội sọ, thoái hóa tủy sống bán cấp do thiếu máu ác tính và u bướu não tủy)",and,true,medium,not_requested,matched,needs_review,Khớp alias/thuật ngữ bằng rule tất định; bắt buộc duyệt thủ công.,,
condition-mention:613abfb44b0c8011,"Bệnh lý hệ thần kinh trung ương tiến triển (viêm màng não, viêm tủy xám, xuất huyết nội sọ, thoái hóa tủy sống bán cấp do thiếu máu ác tính và u bướu não tủy)","benh ly he than kinh trung uong tien trien viem mang nao, viem tuy xam, xuat huyet noi so, thoai hoa tuy song ban cap do thieu mau ac tinh va u buou nao tuy",1,pancreatitis,Viêm tụy,disease,gastrointestinal,,,,,,"Bệnh lý hệ thần kinh trung ương tiến triển (viêm màng não, viêm tủy xám, xuất huyết nội sọ, thoái hóa tủy sống bán cấp do thiếu máu ác tính và u bướu não tủy)",and,true,medium,not_requested,matched,needs_review,Khớp alias/thuật ngữ bằng rule tất định; bắt buộc duyệt thủ công.,,
condition-mention:613abfb44b0c8011,"Bệnh lý hệ thần kinh trung ương tiến triển (viêm màng não, viêm tủy xám, xuất huyết nội sọ, thoái hóa tủy sống bán cấp do thiếu máu ác tính và u bướu não tủy)","benh ly he than kinh trung uong tien trien viem mang nao, viem tuy xam, xuat huyet noi so, thoai hoa tuy song ban cap do thieu mau ac tinh va u buou nao tuy",1,anemia,Thiếu máu,disease,hematologic,,,,,,"Bệnh lý hệ thần kinh trung ương tiến triển (viêm màng não, viêm tủy xám, xuất huyết nội sọ, thoái hóa tủy sống bán cấp do thiếu máu ác tính và u bướu não tủy)",and,true,medium,not_requested,matched,needs_review,Khớp alias/thuật ngữ bằng rule tất định; bắt buộc duyệt thủ công.,,
condition-mention:613abfb44b0c8011,"Bệnh lý hệ thần kinh trung ương tiến triển (viêm màng não, viêm tủy xám, xuất huyết nội sọ, thoái hóa tủy sống bán cấp do thiếu máu ác tính và u bướu não tủy)","benh ly he than kinh trung uong tien trien viem mang nao, viem tuy xam, xuat huyet noi so, thoai hoa tuy song ban cap do thieu mau ac tinh va u buou nao tuy",1,meningitis,Viêm màng não,disease,infectious,,,,,,"Bệnh lý hệ thần kinh trung ương tiến triển (viêm màng não, viêm tủy xám, xuất huyết nội sọ, thoái hóa tủy sống bán cấp do thiếu máu ác tính và u bướu não tủy)",and,true,medium,not_requested,matched,needs_review,Khớp alias/thuật ngữ bằng rule tất định; bắt buộc duyệt thủ công.,,
condition-mention:0a922d5945075914,Bệnh lý nghiêm trọng của hệ tạo máu,benh ly nghiem trong cua he tao mau,1,blood_disorder,Bệnh lý về máu,disease,hematologic,severe,,,,,Bệnh lý nghiêm trọng của hệ tạo máu,single,false,medium,not_requested,matched,needs_review,Khớp alias/thuật ngữ bằng rule tất định; bắt buộc duyệt thủ công.,,
condition-mention:691d355b0aa72830,"Bệnh lý trên thần kinh trung ương (động kinh, xơ cứng mạch não...)","benh ly tren than kinh trung uong dong kinh, xo cung mach nao...",1,epilepsy,Động kinh/co giật,disease,neurologic,,,,,,"Bệnh lý trên thần kinh trung ương (động kinh, xơ cứng mạch não...)",single,false,medium,not_requested,matched,needs_review,Khớp alias/thuật ngữ bằng rule tất định; bắt buộc duyệt thủ công.,,
condition-mention:0e8c9acd1a6eff95,"Bệnh lý ứ dịch khoang thứ ba của cơ thể (tràn dịch màng phổi, cổ trướng)","benh ly u dich khoang thu ba cua co the tran dich mang phoi, co truong",1,third_space_fluid,Ứ dịch khoang thứ ba,clinical_finding,systemic,,,,,,"Bệnh lý ứ dịch khoang thứ ba của cơ thể (tràn dịch màng phổi, cổ trướng)",single,false,medium,not_requested,matched,needs_review,Khớp alias/thuật ngữ bằng rule tất định; bắt buộc duyệt thủ công.,,
condition-mention:552517642c3effe1,Bệnh lý về cơ,benh ly ve co,1,muscle_disease,Bệnh cơ,disease,neuromuscular,,,,,,Bệnh lý về cơ,single,false,medium,not_requested,matched,needs_review,Khớp alias/thuật ngữ bằng rule tất định; bắt buộc duyệt thủ công.,,
condition-mention:3a2af0d2651ec083,Bệnh lý về gan thể tiến triển / Tăng dai dẳng không tìm được nguyên nhân của transaminase huyết thanh,benh ly ve gan the tien trien tang dai dang khong tim duoc nguyen nhan cua transaminase huyet thanh,1,liver_disease,Bệnh gan,disease,hepatic,,,,,,Bệnh lý về gan thể tiến triển / Tăng dai dẳng không tìm được nguyên nhân của transaminase huyết thanh,unclear,true,medium,not_requested,matched,needs_review,Khớp alias/thuật ngữ bằng rule tất định; bắt buộc duyệt thủ công.,,
condition-mention:dcd6d9b34ee26a98,bệnh mạch máu não,benh mach mau nao,1,cerebrovascular_disease,Bệnh mạch máu não,disease,neurologic,,,,,,bệnh mạch máu não,single,false,medium,not_requested,matched,needs_review,Khớp alias/thuật ngữ bằng rule tất định; bắt buộc duyệt thủ công.,,
condition-mention:a43d59258c94db7f,Bệnh mạch máu ngoại biên nặng đe dọa hoại tử,benh mach mau ngoai bien nang de doa hoai tu,1,peripheral_arterial_disease,Bệnh động mạch ngoại biên,disease,cardiovascular,severe,,,,,Bệnh mạch máu ngoại biên nặng đe dọa hoại tử,single,false,medium,not_requested,matched,needs_review,Khớp alias/thuật ngữ bằng rule tất định; bắt buộc duyệt thủ công.,,
condition-mention:833d7103c420cd15,Bệnh mạch máu ngoại vi,benh mach mau ngoai vi,1,peripheral_arterial_disease,Bệnh động mạch ngoại biên,disease,cardiovascular,,,,,,Bệnh mạch máu ngoại vi,single,false,medium,not_requested,matched,needs_review,Khớp alias/thuật ngữ bằng rule tất định; bắt buộc duyệt thủ công.,,
condition-mention:367d0df4841a0d61,Bệnh mạch ngoại biên,benh mach ngoai bien,1,peripheral_arterial_disease,Bệnh động mạch ngoại biên,disease,cardiovascular,,,,,,Bệnh mạch ngoại biên,single,false,medium,not_requested,matched,needs_review,Khớp alias/thuật ngữ bằng rule tất định; bắt buộc duyệt thủ công.,,
condition-mention:a84e1be024e858a0,Bệnh mạch vành ổn định,benh mach vanh on dinh,1,ischemic_heart_disease,Bệnh tim thiếu máu cục bộ,disease,cardiovascular,,,,,,Bệnh mạch vành ổn định,single,false,medium,not_requested,matched,needs_review,Khớp alias/thuật ngữ bằng rule tất định; bắt buộc duyệt thủ công.,,
condition-mention:cba357115c783b5b,"Bệnh mạch vành, tăng huyết áp, suy tuyến yên hoặc suy thượng thận, bệnh cường giáp","benh mach vanh, tang huyet ap, suy tuyen yen hoac suy thuong than, benh cuong giap",1,hypertension,Tăng huyết áp,disease,cardiovascular,,,,,,"Bệnh mạch vành, tăng huyết áp, suy tuyến yên hoặc suy thượng thận, bệnh cường giáp",or,true,medium,not_requested,matched,needs_review,Khớp alias/thuật ngữ bằng rule tất định; bắt buộc duyệt thủ công.,,
condition-mention:cba357115c783b5b,"Bệnh mạch vành, tăng huyết áp, suy tuyến yên hoặc suy thượng thận, bệnh cường giáp","benh mach vanh, tang huyet ap, suy tuyen yen hoac suy thuong than, benh cuong giap",1,ischemic_heart_disease,Bệnh tim thiếu máu cục bộ,disease,cardiovascular,,,,,,"Bệnh mạch vành, tăng huyết áp, suy tuyến yên hoặc suy thượng thận, bệnh cường giáp",or,true,medium,not_requested,matched,needs_review,Khớp alias/thuật ngữ bằng rule tất định; bắt buộc duyệt thủ công.,,
condition-mention:cba357115c783b5b,"Bệnh mạch vành, tăng huyết áp, suy tuyến yên hoặc suy thượng thận, bệnh cường giáp","benh mach vanh, tang huyet ap, suy tuyen yen hoac suy thuong than, benh cuong giap",1,hyperthyroidism,Cường giáp,disease,endocrine,,,,,,"Bệnh mạch vành, tăng huyết áp, suy tuyến yên hoặc suy thượng thận, bệnh cường giáp",or,true,medium,not_requested,matched,needs_review,Khớp alias/thuật ngữ bằng rule tất định; bắt buộc duyệt thủ công.,,
condition-mention:cba357115c783b5b,"Bệnh mạch vành, tăng huyết áp, suy tuyến yên hoặc suy thượng thận, bệnh cường giáp","benh mach vanh, tang huyet ap, suy tuyen yen hoac suy thuong than, benh cuong giap",1,adrenal_insufficiency,Suy tuyến thượng thận,disease,endocrine,,,,,,"Bệnh mạch vành, tăng huyết áp, suy tuyến yên hoặc suy thượng thận, bệnh cường giáp",or,true,medium,not_requested,matched,needs_review,Khớp alias/thuật ngữ bằng rule tất định; bắt buộc duyệt thủ công.,,
condition-mention:76f002ed1831014f,"Bệnh mạn tính về tim, thận hoặc gan (Người cao tuổi)","benh man tinh ve tim, than hoac gan nguoi cao tuoi",1,older_adult,Người cao tuổi,population,special,,chronic,,,,"Bệnh mạn tính về tim, thận hoặc gan (Người cao tuổi)",or,true,medium,not_requested,matched,needs_review,Khớp alias/thuật ngữ bằng rule tất định; bắt buộc duyệt thủ công.,,
condition-mention:f98f95f6451686ac,Bệnh mắt do Herpes simplex,benh mat do herpes simplex,1,ocular_herpes,Herpes ở mắt,disease,ophthalmic,,,,,,Bệnh mắt do Herpes simplex,single,false,medium,not_requested,matched,needs_review,Khớp alias/thuật ngữ bằng rule tất định; bắt buộc duyệt thủ công.,,
condition-mention:48bee38c14285c9a,Bệnh máu,benh mau,1,blood_disorder,Bệnh lý về máu,disease,hematologic,,,,,,Bệnh máu,single,false,medium,not_requested,matched,needs_review,Khớp alias/thuật ngữ bằng rule tất định; bắt buộc duyệt thủ công.,,
condition-mention:82e8200bfd5811a6,"Bệnh nặng, mạn tính hoặc tiến triển ở hệ thần kinh trung ương hoặc ngoại biên","benh nang, man tinh hoac tien trien o he than kinh trung uong hoac ngoai bien",1,nervous_system_disease,Bệnh hệ thần kinh,disease,neurologic,severe,chronic,,,,"Bệnh nặng, mạn tính hoặc tiến triển ở hệ thần kinh trung ương hoặc ngoại biên",or,true,medium,not_requested,matched,needs_review,Khớp alias/thuật ngữ bằng rule tất định; bắt buộc duyệt thủ công.,,
condition-mention:8483de857ebbf729,Bệnh não do gan gây ra,benh nao do gan gay ra,1,hepatic_encephalopathy,Bệnh não gan,disease,hepatic,,,,,,Bệnh não do gan gây ra,single,false,medium,not_requested,matched,needs_review,Khớp alias/thuật ngữ bằng rule tất định; bắt buộc duyệt thủ công.,,
condition-mention:2601ebd435835fe7,Bệnh não gan,benh nao gan,1,hepatic_encephalopathy,Bệnh não gan,disease,hepatic,,,,,,Bệnh não gan,single,false,medium,not_requested,matched,needs_review,Khớp alias/thuật ngữ bằng rule tất định; bắt buộc duyệt thủ công.,,
condition-mention:3f4047092d8aabbd,Bệnh nhân bị bệnh gan / rối loạn chức năng gan,benh nhan bi benh gan roi loan chuc nang gan,1,hepatic_impairment,Suy giảm chức năng gan,organ_impairment,hepatic,,,,,,Bệnh nhân bị bệnh gan / rối loạn chức năng gan,unclear,true,medium,not_requested,matched,needs_review,Khớp alias/thuật ngữ bằng rule tất định; bắt buộc duyệt thủ công.,,
condition-mention:7162e25a0042c89e,"Bệnh nhân bị bệnh tim, bao gồm bệnh mạch vành hoặc suy tim","benh nhan bi benh tim, bao gom benh mach vanh hoac suy tim",1,heart_failure,Suy tim,disease,cardiovascular,,,,,,"Bệnh nhân bị bệnh tim, bao gồm bệnh mạch vành hoặc suy tim",or,true,medium,not_requested,matched,needs_review,Khớp alias/thuật ngữ bằng rule tất định; bắt buộc duyệt thủ công.,,
condition-mention:7162e25a0042c89e,"Bệnh nhân bị bệnh tim, bao gồm bệnh mạch vành hoặc suy tim","benh nhan bi benh tim, bao gom benh mach vanh hoac suy tim",1,ischemic_heart_disease,Bệnh tim thiếu máu cục bộ,disease,cardiovascular,,,,,,"Bệnh nhân bị bệnh tim, bao gồm bệnh mạch vành hoặc suy tim",or,true,medium,not_requested,matched,needs_review,Khớp alias/thuật ngữ bằng rule tất định; bắt buộc duyệt thủ công.,,
condition-mention:d881c475f31bf9e9,Bệnh nhân bị cường giáp,benh nhan bi cuong giap,1,hyperthyroidism,Cường giáp,disease,endocrine,,,,,,Bệnh nhân bị cường giáp,single,false,medium,not_requested,matched,needs_review,Khớp alias/thuật ngữ bằng rule tất định; bắt buộc duyệt thủ công.,,
condition-mention:f389fe85399c8d53,Bệnh nhân bị rối loạn chức năng thận nặng,benh nhan bi roi loan chuc nang than nang,1,renal_impairment,Suy giảm chức năng thận,organ_impairment,renal,severe,,,,,Bệnh nhân bị rối loạn chức năng thận nặng,single,false,medium,not_requested,matched,needs_review,Khớp alias/thuật ngữ bằng rule tất định; bắt buộc duyệt thủ công.,,
condition-mention:51d86a59d7aae50a,Bệnh nhân bị rối loạn ty thể,benh nhan bi roi loan ty the,1,mitochondrial_disorder,Rối loạn ty thể,disease,metabolic,,,,,,Bệnh nhân bị rối loạn ty thể,single,false,medium,not_requested,matched,needs_review,Khớp alias/thuật ngữ bằng rule tất định; bắt buộc duyệt thủ công.,,
condition-mention:d0f7aadc2d573f10,Bệnh nhân bị tắc nghẽn đường tiểu hay đường ruột,benh nhan bi tac nghen duong tieu hay duong ruot,1,urinary_obstruction,Tắc nghẽn đường tiết niệu,disease,urologic,,,,,,Bệnh nhân bị tắc nghẽn đường tiểu hay đường ruột,single,false,medium,not_requested,matched,needs_review,Khớp alias/thuật ngữ bằng rule tất định; bắt buộc duyệt thủ công.,,
condition-mention:3f9f293c37addce8,Bệnh nhân bị tiểu đường,benh nhan bi tieu duong,1,diabetes_mellitus,Đái tháo đường,disease,endocrine,,,,,,Bệnh nhân bị tiểu đường,single,false,medium,not_requested,matched,needs_review,Khớp alias/thuật ngữ bằng rule tất định; bắt buộc duyệt thủ công.,,
condition-mention:60424f453e24803c,Bệnh nhân bị tổn thương thận / suy thận,benh nhan bi ton thuong than suy than,1,renal_impairment,Suy giảm chức năng thận,organ_impairment,renal,,,,,,Bệnh nhân bị tổn thương thận / suy thận,unclear,true,medium,not_requested,matched,needs_review,Khớp alias/thuật ngữ bằng rule tất định; bắt buộc duyệt thủ công.,,
condition-mention:ab5f766adab880a1,Bệnh nhân bị xơ vữa động mạch,benh nhan bi xo vua dong mach,1,atherosclerosis,Xơ vữa động mạch,disease,cardiovascular,,,,,,Bệnh nhân bị xơ vữa động mạch,single,false,medium,not_requested,matched,needs_review,Khớp alias/thuật ngữ bằng rule tất định; bắt buộc duyệt thủ công.,,
condition-mention:c6d78d3c7e3e53fe,Bệnh nhân cao tuổi,benh nhan cao tuoi,1,older_adult,Người cao tuổi,population,special,,,,,,Bệnh nhân cao tuổi,single,false,medium,not_requested,matched,needs_review,Khớp alias/thuật ngữ bằng rule tất định; bắt buộc duyệt thủ công.,,
condition-mention:8f8e9a8db67bf0d9,Bệnh nhân cao tuổi (>70 tuổi) có những yếu tố nguy cơ bị tiêu cơ vân,benh nhan cao tuoi >70 tuoi co nhung yeu to nguy co bi tieu co van,1,older_adult,Người cao tuổi,population,special,,,,,,Bệnh nhân cao tuổi (>70 tuổi) có những yếu tố nguy cơ bị tiêu cơ vân,unclear,true,medium,not_requested,matched,needs_review,Khớp alias/thuật ngữ bằng rule tất định; bắt buộc duyệt thủ công.,,
condition-mention:8f8e9a8db67bf0d9,Bệnh nhân cao tuổi (>70 tuổi) có những yếu tố nguy cơ bị tiêu cơ vân,benh nhan cao tuoi >70 tuoi co nhung yeu to nguy co bi tieu co van,1,urinary_retention,Bí tiểu,clinical_finding,urologic,,,,,,Bệnh nhân cao tuổi (>70 tuổi) có những yếu tố nguy cơ bị tiêu cơ vân,unclear,true,medium,not_requested,matched,needs_review,Khớp alias/thuật ngữ bằng rule tất định; bắt buộc duyệt thủ công.,,
condition-mention:9836ee951a4663ad,"Bệnh nhân có nguy cơ bị các biến cố nhịp tim chậm (như hội chứng suy nút xoang không được đặt máy tạo nhịp, block nhĩ thất độ 2, độ 3 hoặc ngất liên quan đến nhịp tim chậm)","benh nhan co nguy co bi cac bien co nhip tim cham nhu hoi chung suy nut xoang khong duoc dat may tao nhip, block nhi that do 2, do 3 hoac ngat lien quan den nhip tim cham",1,bradycardia,Nhịp tim chậm,clinical_finding,cardiovascular,,,,,,"Bệnh nhân có nguy cơ bị các biến cố nhịp tim chậm (như hội chứng suy nút xoang không được đặt máy tạo nhịp, block nhĩ thất độ 2, độ 3 hoặc ngất liên quan đến nhịp tim chậm)",or,true,medium,not_requested,matched,needs_review,Khớp alias/thuật ngữ bằng rule tất định; bắt buộc duyệt thủ công.,,
condition-mention:9836ee951a4663ad,"Bệnh nhân có nguy cơ bị các biến cố nhịp tim chậm (như hội chứng suy nút xoang không được đặt máy tạo nhịp, block nhĩ thất độ 2, độ 3 hoặc ngất liên quan đến nhịp tim chậm)","benh nhan co nguy co bi cac bien co nhip tim cham nhu hoi chung suy nut xoang khong duoc dat may tao nhip, block nhi that do 2, do 3 hoac ngat lien quan den nhip tim cham",1,atrioventricular_block,Blốc nhĩ thất,disease,cardiovascular,,,,,,"Bệnh nhân có nguy cơ bị các biến cố nhịp tim chậm (như hội chứng suy nút xoang không được đặt máy tạo nhịp, block nhĩ thất độ 2, độ 3 hoặc ngất liên quan đến nhịp tim chậm)",or,true,medium,not_requested,matched,needs_review,Khớp alias/thuật ngữ bằng rule tất định; bắt buộc duyệt thủ công.,,
condition-mention:9836ee951a4663ad,"Bệnh nhân có nguy cơ bị các biến cố nhịp tim chậm (như hội chứng suy nút xoang không được đặt máy tạo nhịp, block nhĩ thất độ 2, độ 3 hoặc ngất liên quan đến nhịp tim chậm)","benh nhan co nguy co bi cac bien co nhip tim cham nhu hoi chung suy nut xoang khong duoc dat may tao nhip, block nhi that do 2, do 3 hoac ngat lien quan den nhip tim cham",1,sick_sinus_syndrome,Hội chứng suy nút xoang,disease,cardiovascular,,,,,,"Bệnh nhân có nguy cơ bị các biến cố nhịp tim chậm (như hội chứng suy nút xoang không được đặt máy tạo nhịp, block nhĩ thất độ 2, độ 3 hoặc ngất liên quan đến nhịp tim chậm)",or,true,medium,not_requested,matched,needs_review,Khớp alias/thuật ngữ bằng rule tất định; bắt buộc duyệt thủ công.,,
condition-mention:59dba04417822c41,Bệnh nhân có rối loạn chuyển hóa acid amin ngoài rối loạn do gan,benh nhan co roi loan chuyen hoa acid amin ngoai roi loan do gan,1,amino_acid_metabolism_disorder,Rối loạn chuyển hóa acid amin,disease,metabolic,,,,,,Bệnh nhân có rối loạn chuyển hóa acid amin ngoài rối loạn do gan,single,false,medium,not_requested,matched,needs_review,Khớp alias/thuật ngữ bằng rule tất định; bắt buộc duyệt thủ công.,,
condition-mention:8d6655d8c2dc4bf8,Bệnh nhân có sốt,benh nhan co sot,1,fever,Sốt,clinical_finding,infectious,,,,,,Bệnh nhân có sốt,single,false,medium,not_requested,matched,needs_review,Khớp alias/thuật ngữ bằng rule tất định; bắt buộc duyệt thủ công.,,
condition-mention:0eeb1b4e3754701b,"Bệnh nhân có thời gian dẫn truyền xung động tim kéo dài (khoảng QT kéo dài), rối loạn điện giải rõ rệt, bệnh tim mạch như suy tim sung huyết","benh nhan co thoi gian dan truyen xung dong tim keo dai khoang qt keo dai , roi loan dien giai ro ret, benh tim mach nhu suy tim sung huyet",1,heart_failure,Suy tim,disease,cardiovascular,,,,,,"Bệnh nhân có thời gian dẫn truyền xung động tim kéo dài (khoảng QT kéo dài), rối loạn điện giải rõ rệt, bệnh tim mạch như suy tim sung huyết",unclear,true,medium,not_requested,matched,needs_review,Khớp alias/thuật ngữ bằng rule tất định; bắt buộc duyệt thủ công.,,
condition-mention:0eeb1b4e3754701b,"Bệnh nhân có thời gian dẫn truyền xung động tim kéo dài (khoảng QT kéo dài), rối loạn điện giải rõ rệt, bệnh tim mạch như suy tim sung huyết","benh nhan co thoi gian dan truyen xung dong tim keo dai khoang qt keo dai , roi loan dien giai ro ret, benh tim mach nhu suy tim sung huyet",1,qt_prolongation,Khoảng QT kéo dài,clinical_finding,cardiovascular,,,,,,"Bệnh nhân có thời gian dẫn truyền xung động tim kéo dài (khoảng QT kéo dài), rối loạn điện giải rõ rệt, bệnh tim mạch như suy tim sung huyết",unclear,true,medium,not_requested,matched,needs_review,Khớp alias/thuật ngữ bằng rule tất định; bắt buộc duyệt thủ công.,,
condition-mention:0eeb1b4e3754701b,"Bệnh nhân có thời gian dẫn truyền xung động tim kéo dài (khoảng QT kéo dài), rối loạn điện giải rõ rệt, bệnh tim mạch như suy tim sung huyết","benh nhan co thoi gian dan truyen xung dong tim keo dai khoang qt keo dai , roi loan dien giai ro ret, benh tim mach nhu suy tim sung huyet",1,electrolyte_disorder,Rối loạn điện giải,clinical_finding,electrolyte,,,,,,"Bệnh nhân có thời gian dẫn truyền xung động tim kéo dài (khoảng QT kéo dài), rối loạn điện giải rõ rệt, bệnh tim mạch như suy tim sung huyết",unclear,true,medium,not_requested,matched,needs_review,Khớp alias/thuật ngữ bằng rule tất định; bắt buộc duyệt thủ công.,,
condition-mention:4dbdc88b19bf91f9,Bệnh nhân ghép tạng,benh nhan ghep tang,1,organ_transplant,Ghép tạng,procedure_state,special,,,,,,Bệnh nhân ghép tạng,single,false,medium,not_requested,matched,needs_review,Khớp alias/thuật ngữ bằng rule tất định; bắt buộc duyệt thủ công.,,
condition-mention:2f32908b2a93f55f,Bệnh nhân giảm phosphat máu,benh nhan giam phosphat mau,1,hypophosphatemia,Hạ phosphat máu,clinical_finding,electrolyte,,,,,,Bệnh nhân giảm phosphat máu,single,false,medium,not_requested,matched,needs_review,Khớp alias/thuật ngữ bằng rule tất định; bắt buộc duyệt thủ công.,,
condition-mention:933f88d8ba3667b3,"Bệnh nhân hàng rào bảo vệ da bị tổn thương (hội chứng Netherton, bệnh vảy nến tróc vảy, ban đỏ toàn thân)","benh nhan hang rao bao ve da bi ton thuong hoi chung netherton, benh vay nen troc vay, ban do toan than",1,psoriasis,Vảy nến,disease,dermatologic,,,,,,"Bệnh nhân hàng rào bảo vệ da bị tổn thương (hội chứng Netherton, bệnh vảy nến tróc vảy, ban đỏ toàn thân)",unclear,true,medium,not_requested,matched,needs_review,Khớp alias/thuật ngữ bằng rule tất định; bắt buộc duyệt thủ công.,,
condition-mention:933f88d8ba3667b3,"Bệnh nhân hàng rào bảo vệ da bị tổn thương (hội chứng Netherton, bệnh vảy nến tróc vảy, ban đỏ toàn thân)","benh nhan hang rao bao ve da bi ton thuong hoi chung netherton, benh vay nen troc vay, ban do toan than",1,netherton_syndrome,Hội chứng Netherton,disease,dermatologic,,,,,,"Bệnh nhân hàng rào bảo vệ da bị tổn thương (hội chứng Netherton, bệnh vảy nến tróc vảy, ban đỏ toàn thân)",unclear,true,medium,not_requested,matched,needs_review,Khớp alias/thuật ngữ bằng rule tất định; bắt buộc duyệt thủ công.,,
condition-mention:933f88d8ba3667b3,"Bệnh nhân hàng rào bảo vệ da bị tổn thương (hội chứng Netherton, bệnh vảy nến tróc vảy, ban đỏ toàn thân)","benh nhan hang rao bao ve da bi ton thuong hoi chung netherton, benh vay nen troc vay, ban do toan than",1,generalized_erythema,Ban đỏ toàn thân,clinical_finding,dermatologic,,,,,,"Bệnh nhân hàng rào bảo vệ da bị tổn thương (hội chứng Netherton, bệnh vảy nến tróc vảy, ban đỏ toàn thân)",unclear,true,medium,not_requested,matched,needs_review,Khớp alias/thuật ngữ bằng rule tất định; bắt buộc duyệt thủ công.,,
condition-mention:53bff0c86131e5a1,Bệnh nhân huyết áp thấp hoặc huyết động không ổn định,benh nhan huyet ap thap hoac huyet dong khong on dinh,1,hypotension,Hạ huyết áp,clinical_finding,cardiovascular,,,,,,Bệnh nhân huyết áp thấp hoặc huyết động không ổn định,or,true,medium,not_requested,matched,needs_review,Khớp alias/thuật ngữ bằng rule tất định; bắt buộc duyệt thủ công.,,
condition-mention:d45032c59b48ca0c,Bệnh nhân loét dạ dày tá tràng tiến triển,benh nhan loet da day ta trang tien trien,1,peptic_ulcer,Loét dạ dày–tá tràng,disease,gastrointestinal,,,,,,Bệnh nhân loét dạ dày tá tràng tiến triển,single,false,medium,not_requested,matched,needs_review,Khớp alias/thuật ngữ bằng rule tất định; bắt buộc duyệt thủ công.,,
condition-mention:73cfbe7d6e0324f6,Bệnh nhân nặng (điều trị tại các khoa điều trị tích cực),benh nhan nang dieu tri tai cac khoa dieu tri tich cuc,1,critical_illness,Tình trạng bệnh nặng cần hồi sức tích cực,clinical_state,special,severe,,,,,Bệnh nhân nặng (điều trị tại các khoa điều trị tích cực),single,false,medium,not_requested,matched,needs_review,Khớp alias/thuật ngữ bằng rule tất định; bắt buộc duyệt thủ công.,,
condition-mention:2eb56768c83b9089,Bệnh nhân nhiễm kiềm,benh nhan nhiem kiem,1,metabolic_alkalosis,Nhiễm kiềm chuyển hóa,clinical_finding,metabolic,,,,,,Bệnh nhân nhiễm kiềm,single,false,medium,not_requested,matched,needs_review,Khớp alias/thuật ngữ bằng rule tất định; bắt buộc duyệt thủ công.,,
condition-mention:f91b0c424f96afb7,"Bệnh nhân sau phẫu thuật, sau chấn thương nặng hay trong thời gian bị nhiễm trùng","benh nhan sau phau thuat, sau chan thuong nang hay trong thoi gian bi nhiem trung",1,infection,Nhiễm trùng/nhiễm khuẩn,disease,infectious,severe,,,,,"Bệnh nhân sau phẫu thuật, sau chấn thương nặng hay trong thời gian bị nhiễm trùng",unclear,true,medium,not_requested,matched,needs_review,Khớp alias/thuật ngữ bằng rule tất định; bắt buộc duyệt thủ công.,,
condition-mention:090f77d6f7ecf7b9,Bệnh nhân sau tai biến mạch máu não,benh nhan sau tai bien mach mau nao,1,stroke,Đột quỵ/tai biến mạch máu não,disease,neurologic,,,,,,Bệnh nhân sau tai biến mạch máu não,single,false,medium,not_requested,matched,needs_review,Khớp alias/thuật ngữ bằng rule tất định; bắt buộc duyệt thủ công.,,
condition-mention:23b3ebac15966d16,Bệnh nhân suy gan nặng,benh nhan suy gan nang,1,hepatic_impairment,Suy giảm chức năng gan,organ_impairment,hepatic,severe,,,,,Bệnh nhân suy gan nặng,single,false,medium,not_requested,matched,needs_review,Khớp alias/thuật ngữ bằng rule tất định; bắt buộc duyệt thủ công.,,
condition-mention:a2486152aeeb739b,Bệnh nhân suy gan thận nặng,benh nhan suy gan than nang,1,hepatic_impairment,Suy giảm chức năng gan,organ_impairment,hepatic,severe,,,,,Bệnh nhân suy gan thận nặng,single,false,medium,not_requested,matched,needs_review,Khớp alias/thuật ngữ bằng rule tất định; bắt buộc duyệt thủ công.,,
condition-mention:d417df5ad9111cba,Bệnh nhân suy giảm chức năng thận,benh nhan suy giam chuc nang than,1,renal_impairment,Suy giảm chức năng thận,organ_impairment,renal,,,,,,Bệnh nhân suy giảm chức năng thận,single,false,medium,not_requested,matched,needs_review,Khớp alias/thuật ngữ bằng rule tất định; bắt buộc duyệt thủ công.,,
condition-mention:ddff3fdafe43c344,Bệnh nhân suy tim mất bù chưa được điều trị,benh nhan suy tim mat bu chua duoc dieu tri,1,heart_failure,Suy tim,disease,cardiovascular,,,,,,Bệnh nhân suy tim mất bù chưa được điều trị,single,false,medium,not_requested,matched,needs_review,Khớp alias/thuật ngữ bằng rule tất định; bắt buộc duyệt thủ công.,,
condition-mention:64f1d5c412e19721,Bệnh nhân suy tim sung huyết,benh nhan suy tim sung huyet,1,heart_failure,Suy tim,disease,cardiovascular,,,,,,Bệnh nhân suy tim sung huyết,single,false,medium,not_requested,matched,needs_review,Khớp alias/thuật ngữ bằng rule tất định; bắt buộc duyệt thủ công.,,
condition-mention:b9ddc2cdc2bc01df,Bệnh nhân tăng huyết áp,benh nhan tang huyet ap,1,hypertension,Tăng huyết áp,disease,cardiovascular,,,,,,Bệnh nhân tăng huyết áp,single,false,medium,not_requested,matched,needs_review,Khớp alias/thuật ngữ bằng rule tất định; bắt buộc duyệt thủ công.,,
condition-mention:8639b7375f92f02a,Bệnh nhân thẩm phân mạn tính,benh nhan tham phan man tinh,1,dialysis,Đang điều trị thay thế thận/lọc máu,procedure_state,renal,,chronic,,true,,Bệnh nhân thẩm phân mạn tính,single,false,medium,not_requested,matched,needs_review,Khớp alias/thuật ngữ bằng rule tất định; bắt buộc duyệt thủ công.,,
condition-mention:5531f53146ed9ea7,Bệnh nhân thẩm tách máu,benh nhan tham tach mau,1,dialysis,Đang điều trị thay thế thận/lọc máu,procedure_state,renal,,,,true,,Bệnh nhân thẩm tách máu,single,false,medium,not_requested,matched,needs_review,Khớp alias/thuật ngữ bằng rule tất định; bắt buộc duyệt thủ công.,,
condition-mention:e51f1d3341d043db,Bệnh nhân toan huyết nặng,benh nhan toan huyet nang,1,metabolic_acidosis,Nhiễm toan chuyển hóa,clinical_finding,metabolic,severe,,,,,Bệnh nhân toan huyết nặng,single,false,medium,not_requested,matched,needs_review,Khớp alias/thuật ngữ bằng rule tất định; bắt buộc duyệt thủ công.,,
condition-mention:0e52d7478976742c,"Bệnh nhược cơ, suy tủy xương","benh nhuoc co, suy tuy xuong",1,myasthenia_gravis,Nhược cơ,disease,neuromuscular,,,,,,"Bệnh nhược cơ, suy tủy xương",unclear,true,medium,not_requested,matched,needs_review,Khớp alias/thuật ngữ bằng rule tất định; bắt buộc duyệt thủ công.,,
condition-mention:0e52d7478976742c,"Bệnh nhược cơ, suy tủy xương","benh nhuoc co, suy tuy xuong",1,bone_marrow_suppression,Suy tủy/rối loạn tạo máu,disease,hematologic,,,,,,"Bệnh nhược cơ, suy tủy xương",unclear,true,medium,not_requested,matched,needs_review,Khớp alias/thuật ngữ bằng rule tất định; bắt buộc duyệt thủ công.,,
condition-mention:da091f24283e03c1,"Bệnh ở đường tiêu hóa, đặc biệt là viêm đại tràng","benh o duong tieu hoa, dac biet la viem dai trang",1,colitis,Viêm đại tràng,disease,gastrointestinal,,,,,,"Bệnh ở đường tiêu hóa, đặc biệt là viêm đại tràng",unclear,true,medium,not_requested,matched,needs_review,Khớp alias/thuật ngữ bằng rule tất định; bắt buộc duyệt thủ công.,,
condition-mention:120d939a002e0128,bệnh ở hệ thần kinh trung ương,benh o he than kinh trung uong,1,nervous_system_disease,Bệnh hệ thần kinh,disease,neurologic,,,,,,bệnh ở hệ thần kinh trung ương,single,false,medium,not_requested,matched,needs_review,Khớp alias/thuật ngữ bằng rule tất định; bắt buộc duyệt thủ công.,,
condition-mention:93d4ef6ac36e7634,Bệnh ở hệ thống thần kinh trung ương,benh o he thong than kinh trung uong,1,nervous_system_disease,Bệnh hệ thần kinh,disease,neurologic,,,,,,Bệnh ở hệ thống thần kinh trung ương,single,false,medium,not_requested,matched,needs_review,Khớp alias/thuật ngữ bằng rule tất định; bắt buộc duyệt thủ công.,,
condition-mention:924147faa0777b4a,Bệnh ở túi mật,benh o tui mat,1,gallbladder_disease,Bệnh túi mật,disease,hepatic,,,,,,Bệnh ở túi mật,single,false,medium,not_requested,matched,needs_review,Khớp alias/thuật ngữ bằng rule tất định; bắt buộc duyệt thủ công.,,
condition-mention:57bb17583b0c7942,"Bệnh parkinson, có triệu chứng Parkinson, run, hội chứng chân không nghỉ và các rối loạn vận động có liên quan khác","benh parkinson, co trieu chung parkinson, run, hoi chung chan khong nghi va cac roi loan van dong co lien quan khac",1,parkinson_disease,Bệnh Parkinson,disease,neurologic,,,,,,"Bệnh parkinson, có triệu chứng Parkinson, run, hội chứng chân không nghỉ và các rối loạn vận động có liên quan khác",and,true,medium,not_requested,matched,needs_review,Khớp alias/thuật ngữ bằng rule tất định; bắt buộc duyệt thủ công.,,
condition-mention:57bb17583b0c7942,"Bệnh parkinson, có triệu chứng Parkinson, run, hội chứng chân không nghỉ và các rối loạn vận động có liên quan khác","benh parkinson, co trieu chung parkinson, run, hoi chung chan khong nghi va cac roi loan van dong co lien quan khac",1,movement_disorder,Rối loạn vận động,disease,neurologic,,,,,,"Bệnh parkinson, có triệu chứng Parkinson, run, hội chứng chân không nghỉ và các rối loạn vận động có liên quan khác",and,true,medium,not_requested,matched,needs_review,Khớp alias/thuật ngữ bằng rule tất định; bắt buộc duyệt thủ công.,,
condition-mention:4e76bf955f624d51,"Bệnh Parkinson, triệu chứng Parkinson, run, hội chứng chân không nghỉ và các rối loạn vận động có liên quan khác","benh parkinson, trieu chung parkinson, run, hoi chung chan khong nghi va cac roi loan van dong co lien quan khac",1,parkinson_disease,Bệnh Parkinson,disease,neurologic,,,,,,"Bệnh Parkinson, triệu chứng Parkinson, run, hội chứng chân không nghỉ và các rối loạn vận động có liên quan khác",and,true,medium,not_requested,matched,needs_review,Khớp alias/thuật ngữ bằng rule tất định; bắt buộc duyệt thủ công.,,
condition-mention:4e76bf955f624d51,"Bệnh Parkinson, triệu chứng Parkinson, run, hội chứng chân không nghỉ và các rối loạn vận động có liên quan khác","benh parkinson, trieu chung parkinson, run, hoi chung chan khong nghi va cac roi loan van dong co lien quan khac",1,movement_disorder,Rối loạn vận động,disease,neurologic,,,,,,"Bệnh Parkinson, triệu chứng Parkinson, run, hội chứng chân không nghỉ và các rối loạn vận động có liên quan khác",and,true,medium,not_requested,matched,needs_review,Khớp alias/thuật ngữ bằng rule tất định; bắt buộc duyệt thủ công.,,
condition-mention:6f66072d747ac5d6,"Bệnh parkinson, triệu chứng Parkinson, run, hội chứng chân không nghỉ và các rối loạn vận động liên quan","benh parkinson, trieu chung parkinson, run, hoi chung chan khong nghi va cac roi loan van dong lien quan",1,parkinson_disease,Bệnh Parkinson,disease,neurologic,,,,,,"Bệnh parkinson, triệu chứng Parkinson, run, hội chứng chân không nghỉ và các rối loạn vận động liên quan",and,true,medium,not_requested,matched,needs_review,Khớp alias/thuật ngữ bằng rule tất định; bắt buộc duyệt thủ công.,,
condition-mention:6f66072d747ac5d6,"Bệnh parkinson, triệu chứng Parkinson, run, hội chứng chân không nghỉ và các rối loạn vận động liên quan","benh parkinson, trieu chung parkinson, run, hoi chung chan khong nghi va cac roi loan van dong lien quan",1,movement_disorder,Rối loạn vận động,disease,neurologic,,,,,,"Bệnh parkinson, triệu chứng Parkinson, run, hội chứng chân không nghỉ và các rối loạn vận động liên quan",and,true,medium,not_requested,matched,needs_review,Khớp alias/thuật ngữ bằng rule tất định; bắt buộc duyệt thủ công.,,
condition-mention:e467e2daad83b3a5,bệnh phì đại tiền liệt tuyến,benh phi dai tien liet tuyen,1,benign_prostatic_hyperplasia,Phì đại lành tính tuyến tiền liệt,disease,urologic,,,,,,bệnh phì đại tiền liệt tuyến,single,false,medium,not_requested,matched,needs_review,Khớp alias/thuật ngữ bằng rule tất định; bắt buộc duyệt thủ công.,,
condition-mention:45ecf5b5d2274d44,bệnh phổi hoặc bệnh tim phổi,benh phoi hoac benh tim phoi,1,cardiovascular_disease,Bệnh tim mạch,disease,cardiovascular,,,,,,bệnh phổi hoặc bệnh tim phổi,or,true,medium,not_requested,matched,needs_review,Khớp alias/thuật ngữ bằng rule tất định; bắt buộc duyệt thủ công.,,
condition-mention:45ecf5b5d2274d44,bệnh phổi hoặc bệnh tim phổi,benh phoi hoac benh tim phoi,1,respiratory_disease,Bệnh hô hấp,disease,respiratory,,,,,,bệnh phổi hoặc bệnh tim phổi,or,true,medium,not_requested,matched,needs_review,Khớp alias/thuật ngữ bằng rule tất định; bắt buộc duyệt thủ công.,,
condition-mention:71a10dec46704eec,bệnh phổi mạn tính,benh phoi man tinh,1,chronic_lung_disease,Bệnh phổi mạn tính,disease,respiratory,,chronic,,,,bệnh phổi mạn tính,single,false,medium,not_requested,matched,needs_review,Khớp alias/thuật ngữ bằng rule tất định; bắt buộc duyệt thủ công.,,
condition-mention:fa47e43eb33719c7,Bệnh sarcoidosis,benh sarcoidosis,1,sarcoidosis,Bệnh sarcoidosis,disease,immune,,,,,,Bệnh sarcoidosis,single,false,medium,not_requested,matched,needs_review,Khớp alias/thuật ngữ bằng rule tất định; bắt buộc duyệt thủ công.,,
condition-mention:0bb1f88d70c39073,Bệnh sỏi thận/lắng đọng calci ở thận,benh soi than lang dong calci o than,1,kidney_stone,Sỏi thận,disease,renal,,,,,,Bệnh sỏi thận/lắng đọng calci ở thận,unclear,true,medium,not_requested,matched,needs_review,Khớp alias/thuật ngữ bằng rule tất định; bắt buộc duyệt thủ công.,,
condition-mention:9fcadfa2b9d8750b,Bệnh sử bệnh gân,benh su benh gan,1,liver_disease,Bệnh gan,disease,hepatic,,,,,,Bệnh sử bệnh gân,unclear,true,medium,not_requested,matched,needs_review,Khớp alias/thuật ngữ bằng rule tất định; bắt buộc duyệt thủ công.,,
condition-mention:9fcadfa2b9d8750b,Bệnh sử bệnh gân,benh su benh gan,1,tendon_disorder,Bệnh lý gân,disease,musculoskeletal,,,,,,Bệnh sử bệnh gân,unclear,true,medium,not_requested,matched,needs_review,Khớp alias/thuật ngữ bằng rule tất định; bắt buộc duyệt thủ công.,,
condition-mention:667deb674b448e1f,Bệnh suy thận,benh suy than,1,renal_impairment,Suy giảm chức năng thận,organ_impairment,renal,,,,,,Bệnh suy thận,single,false,medium,not_requested,matched,needs_review,Khớp alias/thuật ngữ bằng rule tất định; bắt buộc duyệt thủ công.,,
condition-mention:f727e52c52c0f0a8,Bệnh suy thận nặng,benh suy than nang,1,renal_impairment,Suy giảm chức năng thận,organ_impairment,renal,severe,,,,,Bệnh suy thận nặng,single,false,medium,not_requested,matched,needs_review,Khớp alias/thuật ngữ bằng rule tất định; bắt buộc duyệt thủ công.,,
condition-mention:ef6f6cf60dac1498,Bệnh suy thận nặng (bao gồm bệnh nhân đang thẩm phân máu),benh suy than nang bao gom benh nhan dang tham phan mau,1,renal_impairment,Suy giảm chức năng thận,organ_impairment,renal,,,,,,Bệnh suy thận nặng (bao gồm bệnh nhân đang thẩm phân máu),unclear,true,medium,not_requested,matched,needs_review,Khớp alias/thuật ngữ bằng rule tất định; bắt buộc duyệt thủ công.,,
condition-mention:ef6f6cf60dac1498,Bệnh suy thận nặng (bao gồm bệnh nhân đang thẩm phân máu),benh suy than nang bao gom benh nhan dang tham phan mau,1,dialysis,Đang điều trị thay thế thận/lọc máu,procedure_state,renal,,,,,,Bệnh suy thận nặng (bao gồm bệnh nhân đang thẩm phân máu),unclear,true,medium,not_requested,matched,needs_review,Khớp alias/thuật ngữ bằng rule tất định; bắt buộc duyệt thủ công.,,
condition-mention:06fc4a6d0182b746,Bệnh suy tuyến thượng thận,benh suy tuyen thuong than,1,adrenal_insufficiency,Suy tuyến thượng thận,disease,endocrine,,,,,,Bệnh suy tuyến thượng thận,single,false,medium,not_requested,matched,needs_review,Khớp alias/thuật ngữ bằng rule tất định; bắt buộc duyệt thủ công.,,
condition-mention:f5b687f8090712dc,Bệnh tắc nghẽn phổi mãn tính,benh tac nghen phoi man tinh,1,copd,Bệnh phổi tắc nghẽn mạn tính,disease,respiratory,,chronic,,,,Bệnh tắc nghẽn phổi mãn tính,single,false,medium,not_requested,matched,needs_review,Khớp alias/thuật ngữ bằng rule tất định; bắt buộc duyệt thủ công.,,
condition-mention:2a4d7b9e406bb9d6,Bệnh tắc ruột,benh tac ruot,1,bowel_obstruction,Tắc nghẽn ruột,disease,gastrointestinal,,,,,,Bệnh tắc ruột,single,false,medium,not_requested,matched,needs_review,Khớp alias/thuật ngữ bằng rule tất định; bắt buộc duyệt thủ công.,,
condition-mention:2875ee42bbc1c603,bệnh tăng huyết áp,benh tang huyet ap,1,hypertension,Tăng huyết áp,disease,cardiovascular,,,,,,bệnh tăng huyết áp,single,false,medium,not_requested,matched,needs_review,Khớp alias/thuật ngữ bằng rule tất định; bắt buộc duyệt thủ công.,,
condition-mention:ce3858a9a2fc47e2,Bệnh tạo cục máu đông,benh tao cuc mau dong,1,thrombosis,Huyết khối,disease,hematologic,,,,,,Bệnh tạo cục máu đông,single,false,medium,not_requested,matched,needs_review,Khớp alias/thuật ngữ bằng rule tất định; bắt buộc duyệt thủ công.,,
condition-mention:75b7f79b6bf9f91b,Bệnh Thalassémie,benh thalassemie,1,thalassemia,Thalassemia,disease,hematologic,,,,,,Bệnh Thalassémie,single,false,medium,not_requested,matched,needs_review,Khớp alias/thuật ngữ bằng rule tất định; bắt buộc duyệt thủ công.,,
condition-mention:f5900a64e8158dbd,Bệnh thận đa nang,benh than da nang,1,polycystic_kidney_disease,Bệnh thận đa nang,disease,renal,,,,,,Bệnh thận đa nang,single,false,medium,not_requested,matched,needs_review,Khớp alias/thuật ngữ bằng rule tất định; bắt buộc duyệt thủ công.,,
condition-mention:690779bd2bac6ec7,Bệnh thận giai đoạn cuối (ESRD) cần chạy thận nhân tạo,benh than giai doan cuoi esrd can chay than nhan tao,1,end_stage_kidney_disease,Bệnh thận giai đoạn cuối,disease,renal,,,,,,Bệnh thận giai đoạn cuối (ESRD) cần chạy thận nhân tạo,unclear,true,medium,not_requested,matched,needs_review,Khớp alias/thuật ngữ bằng rule tất định; bắt buộc duyệt thủ công.,,
condition-mention:690779bd2bac6ec7,Bệnh thận giai đoạn cuối (ESRD) cần chạy thận nhân tạo,benh than giai doan cuoi esrd can chay than nhan tao,1,dialysis,Đang điều trị thay thế thận/lọc máu,procedure_state,renal,,,,,,Bệnh thận giai đoạn cuối (ESRD) cần chạy thận nhân tạo,unclear,true,medium,not_requested,matched,needs_review,Khớp alias/thuật ngữ bằng rule tất định; bắt buộc duyệt thủ công.,,
condition-mention:19cdc09ccf6743df,Bệnh thần kinh trung ương và ngoại biên ổn định hay tiến triển,benh than kinh trung uong va ngoai bien on dinh hay tien trien,1,nervous_system_disease,Bệnh hệ thần kinh,disease,neurologic,,,,,,Bệnh thần kinh trung ương và ngoại biên ổn định hay tiến triển,and,true,medium,not_requested,matched,needs_review,Khớp alias/thuật ngữ bằng rule tất định; bắt buộc duyệt thủ công.,,
condition-mention:0707bb51c0d7521b,Bệnh thận mạn tính,benh than man tinh,1,chronic_kidney_disease,Bệnh thận mạn tính,disease,renal,,chronic,,,,Bệnh thận mạn tính,single,false,medium,not_requested,matched,needs_review,Khớp alias/thuật ngữ bằng rule tất định; bắt buộc duyệt thủ công.,,
condition-mention:2e6123f0dc50c395,Bệnh thận / Suy giảm chức năng thận,benh than suy giam chuc nang than,1,renal_impairment,Suy giảm chức năng thận,organ_impairment,renal,,,,,,Bệnh thận / Suy giảm chức năng thận,unclear,true,medium,not_requested,matched,needs_review,Khớp alias/thuật ngữ bằng rule tất định; bắt buộc duyệt thủ công.,,
condition-mention:f8da46d230d836d5,"Bệnh thận, rối loạn chức năng thận","benh than, roi loan chuc nang than",1,renal_impairment,Suy giảm chức năng thận,organ_impairment,renal,,,,,,"Bệnh thận, rối loạn chức năng thận",unclear,true,medium,not_requested,matched,needs_review,Khớp alias/thuật ngữ bằng rule tất định; bắt buộc duyệt thủ công.,,
condition-mention:532fa77206a1e442,"Bệnh thận, suy tim mạn tính, hội chứng thận hư, đái tháo đường có giảm chức năng thận","benh than, suy tim man tinh, hoi chung than hu, dai thao duong co giam chuc nang than",1,nephrotic_syndrome,Hội chứng thận hư,disease,renal,,,,,,"Bệnh thận, suy tim mạn tính, hội chứng thận hư, đái tháo đường có giảm chức năng thận",unclear,true,medium,not_requested,matched,needs_review,Khớp alias/thuật ngữ bằng rule tất định; bắt buộc duyệt thủ công.,,
condition-mention:532fa77206a1e442,"Bệnh thận, suy tim mạn tính, hội chứng thận hư, đái tháo đường có giảm chức năng thận","benh than, suy tim man tinh, hoi chung than hu, dai thao duong co giam chuc nang than",1,heart_failure,Suy tim,disease,cardiovascular,,,,,,"Bệnh thận, suy tim mạn tính, hội chứng thận hư, đái tháo đường có giảm chức năng thận",unclear,true,medium,not_requested,matched,needs_review,Khớp alias/thuật ngữ bằng rule tất định; bắt buộc duyệt thủ công.,,
condition-mention:532fa77206a1e442,"Bệnh thận, suy tim mạn tính, hội chứng thận hư, đái tháo đường có giảm chức năng thận","benh than, suy tim man tinh, hoi chung than hu, dai thao duong co giam chuc nang than",1,diabetes_mellitus,Đái tháo đường,disease,endocrine,,,,,,"Bệnh thận, suy tim mạn tính, hội chứng thận hư, đái tháo đường có giảm chức năng thận",unclear,true,medium,not_requested,matched,needs_review,Khớp alias/thuật ngữ bằng rule tất định; bắt buộc duyệt thủ công.,,
condition-mention:52198655e9f32791,Bệnh thiếu máu cơ tim cục bộ,benh thieu mau co tim cuc bo,1,ischemic_heart_disease,Bệnh tim thiếu máu cục bộ,disease,cardiovascular,,,,,,Bệnh thiếu máu cơ tim cục bộ,single,false,medium,not_requested,matched,needs_review,Khớp alias/thuật ngữ bằng rule tất định; bắt buộc duyệt thủ công.,,
condition-mention:57c6529633ece2e7,bệnh tiểu đường hoặc giảm glucose huyết,benh tieu duong hoac giam glucose huyet,1,diabetes_mellitus,Đái tháo đường,disease,endocrine,,,,,,bệnh tiểu đường hoặc giảm glucose huyết,or,true,medium,not_requested,matched,needs_review,Khớp alias/thuật ngữ bằng rule tất định; bắt buộc duyệt thủ công.,,
condition-mention:57c6529633ece2e7,bệnh tiểu đường hoặc giảm glucose huyết,benh tieu duong hoac giam glucose huyet,1,hypoglycemia,Hạ đường huyết,clinical_finding,metabolic,,,,,,bệnh tiểu đường hoặc giảm glucose huyết,or,true,medium,not_requested,matched,needs_review,Khớp alias/thuật ngữ bằng rule tất định; bắt buộc duyệt thủ công.,,
condition-mention:6bf232757d406bf6,"Bệnh tiểu đường hoặc suy thận (mức lọc cầu thận < 60 ml / phút / 1,73 m²)","benh tieu duong hoac suy than muc loc cau than < phut 1,73 m²",1,renal_impairment,Suy giảm chức năng thận,organ_impairment,renal,,,,,,"Bệnh tiểu đường hoặc suy thận (mức lọc cầu thận < 60 ml / phút / 1,73 m²)",or,true,medium,not_requested,matched,needs_review,Khớp alias/thuật ngữ bằng rule tất định; bắt buộc duyệt thủ công.,,
condition-mention:6bf232757d406bf6,"Bệnh tiểu đường hoặc suy thận (mức lọc cầu thận < 60 ml / phút / 1,73 m²)","benh tieu duong hoac suy than muc loc cau than < phut 1,73 m²",1,diabetes_mellitus,Đái tháo đường,disease,endocrine,,,,,,"Bệnh tiểu đường hoặc suy thận (mức lọc cầu thận < 60 ml / phút / 1,73 m²)",or,true,medium,not_requested,matched,needs_review,Khớp alias/thuật ngữ bằng rule tất định; bắt buộc duyệt thủ công.,,
condition-mention:6f059091fd7d2606,Bệnh tiểu đường không kiểm soát,benh tieu duong khong kiem soat,1,diabetes_mellitus,Đái tháo đường,disease,endocrine,,,,,,Bệnh tiểu đường không kiểm soát,single,false,medium,not_requested,matched,needs_review,Khớp alias/thuật ngữ bằng rule tất định; bắt buộc duyệt thủ công.,,
condition-mention:52b6c9139dd928e0,"Bệnh tiểu đường mất bù, đái tháo nhạt","benh tieu duong mat bu, dai thao nhat",1,diabetes_insipidus,Đái tháo nhạt,disease,endocrine,,,,,,"Bệnh tiểu đường mất bù, đái tháo nhạt",unclear,true,medium,not_requested,matched,needs_review,Khớp alias/thuật ngữ bằng rule tất định; bắt buộc duyệt thủ công.,,
condition-mention:52b6c9139dd928e0,"Bệnh tiểu đường mất bù, đái tháo nhạt","benh tieu duong mat bu, dai thao nhat",1,diabetes_mellitus,Đái tháo đường,disease,endocrine,,,,,,"Bệnh tiểu đường mất bù, đái tháo nhạt",unclear,true,medium,not_requested,matched,needs_review,Khớp alias/thuật ngữ bằng rule tất định; bắt buộc duyệt thủ công.,,
condition-mention:585380cd25ebb344,Bệnh tim do thiếu máu cục bộ,benh tim do thieu mau cuc bo,1,ischemic_heart_disease,Bệnh tim thiếu máu cục bộ,disease,cardiovascular,,,,,,Bệnh tim do thiếu máu cục bộ,single,false,medium,not_requested,matched,needs_review,Khớp alias/thuật ngữ bằng rule tất định; bắt buộc duyệt thủ công.,,
condition-mention:c99d6c445e25d057,bệnh tim hoặc bệnh thận,benh tim hoac benh than,1,kidney_disease,Bệnh thận,disease,renal,,,,,,bệnh tim hoặc bệnh thận,or,true,medium,not_requested,matched,needs_review,Khớp alias/thuật ngữ bằng rule tất định; bắt buộc duyệt thủ công.,,
condition-mention:c99d6c445e25d057,bệnh tim hoặc bệnh thận,benh tim hoac benh than,1,cardiovascular_disease,Bệnh tim mạch,disease,cardiovascular,,,,,,bệnh tim hoặc bệnh thận,or,true,medium,not_requested,matched,needs_review,Khớp alias/thuật ngữ bằng rule tất định; bắt buộc duyệt thủ công.,,
condition-mention:b3775156edcb2f83,"Bệnh tim (loạn nhịp tim, nhịp chậm, khoảng Q - T kéo dài, bệnh thiếu máu cơ tim cục bộ hoặc mất cân bằng điện giải)","benh tim loan nhip tim, nhip cham, khoang q t keo dai, benh thieu mau co tim cuc bo hoac mat can bang dien giai",1,ischemic_heart_disease,Bệnh tim thiếu máu cục bộ,disease,cardiovascular,,,,,,"Bệnh tim (loạn nhịp tim, nhịp chậm, khoảng Q - T kéo dài, bệnh thiếu máu cơ tim cục bộ hoặc mất cân bằng điện giải)",or,true,medium,not_requested,matched,needs_review,Khớp alias/thuật ngữ bằng rule tất định; bắt buộc duyệt thủ công.,,
condition-mention:b3775156edcb2f83,"Bệnh tim (loạn nhịp tim, nhịp chậm, khoảng Q - T kéo dài, bệnh thiếu máu cơ tim cục bộ hoặc mất cân bằng điện giải)","benh tim loan nhip tim, nhip cham, khoang q t keo dai, benh thieu mau co tim cuc bo hoac mat can bang dien giai",1,arrhythmia,Rối loạn nhịp tim,disease,cardiovascular,,,,,,"Bệnh tim (loạn nhịp tim, nhịp chậm, khoảng Q - T kéo dài, bệnh thiếu máu cơ tim cục bộ hoặc mất cân bằng điện giải)",or,true,medium,not_requested,matched,needs_review,Khớp alias/thuật ngữ bằng rule tất định; bắt buộc duyệt thủ công.,,
condition-mention:b3775156edcb2f83,"Bệnh tim (loạn nhịp tim, nhịp chậm, khoảng Q - T kéo dài, bệnh thiếu máu cơ tim cục bộ hoặc mất cân bằng điện giải)","benh tim loan nhip tim, nhip cham, khoang q t keo dai, benh thieu mau co tim cuc bo hoac mat can bang dien giai",1,qt_prolongation,Khoảng QT kéo dài,clinical_finding,cardiovascular,,,,,,"Bệnh tim (loạn nhịp tim, nhịp chậm, khoảng Q - T kéo dài, bệnh thiếu máu cơ tim cục bộ hoặc mất cân bằng điện giải)",or,true,medium,not_requested,matched,needs_review,Khớp alias/thuật ngữ bằng rule tất định; bắt buộc duyệt thủ công.,,
condition-mention:b3775156edcb2f83,"Bệnh tim (loạn nhịp tim, nhịp chậm, khoảng Q - T kéo dài, bệnh thiếu máu cơ tim cục bộ hoặc mất cân bằng điện giải)","benh tim loan nhip tim, nhip cham, khoang q t keo dai, benh thieu mau co tim cuc bo hoac mat can bang dien giai",1,electrolyte_disorder,Rối loạn điện giải,clinical_finding,electrolyte,,,,,,"Bệnh tim (loạn nhịp tim, nhịp chậm, khoảng Q - T kéo dài, bệnh thiếu máu cơ tim cục bộ hoặc mất cân bằng điện giải)",or,true,medium,not_requested,matched,needs_review,Khớp alias/thuật ngữ bằng rule tất định; bắt buộc duyệt thủ công.,,
condition-mention:35f19cd167d3976e,"Bệnh tim mạch hoặc bệnh phổi nghiêm trọng, hen phế quản, bệnh thận, gan hoặc phổi, tiền sử loét dạ dày","benh tim mach hoac benh phoi nghiem trong, hen phe quan, benh than, gan hoac phoi, tien su loet da day",1,kidney_disease,Bệnh thận,disease,renal,,,,,,"Bệnh tim mạch hoặc bệnh phổi nghiêm trọng, hen phế quản, bệnh thận, gan hoặc phổi, tiền sử loét dạ dày",or,true,medium,not_requested,matched,needs_review,Khớp alias/thuật ngữ bằng rule tất định; bắt buộc duyệt thủ công.,,
condition-mention:35f19cd167d3976e,"Bệnh tim mạch hoặc bệnh phổi nghiêm trọng, hen phế quản, bệnh thận, gan hoặc phổi, tiền sử loét dạ dày","benh tim mach hoac benh phoi nghiem trong, hen phe quan, benh than, gan hoac phoi, tien su loet da day",1,cardiovascular_disease,Bệnh tim mạch,disease,cardiovascular,,,,,,"Bệnh tim mạch hoặc bệnh phổi nghiêm trọng, hen phế quản, bệnh thận, gan hoặc phổi, tiền sử loét dạ dày",or,true,medium,not_requested,matched,needs_review,Khớp alias/thuật ngữ bằng rule tất định; bắt buộc duyệt thủ công.,,
condition-mention:35f19cd167d3976e,"Bệnh tim mạch hoặc bệnh phổi nghiêm trọng, hen phế quản, bệnh thận, gan hoặc phổi, tiền sử loét dạ dày","benh tim mach hoac benh phoi nghiem trong, hen phe quan, benh than, gan hoac phoi, tien su loet da day",1,asthma,Hen phế quản,disease,respiratory,,,,,,"Bệnh tim mạch hoặc bệnh phổi nghiêm trọng, hen phế quản, bệnh thận, gan hoặc phổi, tiền sử loét dạ dày",or,true,medium,not_requested,matched,needs_review,Khớp alias/thuật ngữ bằng rule tất định; bắt buộc duyệt thủ công.,,
condition-mention:35f19cd167d3976e,"Bệnh tim mạch hoặc bệnh phổi nghiêm trọng, hen phế quản, bệnh thận, gan hoặc phổi, tiền sử loét dạ dày","benh tim mach hoac benh phoi nghiem trong, hen phe quan, benh than, gan hoac phoi, tien su loet da day",1,peptic_ulcer,Loét dạ dày–tá tràng,disease,gastrointestinal,,,,,,"Bệnh tim mạch hoặc bệnh phổi nghiêm trọng, hen phế quản, bệnh thận, gan hoặc phổi, tiền sử loét dạ dày",or,true,medium,not_requested,matched,needs_review,Khớp alias/thuật ngữ bằng rule tất định; bắt buộc duyệt thủ công.,,
condition-mention:99ea969e3348ea86,Bệnh tim mạch hoặc có tiền sử gia đình bị kéo dài khoảng QT,benh tim mach hoac co tien su gia dinh bi keo dai khoang qt,1,qt_prolongation,Khoảng QT kéo dài,clinical_finding,cardiovascular,,,,,,Bệnh tim mạch hoặc có tiền sử gia đình bị kéo dài khoảng QT,or,true,medium,not_requested,matched,needs_review,Khớp alias/thuật ngữ bằng rule tất định; bắt buộc duyệt thủ công.,,
condition-mention:aae34a320d0b51a8,Bệnh tim mạch khác,benh tim mach khac,1,cardiovascular_disease,Bệnh tim mạch,disease,cardiovascular,,,,,,Bệnh tim mạch khác,single,false,medium,not_requested,matched,needs_review,Khớp alias/thuật ngữ bằng rule tất định; bắt buộc duyệt thủ công.,,
condition-mention:42e2b9bcc05e57d5,"Bệnh tim mạch (loạn nhịp tim, nhịp tim chậm và giảm huyết áp)","benh tim mach loan nhip tim, nhip tim cham va giam huyet ap",1,hypotension,Hạ huyết áp,clinical_finding,cardiovascular,,,,,,"Bệnh tim mạch (loạn nhịp tim, nhịp tim chậm và giảm huyết áp)",and,true,medium,not_requested,matched,needs_review,Khớp alias/thuật ngữ bằng rule tất định; bắt buộc duyệt thủ công.,,
condition-mention:42e2b9bcc05e57d5,"Bệnh tim mạch (loạn nhịp tim, nhịp tim chậm và giảm huyết áp)","benh tim mach loan nhip tim, nhip tim cham va giam huyet ap",1,arrhythmia,Rối loạn nhịp tim,disease,cardiovascular,,,,,,"Bệnh tim mạch (loạn nhịp tim, nhịp tim chậm và giảm huyết áp)",and,true,medium,not_requested,matched,needs_review,Khớp alias/thuật ngữ bằng rule tất định; bắt buộc duyệt thủ công.,,
condition-mention:42e2b9bcc05e57d5,"Bệnh tim mạch (loạn nhịp tim, nhịp tim chậm và giảm huyết áp)","benh tim mach loan nhip tim, nhip tim cham va giam huyet ap",1,bradycardia,Nhịp tim chậm,clinical_finding,cardiovascular,,,,,,"Bệnh tim mạch (loạn nhịp tim, nhịp tim chậm và giảm huyết áp)",and,true,medium,not_requested,matched,needs_review,Khớp alias/thuật ngữ bằng rule tất định; bắt buộc duyệt thủ công.,,
condition-mention:4681b0fa6655589d,"Bệnh tim mạch nặng (bệnh tim do thiếu máu cục bộ, loạn nhịp tim hoặc suy tim nặng)","benh tim mach nang benh tim do thieu mau cuc bo, loan nhip tim hoac suy tim nang",1,heart_failure,Suy tim,disease,cardiovascular,,,,,,"Bệnh tim mạch nặng (bệnh tim do thiếu máu cục bộ, loạn nhịp tim hoặc suy tim nặng)",or,true,medium,not_requested,matched,needs_review,Khớp alias/thuật ngữ bằng rule tất định; bắt buộc duyệt thủ công.,,
condition-mention:4681b0fa6655589d,"Bệnh tim mạch nặng (bệnh tim do thiếu máu cục bộ, loạn nhịp tim hoặc suy tim nặng)","benh tim mach nang benh tim do thieu mau cuc bo, loan nhip tim hoac suy tim nang",1,ischemic_heart_disease,Bệnh tim thiếu máu cục bộ,disease,cardiovascular,,,,,,"Bệnh tim mạch nặng (bệnh tim do thiếu máu cục bộ, loạn nhịp tim hoặc suy tim nặng)",or,true,medium,not_requested,matched,needs_review,Khớp alias/thuật ngữ bằng rule tất định; bắt buộc duyệt thủ công.,,
condition-mention:4681b0fa6655589d,"Bệnh tim mạch nặng (bệnh tim do thiếu máu cục bộ, loạn nhịp tim hoặc suy tim nặng)","benh tim mach nang benh tim do thieu mau cuc bo, loan nhip tim hoac suy tim nang",1,arrhythmia,Rối loạn nhịp tim,disease,cardiovascular,,,,,,"Bệnh tim mạch nặng (bệnh tim do thiếu máu cục bộ, loạn nhịp tim hoặc suy tim nặng)",or,true,medium,not_requested,matched,needs_review,Khớp alias/thuật ngữ bằng rule tất định; bắt buộc duyệt thủ công.,,
condition-mention:f2a1f812eebe3c86,"Bệnh tim mạch như loạn nhịp hoặc nhịp tim nhanh, rối loạn tắc nghẽn mạch máu bao gồm cả xơ cứng động mạch, hoặc phình mạch","benh tim mach nhu loan nhip hoac nhip tim nhanh, roi loan tac nghen mach mau bao gom ca xo cung dong mach, hoac phinh mach",1,arrhythmia,Rối loạn nhịp tim,disease,cardiovascular,,,,,,"Bệnh tim mạch như loạn nhịp hoặc nhịp tim nhanh, rối loạn tắc nghẽn mạch máu bao gồm cả xơ cứng động mạch, hoặc phình mạch",or,true,medium,not_requested,matched,needs_review,Khớp alias/thuật ngữ bằng rule tất định; bắt buộc duyệt thủ công.,,
condition-mention:f2a1f812eebe3c86,"Bệnh tim mạch như loạn nhịp hoặc nhịp tim nhanh, rối loạn tắc nghẽn mạch máu bao gồm cả xơ cứng động mạch, hoặc phình mạch","benh tim mach nhu loan nhip hoac nhip tim nhanh, roi loan tac nghen mach mau bao gom ca xo cung dong mach, hoac phinh mach",1,tachycardia,Nhịp tim nhanh,clinical_finding,cardiovascular,,,,,,"Bệnh tim mạch như loạn nhịp hoặc nhịp tim nhanh, rối loạn tắc nghẽn mạch máu bao gồm cả xơ cứng động mạch, hoặc phình mạch",or,true,medium,not_requested,matched,needs_review,Khớp alias/thuật ngữ bằng rule tất định; bắt buộc duyệt thủ công.,,
condition-mention:f2a1f812eebe3c86,"Bệnh tim mạch như loạn nhịp hoặc nhịp tim nhanh, rối loạn tắc nghẽn mạch máu bao gồm cả xơ cứng động mạch, hoặc phình mạch","benh tim mach nhu loan nhip hoac nhip tim nhanh, roi loan tac nghen mach mau bao gom ca xo cung dong mach, hoac phinh mach",1,aneurysm,Phình động mạch,disease,cardiovascular,,,,,,"Bệnh tim mạch như loạn nhịp hoặc nhịp tim nhanh, rối loạn tắc nghẽn mạch máu bao gồm cả xơ cứng động mạch, hoặc phình mạch",or,true,medium,not_requested,matched,needs_review,Khớp alias/thuật ngữ bằng rule tất định; bắt buộc duyệt thủ công.,,
condition-mention:f2a1f812eebe3c86,"Bệnh tim mạch như loạn nhịp hoặc nhịp tim nhanh, rối loạn tắc nghẽn mạch máu bao gồm cả xơ cứng động mạch, hoặc phình mạch","benh tim mach nhu loan nhip hoac nhip tim nhanh, roi loan tac nghen mach mau bao gom ca xo cung dong mach, hoac phinh mach",1,atherosclerosis,Xơ vữa động mạch,disease,cardiovascular,,,,,,"Bệnh tim mạch như loạn nhịp hoặc nhịp tim nhanh, rối loạn tắc nghẽn mạch máu bao gồm cả xơ cứng động mạch, hoặc phình mạch",or,true,medium,not_requested,matched,needs_review,Khớp alias/thuật ngữ bằng rule tất định; bắt buộc duyệt thủ công.,,
condition-mention:d0ecde639dee1958,Bệnh tim mạch thiếu máu cục bộ / Thiếu máu cục bộ do nguyên nhân động mạch vành,benh tim mach thieu mau cuc bo thieu mau cuc bo do nguyen nhan dong mach vanh,1,ischemic_heart_disease,Bệnh tim thiếu máu cục bộ,disease,cardiovascular,,,,,,Bệnh tim mạch thiếu máu cục bộ / Thiếu máu cục bộ do nguyên nhân động mạch vành,unclear,true,medium,not_requested,matched,needs_review,Khớp alias/thuật ngữ bằng rule tất định; bắt buộc duyệt thủ công.,,
condition-mention:b0f21e18005d06ea,"Bệnh tim nặng (bệnh tim thiếu máu cục bộ, loạn nhịp hoặc suy tim nặng)","benh tim nang benh tim thieu mau cuc bo, loan nhip hoac suy tim nang",1,heart_failure,Suy tim,disease,cardiovascular,,,,,,"Bệnh tim nặng (bệnh tim thiếu máu cục bộ, loạn nhịp hoặc suy tim nặng)",or,true,medium,not_requested,matched,needs_review,Khớp alias/thuật ngữ bằng rule tất định; bắt buộc duyệt thủ công.,,
condition-mention:b0f21e18005d06ea,"Bệnh tim nặng (bệnh tim thiếu máu cục bộ, loạn nhịp hoặc suy tim nặng)","benh tim nang benh tim thieu mau cuc bo, loan nhip hoac suy tim nang",1,ischemic_heart_disease,Bệnh tim thiếu máu cục bộ,disease,cardiovascular,,,,,,"Bệnh tim nặng (bệnh tim thiếu máu cục bộ, loạn nhịp hoặc suy tim nặng)",or,true,medium,not_requested,matched,needs_review,Khớp alias/thuật ngữ bằng rule tất định; bắt buộc duyệt thủ công.,,
condition-mention:b0f21e18005d06ea,"Bệnh tim nặng (bệnh tim thiếu máu cục bộ, loạn nhịp hoặc suy tim nặng)","benh tim nang benh tim thieu mau cuc bo, loan nhip hoac suy tim nang",1,arrhythmia,Rối loạn nhịp tim,disease,cardiovascular,,,,,,"Bệnh tim nặng (bệnh tim thiếu máu cục bộ, loạn nhịp hoặc suy tim nặng)",or,true,medium,not_requested,matched,needs_review,Khớp alias/thuật ngữ bằng rule tất định; bắt buộc duyệt thủ công.,,
condition-mention:45092dc9e2cdcc63,"Bệnh tim nặng (Thiếu máu tim cục bộ, loạn nhịp tim nhanh, suy tim nặng)","benh tim nang thieu mau tim cuc bo, loan nhip tim nhanh, suy tim nang",1,heart_failure,Suy tim,disease,cardiovascular,,,,,,"Bệnh tim nặng (Thiếu máu tim cục bộ, loạn nhịp tim nhanh, suy tim nặng)",unclear,true,medium,not_requested,matched,needs_review,Khớp alias/thuật ngữ bằng rule tất định; bắt buộc duyệt thủ công.,,
condition-mention:45092dc9e2cdcc63,"Bệnh tim nặng (Thiếu máu tim cục bộ, loạn nhịp tim nhanh, suy tim nặng)","benh tim nang thieu mau tim cuc bo, loan nhip tim nhanh, suy tim nang",1,arrhythmia,Rối loạn nhịp tim,disease,cardiovascular,,,,,,"Bệnh tim nặng (Thiếu máu tim cục bộ, loạn nhịp tim nhanh, suy tim nặng)",unclear,true,medium,not_requested,matched,needs_review,Khớp alias/thuật ngữ bằng rule tất định; bắt buộc duyệt thủ công.,,
condition-mention:45092dc9e2cdcc63,"Bệnh tim nặng (Thiếu máu tim cục bộ, loạn nhịp tim nhanh, suy tim nặng)","benh tim nang thieu mau tim cuc bo, loan nhip tim nhanh, suy tim nang",1,tachycardia,Nhịp tim nhanh,clinical_finding,cardiovascular,,,,,,"Bệnh tim nặng (Thiếu máu tim cục bộ, loạn nhịp tim nhanh, suy tim nặng)",unclear,true,medium,not_requested,matched,needs_review,Khớp alias/thuật ngữ bằng rule tất định; bắt buộc duyệt thủ công.,,
condition-mention:820d2a90a2dcdfc4,"bệnh tim nghiêm trọng (bệnh tim thiếu máu cục bộ, loạn nhịp hoặc suy tim nặng)","benh tim nghiem trong benh tim thieu mau cuc bo, loan nhip hoac suy tim nang",1,heart_failure,Suy tim,disease,cardiovascular,,,,,,"bệnh tim nghiêm trọng (bệnh tim thiếu máu cục bộ, loạn nhịp hoặc suy tim nặng)",or,true,medium,not_requested,matched,needs_review,Khớp alias/thuật ngữ bằng rule tất định; bắt buộc duyệt thủ công.,,
condition-mention:820d2a90a2dcdfc4,"bệnh tim nghiêm trọng (bệnh tim thiếu máu cục bộ, loạn nhịp hoặc suy tim nặng)","benh tim nghiem trong benh tim thieu mau cuc bo, loan nhip hoac suy tim nang",1,ischemic_heart_disease,Bệnh tim thiếu máu cục bộ,disease,cardiovascular,,,,,,"bệnh tim nghiêm trọng (bệnh tim thiếu máu cục bộ, loạn nhịp hoặc suy tim nặng)",or,true,medium,not_requested,matched,needs_review,Khớp alias/thuật ngữ bằng rule tất định; bắt buộc duyệt thủ công.,,
condition-mention:820d2a90a2dcdfc4,"bệnh tim nghiêm trọng (bệnh tim thiếu máu cục bộ, loạn nhịp hoặc suy tim nặng)","benh tim nghiem trong benh tim thieu mau cuc bo, loan nhip hoac suy tim nang",1,arrhythmia,Rối loạn nhịp tim,disease,cardiovascular,,,,,,"bệnh tim nghiêm trọng (bệnh tim thiếu máu cục bộ, loạn nhịp hoặc suy tim nặng)",or,true,medium,not_requested,matched,needs_review,Khớp alias/thuật ngữ bằng rule tất định; bắt buộc duyệt thủ công.,,
condition-mention:4b58743cf32ae9a8,"Bệnh tim thiếu máu cục bộ, bệnh động mạch ngoại biên và/ hoặc bệnh mạch máu não","benh tim thieu mau cuc bo, benh dong mach ngoai bien va hoac benh mach mau nao",1,ischemic_heart_disease,Bệnh tim thiếu máu cục bộ,disease,cardiovascular,,,,,,"Bệnh tim thiếu máu cục bộ, bệnh động mạch ngoại biên và/ hoặc bệnh mạch máu não",or,true,medium,not_requested,matched,needs_review,Khớp alias/thuật ngữ bằng rule tất định; bắt buộc duyệt thủ công.,,
condition-mention:4b58743cf32ae9a8,"Bệnh tim thiếu máu cục bộ, bệnh động mạch ngoại biên và/ hoặc bệnh mạch máu não","benh tim thieu mau cuc bo, benh dong mach ngoai bien va hoac benh mach mau nao",1,peripheral_arterial_disease,Bệnh động mạch ngoại biên,disease,cardiovascular,,,,,,"Bệnh tim thiếu máu cục bộ, bệnh động mạch ngoại biên và/ hoặc bệnh mạch máu não",or,true,medium,not_requested,matched,needs_review,Khớp alias/thuật ngữ bằng rule tất định; bắt buộc duyệt thủ công.,,
condition-mention:4b58743cf32ae9a8,"Bệnh tim thiếu máu cục bộ, bệnh động mạch ngoại biên và/ hoặc bệnh mạch máu não","benh tim thieu mau cuc bo, benh dong mach ngoai bien va hoac benh mach mau nao",1,cerebrovascular_disease,Bệnh mạch máu não,disease,neurologic,,,,,,"Bệnh tim thiếu máu cục bộ, bệnh động mạch ngoại biên và/ hoặc bệnh mạch máu não",or,true,medium,not_requested,matched,needs_review,Khớp alias/thuật ngữ bằng rule tất định; bắt buộc duyệt thủ công.,,
condition-mention:7719a0c2facd019a,"Bệnh tim, gan hoặc thận hoặc đang chạy thận nhân tạo","benh tim, gan hoac than hoac dang chay than nhan tao",1,dialysis,Đang điều trị thay thế thận/lọc máu,procedure_state,renal,,,,,,"Bệnh tim, gan hoặc thận hoặc đang chạy thận nhân tạo",or,true,medium,not_requested,matched,needs_review,Khớp alias/thuật ngữ bằng rule tất định; bắt buộc duyệt thủ công.,,
condition-mention:7719a0c2facd019a,"Bệnh tim, gan hoặc thận hoặc đang chạy thận nhân tạo","benh tim, gan hoac than hoac dang chay than nhan tao",1,cardiovascular_disease,Bệnh tim mạch,disease,cardiovascular,,,,,,"Bệnh tim, gan hoặc thận hoặc đang chạy thận nhân tạo",or,true,medium,not_requested,matched,needs_review,Khớp alias/thuật ngữ bằng rule tất định; bắt buộc duyệt thủ công.,,
condition-mention:d2967ef575125c94,"Bệnh tim, suy thận và xơ gan","benh tim, suy than va xo gan",1,renal_impairment,Suy giảm chức năng thận,organ_impairment,renal,,,,,,"Bệnh tim, suy thận và xơ gan",and,true,medium,not_requested,matched,needs_review,Khớp alias/thuật ngữ bằng rule tất định; bắt buộc duyệt thủ công.,,
condition-mention:d2967ef575125c94,"Bệnh tim, suy thận và xơ gan","benh tim, suy than va xo gan",1,cirrhosis,Xơ gan,disease,hepatic,,,,,,"Bệnh tim, suy thận và xơ gan",and,true,medium,not_requested,matched,needs_review,Khớp alias/thuật ngữ bằng rule tất định; bắt buộc duyệt thủ công.,,
condition-mention:d2967ef575125c94,"Bệnh tim, suy thận và xơ gan","benh tim, suy than va xo gan",1,cardiovascular_disease,Bệnh tim mạch,disease,cardiovascular,,,,,,"Bệnh tim, suy thận và xơ gan",and,true,medium,not_requested,matched,needs_review,Khớp alias/thuật ngữ bằng rule tất định; bắt buộc duyệt thủ công.,,
condition-mention:c0afe439a93563d5,"Bệnh tim, suy tim, nhồi máu cơ tim","benh tim, suy tim, nhoi mau co tim",1,heart_failure,Suy tim,disease,cardiovascular,,,,,,"Bệnh tim, suy tim, nhồi máu cơ tim",unclear,true,medium,not_requested,matched,needs_review,Khớp alias/thuật ngữ bằng rule tất định; bắt buộc duyệt thủ công.,,
condition-mention:c0afe439a93563d5,"Bệnh tim, suy tim, nhồi máu cơ tim","benh tim, suy tim, nhoi mau co tim",1,myocardial_infarction,Nhồi máu cơ tim,disease,cardiovascular,,,,,,"Bệnh tim, suy tim, nhồi máu cơ tim",unclear,true,medium,not_requested,matched,needs_review,Khớp alias/thuật ngữ bằng rule tất định; bắt buộc duyệt thủ công.,,
condition-mention:a8de0966ea715fff,Bệnh trầm cảm (rối loạn lưỡng cực) hoặc bệnh tâm thần phân liệt,benh tram cam roi loan luong cuc hoac benh tam than phan liet,1,depression,Trầm cảm,disease,psychiatric,,,,,,Bệnh trầm cảm (rối loạn lưỡng cực) hoặc bệnh tâm thần phân liệt,or,true,medium,not_requested,matched,needs_review,Khớp alias/thuật ngữ bằng rule tất định; bắt buộc duyệt thủ công.,,
condition-mention:a8de0966ea715fff,Bệnh trầm cảm (rối loạn lưỡng cực) hoặc bệnh tâm thần phân liệt,benh tram cam roi loan luong cuc hoac benh tam than phan liet,1,bipolar_disorder,Rối loạn lưỡng cực,disease,psychiatric,,,,,,Bệnh trầm cảm (rối loạn lưỡng cực) hoặc bệnh tâm thần phân liệt,or,true,medium,not_requested,matched,needs_review,Khớp alias/thuật ngữ bằng rule tất định; bắt buộc duyệt thủ công.,,
condition-mention:a8de0966ea715fff,Bệnh trầm cảm (rối loạn lưỡng cực) hoặc bệnh tâm thần phân liệt,benh tram cam roi loan luong cuc hoac benh tam than phan liet,1,schizophrenia,Tâm thần phân liệt,disease,psychiatric,,,,,,Bệnh trầm cảm (rối loạn lưỡng cực) hoặc bệnh tâm thần phân liệt,or,true,medium,not_requested,matched,needs_review,Khớp alias/thuật ngữ bằng rule tất định; bắt buộc duyệt thủ công.,,
condition-mention:794e02439c9eb451,Bệnh trĩ,benh tri,1,hemorrhoids,Bệnh trĩ,disease,gastrointestinal,,,,,,Bệnh trĩ,single,false,medium,not_requested,matched,needs_review,Khớp alias/thuật ngữ bằng rule tất định; bắt buộc duyệt thủ công.,,
condition-mention:38e957a38f53d6ef,Bệnh túi mật,benh tui mat,1,gallbladder_disease,Bệnh túi mật,disease,hepatic,,,,,,Bệnh túi mật,single,false,medium,not_requested,matched,needs_review,Khớp alias/thuật ngữ bằng rule tất định; bắt buộc duyệt thủ công.,,
condition-mention:9ae0d54436dbf32d,Bệnh túi mật trước đó,benh tui mat truoc do,1,gallbladder_disease,Bệnh túi mật,disease,hepatic,,,,,,Bệnh túi mật trước đó,single,false,medium,not_requested,matched,needs_review,Khớp alias/thuật ngữ bằng rule tất định; bắt buộc duyệt thủ công.,,
condition-mention:f0be92425476f43c,"Bệnh túi mật, bệnh đường mật bao gồm sỏi mật","benh tui mat, benh duong mat bao gom soi mat",1,gallbladder_disease,Bệnh túi mật,disease,hepatic,,,,,,"Bệnh túi mật, bệnh đường mật bao gồm sỏi mật",unclear,true,medium,not_requested,matched,needs_review,Khớp alias/thuật ngữ bằng rule tất định; bắt buộc duyệt thủ công.,,
condition-mention:beeece1856bc1f99,Bệnh tuyến giáp,benh tuyen giap,1,thyroid_disease,Bệnh tuyến giáp,disease,endocrine,,,,,,Bệnh tuyến giáp,single,false,medium,not_requested,matched,needs_review,Khớp alias/thuật ngữ bằng rule tất định; bắt buộc duyệt thủ công.,,
condition-mention:6c4f8bf2883dd68c,Bệnh tuyến thượng thận gọi là hội chứng Conn (cường aldosteron tiên phát),benh tuyen thuong than goi la hoi chung conn cuong aldosteron tien phat,1,primary_hyperaldosteronism,Cường aldosteron nguyên phát,disease,endocrine,,,,,,Bệnh tuyến thượng thận gọi là hội chứng Conn (cường aldosteron tiên phát),single,false,medium,not_requested,matched,needs_review,Khớp alias/thuật ngữ bằng rule tất định; bắt buộc duyệt thủ công.,,
condition-mention:bc59637a99699b8f,bệnh ưa chảy máu,benh ua chay mau,1,active_bleeding,Đang xuất huyết,clinical_finding,hematologic,,,,,,bệnh ưa chảy máu,unclear,true,medium,not_requested,matched,needs_review,Khớp alias/thuật ngữ bằng rule tất định; bắt buộc duyệt thủ công.,,
condition-mention:bc59637a99699b8f,bệnh ưa chảy máu,benh ua chay mau,1,bleeding_disorder,Rối loạn chảy máu/đông máu,disease,hematologic,,,,,,bệnh ưa chảy máu,unclear,true,medium,not_requested,matched,needs_review,Khớp alias/thuật ngữ bằng rule tất định; bắt buộc duyệt thủ công.,,
condition-mention:1a8719906fcafb45,Bệnh vẩy nến hoặc có tiền sử bệnh vẩy nến,benh vay nen hoac co tien su benh vay nen,1,psoriasis,Vảy nến,disease,dermatologic,,,,,,Bệnh vẩy nến hoặc có tiền sử bệnh vẩy nến,or,true,medium,not_requested,matched,needs_review,Khớp alias/thuật ngữ bằng rule tất định; bắt buộc duyệt thủ công.,,
condition-mention:0ac715548093c94c,Bệnh vảy nến tróc vảy,benh vay nen troc vay,1,psoriasis,Vảy nến,disease,dermatologic,,,,,,Bệnh vảy nến tróc vảy,single,false,medium,not_requested,matched,needs_review,Khớp alias/thuật ngữ bằng rule tất định; bắt buộc duyệt thủ công.,,
condition-mention:a19fed4721e5265c,Bệnh về gan hoặc nhiễm sán lá gan,benh ve gan hoac nhiem san la gan,1,liver_disease,Bệnh gan,disease,hepatic,,,,,,Bệnh về gan hoặc nhiễm sán lá gan,or,true,medium,not_requested,matched,needs_review,Khớp alias/thuật ngữ bằng rule tất định; bắt buộc duyệt thủ công.,,
condition-mention:add9a01d8618fcb2,"Bệnh viêm màng não, bệnh do Trypanosoma (Bệnh có kèm theo rối loạn hàng rào máu não)","benh viem mang nao, benh do trypanosoma benh co kem theo roi loan hang rao mau nao",1,meningitis,Viêm màng não,disease,infectious,,,,,,"Bệnh viêm màng não, bệnh do Trypanosoma (Bệnh có kèm theo rối loạn hàng rào máu não)",unclear,true,medium,not_requested,matched,needs_review,Khớp alias/thuật ngữ bằng rule tất định; bắt buộc duyệt thủ công.,,
condition-mention:add9a01d8618fcb2,"Bệnh viêm màng não, bệnh do Trypanosoma (Bệnh có kèm theo rối loạn hàng rào máu não)","benh viem mang nao, benh do trypanosoma benh co kem theo roi loan hang rao mau nao",1,muscle_disease,Bệnh cơ,disease,neuromuscular,,,,,,"Bệnh viêm màng não, bệnh do Trypanosoma (Bệnh có kèm theo rối loạn hàng rào máu não)",unclear,true,medium,not_requested,matched,needs_review,Khớp alias/thuật ngữ bằng rule tất định; bắt buộc duyệt thủ công.,,
condition-mention:15123e406ecd1a5d,Bệnh viêm ruột,benh viem ruot,1,inflammatory_bowel_disease,Bệnh viêm ruột,disease,gastrointestinal,,,,,,Bệnh viêm ruột,unclear,true,medium,not_requested,matched,needs_review,Khớp alias/thuật ngữ bằng rule tất định; bắt buộc duyệt thủ công.,,
condition-mention:15123e406ecd1a5d,Bệnh viêm ruột,benh viem ruot,1,enteritis,Viêm ruột,disease,gastrointestinal,,,,,,Bệnh viêm ruột,unclear,true,medium,not_requested,matched,needs_review,Khớp alias/thuật ngữ bằng rule tất định; bắt buộc duyệt thủ công.,,
condition-mention:90eea75334645bbb,"Bệnh viêm ruột nặng (viêm loét đại tràng, bệnh Crohn)","benh viem ruot nang viem loet dai trang, benh crohn",1,inflammatory_bowel_disease,Bệnh viêm ruột,disease,gastrointestinal,,,,,,"Bệnh viêm ruột nặng (viêm loét đại tràng, bệnh Crohn)",unclear,true,medium,not_requested,matched,needs_review,Khớp alias/thuật ngữ bằng rule tất định; bắt buộc duyệt thủ công.,,
condition-mention:90eea75334645bbb,"Bệnh viêm ruột nặng (viêm loét đại tràng, bệnh Crohn)","benh viem ruot nang viem loet dai trang, benh crohn",1,ulcerative_colitis,Viêm loét đại tràng,disease,gastrointestinal,,,,,,"Bệnh viêm ruột nặng (viêm loét đại tràng, bệnh Crohn)",unclear,true,medium,not_requested,matched,needs_review,Khớp alias/thuật ngữ bằng rule tất định; bắt buộc duyệt thủ công.,,
condition-mention:90eea75334645bbb,"Bệnh viêm ruột nặng (viêm loét đại tràng, bệnh Crohn)","benh viem ruot nang viem loet dai trang, benh crohn",1,crohn_disease,Bệnh Crohn,disease,gastrointestinal,,,,,,"Bệnh viêm ruột nặng (viêm loét đại tràng, bệnh Crohn)",unclear,true,medium,not_requested,matched,needs_review,Khớp alias/thuật ngữ bằng rule tất định; bắt buộc duyệt thủ công.,,
condition-mention:90eea75334645bbb,"Bệnh viêm ruột nặng (viêm loét đại tràng, bệnh Crohn)","benh viem ruot nang viem loet dai trang, benh crohn",1,enteritis,Viêm ruột,disease,gastrointestinal,,,,,,"Bệnh viêm ruột nặng (viêm loét đại tràng, bệnh Crohn)",unclear,true,medium,not_requested,matched,needs_review,Khớp alias/thuật ngữ bằng rule tất định; bắt buộc duyệt thủ công.,,
condition-mention:66cb514ac47c6cb8,"Bệnh viêm ruột tiến triển (bệnh Crohn, bệnh viêm loét đại tràng)","benh viem ruot tien trien benh crohn, benh viem loet dai trang",1,inflammatory_bowel_disease,Bệnh viêm ruột,disease,gastrointestinal,,,,,,"Bệnh viêm ruột tiến triển (bệnh Crohn, bệnh viêm loét đại tràng)",unclear,true,medium,not_requested,matched,needs_review,Khớp alias/thuật ngữ bằng rule tất định; bắt buộc duyệt thủ công.,,
condition-mention:66cb514ac47c6cb8,"Bệnh viêm ruột tiến triển (bệnh Crohn, bệnh viêm loét đại tràng)","benh viem ruot tien trien benh crohn, benh viem loet dai trang",1,ulcerative_colitis,Viêm loét đại tràng,disease,gastrointestinal,,,,,,"Bệnh viêm ruột tiến triển (bệnh Crohn, bệnh viêm loét đại tràng)",unclear,true,medium,not_requested,matched,needs_review,Khớp alias/thuật ngữ bằng rule tất định; bắt buộc duyệt thủ công.,,
condition-mention:66cb514ac47c6cb8,"Bệnh viêm ruột tiến triển (bệnh Crohn, bệnh viêm loét đại tràng)","benh viem ruot tien trien benh crohn, benh viem loet dai trang",1,crohn_disease,Bệnh Crohn,disease,gastrointestinal,,,,,,"Bệnh viêm ruột tiến triển (bệnh Crohn, bệnh viêm loét đại tràng)",unclear,true,medium,not_requested,matched,needs_review,Khớp alias/thuật ngữ bằng rule tất định; bắt buộc duyệt thủ công.,,
condition-mention:66cb514ac47c6cb8,"Bệnh viêm ruột tiến triển (bệnh Crohn, bệnh viêm loét đại tràng)","benh viem ruot tien trien benh crohn, benh viem loet dai trang",1,enteritis,Viêm ruột,disease,gastrointestinal,,,,,,"Bệnh viêm ruột tiến triển (bệnh Crohn, bệnh viêm loét đại tràng)",unclear,true,medium,not_requested,matched,needs_review,Khớp alias/thuật ngữ bằng rule tất định; bắt buộc duyệt thủ công.,,
condition-mention:7352de3ca5fde795,Bệnh vú ác tính,benh vu ac tinh,1,breast_cancer,Ung thư vú,disease,oncologic,,,,,,Bệnh vú ác tính,single,false,medium,not_requested,matched,needs_review,Khớp alias/thuật ngữ bằng rule tất định; bắt buộc duyệt thủ công.,,
condition-mention:db280da605b39918,Bí tiểu tiện do phì đại tuyến tiền liệt,bi tieu tien do phi dai tuyen tien liet,1,urinary_retention,Bí tiểu,clinical_finding,urologic,,,,,,Bí tiểu tiện do phì đại tuyến tiền liệt,unclear,true,medium,not_requested,matched,needs_review,Khớp alias/thuật ngữ bằng rule tất định; bắt buộc duyệt thủ công.,,
condition-mention:db280da605b39918,Bí tiểu tiện do phì đại tuyến tiền liệt,bi tieu tien do phi dai tuyen tien liet,1,benign_prostatic_hyperplasia,Phì đại lành tính tuyến tiền liệt,disease,urologic,,,,,,Bí tiểu tiện do phì đại tuyến tiền liệt,unclear,true,medium,not_requested,matched,needs_review,Khớp alias/thuật ngữ bằng rule tất định; bắt buộc duyệt thủ công.,,
condition-mention:3469131103e15a8e,Bloc nhĩ - thất,bloc nhi that,1,atrioventricular_block,Blốc nhĩ thất,disease,cardiovascular,,,,,,Bloc nhĩ - thất,single,false,medium,not_requested,matched,needs_review,Khớp alias/thuật ngữ bằng rule tất định; bắt buộc duyệt thủ công.,,
condition-mention:6373106c0927c35b,Blốc nhĩ - thất ở tất cả các mức độ,bloc nhi that o tat ca cac muc do,1,atrioventricular_block,Blốc nhĩ thất,disease,cardiovascular,,,,,,Blốc nhĩ - thất ở tất cả các mức độ,single,false,medium,not_requested,matched,needs_review,Khớp alias/thuật ngữ bằng rule tất định; bắt buộc duyệt thủ công.,,
condition-mention:03f4b02343a850d6,"Blốc nút xoang nhĩ, rối loạn nút xoang, nhịp chậm xoang (nhịp tim 45-50 nhịp/phút)","bloc nut xoang nhi, roi loan nut xoang, nhip cham xoang nhip tim 45 50 nhip phut",1,bradycardia,Nhịp tim chậm,clinical_finding,cardiovascular,,,,,,"Blốc nút xoang nhĩ, rối loạn nút xoang, nhịp chậm xoang (nhịp tim 45-50 nhịp/phút)",unclear,true,medium,not_requested,matched,needs_review,Khớp alias/thuật ngữ bằng rule tất định; bắt buộc duyệt thủ công.,,
condition-mention:03f4b02343a850d6,"Blốc nút xoang nhĩ, rối loạn nút xoang, nhịp chậm xoang (nhịp tim 45-50 nhịp/phút)","bloc nut xoang nhi, roi loan nut xoang, nhip cham xoang nhip tim 45 50 nhip phut",1,sinoatrial_block,Blốc xoang nhĩ,disease,cardiovascular,,,,,,"Blốc nút xoang nhĩ, rối loạn nút xoang, nhịp chậm xoang (nhịp tim 45-50 nhịp/phút)",unclear,true,medium,not_requested,matched,needs_review,Khớp alias/thuật ngữ bằng rule tất định; bắt buộc duyệt thủ công.,,
condition-mention:03f4b02343a850d6,"Blốc nút xoang nhĩ, rối loạn nút xoang, nhịp chậm xoang (nhịp tim 45-50 nhịp/phút)","bloc nut xoang nhi, roi loan nut xoang, nhip cham xoang nhip tim 45 50 nhip phut",1,sick_sinus_syndrome,Hội chứng suy nút xoang,disease,cardiovascular,,,,,,"Blốc nút xoang nhĩ, rối loạn nút xoang, nhịp chậm xoang (nhịp tim 45-50 nhịp/phút)",unclear,true,medium,not_requested,matched,needs_review,Khớp alias/thuật ngữ bằng rule tất định; bắt buộc duyệt thủ công.,,
condition-mention:2e558304fc10cb13,"Blốc tim hoàn toàn từng cơn, blốc nhĩ - thất độ hai","bloc tim hoan toan tung con, bloc nhi that do hai",1,atrioventricular_block,Blốc nhĩ thất,disease,cardiovascular,,,,,,"Blốc tim hoàn toàn từng cơn, blốc nhĩ - thất độ hai",unclear,true,medium,not_requested,matched,needs_review,Khớp alias/thuật ngữ bằng rule tất định; bắt buộc duyệt thủ công.,,
condition-mention:6f680c40b067d9bf,blốc tim không hoàn toàn,bloc tim khong hoan toan,1,atrioventricular_block,Blốc nhĩ thất,disease,cardiovascular,,,,,,blốc tim không hoàn toàn,single,false,medium,not_requested,matched,needs_review,Khớp alias/thuật ngữ bằng rule tất định; bắt buộc duyệt thủ công.,,
condition-mention:5c2e10b17a0b19f9,Blốc tim không hoàn toàn hoặc nhịp tim chậm,bloc tim khong hoan toan hoac nhip tim cham,1,bradycardia,Nhịp tim chậm,clinical_finding,cardiovascular,,,,,,Blốc tim không hoàn toàn hoặc nhịp tim chậm,or,true,medium,not_requested,matched,needs_review,Khớp alias/thuật ngữ bằng rule tất định; bắt buộc duyệt thủ công.,,
condition-mention:5c2e10b17a0b19f9,Blốc tim không hoàn toàn hoặc nhịp tim chậm,bloc tim khong hoan toan hoac nhip tim cham,1,atrioventricular_block,Blốc nhĩ thất,disease,cardiovascular,,,,,,Blốc tim không hoàn toàn hoặc nhịp tim chậm,or,true,medium,not_requested,matched,needs_review,Khớp alias/thuật ngữ bằng rule tất định; bắt buộc duyệt thủ công.,,
condition-mention:864aae8715f27b5a,Blốc trong thất (khi không có thiết bị tạo nhịp),bloc trong that khi khong co thiet bi tao nhip,1,intraventricular_block,Blốc trong thất,disease,cardiovascular,,,,,,Blốc trong thất (khi không có thiết bị tạo nhịp),single,false,medium,not_requested,matched,needs_review,Khớp alias/thuật ngữ bằng rule tất định; bắt buộc duyệt thủ công.,,
condition-mention:b0c1cb708920ab01,Blốc xoang nhĩ,bloc xoang nhi,1,sinoatrial_block,Blốc xoang nhĩ,disease,cardiovascular,,,,,,Blốc xoang nhĩ,single,false,medium,not_requested,matched,needs_review,Khớp alias/thuật ngữ bằng rule tất định; bắt buộc duyệt thủ công.,,
condition-mention:e0170268887626dc,Block nhĩ thất độ 1,block nhi that do 1,1,atrioventricular_block,Blốc nhĩ thất,disease,cardiovascular,,,,,,Block nhĩ thất độ 1,single,false,medium,not_requested,matched,needs_review,Khớp alias/thuật ngữ bằng rule tất định; bắt buộc duyệt thủ công.,,
condition-mention:3e3fbf60c13bcd33,Block nhĩ thất độ I,block nhi that do i,1,atrioventricular_block,Blốc nhĩ thất,disease,cardiovascular,,,,,,Block nhĩ thất độ I,single,false,medium,not_requested,matched,needs_review,Khớp alias/thuật ngữ bằng rule tất định; bắt buộc duyệt thủ công.,,
condition-mention:c832558ab9ae1518,Block nhĩ thất độ III,block nhi that do iii,1,atrioventricular_block,Blốc nhĩ thất,disease,cardiovascular,,,,,,Block nhĩ thất độ III,single,false,medium,not_requested,matched,needs_review,Khớp alias/thuật ngữ bằng rule tất định; bắt buộc duyệt thủ công.,,
condition-mention:7109bb0db96c0f99,Block nhĩ - thất hoàn toàn,block nhi that hoan toan,1,atrioventricular_block,Blốc nhĩ thất,disease,cardiovascular,,,,,,Block nhĩ - thất hoàn toàn,single,false,medium,not_requested,matched,needs_review,Khớp alias/thuật ngữ bằng rule tất định; bắt buộc duyệt thủ công.,,
condition-mention:dc3f157368a9250d,Block tim độ hai và độ ba,block tim do hai va do ba,1,atrioventricular_block,Blốc nhĩ thất,disease,cardiovascular,,,,,,Block tim độ hai và độ ba,and,true,medium,not_requested,matched,needs_review,Khớp alias/thuật ngữ bằng rule tất định; bắt buộc duyệt thủ công.,,
condition-mention:fd85372fe855534d,"Block tim, tổn thương cơ tim","block tim, ton thuong co tim",1,atrioventricular_block,Blốc nhĩ thất,disease,cardiovascular,,,,,,"Block tim, tổn thương cơ tim",unclear,true,medium,not_requested,matched,needs_review,Khớp alias/thuật ngữ bằng rule tất định; bắt buộc duyệt thủ công.,,
condition-mention:020bb7b5f67bc872,Các bệnh lý đường ruột có thể gây ra tình trạng đầy hơi,cac benh ly duong ruot co the gay ra tinh trang day hoi,1,bloating,Đầy hơi,clinical_finding,gastrointestinal,,,,,,Các bệnh lý đường ruột có thể gây ra tình trạng đầy hơi,single,false,medium,not_requested,matched,needs_review,Khớp alias/thuật ngữ bằng rule tất định; bắt buộc duyệt thủ công.,,
condition-mention:4308beef828189c3,"các bệnh thận đã có trước đó, suy chức năng thận ở những người đái đường, xơ gan, suy tim ứ huyết, giảm thể tích tuần hoàn","cac benh than da co truoc do, suy chuc nang than o nhung nguoi dai duong, xo gan, suy tim u huyet, giam the tich tuan hoan",1,renal_impairment,Suy giảm chức năng thận,organ_impairment,renal,,,,,,"các bệnh thận đã có trước đó, suy chức năng thận ở những người đái đường, xơ gan, suy tim ứ huyết, giảm thể tích tuần hoàn",unclear,true,medium,not_requested,matched,needs_review,Khớp alias/thuật ngữ bằng rule tất định; bắt buộc duyệt thủ công.,,
condition-mention:4308beef828189c3,"các bệnh thận đã có trước đó, suy chức năng thận ở những người đái đường, xơ gan, suy tim ứ huyết, giảm thể tích tuần hoàn","cac benh than da co truoc do, suy chuc nang than o nhung nguoi dai duong, xo gan, suy tim u huyet, giam the tich tuan hoan",1,cirrhosis,Xơ gan,disease,hepatic,,,,,,"các bệnh thận đã có trước đó, suy chức năng thận ở những người đái đường, xơ gan, suy tim ứ huyết, giảm thể tích tuần hoàn",unclear,true,medium,not_requested,matched,needs_review,Khớp alias/thuật ngữ bằng rule tất định; bắt buộc duyệt thủ công.,,
condition-mention:4308beef828189c3,"các bệnh thận đã có trước đó, suy chức năng thận ở những người đái đường, xơ gan, suy tim ứ huyết, giảm thể tích tuần hoàn","cac benh than da co truoc do, suy chuc nang than o nhung nguoi dai duong, xo gan, suy tim u huyet, giam the tich tuan hoan",1,heart_failure,Suy tim,disease,cardiovascular,,,,,,"các bệnh thận đã có trước đó, suy chức năng thận ở những người đái đường, xơ gan, suy tim ứ huyết, giảm thể tích tuần hoàn",unclear,true,medium,not_requested,matched,needs_review,Khớp alias/thuật ngữ bằng rule tất định; bắt buộc duyệt thủ công.,,
condition-mention:4308beef828189c3,"các bệnh thận đã có trước đó, suy chức năng thận ở những người đái đường, xơ gan, suy tim ứ huyết, giảm thể tích tuần hoàn","cac benh than da co truoc do, suy chuc nang than o nhung nguoi dai duong, xo gan, suy tim u huyet, giam the tich tuan hoan",1,hypovolemia,Giảm thể tích tuần hoàn,clinical_finding,metabolic,,,,,,"các bệnh thận đã có trước đó, suy chức năng thận ở những người đái đường, xơ gan, suy tim ứ huyết, giảm thể tích tuần hoàn",unclear,true,medium,not_requested,matched,needs_review,Khớp alias/thuật ngữ bằng rule tất định; bắt buộc duyệt thủ công.,,
condition-mention:2986200bded0f28f,"Các bệnh thực thể viêm ruột non, viêm loét đại – trực tràng, bệnh Crohn và hội chứng tắc hay bán tắc","cac benh thuc the viem ruot non, viem loet dai – truc trang, benh crohn va hoi chung tac hay ban tac",1,ulcerative_colitis,Viêm loét đại tràng,disease,gastrointestinal,,,,,,"Các bệnh thực thể viêm ruột non, viêm loét đại – trực tràng, bệnh Crohn và hội chứng tắc hay bán tắc",and,true,medium,not_requested,matched,needs_review,Khớp alias/thuật ngữ bằng rule tất định; bắt buộc duyệt thủ công.,,
condition-mention:2986200bded0f28f,"Các bệnh thực thể viêm ruột non, viêm loét đại – trực tràng, bệnh Crohn và hội chứng tắc hay bán tắc","cac benh thuc the viem ruot non, viem loet dai – truc trang, benh crohn va hoi chung tac hay ban tac",1,crohn_disease,Bệnh Crohn,disease,gastrointestinal,,,,,,"Các bệnh thực thể viêm ruột non, viêm loét đại – trực tràng, bệnh Crohn và hội chứng tắc hay bán tắc",and,true,medium,not_requested,matched,needs_review,Khớp alias/thuật ngữ bằng rule tất định; bắt buộc duyệt thủ công.,,
condition-mention:2986200bded0f28f,"Các bệnh thực thể viêm ruột non, viêm loét đại – trực tràng, bệnh Crohn và hội chứng tắc hay bán tắc","cac benh thuc the viem ruot non, viem loet dai – truc trang, benh crohn va hoi chung tac hay ban tac",1,vomiting,Nôn,clinical_finding,gastrointestinal,,,,,,"Các bệnh thực thể viêm ruột non, viêm loét đại – trực tràng, bệnh Crohn và hội chứng tắc hay bán tắc",and,true,medium,not_requested,matched,needs_review,Khớp alias/thuật ngữ bằng rule tất định; bắt buộc duyệt thủ công.,,
condition-mention:2986200bded0f28f,"Các bệnh thực thể viêm ruột non, viêm loét đại – trực tràng, bệnh Crohn và hội chứng tắc hay bán tắc","cac benh thuc the viem ruot non, viem loet dai – truc trang, benh crohn va hoi chung tac hay ban tac",1,enteritis,Viêm ruột,disease,gastrointestinal,,,,,,"Các bệnh thực thể viêm ruột non, viêm loét đại – trực tràng, bệnh Crohn và hội chứng tắc hay bán tắc",and,true,medium,not_requested,matched,needs_review,Khớp alias/thuật ngữ bằng rule tất định; bắt buộc duyệt thủ công.,,
condition-mention:caa26369f962712d,Các bệnh tim mãn tính và thiểu năng vành,cac benh tim man tinh va thieu nang vanh,1,cardiovascular_disease,Bệnh tim mạch,disease,cardiovascular,,chronic,,,,Các bệnh tim mãn tính và thiểu năng vành,and,true,medium,not_requested,matched,needs_review,Khớp alias/thuật ngữ bằng rule tất định; bắt buộc duyệt thủ công.,,
condition-mention:9e8866082a1fbf76,Các bệnh về da liên quan tới bệnh lao da hoặc giang mai,cac benh ve da lien quan toi benh lao da hoac giang mai,1,tuberculosis,Bệnh lao,disease,infectious,,,,,,Các bệnh về da liên quan tới bệnh lao da hoặc giang mai,or,true,medium,not_requested,matched,needs_review,Khớp alias/thuật ngữ bằng rule tất định; bắt buộc duyệt thủ công.,,
condition-mention:8afc676c8354c0c0,"các cơn hen, mày đay hoặc viêm mũi cấp, xảy ra do acid acetylsalicylic hoặc các NSAIDs khác","cac con hen, may day hoac viem mui cap, xay ra do acid acetylsalicylic hoac cac nsaids khac",1,asthma,Hen phế quản,disease,respiratory,,,,,,"các cơn hen, mày đay hoặc viêm mũi cấp, xảy ra do acid acetylsalicylic hoặc các NSAIDs khác",or,true,medium,not_requested,matched,needs_review,Khớp alias/thuật ngữ bằng rule tất định; bắt buộc duyệt thủ công.,,
condition-mention:8afc676c8354c0c0,"các cơn hen, mày đay hoặc viêm mũi cấp, xảy ra do acid acetylsalicylic hoặc các NSAIDs khác","cac con hen, may day hoac viem mui cap, xay ra do acid acetylsalicylic hoac cac nsaids khac",1,urticaria,Mày đay,disease,immune,,,,,,"các cơn hen, mày đay hoặc viêm mũi cấp, xảy ra do acid acetylsalicylic hoặc các NSAIDs khác",or,true,medium,not_requested,matched,needs_review,Khớp alias/thuật ngữ bằng rule tất định; bắt buộc duyệt thủ công.,,
condition-mention:d5550dfabc78f392,"Các tình trạng bệnh gan và ruột cản trở sự quay trở lại tuần hoàn gan-ruột của các acid mật (ứ mật ngoài gan, ứ mật trong gan, cắt bỏ hồi tràng, mở thông ruột-hồi tràng, viêm hồi tràng khu trú, bệnh gan cấp tính hay mạn tính nặng, đang bị loét tá tràng, đang bị loét dạ dày)","cac tinh trang benh gan va ruot can tro su quay tro lai tuan hoan gan ruot cua cac acid mat u mat ngoai gan, u mat trong gan, cat bo hoi trang, mo thong ruot hoi trang, viem hoi trang khu tru, benh gan cap tinh hay man tinh nang, dang bi loet ta trang, dang bi loet da day",1,acute_liver_disease,Bệnh gan cấp tính,disease,hepatic,,,,,,"Các tình trạng bệnh gan và ruột cản trở sự quay trở lại tuần hoàn gan-ruột của các acid mật (ứ mật ngoài gan, ứ mật trong gan, cắt bỏ hồi tràng, mở thông ruột-hồi tràng, viêm hồi tràng khu trú, bệnh gan cấp tính hay mạn tính nặng, đang bị loét tá tràng, đang bị loét dạ dày)",and,true,medium,not_requested,matched,needs_review,Khớp alias/thuật ngữ bằng rule tất định; bắt buộc duyệt thủ công.,,
condition-mention:d5550dfabc78f392,"Các tình trạng bệnh gan và ruột cản trở sự quay trở lại tuần hoàn gan-ruột của các acid mật (ứ mật ngoài gan, ứ mật trong gan, cắt bỏ hồi tràng, mở thông ruột-hồi tràng, viêm hồi tràng khu trú, bệnh gan cấp tính hay mạn tính nặng, đang bị loét tá tràng, đang bị loét dạ dày)","cac tinh trang benh gan va ruot can tro su quay tro lai tuan hoan gan ruot cua cac acid mat u mat ngoai gan, u mat trong gan, cat bo hoi trang, mo thong ruot hoi trang, viem hoi trang khu tru, benh gan cap tinh hay man tinh nang, dang bi loet ta trang, dang bi loet da day",1,cholestasis,Ứ mật,disease,hepatic,,,,,,"Các tình trạng bệnh gan và ruột cản trở sự quay trở lại tuần hoàn gan-ruột của các acid mật (ứ mật ngoài gan, ứ mật trong gan, cắt bỏ hồi tràng, mở thông ruột-hồi tràng, viêm hồi tràng khu trú, bệnh gan cấp tính hay mạn tính nặng, đang bị loét tá tràng, đang bị loét dạ dày)",and,true,medium,not_requested,matched,needs_review,Khớp alias/thuật ngữ bằng rule tất định; bắt buộc duyệt thủ công.,,
condition-mention:d5550dfabc78f392,"Các tình trạng bệnh gan và ruột cản trở sự quay trở lại tuần hoàn gan-ruột của các acid mật (ứ mật ngoài gan, ứ mật trong gan, cắt bỏ hồi tràng, mở thông ruột-hồi tràng, viêm hồi tràng khu trú, bệnh gan cấp tính hay mạn tính nặng, đang bị loét tá tràng, đang bị loét dạ dày)","cac tinh trang benh gan va ruot can tro su quay tro lai tuan hoan gan ruot cua cac acid mat u mat ngoai gan, u mat trong gan, cat bo hoi trang, mo thong ruot hoi trang, viem hoi trang khu tru, benh gan cap tinh hay man tinh nang, dang bi loet ta trang, dang bi loet da day",1,peptic_ulcer,Loét dạ dày–tá tràng,disease,gastrointestinal,,,,,,"Các tình trạng bệnh gan và ruột cản trở sự quay trở lại tuần hoàn gan-ruột của các acid mật (ứ mật ngoài gan, ứ mật trong gan, cắt bỏ hồi tràng, mở thông ruột-hồi tràng, viêm hồi tràng khu trú, bệnh gan cấp tính hay mạn tính nặng, đang bị loét tá tràng, đang bị loét dạ dày)",and,true,medium,not_requested,matched,needs_review,Khớp alias/thuật ngữ bằng rule tất định; bắt buộc duyệt thủ công.,,
condition-mention:ba83be9cd0618545,"Các tình trạng cấp tính có khả năng ảnh hưởng tới chức năng thận (Mất nước, nhiễm khuẩn nặng, sốc)","cac tinh trang cap tinh co kha nang anh huong toi chuc nang than mat nuoc, nhiem khuan nang, soc",1,shock,Sốc,clinical_finding,systemic,,,,,,"Các tình trạng cấp tính có khả năng ảnh hưởng tới chức năng thận (Mất nước, nhiễm khuẩn nặng, sốc)",unclear,true,medium,not_requested,matched,needs_review,Khớp alias/thuật ngữ bằng rule tất định; bắt buộc duyệt thủ công.,,
condition-mention:ba83be9cd0618545,"Các tình trạng cấp tính có khả năng ảnh hưởng tới chức năng thận (Mất nước, nhiễm khuẩn nặng, sốc)","cac tinh trang cap tinh co kha nang anh huong toi chuc nang than mat nuoc, nhiem khuan nang, soc",1,dehydration,Mất nước,clinical_finding,metabolic,,,,,,"Các tình trạng cấp tính có khả năng ảnh hưởng tới chức năng thận (Mất nước, nhiễm khuẩn nặng, sốc)",unclear,true,medium,not_requested,matched,needs_review,Khớp alias/thuật ngữ bằng rule tất định; bắt buộc duyệt thủ công.,,
condition-mention:ba83be9cd0618545,"Các tình trạng cấp tính có khả năng ảnh hưởng tới chức năng thận (Mất nước, nhiễm khuẩn nặng, sốc)","cac tinh trang cap tinh co kha nang anh huong toi chuc nang than mat nuoc, nhiem khuan nang, soc",1,infection,Nhiễm trùng/nhiễm khuẩn,disease,infectious,,,,,,"Các tình trạng cấp tính có khả năng ảnh hưởng tới chức năng thận (Mất nước, nhiễm khuẩn nặng, sốc)",unclear,true,medium,not_requested,matched,needs_review,Khớp alias/thuật ngữ bằng rule tất định; bắt buộc duyệt thủ công.,,
condition-mention:c78a8195c821dcc1,"Các tình trạng cấp tính có nguy cơ làm thay đổi chức năng thận như mất nước, nhiễm khuẩn nặng, sốc, sử dụng chất cản quang chứa iod","cac tinh trang cap tinh co nguy co lam thay doi chuc nang than nhu mat nuoc, nhiem khuan nang, soc, su dung chat can quang chua iod",1,shock,Sốc,clinical_finding,systemic,,,,,,"Các tình trạng cấp tính có nguy cơ làm thay đổi chức năng thận như mất nước, nhiễm khuẩn nặng, sốc, sử dụng chất cản quang chứa iod",unclear,true,medium,not_requested,matched,needs_review,Khớp alias/thuật ngữ bằng rule tất định; bắt buộc duyệt thủ công.,,
condition-mention:c78a8195c821dcc1,"Các tình trạng cấp tính có nguy cơ làm thay đổi chức năng thận như mất nước, nhiễm khuẩn nặng, sốc, sử dụng chất cản quang chứa iod","cac tinh trang cap tinh co nguy co lam thay doi chuc nang than nhu mat nuoc, nhiem khuan nang, soc, su dung chat can quang chua iod",1,dehydration,Mất nước,clinical_finding,metabolic,,,,,,"Các tình trạng cấp tính có nguy cơ làm thay đổi chức năng thận như mất nước, nhiễm khuẩn nặng, sốc, sử dụng chất cản quang chứa iod",unclear,true,medium,not_requested,matched,needs_review,Khớp alias/thuật ngữ bằng rule tất định; bắt buộc duyệt thủ công.,,
condition-mention:c78a8195c821dcc1,"Các tình trạng cấp tính có nguy cơ làm thay đổi chức năng thận như mất nước, nhiễm khuẩn nặng, sốc, sử dụng chất cản quang chứa iod","cac tinh trang cap tinh co nguy co lam thay doi chuc nang than nhu mat nuoc, nhiem khuan nang, soc, su dung chat can quang chua iod",1,infection,Nhiễm trùng/nhiễm khuẩn,disease,infectious,,,,,,"Các tình trạng cấp tính có nguy cơ làm thay đổi chức năng thận như mất nước, nhiễm khuẩn nặng, sốc, sử dụng chất cản quang chứa iod",unclear,true,medium,not_requested,matched,needs_review,Khớp alias/thuật ngữ bằng rule tất định; bắt buộc duyệt thủ công.,,
condition-mention:328304288769f45e,"Các trường hợp cấp tính có khả năng làm biến đổi chức năng thận (mất nước, nhiễm trùng nặng, sốc)","cac truong hop cap tinh co kha nang lam bien doi chuc nang than mat nuoc, nhiem trung nang, soc",1,shock,Sốc,clinical_finding,systemic,,,,,,"Các trường hợp cấp tính có khả năng làm biến đổi chức năng thận (mất nước, nhiễm trùng nặng, sốc)",unclear,true,medium,not_requested,matched,needs_review,Khớp alias/thuật ngữ bằng rule tất định; bắt buộc duyệt thủ công.,,
condition-mention:328304288769f45e,"Các trường hợp cấp tính có khả năng làm biến đổi chức năng thận (mất nước, nhiễm trùng nặng, sốc)","cac truong hop cap tinh co kha nang lam bien doi chuc nang than mat nuoc, nhiem trung nang, soc",1,dehydration,Mất nước,clinical_finding,metabolic,,,,,,"Các trường hợp cấp tính có khả năng làm biến đổi chức năng thận (mất nước, nhiễm trùng nặng, sốc)",unclear,true,medium,not_requested,matched,needs_review,Khớp alias/thuật ngữ bằng rule tất định; bắt buộc duyệt thủ công.,,
condition-mention:328304288769f45e,"Các trường hợp cấp tính có khả năng làm biến đổi chức năng thận (mất nước, nhiễm trùng nặng, sốc)","cac truong hop cap tinh co kha nang lam bien doi chuc nang than mat nuoc, nhiem trung nang, soc",1,infection,Nhiễm trùng/nhiễm khuẩn,disease,infectious,,,,,,"Các trường hợp cấp tính có khả năng làm biến đổi chức năng thận (mất nước, nhiễm trùng nặng, sốc)",unclear,true,medium,not_requested,matched,needs_review,Khớp alias/thuật ngữ bằng rule tất định; bắt buộc duyệt thủ công.,,
condition-mention:3129b9219e283a21,"Các vấn đề di truyền hiếm gặp về không dung nạp galactose, thiếu men Lapp lactase, hấp thu kém glucose-galactose","cac van de di truyen hiem gap ve khong dung nap galactose, thieu men lapp lactase, hap thu kem glucose galactose",1,hereditary_galactose_intolerance,Không dung nạp galactose di truyền,disease,metabolic,,,,,,"Các vấn đề di truyền hiếm gặp về không dung nạp galactose, thiếu men Lapp lactase, hấp thu kém glucose-galactose",unclear,true,medium,not_requested,matched,needs_review,Khớp alias/thuật ngữ bằng rule tất định; bắt buộc duyệt thủ công.,,
condition-mention:3129b9219e283a21,"Các vấn đề di truyền hiếm gặp về không dung nạp galactose, thiếu men Lapp lactase, hấp thu kém glucose-galactose","cac van de di truyen hiem gap ve khong dung nap galactose, thieu men lapp lactase, hap thu kem glucose galactose",1,lactase_deficiency,Thiếu hụt lactase,disease,metabolic,,,,,,"Các vấn đề di truyền hiếm gặp về không dung nạp galactose, thiếu men Lapp lactase, hấp thu kém glucose-galactose",unclear,true,medium,not_requested,matched,needs_review,Khớp alias/thuật ngữ bằng rule tất định; bắt buộc duyệt thủ công.,,
condition-mention:5611b4726b0cbdd6,Calci niệu nặng,calci nieu nang,1,hypercalciuria,Tăng calci niệu,clinical_finding,electrolyte,severe,,,,,Calci niệu nặng,single,false,medium,not_requested,matched,needs_review,Khớp alias/thuật ngữ bằng rule tất định; bắt buộc duyệt thủ công.,,
condition-mention:bc29a5753fadf374,Cao huyết áp,cao huyet ap,1,hypertension,Tăng huyết áp,disease,cardiovascular,,,,,,Cao huyết áp,single,false,medium,not_requested,matched,needs_review,Khớp alias/thuật ngữ bằng rule tất định; bắt buộc duyệt thủ công.,,
condition-mention:2300bd2329b7d684,Cao huyết áp không kiểm soát được,cao huyet ap khong kiem soat duoc,1,hypertension,Tăng huyết áp,disease,cardiovascular,,,,,,Cao huyết áp không kiểm soát được,single,false,medium,not_requested,matched,needs_review,Khớp alias/thuật ngữ bằng rule tất định; bắt buộc duyệt thủ công.,,
condition-mention:9aaaaf8e161c0b0c,cao huyết áp nặng hoặc có bệnh mạch máu ngoại biên,cao huyet ap nang hoac co benh mach mau ngoai bien,1,hypertension,Tăng huyết áp,disease,cardiovascular,,,,,,cao huyết áp nặng hoặc có bệnh mạch máu ngoại biên,or,true,medium,not_requested,matched,needs_review,Khớp alias/thuật ngữ bằng rule tất định; bắt buộc duyệt thủ công.,,
condition-mention:9aaaaf8e161c0b0c,cao huyết áp nặng hoặc có bệnh mạch máu ngoại biên,cao huyet ap nang hoac co benh mach mau ngoai bien,1,peripheral_arterial_disease,Bệnh động mạch ngoại biên,disease,cardiovascular,,,,,,cao huyết áp nặng hoặc có bệnh mạch máu ngoại biên,or,true,medium,not_requested,matched,needs_review,Khớp alias/thuật ngữ bằng rule tất định; bắt buộc duyệt thủ công.,,
condition-mention:e7e3179b7cdb4115,Cao huyết áp nặng và không được điều trị,cao huyet ap nang va khong duoc dieu tri,1,hypertension,Tăng huyết áp,disease,cardiovascular,severe,,,,,Cao huyết áp nặng và không được điều trị,and,true,medium,not_requested,matched,needs_review,Khớp alias/thuật ngữ bằng rule tất định; bắt buộc duyệt thủ công.,,
condition-mention:0f6b9bad21dc78ba,Chậm nhịp tim có triệu chứng hoặc tụt huyết áp có triệu chứng,cham nhip tim co trieu chung hoac tut huyet ap co trieu chung,1,hypotension,Hạ huyết áp,clinical_finding,cardiovascular,,,,,,Chậm nhịp tim có triệu chứng hoặc tụt huyết áp có triệu chứng,or,true,medium,not_requested,matched,needs_review,Khớp alias/thuật ngữ bằng rule tất định; bắt buộc duyệt thủ công.,,
condition-mention:0f6b9bad21dc78ba,Chậm nhịp tim có triệu chứng hoặc tụt huyết áp có triệu chứng,cham nhip tim co trieu chung hoac tut huyet ap co trieu chung,1,bradycardia,Nhịp tim chậm,clinical_finding,cardiovascular,,,,,,Chậm nhịp tim có triệu chứng hoặc tụt huyết áp có triệu chứng,or,true,medium,not_requested,matched,needs_review,Khớp alias/thuật ngữ bằng rule tất định; bắt buộc duyệt thủ công.,,
condition-mention:6107a175d34620d6,Chấn thương sọ não hoặc đột quỵ,chan thuong so nao hoac dot quy,1,stroke,Đột quỵ/tai biến mạch máu não,disease,neurologic,,,,,,Chấn thương sọ não hoặc đột quỵ,or,true,medium,not_requested,matched,needs_review,Khớp alias/thuật ngữ bằng rule tất định; bắt buộc duyệt thủ công.,,
condition-mention:482f8ac5044bbf87,"Chảy máu dạ dày, chảy máu đường ruột hoặc chảy máu não hoặc bất kỳ tình trạng chảy máu nào khác","chay mau da day, chay mau duong ruot hoac chay mau nao hoac bat ky tinh trang chay mau nao khac",1,intracranial_hemorrhage,Xuất huyết nội sọ,disease,neurologic,,,,,,"Chảy máu dạ dày, chảy máu đường ruột hoặc chảy máu não hoặc bất kỳ tình trạng chảy máu nào khác",or,true,medium,not_requested,matched,needs_review,Khớp alias/thuật ngữ bằng rule tất định; bắt buộc duyệt thủ công.,,
condition-mention:482f8ac5044bbf87,"Chảy máu dạ dày, chảy máu đường ruột hoặc chảy máu não hoặc bất kỳ tình trạng chảy máu nào khác","chay mau da day, chay mau duong ruot hoac chay mau nao hoac bat ky tinh trang chay mau nao khac",1,gastrointestinal_bleeding,Xuất huyết tiêu hóa,clinical_finding,gastrointestinal,,,,,,"Chảy máu dạ dày, chảy máu đường ruột hoặc chảy máu não hoặc bất kỳ tình trạng chảy máu nào khác",or,true,medium,not_requested,matched,needs_review,Khớp alias/thuật ngữ bằng rule tất định; bắt buộc duyệt thủ công.,,
condition-mention:5b04dc951b9bc294,Chảy máu đường tiêu hóa chưa được chẩn đoán,chay mau duong tieu hoa chua duoc chan doan,1,gastrointestinal_bleeding,Xuất huyết tiêu hóa,clinical_finding,gastrointestinal,,,,,,Chảy máu đường tiêu hóa chưa được chẩn đoán,single,false,medium,not_requested,matched,needs_review,Khớp alias/thuật ngữ bằng rule tất định; bắt buộc duyệt thủ công.,,
condition-mention:39117601148f49b5,"Chảy máu đường tiêu hóa, chảy máu não hoặc rối loạn chảy máu khác","chay mau duong tieu hoa, chay mau nao hoac roi loan chay mau khac",1,intracranial_hemorrhage,Xuất huyết nội sọ,disease,neurologic,,,,,,"Chảy máu đường tiêu hóa, chảy máu não hoặc rối loạn chảy máu khác",or,true,medium,not_requested,matched,needs_review,Khớp alias/thuật ngữ bằng rule tất định; bắt buộc duyệt thủ công.,,
condition-mention:39117601148f49b5,"Chảy máu đường tiêu hóa, chảy máu não hoặc rối loạn chảy máu khác","chay mau duong tieu hoa, chay mau nao hoac roi loan chay mau khac",1,gastrointestinal_bleeding,Xuất huyết tiêu hóa,clinical_finding,gastrointestinal,,,,,,"Chảy máu đường tiêu hóa, chảy máu não hoặc rối loạn chảy máu khác",or,true,medium,not_requested,matched,needs_review,Khớp alias/thuật ngữ bằng rule tất định; bắt buộc duyệt thủ công.,,
condition-mention:39117601148f49b5,"Chảy máu đường tiêu hóa, chảy máu não hoặc rối loạn chảy máu khác","chay mau duong tieu hoa, chay mau nao hoac roi loan chay mau khac",1,bleeding_disorder,Rối loạn chảy máu/đông máu,disease,hematologic,,,,,,"Chảy máu đường tiêu hóa, chảy máu não hoặc rối loạn chảy máu khác",or,true,medium,not_requested,matched,needs_review,Khớp alias/thuật ngữ bằng rule tất định; bắt buộc duyệt thủ công.,,
condition-mention:028e27167039f63d,Chảy máu não hoặc chấn thương sọ não gần đây,chay mau nao hoac chan thuong so nao gan day,1,intracranial_hemorrhage,Xuất huyết nội sọ,disease,neurologic,,,,,,Chảy máu não hoặc chấn thương sọ não gần đây,or,true,medium,not_requested,matched,needs_review,Khớp alias/thuật ngữ bằng rule tất định; bắt buộc duyệt thủ công.,,
condition-mention:6fd75c0a55b3c98c,Chảy máu nội sọ sau chấn thương sọ não,chay mau noi so sau chan thuong so nao,1,intracranial_hemorrhage,Xuất huyết nội sọ,disease,neurologic,,,,,,Chảy máu nội sọ sau chấn thương sọ não,single,false,medium,not_requested,matched,needs_review,Khớp alias/thuật ngữ bằng rule tất định; bắt buộc duyệt thủ công.,,
condition-mention:d8b58372a06f17b9,Chảy máu nội sọ xuất hiện đột ngột và dai dẳng,chay mau noi so xuat hien dot ngot va dai dang,1,intracranial_hemorrhage,Xuất huyết nội sọ,disease,neurologic,,,,,,Chảy máu nội sọ xuất hiện đột ngột và dai dẳng,and,true,medium,not_requested,matched,needs_review,Khớp alias/thuật ngữ bằng rule tất định; bắt buộc duyệt thủ công.,,
condition-mention:57169ff806f38b53,"chảy máu tiêu hóa, tắc nghẽn cơ học hoặc thủng dạ dày ruột","chay mau tieu hoa, tac nghen co hoc hoac thung da day ruot",1,gastrointestinal_bleeding,Xuất huyết tiêu hóa,clinical_finding,gastrointestinal,,,,,,"chảy máu tiêu hóa, tắc nghẽn cơ học hoặc thủng dạ dày ruột",or,true,medium,not_requested,matched,needs_review,Khớp alias/thuật ngữ bằng rule tất định; bắt buộc duyệt thủ công.,,
condition-mention:4013d5d64195a15a,chức năng thận suy giảm,chuc nang than suy giam,1,renal_impairment,Suy giảm chức năng thận,organ_impairment,renal,,,,,,chức năng thận suy giảm,single,false,medium,not_requested,matched,needs_review,Khớp alias/thuật ngữ bằng rule tất định; bắt buộc duyệt thủ công.,,
condition-mention:0e8c7c5c386886c6,chức năng thất trái bị suy,chuc nang that trai bi suy,1,left_ventricular_dysfunction,Rối loạn chức năng thất trái,disease,cardiovascular,,,,,,chức năng thất trái bị suy,single,false,medium,not_requested,matched,needs_review,Khớp alias/thuật ngữ bằng rule tất định; bắt buộc duyệt thủ công.,,
condition-mention:43c69ea6889d0eaf,Chứng đông máu nội mạch hoạt động,chung dong mau noi mach hoat dong,1,bleeding_disorder,Rối loạn chảy máu/đông máu,disease,hematologic,,,,,,Chứng đông máu nội mạch hoạt động,single,false,medium,not_requested,matched,needs_review,Khớp alias/thuật ngữ bằng rule tất định; bắt buộc duyệt thủ công.,,
condition-mention:e51948d82966d535,Chứng khó tiêu,chung kho tieu,1,dyspepsia,Khó tiêu,clinical_finding,gastrointestinal,,,,,,Chứng khó tiêu,single,false,medium,not_requested,matched,needs_review,Khớp alias/thuật ngữ bằng rule tất định; bắt buộc duyệt thủ công.,,
condition-mention:c74d3d8612ef60a1,Chứng không dung nạp fructose bẩm sinh,chung khong dung nap fructose bam sinh,1,hereditary_fructose_intolerance,Không dung nạp fructose di truyền,disease,metabolic,,,,,,Chứng không dung nạp fructose bẩm sinh,single,false,medium,not_requested,matched,needs_review,Khớp alias/thuật ngữ bằng rule tất định; bắt buộc duyệt thủ công.,,
condition-mention:a5079026e8df2ba3,Chứng liệt cứng,chung liet cung,1,spastic_paralysis,Liệt cứng,disease,neuromuscular,,,,,,Chứng liệt cứng,single,false,medium,not_requested,matched,needs_review,Khớp alias/thuật ngữ bằng rule tất định; bắt buộc duyệt thủ công.,,
condition-mention:4c58b754436120ca,"Chứng loãng máu, tăng lượng nước ngoại tế bào, tăng dung lượng máu lớn","chung loang mau, tang luong nuoc ngoai te bao, tang dung luong mau lon",1,hemodilution,Pha loãng máu,clinical_finding,hematologic,,,,,,"Chứng loãng máu, tăng lượng nước ngoại tế bào, tăng dung lượng máu lớn",unclear,true,medium,not_requested,matched,needs_review,Khớp alias/thuật ngữ bằng rule tất định; bắt buộc duyệt thủ công.,,
condition-mention:a8324aafa554d71d,Chứng mất trí nhớ ở người cao tuổi,chung mat tri nho o nguoi cao tuoi,1,older_adult,Người cao tuổi,population,special,,,,,,Chứng mất trí nhớ ở người cao tuổi,unclear,true,medium,not_requested,matched,needs_review,Khớp alias/thuật ngữ bằng rule tất định; bắt buộc duyệt thủ công.,,
condition-mention:a8324aafa554d71d,Chứng mất trí nhớ ở người cao tuổi,chung mat tri nho o nguoi cao tuoi,1,dementia,Sa sút trí tuệ,disease,psychiatric,,,,,,Chứng mất trí nhớ ở người cao tuổi,unclear,true,medium,not_requested,matched,needs_review,Khớp alias/thuật ngữ bằng rule tất định; bắt buộc duyệt thủ công.,,
condition-mention:eb0d8fefb27d8f08,Chứng suy tim động không ổn định về huyết động sau nhồi máu cơ tim cấp,chung suy tim dong khong on dinh ve huyet dong sau nhoi mau co tim cap,1,heart_failure,Suy tim,disease,cardiovascular,,,,,,Chứng suy tim động không ổn định về huyết động sau nhồi máu cơ tim cấp,unclear,true,medium,not_requested,matched,needs_review,Khớp alias/thuật ngữ bằng rule tất định; bắt buộc duyệt thủ công.,,
condition-mention:eb0d8fefb27d8f08,Chứng suy tim động không ổn định về huyết động sau nhồi máu cơ tim cấp,chung suy tim dong khong on dinh ve huyet dong sau nhoi mau co tim cap,1,myocardial_infarction,Nhồi máu cơ tim,disease,cardiovascular,,,,,,Chứng suy tim động không ổn định về huyết động sau nhồi máu cơ tim cấp,unclear,true,medium,not_requested,matched,needs_review,Khớp alias/thuật ngữ bằng rule tất định; bắt buộc duyệt thủ công.,,
condition-mention:0b0e6f1c79c15791,Chứng u hạt,chung u hat,1,sarcoidosis,Bệnh sarcoidosis,disease,immune,,,,,,Chứng u hạt,single,false,medium,not_requested,matched,needs_review,Khớp alias/thuật ngữ bằng rule tất định; bắt buộc duyệt thủ công.,,
condition-mention:99f4cf911eacaeec,chứng xơ vữa động mạch não,chung xo vua dong mach nao,1,atherosclerosis,Xơ vữa động mạch,disease,cardiovascular,,,,,,chứng xơ vữa động mạch não,single,false,medium,not_requested,matched,needs_review,Khớp alias/thuật ngữ bằng rule tất định; bắt buộc duyệt thủ công.,,
condition-mention:9c545f47c97accdd,Co giật hoặc có tiền sử co giật,co giat hoac co tien su co giat,1,epilepsy,Động kinh/co giật,disease,neurologic,,,,,,Co giật hoặc có tiền sử co giật,or,true,medium,not_requested,matched,needs_review,Khớp alias/thuật ngữ bằng rule tất định; bắt buộc duyệt thủ công.,,
condition-mention:65ee73b3b6d31e0a,"Co thắt phế quản (hen phế quản, bệnh đường thở tắc nghẽn)","co that phe quan hen phe quan, benh duong tho tac nghen",1,asthma,Hen phế quản,disease,respiratory,,,,,,"Co thắt phế quản (hen phế quản, bệnh đường thở tắc nghẽn)",unclear,true,medium,not_requested,matched,needs_review,Khớp alias/thuật ngữ bằng rule tất định; bắt buộc duyệt thủ công.,,
condition-mention:65ee73b3b6d31e0a,"Co thắt phế quản (hen phế quản, bệnh đường thở tắc nghẽn)","co that phe quan hen phe quan, benh duong tho tac nghen",1,bronchospasm,Co thắt phế quản,clinical_finding,respiratory,,,,,,"Co thắt phế quản (hen phế quản, bệnh đường thở tắc nghẽn)",unclear,true,medium,not_requested,matched,needs_review,Khớp alias/thuật ngữ bằng rule tất định; bắt buộc duyệt thủ công.,,
condition-mention:a9515b4001f87cd8,"Co thắt phế quản, hen, polyp mũi và phù Quincke hoặc mày đay do aspirin, hoặc một thuốc chống viêm không steroid khác gây ra","co that phe quan, hen, polyp mui va phu quincke hoac may day do aspirin, hoac mot thuoc chong viem khong steroid khac gay ra",1,asthma,Hen phế quản,disease,respiratory,,,,,,"Co thắt phế quản, hen, polyp mũi và phù Quincke hoặc mày đay do aspirin, hoặc một thuốc chống viêm không steroid khác gây ra",mixed,true,medium,not_requested,matched,needs_review,Khớp alias/thuật ngữ bằng rule tất định; bắt buộc duyệt thủ công.,,
condition-mention:a9515b4001f87cd8,"Co thắt phế quản, hen, polyp mũi và phù Quincke hoặc mày đay do aspirin, hoặc một thuốc chống viêm không steroid khác gây ra","co that phe quan, hen, polyp mui va phu quincke hoac may day do aspirin, hoac mot thuoc chong viem khong steroid khac gay ra",1,bronchospasm,Co thắt phế quản,clinical_finding,respiratory,,,,,,"Co thắt phế quản, hen, polyp mũi và phù Quincke hoặc mày đay do aspirin, hoặc một thuốc chống viêm không steroid khác gây ra",mixed,true,medium,not_requested,matched,needs_review,Khớp alias/thuật ngữ bằng rule tất định; bắt buộc duyệt thủ công.,,
condition-mention:a9515b4001f87cd8,"Co thắt phế quản, hen, polyp mũi và phù Quincke hoặc mày đay do aspirin, hoặc một thuốc chống viêm không steroid khác gây ra","co that phe quan, hen, polyp mui va phu quincke hoac may day do aspirin, hoac mot thuoc chong viem khong steroid khac gay ra",1,angioedema,Phù mạch,disease,immune,,,,,,"Co thắt phế quản, hen, polyp mũi và phù Quincke hoặc mày đay do aspirin, hoặc một thuốc chống viêm không steroid khác gây ra",mixed,true,medium,not_requested,matched,needs_review,Khớp alias/thuật ngữ bằng rule tất định; bắt buộc duyệt thủ công.,,
condition-mention:a9515b4001f87cd8,"Co thắt phế quản, hen, polyp mũi và phù Quincke hoặc mày đay do aspirin, hoặc một thuốc chống viêm không steroid khác gây ra","co that phe quan, hen, polyp mui va phu quincke hoac may day do aspirin, hoac mot thuoc chong viem khong steroid khac gay ra",1,urticaria,Mày đay,disease,immune,,,,,,"Co thắt phế quản, hen, polyp mũi và phù Quincke hoặc mày đay do aspirin, hoặc một thuốc chống viêm không steroid khác gây ra",mixed,true,medium,not_requested,matched,needs_review,Khớp alias/thuật ngữ bằng rule tất định; bắt buộc duyệt thủ công.,,
condition-mention:a9515b4001f87cd8,"Co thắt phế quản, hen, polyp mũi và phù Quincke hoặc mày đay do aspirin, hoặc một thuốc chống viêm không steroid khác gây ra","co that phe quan, hen, polyp mui va phu quincke hoac may day do aspirin, hoac mot thuoc chong viem khong steroid khac gay ra",1,edema,Phù,clinical_finding,systemic,,,,,,"Co thắt phế quản, hen, polyp mũi và phù Quincke hoặc mày đay do aspirin, hoặc một thuốc chống viêm không steroid khác gây ra",mixed,true,medium,not_requested,matched,needs_review,Khớp alias/thuật ngữ bằng rule tất định; bắt buộc duyệt thủ công.,,
condition-mention:bf3e84205b45ba8e,Co thắt tâm vị,co that tam vi,1,achalasia,Co thắt tâm vị,disease,gastrointestinal,,,,,,Co thắt tâm vị,single,false,medium,not_requested,matched,needs_review,Khớp alias/thuật ngữ bằng rule tất định; bắt buộc duyệt thủ công.,,
condition-mention:6f3bda1853b34daf,Có tiền sử bệnh lý tiêu hoá (như có tiền sử viêm đại tràng),co tien su benh ly tieu hoa nhu co tien su viem dai trang,1,colitis,Viêm đại tràng,disease,gastrointestinal,,,,,,Có tiền sử bệnh lý tiêu hoá (như có tiền sử viêm đại tràng),single,false,medium,not_requested,matched,needs_review,Khớp alias/thuật ngữ bằng rule tất định; bắt buộc duyệt thủ công.,,
condition-mention:572186ff4ec73c4f,Có tiền sử rối loạn chảy máu hoặc đông máu; rối loạn đông máu nghiêm trọng,co tien su roi loan chay mau hoac dong mau; roi loan dong mau nghiem trong,1,active_bleeding,Đang xuất huyết,clinical_finding,hematologic,,,,,,Có tiền sử rối loạn chảy máu hoặc đông máu; rối loạn đông máu nghiêm trọng,or,true,medium,not_requested,matched,needs_review,Khớp alias/thuật ngữ bằng rule tất định; bắt buộc duyệt thủ công.,,
condition-mention:572186ff4ec73c4f,Có tiền sử rối loạn chảy máu hoặc đông máu; rối loạn đông máu nghiêm trọng,co tien su roi loan chay mau hoac dong mau; roi loan dong mau nghiem trong,1,bleeding_disorder,Rối loạn chảy máu/đông máu,disease,hematologic,,,,,,Có tiền sử rối loạn chảy máu hoặc đông máu; rối loạn đông máu nghiêm trọng,or,true,medium,not_requested,matched,needs_review,Khớp alias/thuật ngữ bằng rule tất định; bắt buộc duyệt thủ công.,,
condition-mention:e76a77a000a10443,Cơn nhịp tim nhanh,con nhip tim nhanh,1,tachycardia,Nhịp tim nhanh,clinical_finding,cardiovascular,,,,,nhịp tim nhanh,Cơn nhịp tim nhanh,single,false,medium,not_requested,matched,needs_review,Khớp alias/thuật ngữ bằng rule tất định; bắt buộc duyệt thủ công.,,
condition-mention:e69aab14e289d356,Cường aldosteron,cuong aldosteron,1,primary_hyperaldosteronism,Cường aldosteron nguyên phát,disease,endocrine,,,,,,Cường aldosteron,single,false,medium,not_requested,matched,needs_review,Khớp alias/thuật ngữ bằng rule tất định; bắt buộc duyệt thủ công.,,
condition-mention:95a7f4450f875825,Cường cận giáp,cuong can giap,1,hyperparathyroidism,Cường cận giáp,disease,endocrine,,,,,,Cường cận giáp,single,false,medium,not_requested,matched,needs_review,Khớp alias/thuật ngữ bằng rule tất định; bắt buộc duyệt thủ công.,,
condition-mention:4199a50cd4b204ad,Cường giáp chưa được điều trị bằng thuốc kháng giáp trạng tổng hợp,cuong giap chua duoc dieu tri bang thuoc khang giap trang tong hop,1,hyperthyroidism,Cường giáp,disease,endocrine,,,,,,Cường giáp chưa được điều trị bằng thuốc kháng giáp trạng tổng hợp,single,false,medium,not_requested,matched,needs_review,Khớp alias/thuật ngữ bằng rule tất định; bắt buộc duyệt thủ công.,,
condition-mention:89b4ecca6580fe53,cường giáp / đau do nhiễm độc giáp,cuong giap dau do nhiem doc giap,1,hyperthyroidism,Cường giáp,disease,endocrine,,,,,,cường giáp / đau do nhiễm độc giáp,unclear,true,medium,not_requested,matched,needs_review,Khớp alias/thuật ngữ bằng rule tất định; bắt buộc duyệt thủ công.,,
condition-mention:89b4ecca6580fe53,cường giáp / đau do nhiễm độc giáp,cuong giap dau do nhiem doc giap,1,thyrotoxicosis,Nhiễm độc giáp,disease,endocrine,,,,,,cường giáp / đau do nhiễm độc giáp,unclear,true,medium,not_requested,matched,needs_review,Khớp alias/thuật ngữ bằng rule tất định; bắt buộc duyệt thủ công.,,
condition-mention:7f01271f84255c26,Cường giáp không được kiểm soát,cuong giap khong duoc kiem soat,1,hyperthyroidism,Cường giáp,disease,endocrine,,,,,,Cường giáp không được kiểm soát,single,false,medium,not_requested,matched,needs_review,Khớp alias/thuật ngữ bằng rule tất định; bắt buộc duyệt thủ công.,,
condition-mention:c7d015e2b6a97a8d,cường giáp nặng,cuong giap nang,1,hyperthyroidism,Cường giáp,disease,endocrine,severe,,,,,cường giáp nặng,single,false,medium,not_requested,matched,needs_review,Khớp alias/thuật ngữ bằng rule tất định; bắt buộc duyệt thủ công.,,
condition-mention:0ed1cb3705e96481,"cường giáp trạng hoặc bệnh đái tháo đường, bệnh u tế bào ưa crom","cuong giap trang hoac benh dai thao duong, benh u te bao ua crom",1,diabetes_mellitus,Đái tháo đường,disease,endocrine,,,,,,"cường giáp trạng hoặc bệnh đái tháo đường, bệnh u tế bào ưa crom",or,true,medium,not_requested,matched,needs_review,Khớp alias/thuật ngữ bằng rule tất định; bắt buộc duyệt thủ công.,,
condition-mention:0ed1cb3705e96481,"cường giáp trạng hoặc bệnh đái tháo đường, bệnh u tế bào ưa crom","cuong giap trang hoac benh dai thao duong, benh u te bao ua crom",1,hyperthyroidism,Cường giáp,disease,endocrine,,,,,,"cường giáp trạng hoặc bệnh đái tháo đường, bệnh u tế bào ưa crom",or,true,medium,not_requested,matched,needs_review,Khớp alias/thuật ngữ bằng rule tất định; bắt buộc duyệt thủ công.,,
condition-mention:0ed1cb3705e96481,"cường giáp trạng hoặc bệnh đái tháo đường, bệnh u tế bào ưa crom","cuong giap trang hoac benh dai thao duong, benh u te bao ua crom",1,pheochromocytoma,U tủy thượng thận,disease,endocrine,,,,,,"cường giáp trạng hoặc bệnh đái tháo đường, bệnh u tế bào ưa crom",or,true,medium,not_requested,matched,needs_review,Khớp alias/thuật ngữ bằng rule tất định; bắt buộc duyệt thủ công.,,
condition-mention:9ba93c375fb21582,Cường tuyến giáp,cuong tuyen giap,1,hyperthyroidism,Cường giáp,disease,endocrine,,,,,,Cường tuyến giáp,single,false,medium,not_requested,matched,needs_review,Khớp alias/thuật ngữ bằng rule tất định; bắt buộc duyệt thủ công.,,
condition-mention:261852c748222560,Đái tháo đường có nhiễm toan ceton,dai thao duong co nhiem toan ceton,1,diabetic_ketoacidosis,Nhiễm toan ceton do đái tháo đường,disease,endocrine,,,,,,Đái tháo đường có nhiễm toan ceton,single,false,medium,not_requested,matched,needs_review,Khớp alias/thuật ngữ bằng rule tất định; bắt buộc duyệt thủ công.,,
condition-mention:d66e227a6cd02680,đái tháo đường hoặc có nguy cơ đái tháo đường,dai thao duong hoac co nguy co dai thao duong,1,diabetes_mellitus,Đái tháo đường,disease,endocrine,,,,,,đái tháo đường hoặc có nguy cơ đái tháo đường,or,true,medium,not_requested,matched,needs_review,Khớp alias/thuật ngữ bằng rule tất định; bắt buộc duyệt thủ công.,,
condition-mention:af37404c0cdc539f,"Đái tháo đường hoặc suy thận (GFR < 60 ml/phút/1,73 m²) (dùng chung aliskiren)","dai thao duong hoac suy than gfr < phut 1,73 m² dung chung aliskiren",1,renal_impairment,Suy giảm chức năng thận,organ_impairment,renal,,,,,,"Đái tháo đường hoặc suy thận (GFR < 60 ml/phút/1,73 m²) (dùng chung aliskiren)",or,true,medium,not_requested,matched,needs_review,Khớp alias/thuật ngữ bằng rule tất định; bắt buộc duyệt thủ công.,,
condition-mention:af37404c0cdc539f,"Đái tháo đường hoặc suy thận (GFR < 60 ml/phút/1,73 m²) (dùng chung aliskiren)","dai thao duong hoac suy than gfr < phut 1,73 m² dung chung aliskiren",1,diabetes_mellitus,Đái tháo đường,disease,endocrine,,,,,,"Đái tháo đường hoặc suy thận (GFR < 60 ml/phút/1,73 m²) (dùng chung aliskiren)",or,true,medium,not_requested,matched,needs_review,Khớp alias/thuật ngữ bằng rule tất định; bắt buộc duyệt thủ công.,,
condition-mention:3cf44978085d2384,"Đái tháo đường hoặc suy thận (GFR < 60 ml/phút/1,73 m²) kết hợp aliskiren","dai thao duong hoac suy than gfr < phut 1,73 m² ket hop aliskiren",1,renal_impairment,Suy giảm chức năng thận,organ_impairment,renal,,,,,,"Đái tháo đường hoặc suy thận (GFR < 60 ml/phút/1,73 m²) kết hợp aliskiren",or,true,medium,not_requested,matched,needs_review,Khớp alias/thuật ngữ bằng rule tất định; bắt buộc duyệt thủ công.,,
condition-mention:3cf44978085d2384,"Đái tháo đường hoặc suy thận (GFR < 60 ml/phút/1,73 m²) kết hợp aliskiren","dai thao duong hoac suy than gfr < phut 1,73 m² ket hop aliskiren",1,diabetes_mellitus,Đái tháo đường,disease,endocrine,,,,,,"Đái tháo đường hoặc suy thận (GFR < 60 ml/phút/1,73 m²) kết hợp aliskiren",or,true,medium,not_requested,matched,needs_review,Khớp alias/thuật ngữ bằng rule tất định; bắt buộc duyệt thủ công.,,
condition-mention:51b65329ac03c9c7,"Đái tháo đường hoặc suy thận (GFR <60 ml/phút/1,73 m2) khi dùng chung aliskiren","dai thao duong hoac suy than gfr < phut 1,73 m2 khi dung chung aliskiren",1,renal_impairment,Suy giảm chức năng thận,organ_impairment,renal,,,,,,"Đái tháo đường hoặc suy thận (GFR <60 ml/phút/1,73 m2) khi dùng chung aliskiren",or,true,medium,not_requested,matched,needs_review,Khớp alias/thuật ngữ bằng rule tất định; bắt buộc duyệt thủ công.,,
condition-mention:51b65329ac03c9c7,"Đái tháo đường hoặc suy thận (GFR <60 ml/phút/1,73 m2) khi dùng chung aliskiren","dai thao duong hoac suy than gfr < phut 1,73 m2 khi dung chung aliskiren",1,diabetes_mellitus,Đái tháo đường,disease,endocrine,,,,,,"Đái tháo đường hoặc suy thận (GFR <60 ml/phút/1,73 m2) khi dùng chung aliskiren",or,true,medium,not_requested,matched,needs_review,Khớp alias/thuật ngữ bằng rule tất định; bắt buộc duyệt thủ công.,,
condition-mention:52cc3d1310ea7286,"Đái tháo đường hoặc suy thận (GFR < 60 ml/ phút/ 1,73 m²) khi dùng chung với aliskiren","dai thao duong hoac suy than gfr < phut 1,73 m² khi dung chung voi aliskiren",1,renal_impairment,Suy giảm chức năng thận,organ_impairment,renal,,,,,,"Đái tháo đường hoặc suy thận (GFR < 60 ml/ phút/ 1,73 m²) khi dùng chung với aliskiren",or,true,medium,not_requested,matched,needs_review,Khớp alias/thuật ngữ bằng rule tất định; bắt buộc duyệt thủ công.,,
condition-mention:52cc3d1310ea7286,"Đái tháo đường hoặc suy thận (GFR < 60 ml/ phút/ 1,73 m²) khi dùng chung với aliskiren","dai thao duong hoac suy than gfr < phut 1,73 m² khi dung chung voi aliskiren",1,diabetes_mellitus,Đái tháo đường,disease,endocrine,,,,,,"Đái tháo đường hoặc suy thận (GFR < 60 ml/ phút/ 1,73 m²) khi dùng chung với aliskiren",or,true,medium,not_requested,matched,needs_review,Khớp alias/thuật ngữ bằng rule tất định; bắt buộc duyệt thủ công.,,
condition-mention:c5b76a4c02ddc5b2,"Đái tháo đường hoặc suy thận (GFR < 60 ml/phút/1,73m²) kèm dùng aliskiren","dai thao duong hoac suy than gfr < phut 1,73m² kem dung aliskiren",1,renal_impairment,Suy giảm chức năng thận,organ_impairment,renal,,,,,,"Đái tháo đường hoặc suy thận (GFR < 60 ml/phút/1,73m²) kèm dùng aliskiren",or,true,medium,not_requested,matched,needs_review,Khớp alias/thuật ngữ bằng rule tất định; bắt buộc duyệt thủ công.,,
condition-mention:c5b76a4c02ddc5b2,"Đái tháo đường hoặc suy thận (GFR < 60 ml/phút/1,73m²) kèm dùng aliskiren","dai thao duong hoac suy than gfr < phut 1,73m² kem dung aliskiren",1,diabetes_mellitus,Đái tháo đường,disease,endocrine,,,,,,"Đái tháo đường hoặc suy thận (GFR < 60 ml/phút/1,73m²) kèm dùng aliskiren",or,true,medium,not_requested,matched,needs_review,Khớp alias/thuật ngữ bằng rule tất định; bắt buộc duyệt thủ công.,,
condition-mention:09f6d2a4c57c072b,"Đái tháo đường hoặc suy thận (mức lọc cầu thận < 60 ml/min/1,73 m²)","dai thao duong hoac suy than muc loc cau than < min 1,73 m²",1,renal_impairment,Suy giảm chức năng thận,organ_impairment,renal,,,,,,"Đái tháo đường hoặc suy thận (mức lọc cầu thận < 60 ml/min/1,73 m²)",or,true,medium,not_requested,matched,needs_review,Khớp alias/thuật ngữ bằng rule tất định; bắt buộc duyệt thủ công.,,
condition-mention:09f6d2a4c57c072b,"Đái tháo đường hoặc suy thận (mức lọc cầu thận < 60 ml/min/1,73 m²)","dai thao duong hoac suy than muc loc cau than < min 1,73 m²",1,diabetes_mellitus,Đái tháo đường,disease,endocrine,,,,,,"Đái tháo đường hoặc suy thận (mức lọc cầu thận < 60 ml/min/1,73 m²)",or,true,medium,not_requested,matched,needs_review,Khớp alias/thuật ngữ bằng rule tất định; bắt buộc duyệt thủ công.,,
condition-mention:9be91d7a4f69d041,"Đái tháo đường hoặc suy thận (tốc độ lọc cầu thận GFR < 60 mL/phút/1,73 m²)","dai thao duong hoac suy than toc do loc cau than gfr < phut 1,73 m²",1,renal_impairment,Suy giảm chức năng thận,organ_impairment,renal,,,,,,"Đái tháo đường hoặc suy thận (tốc độ lọc cầu thận GFR < 60 mL/phút/1,73 m²)",or,true,medium,not_requested,matched,needs_review,Khớp alias/thuật ngữ bằng rule tất định; bắt buộc duyệt thủ công.,,
condition-mention:9be91d7a4f69d041,"Đái tháo đường hoặc suy thận (tốc độ lọc cầu thận GFR < 60 mL/phút/1,73 m²)","dai thao duong hoac suy than toc do loc cau than gfr < phut 1,73 m²",1,diabetes_mellitus,Đái tháo đường,disease,endocrine,,,,,,"Đái tháo đường hoặc suy thận (tốc độ lọc cầu thận GFR < 60 mL/phút/1,73 m²)",or,true,medium,not_requested,matched,needs_review,Khớp alias/thuật ngữ bằng rule tất định; bắt buộc duyệt thủ công.,,
condition-mention:aaa8885a5539c4a5,"Đái tháo đường hoặc suy thận (tốc độ lọc của cầu thận (GFR) < 60mL/phút/1,73m²) khi dùng chung aliskiren","dai thao duong hoac suy than toc do loc cua cau than gfr < phut 1,73m² khi dung chung aliskiren",1,renal_impairment,Suy giảm chức năng thận,organ_impairment,renal,,,,,,"Đái tháo đường hoặc suy thận (tốc độ lọc của cầu thận (GFR) < 60mL/phút/1,73m²) khi dùng chung aliskiren",or,true,medium,not_requested,matched,needs_review,Khớp alias/thuật ngữ bằng rule tất định; bắt buộc duyệt thủ công.,,
condition-mention:aaa8885a5539c4a5,"Đái tháo đường hoặc suy thận (tốc độ lọc của cầu thận (GFR) < 60mL/phút/1,73m²) khi dùng chung aliskiren","dai thao duong hoac suy than toc do loc cua cau than gfr < phut 1,73m² khi dung chung aliskiren",1,diabetes_mellitus,Đái tháo đường,disease,endocrine,,,,,,"Đái tháo đường hoặc suy thận (tốc độ lọc của cầu thận (GFR) < 60mL/phút/1,73m²) khi dùng chung aliskiren",or,true,medium,not_requested,matched,needs_review,Khớp alias/thuật ngữ bằng rule tất định; bắt buộc duyệt thủ công.,,
condition-mention:fe7248433ef5f54a,Đái tháo đường mất bù,dai thao duong mat bu,1,diabetes_mellitus,Đái tháo đường,disease,endocrine,,,,,,Đái tháo đường mất bù,single,false,medium,not_requested,matched,needs_review,Khớp alias/thuật ngữ bằng rule tất định; bắt buộc duyệt thủ công.,,
condition-mention:e10396b6d9f755ab,Đái tháo đường mất bù hoặc các tình trạng không dung nạp glucose,dai thao duong mat bu hoac cac tinh trang khong dung nap glucose,1,diabetes_mellitus,Đái tháo đường,disease,endocrine,,,,,,Đái tháo đường mất bù hoặc các tình trạng không dung nạp glucose,or,true,medium,not_requested,matched,needs_review,Khớp alias/thuật ngữ bằng rule tất định; bắt buộc duyệt thủ công.,,
condition-mention:683305ef1ddb5175,Đái tháo đường nhiễm toan thể ceton,dai thao duong nhiem toan the ceton,1,diabetic_ketoacidosis,Nhiễm toan ceton do đái tháo đường,disease,endocrine,,,,,,Đái tháo đường nhiễm toan thể ceton,single,false,medium,not_requested,matched,needs_review,Khớp alias/thuật ngữ bằng rule tất định; bắt buộc duyệt thủ công.,,
condition-mention:6169158fc9572cd8,Đái tháo đường phụ thuộc insulin (tuýp 1),dai thao duong phu thuoc insulin tuyp 1,1,type_1_diabetes,Đái tháo đường típ 1,disease,endocrine,,,,,,Đái tháo đường phụ thuộc insulin (tuýp 1),unclear,true,medium,not_requested,matched,needs_review,Khớp alias/thuật ngữ bằng rule tất định; bắt buộc duyệt thủ công.,,
condition-mention:6169158fc9572cd8,Đái tháo đường phụ thuộc insulin (tuýp 1),dai thao duong phu thuoc insulin tuyp 1,1,edema,Phù,clinical_finding,systemic,,,,,,Đái tháo đường phụ thuộc insulin (tuýp 1),unclear,true,medium,not_requested,matched,needs_review,Khớp alias/thuật ngữ bằng rule tất định; bắt buộc duyệt thủ công.,,
condition-mention:0720685533309fa6,Đái tháo đường phụ thuộc insulin (týp 1),dai thao duong phu thuoc insulin typ 1,1,type_1_diabetes,Đái tháo đường típ 1,disease,endocrine,,,,,,Đái tháo đường phụ thuộc insulin (týp 1),unclear,true,medium,not_requested,matched,needs_review,Khớp alias/thuật ngữ bằng rule tất định; bắt buộc duyệt thủ công.,,
condition-mention:0720685533309fa6,Đái tháo đường phụ thuộc insulin (týp 1),dai thao duong phu thuoc insulin typ 1,1,edema,Phù,clinical_finding,systemic,,,,,,Đái tháo đường phụ thuộc insulin (týp 1),unclear,true,medium,not_requested,matched,needs_review,Khớp alias/thuật ngữ bằng rule tất định; bắt buộc duyệt thủ công.,,
condition-mention:d39439660d48d200,Đái tháo đường típ 1 hoặc nhiễm acid ceton,dai thao duong tip 1 hoac nhiem acid ceton,1,type_1_diabetes,Đái tháo đường típ 1,disease,endocrine,,,,,,Đái tháo đường típ 1 hoặc nhiễm acid ceton,or,true,medium,not_requested,matched,needs_review,Khớp alias/thuật ngữ bằng rule tất định; bắt buộc duyệt thủ công.,,
condition-mention:d39439660d48d200,Đái tháo đường típ 1 hoặc nhiễm acid ceton,dai thao duong tip 1 hoac nhiem acid ceton,1,diabetic_ketoacidosis,Nhiễm toan ceton do đái tháo đường,disease,endocrine,,,,,,Đái tháo đường típ 1 hoặc nhiễm acid ceton,or,true,medium,not_requested,matched,needs_review,Khớp alias/thuật ngữ bằng rule tất định; bắt buộc duyệt thủ công.,,
condition-mention:38fd7c35c317d89f,Đái tháo đường tuýp 1 hoặc nhiễm toan ceton do đái tháo đường,dai thao duong tuyp 1 hoac nhiem toan ceton do dai thao duong,1,type_1_diabetes,Đái tháo đường típ 1,disease,endocrine,,,,,,Đái tháo đường tuýp 1 hoặc nhiễm toan ceton do đái tháo đường,or,true,medium,not_requested,matched,needs_review,Khớp alias/thuật ngữ bằng rule tất định; bắt buộc duyệt thủ công.,,
condition-mention:38fd7c35c317d89f,Đái tháo đường tuýp 1 hoặc nhiễm toan ceton do đái tháo đường,dai thao duong tuyp 1 hoac nhiem toan ceton do dai thao duong,1,diabetic_ketoacidosis,Nhiễm toan ceton do đái tháo đường,disease,endocrine,,,,,,Đái tháo đường tuýp 1 hoặc nhiễm toan ceton do đái tháo đường,or,true,medium,not_requested,matched,needs_review,Khớp alias/thuật ngữ bằng rule tất định; bắt buộc duyệt thủ công.,,
condition-mention:805d8a692c7faff2,Đái tháo đường tuýp 1 / Nhiễm acid ceton,dai thao duong tuyp 1 nhiem acid ceton,1,type_1_diabetes,Đái tháo đường típ 1,disease,endocrine,,,,,,Đái tháo đường tuýp 1 / Nhiễm acid ceton,unclear,true,medium,not_requested,matched,needs_review,Khớp alias/thuật ngữ bằng rule tất định; bắt buộc duyệt thủ công.,,
condition-mention:805d8a692c7faff2,Đái tháo đường tuýp 1 / Nhiễm acid ceton,dai thao duong tuyp 1 nhiem acid ceton,1,diabetic_ketoacidosis,Nhiễm toan ceton do đái tháo đường,disease,endocrine,,,,,,Đái tháo đường tuýp 1 / Nhiễm acid ceton,unclear,true,medium,not_requested,matched,needs_review,Khớp alias/thuật ngữ bằng rule tất định; bắt buộc duyệt thủ công.,,
condition-mention:61dd9b4f49c9d5c2,Đái tháo đường týp I,dai thao duong typ i,1,type_1_diabetes,Đái tháo đường típ 1,disease,endocrine,,,,,,Đái tháo đường týp I,single,false,medium,not_requested,matched,needs_review,Khớp alias/thuật ngữ bằng rule tất định; bắt buộc duyệt thủ công.,,
condition-mention:e8581e2dc7eb317c,Đái tháo đường type II,dai thao duong type ii,1,type_2_diabetes,Đái tháo đường típ 2,disease,endocrine,,,,,,Đái tháo đường type II,single,false,medium,not_requested,matched,needs_review,Khớp alias/thuật ngữ bằng rule tất định; bắt buộc duyệt thủ công.,,
condition-mention:bedd5fa9abe54522,Đái tháo đường với biến động lớn về giá trị đường huyết,dai thao duong voi bien dong lon ve gia tri duong huyet,1,diabetes_mellitus,Đái tháo đường,disease,endocrine,,,,,,Đái tháo đường với biến động lớn về giá trị đường huyết,single,false,medium,not_requested,matched,needs_review,Khớp alias/thuật ngữ bằng rule tất định; bắt buộc duyệt thủ công.,,
condition-mention:946b24c716f87e10,Đại tràng kích thích,dai trang kich thich,1,irritable_bowel_syndrome,Hội chứng ruột kích thích,disease,gastrointestinal,,,,,,Đại tràng kích thích,single,false,medium,not_requested,matched,needs_review,Khớp alias/thuật ngữ bằng rule tất định; bắt buộc duyệt thủ công.,,
condition-mention:e9d5fff35591fc5b,Đang bị chảy máu do bệnh lý,dang bi chay mau do benh ly,1,active_bleeding,Đang xuất huyết,clinical_finding,hematologic,,,,,,Đang bị chảy máu do bệnh lý,single,false,medium,not_requested,matched,needs_review,Khớp alias/thuật ngữ bằng rule tất định; bắt buộc duyệt thủ công.,,
condition-mention:cc6bd026baa0cda9,Đang chạy thận nhân tạo,dang chay than nhan tao,1,dialysis,Đang điều trị thay thế thận/lọc máu,procedure_state,renal,,,,true,,Đang chạy thận nhân tạo,single,false,medium,not_requested,matched,needs_review,Khớp alias/thuật ngữ bằng rule tất định; bắt buộc duyệt thủ công.,,
condition-mention:aa0ffeb9255e1bbc,Đang dùng thuốc chống đông (khi tiêm bắp),dang dung thuoc chong dong khi tiem bap,1,anticoagulant_use,Đang dùng thuốc chống đông,treatment_state,special,,,,,,Đang dùng thuốc chống đông (khi tiêm bắp),single,false,medium,not_requested,matched,needs_review,Khớp alias/thuật ngữ bằng rule tất định; bắt buộc duyệt thủ công.,,
condition-mention:f555f5363e40d4e5,Đang lên cơn hen cấp,dang len con hen cap,1,asthma,Hen phế quản,disease,respiratory,,acute,,,,Đang lên cơn hen cấp,single,false,medium,not_requested,matched,needs_review,Khớp alias/thuật ngữ bằng rule tất định; bắt buộc duyệt thủ công.,,
condition-mention:e5952443be883ff3,Đang mang thai 3 tháng giữa và 3 tháng cuối thai kỳ,dang mang thai 3 thang giua va 3 thang cuoi thai ky,1,pregnancy,Mang thai,special_condition,special,,,,,,Đang mang thai 3 tháng giữa và 3 tháng cuối thai kỳ,and,true,medium,not_requested,matched,needs_review,Khớp alias/thuật ngữ bằng rule tất định; bắt buộc duyệt thủ công.,,
condition-mention:594079c2363604df,Đang mang thai (khi chụp X quang tử cung - vòi trứng),dang mang thai khi chup x quang tu cung voi trung,1,pregnancy,Mang thai,special_condition,special,,,,,,Đang mang thai (khi chụp X quang tử cung - vòi trứng),single,false,medium,not_requested,matched,needs_review,Khớp alias/thuật ngữ bằng rule tất định; bắt buộc duyệt thủ công.,,
condition-mention:a0000668045cfe34,Đang thẩm phân máu,dang tham phan mau,1,dialysis,Đang điều trị thay thế thận/lọc máu,procedure_state,renal,,,,true,,Đang thẩm phân máu,single,false,medium,not_requested,matched,needs_review,Khớp alias/thuật ngữ bằng rule tất định; bắt buộc duyệt thủ công.,,
condition-mention:31d6a0c10d161c0a,Đặt catheter tĩnh mạch trung ương,dat catheter tinh mach trung uong,1,central_venous_catheter,Đặt catheter tĩnh mạch trung ương,procedure_state,special,,,,,,Đặt catheter tĩnh mạch trung ương,single,false,medium,not_requested,matched,needs_review,Khớp alias/thuật ngữ bằng rule tất định; bắt buộc duyệt thủ công.,,
condition-mention:4e34d407130310e9,Đau bụng chưa rõ nguyên nhân,dau bung chua ro nguyen nhan,1,abdominal_pain,Đau bụng,clinical_finding,gastrointestinal,,,,,,Đau bụng chưa rõ nguyên nhân,single,false,medium,not_requested,matched,needs_review,Khớp alias/thuật ngữ bằng rule tất định; bắt buộc duyệt thủ công.,,
condition-mention:6c5a951b875928a8,Đau bụng không giải thích được,dau bung khong giai thich duoc,1,abdominal_pain,Đau bụng,clinical_finding,gastrointestinal,,,,,,Đau bụng không giải thích được,single,false,medium,not_requested,matched,needs_review,Khớp alias/thuật ngữ bằng rule tất định; bắt buộc duyệt thủ công.,,
condition-mention:2857597f26c4d176,Đau bụng kinh nguyên phát,dau bung kinh nguyen phat,1,abdominal_pain,Đau bụng,clinical_finding,gastrointestinal,,,,,,Đau bụng kinh nguyên phát,single,false,medium,not_requested,matched,needs_review,Khớp alias/thuật ngữ bằng rule tất định; bắt buộc duyệt thủ công.,,
condition-mention:b2c67cddf1f80c03,Đau do phẫu thuật sau phẫu thuật bắc cầu động mạch vành (CABG),dau do phau thuat sau phau thuat bac cau dong mach vanh cabg,1,post_cabg_surgery,Sau phẫu thuật bắc cầu động mạch vành,procedure_state,special,,,,,,Đau do phẫu thuật sau phẫu thuật bắc cầu động mạch vành (CABG),single,false,medium,not_requested,matched,needs_review,Khớp alias/thuật ngữ bằng rule tất định; bắt buộc duyệt thủ công.,,
condition-mention:2b8d40c3e70d2254,"Đau nửa đầu, hen suyễn, bệnh lý tim mạch","dau nua dau, hen suyen, benh ly tim mach",1,asthma,Hen phế quản,disease,respiratory,,,,,,"Đau nửa đầu, hen suyễn, bệnh lý tim mạch",unclear,true,medium,not_requested,matched,needs_review,Khớp alias/thuật ngữ bằng rule tất định; bắt buộc duyệt thủ công.,,
condition-mention:f8bb76eb7d214df0,Đau thắt ngực biến thái (thể Prinzmetal),dau that nguc bien thai the prinzmetal,1,angina,Đau thắt ngực,disease,cardiovascular,,,,,,Đau thắt ngực biến thái (thể Prinzmetal),single,false,medium,not_requested,matched,needs_review,Khớp alias/thuật ngữ bằng rule tất định; bắt buộc duyệt thủ công.,,
condition-mention:90263a2b92b35874,Đau thắt ngực cấp tính,dau that nguc cap tinh,1,angina,Đau thắt ngực,disease,cardiovascular,,acute,,,,Đau thắt ngực cấp tính,single,false,medium,not_requested,matched,needs_review,Khớp alias/thuật ngữ bằng rule tất định; bắt buộc duyệt thủ công.,,
condition-mention:48aabedc04c8135b,Đau thắt ngực Prinzmetal (không liên quan đến bệnh tim mạch khác hoặc sử dụng metoprolol đơn độc),dau that nguc prinzmetal khong lien quan den benh tim mach khac hoac su dung metoprolol don doc,1,angina,Đau thắt ngực,disease,cardiovascular,,,,,,Đau thắt ngực Prinzmetal (không liên quan đến bệnh tim mạch khác hoặc sử dụng metoprolol đơn độc),or,true,medium,not_requested,matched,needs_review,Khớp alias/thuật ngữ bằng rule tất định; bắt buộc duyệt thủ công.,,
condition-mention:7b2419d86ec1ef24,Dị dạng thực quản và các yếu tố khác dẫn đến chậm làm rỗng thực quản như hẹp tâm vị hoặc tâm vị không giãn,di dang thuc quan va cac yeu to khac dan den cham lam rong thuc quan nhu hep tam vi hoac tam vi khong gian,1,achalasia,Co thắt tâm vị,disease,gastrointestinal,,,,,,Dị dạng thực quản và các yếu tố khác dẫn đến chậm làm rỗng thực quản như hẹp tâm vị hoặc tâm vị không giãn,mixed,true,medium,not_requested,matched,needs_review,Khớp alias/thuật ngữ bằng rule tất định; bắt buộc duyệt thủ công.,,
condition-mention:ee6ee1835a25d72f,Dị ứng lúa mì (khác bệnh coeliac),di ung lua mi khac benh coeliac,1,celiac_disease,Bệnh Celiac,disease,immune,,,,,,Dị ứng lúa mì (khác bệnh coeliac),unclear,true,medium,not_requested,matched,needs_review,Khớp alias/thuật ngữ bằng rule tất định; bắt buộc duyệt thủ công.,,
condition-mention:ee6ee1835a25d72f,Dị ứng lúa mì (khác bệnh coeliac),di ung lua mi khac benh coeliac,1,wheat_allergy,Dị ứng lúa mì,disease,immune,,,,,,Dị ứng lúa mì (khác bệnh coeliac),unclear,true,medium,not_requested,matched,needs_review,Khớp alias/thuật ngữ bằng rule tất định; bắt buộc duyệt thủ công.,,
condition-mention:254802ced97f44e3,Dị ứng với lúa mì,di ung voi lua mi,1,wheat_allergy,Dị ứng lúa mì,disease,immune,,,,,,Dị ứng với lúa mì,single,false,medium,not_requested,matched,needs_review,Khớp alias/thuật ngữ bằng rule tất định; bắt buộc duyệt thủ công.,,
condition-mention:e663bb61f935afaf,Độ thanh thải creatinin < 30 ml/phút (Suy thận),do thanh thai creatinin < phut suy than,1,renal_impairment,Suy giảm chức năng thận,organ_impairment,renal,,,,,Độ thanh thải creatinin < 30 ml/phút (Suy thận,Độ thanh thải creatinin < 30 ml/phút (Suy thận),unclear,true,medium,not_requested,matched,needs_review,Khớp alias/thuật ngữ bằng rule tất định; bắt buộc duyệt thủ công.,,
condition-mention:cca0ae14fbb22fc4,Dọa sẩy thai,doa say thai,1,threatened_miscarriage,Dọa sẩy thai,disease,obstetric,,,,,,Dọa sẩy thai,single,false,medium,not_requested,matched,needs_review,Khớp alias/thuật ngữ bằng rule tất định; bắt buộc duyệt thủ công.,,
condition-mention:ed3c2c96ead114db,Động kinh (tiền sử gia đình hoặc tiền sử dùng thuốc động kinh),dong kinh tien su gia dinh hoac tien su dung thuoc dong kinh,1,epilepsy,Động kinh/co giật,disease,neurologic,,,,,,Động kinh (tiền sử gia đình hoặc tiền sử dùng thuốc động kinh),or,true,medium,not_requested,matched,needs_review,Khớp alias/thuật ngữ bằng rule tất định; bắt buộc duyệt thủ công.,,
condition-mention:ea2d97f493371482,động kinh (với mật độ và cường độ cơn động kinh tăng dần),dong kinh voi mat do va cuong do con dong kinh tang dan,1,epilepsy,Động kinh/co giật,disease,neurologic,,,,,,động kinh (với mật độ và cường độ cơn động kinh tăng dần),and,true,medium,not_requested,matched,needs_review,Khớp alias/thuật ngữ bằng rule tất định; bắt buộc duyệt thủ công.,,
condition-mention:eb78f3bf4b18a2e9,"Động kinh, hưng cảm, giai đoạn hưng cảm của rối loạn tâm thần thể hưng - trầm cảm","dong kinh, hung cam, giai doan hung cam cua roi loan tam than the hung tram cam",1,epilepsy,Động kinh/co giật,disease,neurologic,,,,,,"Động kinh, hưng cảm, giai đoạn hưng cảm của rối loạn tâm thần thể hưng - trầm cảm",unclear,true,medium,not_requested,matched,needs_review,Khớp alias/thuật ngữ bằng rule tất định; bắt buộc duyệt thủ công.,,
condition-mention:eb78f3bf4b18a2e9,"Động kinh, hưng cảm, giai đoạn hưng cảm của rối loạn tâm thần thể hưng - trầm cảm","dong kinh, hung cam, giai doan hung cam cua roi loan tam than the hung tram cam",1,depression,Trầm cảm,disease,psychiatric,,,,,,"Động kinh, hưng cảm, giai đoạn hưng cảm của rối loạn tâm thần thể hưng - trầm cảm",unclear,true,medium,not_requested,matched,needs_review,Khớp alias/thuật ngữ bằng rule tất định; bắt buộc duyệt thủ công.,,
condition-mention:eb78f3bf4b18a2e9,"Động kinh, hưng cảm, giai đoạn hưng cảm của rối loạn tâm thần thể hưng - trầm cảm","dong kinh, hung cam, giai doan hung cam cua roi loan tam than the hung tram cam",1,bipolar_disorder,Rối loạn lưỡng cực,disease,psychiatric,,,,,,"Động kinh, hưng cảm, giai đoạn hưng cảm của rối loạn tâm thần thể hưng - trầm cảm",unclear,true,medium,not_requested,matched,needs_review,Khớp alias/thuật ngữ bằng rule tất định; bắt buộc duyệt thủ công.,,
condition-mention:4e6661e78c39145e,"Động kinh, tăng trương lực thần kinh phó giao cảm, cường giáp, loét dạ dày hoặc bệnh Parkinson","dong kinh, tang truong luc than kinh pho giao cam, cuong giap, loet da day hoac benh parkinson",1,hyperthyroidism,Cường giáp,disease,endocrine,,,,,,"Động kinh, tăng trương lực thần kinh phó giao cảm, cường giáp, loét dạ dày hoặc bệnh Parkinson",or,true,medium,not_requested,matched,needs_review,Khớp alias/thuật ngữ bằng rule tất định; bắt buộc duyệt thủ công.,,
condition-mention:4e6661e78c39145e,"Động kinh, tăng trương lực thần kinh phó giao cảm, cường giáp, loét dạ dày hoặc bệnh Parkinson","dong kinh, tang truong luc than kinh pho giao cam, cuong giap, loet da day hoac benh parkinson",1,peptic_ulcer,Loét dạ dày–tá tràng,disease,gastrointestinal,,,,,,"Động kinh, tăng trương lực thần kinh phó giao cảm, cường giáp, loét dạ dày hoặc bệnh Parkinson",or,true,medium,not_requested,matched,needs_review,Khớp alias/thuật ngữ bằng rule tất định; bắt buộc duyệt thủ công.,,
condition-mention:4e6661e78c39145e,"Động kinh, tăng trương lực thần kinh phó giao cảm, cường giáp, loét dạ dày hoặc bệnh Parkinson","dong kinh, tang truong luc than kinh pho giao cam, cuong giap, loet da day hoac benh parkinson",1,epilepsy,Động kinh/co giật,disease,neurologic,,,,,,"Động kinh, tăng trương lực thần kinh phó giao cảm, cường giáp, loét dạ dày hoặc bệnh Parkinson",or,true,medium,not_requested,matched,needs_review,Khớp alias/thuật ngữ bằng rule tất định; bắt buộc duyệt thủ công.,,
condition-mention:4e6661e78c39145e,"Động kinh, tăng trương lực thần kinh phó giao cảm, cường giáp, loét dạ dày hoặc bệnh Parkinson","dong kinh, tang truong luc than kinh pho giao cam, cuong giap, loet da day hoac benh parkinson",1,parkinson_disease,Bệnh Parkinson,disease,neurologic,,,,,,"Động kinh, tăng trương lực thần kinh phó giao cảm, cường giáp, loét dạ dày hoặc bệnh Parkinson",or,true,medium,not_requested,matched,needs_review,Khớp alias/thuật ngữ bằng rule tất định; bắt buộc duyệt thủ công.,,
condition-mention:4e6661e78c39145e,"Động kinh, tăng trương lực thần kinh phó giao cảm, cường giáp, loét dạ dày hoặc bệnh Parkinson","dong kinh, tang truong luc than kinh pho giao cam, cuong giap, loet da day hoac benh parkinson",1,vagotonia,Tăng trương lực phó giao cảm,clinical_finding,neurologic,,,,,,"Động kinh, tăng trương lực thần kinh phó giao cảm, cường giáp, loét dạ dày hoặc bệnh Parkinson",or,true,medium,not_requested,matched,needs_review,Khớp alias/thuật ngữ bằng rule tất định; bắt buộc duyệt thủ công.,,
condition-mention:4c67495cfe9ccd52,Đồng nhiễm HIV và virus viêm gan B,dong nhiem hiv va virus viem gan b,1,hepatitis,Viêm gan,disease,hepatic,,,,,,Đồng nhiễm HIV và virus viêm gan B,and,true,medium,not_requested,matched,needs_review,Khớp alias/thuật ngữ bằng rule tất định; bắt buộc duyệt thủ công.,,
condition-mention:4c67495cfe9ccd52,Đồng nhiễm HIV và virus viêm gan B,dong nhiem hiv va virus viem gan b,1,hiv_infection,Nhiễm HIV,disease,infectious,,,,,,Đồng nhiễm HIV và virus viêm gan B,and,true,medium,not_requested,matched,needs_review,Khớp alias/thuật ngữ bằng rule tất định; bắt buộc duyệt thủ công.,,
condition-mention:8f07d125535b2d33,Đột quỵ do xuất huyết và nguy cơ cao xuất huyết mất kiểm soát,dot quy do xuat huyet va nguy co cao xuat huyet mat kiem soat,1,stroke,Đột quỵ/tai biến mạch máu não,disease,neurologic,,,,,,Đột quỵ do xuất huyết và nguy cơ cao xuất huyết mất kiểm soát,and,true,medium,not_requested,matched,needs_review,Khớp alias/thuật ngữ bằng rule tất định; bắt buộc duyệt thủ công.,,
condition-mention:8f07d125535b2d33,Đột quỵ do xuất huyết và nguy cơ cao xuất huyết mất kiểm soát,dot quy do xuat huyet va nguy co cao xuat huyet mat kiem soat,1,active_bleeding,Đang xuất huyết,clinical_finding,hematologic,,,,,,Đột quỵ do xuất huyết và nguy cơ cao xuất huyết mất kiểm soát,and,true,medium,not_requested,matched,needs_review,Khớp alias/thuật ngữ bằng rule tất định; bắt buộc duyệt thủ công.,,
condition-mention:a381a1440ee18537,dự trữ tim kém,du tru tim kem,1,low_cardiac_reserve,Dự trữ tim kém,clinical_finding,cardiovascular,,,,,,dự trữ tim kém,single,false,medium,not_requested,matched,needs_review,Khớp alias/thuật ngữ bằng rule tất định; bắt buộc duyệt thủ công.,,
condition-mention:9e1d454af23a2b96,Đục thủy tinh thể,duc thuy tinh the,1,cataract,Đục thủy tinh thể,disease,ophthalmic,,,,,,Đục thủy tinh thể,single,false,medium,not_requested,matched,needs_review,Khớp alias/thuật ngữ bằng rule tất định; bắt buộc duyệt thủ công.,,
condition-mention:20fd9f3b498fba66,"Galactose huyết bẩm sinh, hội chứng kém hấp thu glucose và galactose, hay bị thiếu hụt enzym lactase","galactose huyet bam sinh, hoi chung kem hap thu glucose va galactose, hay bi thieu hut enzym lactase",1,hereditary_galactose_intolerance,Không dung nạp galactose di truyền,disease,metabolic,,,,,,"Galactose huyết bẩm sinh, hội chứng kém hấp thu glucose và galactose, hay bị thiếu hụt enzym lactase",and,true,medium,not_requested,matched,needs_review,Khớp alias/thuật ngữ bằng rule tất định; bắt buộc duyệt thủ công.,,
condition-mention:20fd9f3b498fba66,"Galactose huyết bẩm sinh, hội chứng kém hấp thu glucose và galactose, hay bị thiếu hụt enzym lactase","galactose huyet bam sinh, hoi chung kem hap thu glucose va galactose, hay bi thieu hut enzym lactase",1,lactase_deficiency,Thiếu hụt lactase,disease,metabolic,,,,,,"Galactose huyết bẩm sinh, hội chứng kém hấp thu glucose và galactose, hay bị thiếu hụt enzym lactase",and,true,medium,not_requested,matched,needs_review,Khớp alias/thuật ngữ bằng rule tất định; bắt buộc duyệt thủ công.,,
condition-mention:c7a0ea3f4bd37ca6,Ghép thận,ghep than,1,organ_transplant,Ghép tạng,procedure_state,special,,,,,,Ghép thận,single,false,medium,not_requested,matched,needs_review,Khớp alias/thuật ngữ bằng rule tất định; bắt buộc duyệt thủ công.,,
condition-mention:a47dcc545ebb8a73,Giả suy tuyến cận giáp,gia suy tuyen can giap,1,hypoparathyroidism,Suy cận giáp,disease,endocrine,,,,,,Giả suy tuyến cận giáp,single,false,medium,not_requested,matched,needs_review,Khớp alias/thuật ngữ bằng rule tất định; bắt buộc duyệt thủ công.,,
condition-mention:dc1b0b63f63ba9a4,Giai đoạn cuối của bệnh tắc nghẽn động mạch ngoại biên và hội chứng Raynaud,giai doan cuoi cua benh tac nghen dong mach ngoai bien va hoi chung raynaud,1,peripheral_arterial_disease,Bệnh động mạch ngoại biên,disease,cardiovascular,,,end_stage,,,Giai đoạn cuối của bệnh tắc nghẽn động mạch ngoại biên và hội chứng Raynaud,and,true,medium,not_requested,matched,needs_review,Khớp alias/thuật ngữ bằng rule tất định; bắt buộc duyệt thủ công.,,
condition-mention:f747b3bc36d59bcd,Giảm áp suất ở phổi và giảm lưu lượng máu sau khi được thẩm phân,giam ap suat o phoi va giam luu luong mau sau khi duoc tham phan,1,dialysis,Đang điều trị thay thế thận/lọc máu,procedure_state,renal,,,,true,,Giảm áp suất ở phổi và giảm lưu lượng máu sau khi được thẩm phân,and,true,medium,not_requested,matched,needs_review,Khớp alias/thuật ngữ bằng rule tất định; bắt buộc duyệt thủ công.,,
condition-mention:ae87500b928f993f,giảm chức năng gan,giam chuc nang gan,1,hepatic_impairment,Suy giảm chức năng gan,organ_impairment,hepatic,,,,,,giảm chức năng gan,single,false,medium,not_requested,matched,needs_review,Khớp alias/thuật ngữ bằng rule tất định; bắt buộc duyệt thủ công.,,
condition-mention:8c25efcb9f1418e5,"Giảm chức năng gan, thận, bệnh phổi mạn tính, bệnh glaucom góc đóng hoặc tổn thương thực thể não, xơ cứng động mạch","giam chuc nang gan, than, benh phoi man tinh, benh glaucom goc dong hoac ton thuong thuc the nao, xo cung dong mach",1,hepatic_impairment,Suy giảm chức năng gan,organ_impairment,hepatic,,,,,,"Giảm chức năng gan, thận, bệnh phổi mạn tính, bệnh glaucom góc đóng hoặc tổn thương thực thể não, xơ cứng động mạch",or,true,medium,not_requested,matched,needs_review,Khớp alias/thuật ngữ bằng rule tất định; bắt buộc duyệt thủ công.,,
condition-mention:8c25efcb9f1418e5,"Giảm chức năng gan, thận, bệnh phổi mạn tính, bệnh glaucom góc đóng hoặc tổn thương thực thể não, xơ cứng động mạch","giam chuc nang gan, than, benh phoi man tinh, benh glaucom goc dong hoac ton thuong thuc the nao, xo cung dong mach",1,atherosclerosis,Xơ vữa động mạch,disease,cardiovascular,,,,,,"Giảm chức năng gan, thận, bệnh phổi mạn tính, bệnh glaucom góc đóng hoặc tổn thương thực thể não, xơ cứng động mạch",or,true,medium,not_requested,matched,needs_review,Khớp alias/thuật ngữ bằng rule tất định; bắt buộc duyệt thủ công.,,
condition-mention:8c25efcb9f1418e5,"Giảm chức năng gan, thận, bệnh phổi mạn tính, bệnh glaucom góc đóng hoặc tổn thương thực thể não, xơ cứng động mạch","giam chuc nang gan, than, benh phoi man tinh, benh glaucom goc dong hoac ton thuong thuc the nao, xo cung dong mach",1,chronic_lung_disease,Bệnh phổi mạn tính,disease,respiratory,,,,,,"Giảm chức năng gan, thận, bệnh phổi mạn tính, bệnh glaucom góc đóng hoặc tổn thương thực thể não, xơ cứng động mạch",or,true,medium,not_requested,matched,needs_review,Khớp alias/thuật ngữ bằng rule tất định; bắt buộc duyệt thủ công.,,
condition-mention:8c25efcb9f1418e5,"Giảm chức năng gan, thận, bệnh phổi mạn tính, bệnh glaucom góc đóng hoặc tổn thương thực thể não, xơ cứng động mạch","giam chuc nang gan, than, benh phoi man tinh, benh glaucom goc dong hoac ton thuong thuc the nao, xo cung dong mach",1,angle_closure_glaucoma,Glôcôm góc đóng/góc hẹp,disease,ophthalmic,,,,,,"Giảm chức năng gan, thận, bệnh phổi mạn tính, bệnh glaucom góc đóng hoặc tổn thương thực thể não, xơ cứng động mạch",or,true,medium,not_requested,matched,needs_review,Khớp alias/thuật ngữ bằng rule tất định; bắt buộc duyệt thủ công.,,
condition-mention:dc16b446d5d92a71,Giảm glucose huyết,giam glucose huyet,1,hypoglycemia,Hạ đường huyết,clinical_finding,metabolic,,,,,,Giảm glucose huyết,single,false,medium,not_requested,matched,needs_review,Khớp alias/thuật ngữ bằng rule tất định; bắt buộc duyệt thủ công.,,
condition-mention:6ebab8c17e786105,Giảm huyết áp,giam huyet ap,1,hypotension,Hạ huyết áp,clinical_finding,cardiovascular,,,,,,Giảm huyết áp,single,false,medium,not_requested,matched,needs_review,Khớp alias/thuật ngữ bằng rule tất định; bắt buộc duyệt thủ công.,,
condition-mention:c7ce30a06c597832,Giảm kali huyết không điều chỉnh được,giam kali huyet khong dieu chinh duoc,1,hypokalemia,Hạ kali máu,clinical_finding,electrolyte,,,,,,Giảm kali huyết không điều chỉnh được,single,false,medium,not_requested,matched,needs_review,Khớp alias/thuật ngữ bằng rule tất định; bắt buộc duyệt thủ công.,,
condition-mention:b7367b103215c343,Giảm kali máu,giam kali mau,1,hypokalemia,Hạ kali máu,clinical_finding,electrolyte,,,,,,Giảm kali máu,single,false,medium,not_requested,matched,needs_review,Khớp alias/thuật ngữ bằng rule tất định; bắt buộc duyệt thủ công.,,
condition-mention:813490d7a6f8fbca,Giảm kali máu không được kiểm soát,giam kali mau khong duoc kiem soat,1,hypokalemia,Hạ kali máu,clinical_finding,electrolyte,,,,,,Giảm kali máu không được kiểm soát,single,false,medium,not_requested,matched,needs_review,Khớp alias/thuật ngữ bằng rule tất định; bắt buộc duyệt thủ công.,,
condition-mention:79e889eb9e325228,Giảm năng tuyến cận giáp,giam nang tuyen can giap,1,hypoparathyroidism,Suy cận giáp,disease,endocrine,,,,,,Giảm năng tuyến cận giáp,single,false,medium,not_requested,matched,needs_review,Khớp alias/thuật ngữ bằng rule tất định; bắt buộc duyệt thủ công.,,
condition-mention:2a048782bb22082c,Giảm natri máu,giam natri mau,1,hyponatremia,Hạ natri máu,clinical_finding,electrolyte,,,,,,Giảm natri máu,single,false,medium,not_requested,matched,needs_review,Khớp alias/thuật ngữ bằng rule tất định; bắt buộc duyệt thủ công.,,
condition-mention:465eca9da298a182,Giảm nồng độ phosphat trong máu,giam nong do phosphat trong mau,1,hypophosphatemia,Hạ phosphat máu,clinical_finding,electrolyte,,,,,,Giảm nồng độ phosphat trong máu,single,false,medium,not_requested,matched,needs_review,Khớp alias/thuật ngữ bằng rule tất định; bắt buộc duyệt thủ công.,,
condition-mention:36a32f0fabd98ac7,Giảm oxy máu động mạch do thiếu máu nặng (bao gồm cả các dạng do thiếu men G6PD),giam oxy mau dong mach do thieu mau nang bao gom ca cac dang do thieu men g6pd,1,hypoxemia,Thiếu oxy máu,clinical_finding,respiratory,,,,,,Giảm oxy máu động mạch do thiếu máu nặng (bao gồm cả các dạng do thiếu men G6PD),unclear,true,medium,not_requested,matched,needs_review,Khớp alias/thuật ngữ bằng rule tất định; bắt buộc duyệt thủ công.,,
condition-mention:36a32f0fabd98ac7,Giảm oxy máu động mạch do thiếu máu nặng (bao gồm cả các dạng do thiếu men G6PD),giam oxy mau dong mach do thieu mau nang bao gom ca cac dang do thieu men g6pd,1,g6pd_deficiency,Thiếu men G6PD,disease,hematologic,,,,,,Giảm oxy máu động mạch do thiếu máu nặng (bao gồm cả các dạng do thiếu men G6PD),unclear,true,medium,not_requested,matched,needs_review,Khớp alias/thuật ngữ bằng rule tất định; bắt buộc duyệt thủ công.,,
condition-mention:36a32f0fabd98ac7,Giảm oxy máu động mạch do thiếu máu nặng (bao gồm cả các dạng do thiếu men G6PD),giam oxy mau dong mach do thieu mau nang bao gom ca cac dang do thieu men g6pd,1,anemia,Thiếu máu,disease,hematologic,,,,,,Giảm oxy máu động mạch do thiếu máu nặng (bao gồm cả các dạng do thiếu men G6PD),unclear,true,medium,not_requested,matched,needs_review,Khớp alias/thuật ngữ bằng rule tất định; bắt buộc duyệt thủ công.,,
condition-mention:50d0a02818eb5892,Giảm phosphat huyết,giam phosphat huyet,1,hypophosphatemia,Hạ phosphat máu,clinical_finding,electrolyte,,,,,,Giảm phosphat huyết,single,false,medium,not_requested,matched,needs_review,Khớp alias/thuật ngữ bằng rule tất định; bắt buộc duyệt thủ công.,,
condition-mention:071b0bbbc4a369fe,Giảm phosphat máu,giam phosphat mau,1,hypophosphatemia,Hạ phosphat máu,clinical_finding,electrolyte,,,,,,Giảm phosphat máu,single,false,medium,not_requested,matched,needs_review,Khớp alias/thuật ngữ bằng rule tất định; bắt buộc duyệt thủ công.,,
condition-mention:66a2d14e9b2906e6,Giảm prothrombin máu,giam prothrombin mau,1,hypoprothrombinemia,Giảm prothrombin máu,clinical_finding,hematologic,,,,,,Giảm prothrombin máu,single,false,medium,not_requested,matched,needs_review,Khớp alias/thuật ngữ bằng rule tất định; bắt buộc duyệt thủ công.,,
condition-mention:cd13d80ae9a9e46f,Giảm thể tích máu hoặc sốc,giam the tich mau hoac soc,1,shock,Sốc,clinical_finding,systemic,,,,,,Giảm thể tích máu hoặc sốc,or,true,medium,not_requested,matched,needs_review,Khớp alias/thuật ngữ bằng rule tất định; bắt buộc duyệt thủ công.,,
condition-mention:cd13d80ae9a9e46f,Giảm thể tích máu hoặc sốc,giam the tich mau hoac soc,1,hypovolemia,Giảm thể tích tuần hoàn,clinical_finding,metabolic,,,,,,Giảm thể tích máu hoặc sốc,or,true,medium,not_requested,matched,needs_review,Khớp alias/thuật ngữ bằng rule tất định; bắt buộc duyệt thủ công.,,
condition-mention:322d59765e3cdfb5,Giảm thể tích máu nghiêm trọng,giam the tich mau nghiem trong,1,hypovolemia,Giảm thể tích tuần hoàn,clinical_finding,metabolic,severe,,,,,Giảm thể tích máu nghiêm trọng,single,false,medium,not_requested,matched,needs_review,Khớp alias/thuật ngữ bằng rule tất định; bắt buộc duyệt thủ công.,,
condition-mention:e02cb6c0acf18bc9,Giảm thông khí,giam thong khi,1,hypoventilation,Giảm thông khí,clinical_finding,respiratory,,,,,,Giảm thông khí,single,false,medium,not_requested,matched,needs_review,Khớp alias/thuật ngữ bằng rule tất định; bắt buộc duyệt thủ công.,,
condition-mention:3063ee56e4dc3a67,giảm tiểu cầu,giam tieu cau,1,thrombocytopenia,Giảm tiểu cầu,clinical_finding,hematologic,,,,,,giảm tiểu cầu,single,false,medium,not_requested,matched,needs_review,Khớp alias/thuật ngữ bằng rule tất định; bắt buộc duyệt thủ công.,,
condition-mention:50ead4e66b9ebfa1,Giảm tiểu cầu hoặc rối loạn quá trình đông máu,giam tieu cau hoac roi loan qua trinh dong mau,1,thrombocytopenia,Giảm tiểu cầu,clinical_finding,hematologic,,,,,,Giảm tiểu cầu hoặc rối loạn quá trình đông máu,or,true,medium,not_requested,matched,needs_review,Khớp alias/thuật ngữ bằng rule tất định; bắt buộc duyệt thủ công.,,
condition-mention:4447644a789a44f8,Giảm tiểu cầu khi dùng enoxaparin hoặc heparin,giam tieu cau khi dung enoxaparin hoac heparin,1,thrombocytopenia,Giảm tiểu cầu,clinical_finding,hematologic,,,,,,Giảm tiểu cầu khi dùng enoxaparin hoặc heparin,or,true,medium,not_requested,matched,needs_review,Khớp alias/thuật ngữ bằng rule tất định; bắt buộc duyệt thủ công.,,
condition-mention:52c2b9eb0f233143,Giảm tiểu cầu nặng,giam tieu cau nang,1,thrombocytopenia,Giảm tiểu cầu,clinical_finding,hematologic,severe,,,,,Giảm tiểu cầu nặng,single,false,medium,not_requested,matched,needs_review,Khớp alias/thuật ngữ bằng rule tất định; bắt buộc duyệt thủ công.,,
condition-mention:c3cad76ab38d6b07,Glaucom góc đóng hay góc hẹp (tăng nhãn áp),glaucom goc dong hay goc hep tang nhan ap,1,angle_closure_glaucoma,Glôcôm góc đóng/góc hẹp,disease,ophthalmic,,,,,,Glaucom góc đóng hay góc hẹp (tăng nhãn áp),single,false,medium,not_requested,matched,needs_review,Khớp alias/thuật ngữ bằng rule tất định; bắt buộc duyệt thủ công.,,
condition-mention:b167f32163a1e9f1,Glaucom góc hẹp,glaucom goc hep,1,angle_closure_glaucoma,Glôcôm góc đóng/góc hẹp,disease,ophthalmic,,,,,,Glaucom góc hẹp,single,false,medium,not_requested,matched,needs_review,Khớp alias/thuật ngữ bằng rule tất định; bắt buộc duyệt thủ công.,,
condition-mention:dcc5890c44de6631,Glôcôm,glocom,1,glaucoma,Glôcôm/tăng nhãn áp,disease,ophthalmic,,,,,,Glôcôm,single,false,medium,not_requested,matched,needs_review,Khớp alias/thuật ngữ bằng rule tất định; bắt buộc duyệt thủ công.,,
condition-mention:ae5cada0bcb312aa,Glôcôm góc đóng hay góc hẹp,glocom goc dong hay goc hep,1,angle_closure_glaucoma,Glôcôm góc đóng/góc hẹp,disease,ophthalmic,,,,,,Glôcôm góc đóng hay góc hẹp,single,false,medium,not_requested,matched,needs_review,Khớp alias/thuật ngữ bằng rule tất định; bắt buộc duyệt thủ công.,,
condition-mention:f9c02fc9e93f7fa5,glôcôm góc hẹp hoặc đau nửa đầu,glocom goc hep hoac dau nua dau,1,angle_closure_glaucoma,Glôcôm góc đóng/góc hẹp,disease,ophthalmic,,,,,,glôcôm góc hẹp hoặc đau nửa đầu,or,true,medium,not_requested,matched,needs_review,Khớp alias/thuật ngữ bằng rule tất định; bắt buộc duyệt thủ công.,,
condition-mention:aeaf4d8e2332fe55,Glôcôm hoặc có nguy cơ bị glôcôm,glocom hoac co nguy co bi glocom,1,glaucoma,Glôcôm/tăng nhãn áp,disease,ophthalmic,,,,,,Glôcôm hoặc có nguy cơ bị glôcôm,or,true,medium,not_requested,matched,needs_review,Khớp alias/thuật ngữ bằng rule tất định; bắt buộc duyệt thủ công.,,
condition-mention:8892b24be57fe8c5,Gout,gout,1,gout,Bệnh gút,disease,metabolic,,,,,,Gout,single,false,medium,not_requested,matched,needs_review,Khớp alias/thuật ngữ bằng rule tất định; bắt buộc duyệt thủ công.,,
condition-mention:5f21ee033452c48c,Hạ clo máu,ha clo mau,1,hypochloremia,Hạ clo máu,clinical_finding,electrolyte,,,,,,Hạ clo máu,single,false,medium,not_requested,matched,needs_review,Khớp alias/thuật ngữ bằng rule tất định; bắt buộc duyệt thủ công.,,
condition-mention:be823dfd923ae1d2,Hạ đường huyết,ha duong huyet,1,hypoglycemia,Hạ đường huyết,clinical_finding,metabolic,,,,,,Hạ đường huyết,single,false,medium,not_requested,matched,needs_review,Khớp alias/thuật ngữ bằng rule tất định; bắt buộc duyệt thủ công.,,
condition-mention:2ed06ac575b0c8d4,Hạ đường máu,ha duong mau,1,hypoglycemia,Hạ đường huyết,clinical_finding,metabolic,,,,,,Hạ đường máu,single,false,medium,not_requested,matched,needs_review,Khớp alias/thuật ngữ bằng rule tất định; bắt buộc duyệt thủ công.,,
condition-mention:fd2c5f1117e56bc2,Hạ huyết áp (huyết áp tâm thu < 90 mmHg),ha huyet ap huyet ap tam thu < 90 mmhg,1,hypotension,Hạ huyết áp,clinical_finding,cardiovascular,,,,,huyết áp tâm thu < 90 mmHg,Hạ huyết áp (huyết áp tâm thu < 90 mmHg),single,false,medium,not_requested,matched,needs_review,Khớp alias/thuật ngữ bằng rule tất định; bắt buộc duyệt thủ công.,,
condition-mention:d594293b479ec2f1,Hạ huyết áp (huyết áp tâm thu <90mmHg),ha huyet ap huyet ap tam thu <90mmhg,1,hypotension,Hạ huyết áp,clinical_finding,cardiovascular,,,,,huyết áp tâm thu <90mmHg,Hạ huyết áp (huyết áp tâm thu <90mmHg),single,false,medium,not_requested,matched,needs_review,Khớp alias/thuật ngữ bằng rule tất định; bắt buộc duyệt thủ công.,,
condition-mention:0007a3ba77b5d2e2,hạ huyết áp nặng (huyết áp tâm thu dưới 90 mm Hg) và sốc tim,ha huyet ap nang huyet ap tam thu duoi 90 mm hg va soc tim,1,cardiogenic_shock,Sốc tim,disease,cardiovascular,,,,,,hạ huyết áp nặng (huyết áp tâm thu dưới 90 mm Hg) và sốc tim,and,true,medium,not_requested,matched,needs_review,Khớp alias/thuật ngữ bằng rule tất định; bắt buộc duyệt thủ công.,,
condition-mention:0007a3ba77b5d2e2,hạ huyết áp nặng (huyết áp tâm thu dưới 90 mm Hg) và sốc tim,ha huyet ap nang huyet ap tam thu duoi 90 mm hg va soc tim,1,hypotension,Hạ huyết áp,clinical_finding,cardiovascular,,,,,,hạ huyết áp nặng (huyết áp tâm thu dưới 90 mm Hg) và sốc tim,and,true,medium,not_requested,matched,needs_review,Khớp alias/thuật ngữ bằng rule tất định; bắt buộc duyệt thủ công.,,
condition-mention:4d2b9129693b1e71,Hạ huyết áp nặng (huyết áp tâm thu dưới 90 mmHg) hoặc suy tim xung huyết,ha huyet ap nang huyet ap tam thu duoi 90 mmhg hoac suy tim xung huyet,1,heart_failure,Suy tim,disease,cardiovascular,,,,,,Hạ huyết áp nặng (huyết áp tâm thu dưới 90 mmHg) hoặc suy tim xung huyết,or,true,medium,not_requested,matched,needs_review,Khớp alias/thuật ngữ bằng rule tất định; bắt buộc duyệt thủ công.,,
condition-mention:4d2b9129693b1e71,Hạ huyết áp nặng (huyết áp tâm thu dưới 90 mmHg) hoặc suy tim xung huyết,ha huyet ap nang huyet ap tam thu duoi 90 mmhg hoac suy tim xung huyet,1,hypotension,Hạ huyết áp,clinical_finding,cardiovascular,,,,,,Hạ huyết áp nặng (huyết áp tâm thu dưới 90 mmHg) hoặc suy tim xung huyết,or,true,medium,not_requested,matched,needs_review,Khớp alias/thuật ngữ bằng rule tất định; bắt buộc duyệt thủ công.,,
condition-mention:ee393d53f1583c28,Hạ huyết áp nghiêm trọng (< 90/50 mmHg),ha huyet ap nghiem trong < 90 50 mmhg,1,hypotension,Hạ huyết áp,clinical_finding,cardiovascular,severe,,,,,Hạ huyết áp nghiêm trọng (< 90/50 mmHg),single,false,medium,not_requested,matched,needs_review,Khớp alias/thuật ngữ bằng rule tất định; bắt buộc duyệt thủ công.,,
condition-mention:6310096c42571c88,Hạ huyết áp nghiêm trọng (<90/50 mmHg),ha huyet ap nghiem trong <90 50 mmhg,1,hypotension,Hạ huyết áp,clinical_finding,cardiovascular,severe,,,,,Hạ huyết áp nghiêm trọng (<90/50 mmHg),single,false,medium,not_requested,matched,needs_review,Khớp alias/thuật ngữ bằng rule tất định; bắt buộc duyệt thủ công.,,
condition-mention:6dc7338c72e1c141,"Hạ huyết áp tâm thu, nhồi máu cơ tim cấp, suy giảm chức năng thất trái (suy thất trái)","ha huyet ap tam thu, nhoi mau co tim cap, suy giam chuc nang that trai suy that trai",1,hypotension,Hạ huyết áp,clinical_finding,cardiovascular,,,,,,"Hạ huyết áp tâm thu, nhồi máu cơ tim cấp, suy giảm chức năng thất trái (suy thất trái)",unclear,true,medium,not_requested,matched,needs_review,Khớp alias/thuật ngữ bằng rule tất định; bắt buộc duyệt thủ công.,,
condition-mention:6dc7338c72e1c141,"Hạ huyết áp tâm thu, nhồi máu cơ tim cấp, suy giảm chức năng thất trái (suy thất trái)","ha huyet ap tam thu, nhoi mau co tim cap, suy giam chuc nang that trai suy that trai",1,myocardial_infarction,Nhồi máu cơ tim,disease,cardiovascular,,,,,,"Hạ huyết áp tâm thu, nhồi máu cơ tim cấp, suy giảm chức năng thất trái (suy thất trái)",unclear,true,medium,not_requested,matched,needs_review,Khớp alias/thuật ngữ bằng rule tất định; bắt buộc duyệt thủ công.,,
condition-mention:6dc7338c72e1c141,"Hạ huyết áp tâm thu, nhồi máu cơ tim cấp, suy giảm chức năng thất trái (suy thất trái)","ha huyet ap tam thu, nhoi mau co tim cap, suy giam chuc nang that trai suy that trai",1,left_ventricular_dysfunction,Rối loạn chức năng thất trái,disease,cardiovascular,,,,,,"Hạ huyết áp tâm thu, nhồi máu cơ tim cấp, suy giảm chức năng thất trái (suy thất trái)",unclear,true,medium,not_requested,matched,needs_review,Khớp alias/thuật ngữ bằng rule tất định; bắt buộc duyệt thủ công.,,
condition-mention:592b64cb492a018b,Hạ huyết áp trầm trọng như shock do bệnh lý tim mạch hay do giảm oxy huyết,ha huyet ap tram trong nhu shock do benh ly tim mach hay do giam oxy huyet,1,hypotension,Hạ huyết áp,clinical_finding,cardiovascular,,,,,,Hạ huyết áp trầm trọng như shock do bệnh lý tim mạch hay do giảm oxy huyết,unclear,true,medium,not_requested,matched,needs_review,Khớp alias/thuật ngữ bằng rule tất định; bắt buộc duyệt thủ công.,,
condition-mention:592b64cb492a018b,Hạ huyết áp trầm trọng như shock do bệnh lý tim mạch hay do giảm oxy huyết,ha huyet ap tram trong nhu shock do benh ly tim mach hay do giam oxy huyet,1,shock,Sốc,clinical_finding,systemic,,,,,,Hạ huyết áp trầm trọng như shock do bệnh lý tim mạch hay do giảm oxy huyết,unclear,true,medium,not_requested,matched,needs_review,Khớp alias/thuật ngữ bằng rule tất định; bắt buộc duyệt thủ công.,,
condition-mention:240c8fa3c37e0e9f,Hạ kali huyết,ha kali huyet,1,hypokalemia,Hạ kali máu,clinical_finding,electrolyte,,,,,,Hạ kali huyết,single,false,medium,not_requested,matched,needs_review,Khớp alias/thuật ngữ bằng rule tất định; bắt buộc duyệt thủ công.,,
condition-mention:8bfd6cba4006b464,Hạ kali huyết chưa được điều trị,ha kali huyet chua duoc dieu tri,1,hypokalemia,Hạ kali máu,clinical_finding,electrolyte,,,,,,Hạ kali huyết chưa được điều trị,single,false,medium,not_requested,matched,needs_review,Khớp alias/thuật ngữ bằng rule tất định; bắt buộc duyệt thủ công.,,
condition-mention:3c1f315b3e31fd5b,Hạ kali huyết hoặc tăng calci huyết,ha kali huyet hoac tang calci huyet,1,hypokalemia,Hạ kali máu,clinical_finding,electrolyte,,,,,,Hạ kali huyết hoặc tăng calci huyết,or,true,medium,not_requested,matched,needs_review,Khớp alias/thuật ngữ bằng rule tất định; bắt buộc duyệt thủ công.,,
condition-mention:3c1f315b3e31fd5b,Hạ kali huyết hoặc tăng calci huyết,ha kali huyet hoac tang calci huyet,1,hypercalcemia,Tăng calci máu,clinical_finding,electrolyte,,,,,,Hạ kali huyết hoặc tăng calci huyết,or,true,medium,not_requested,matched,needs_review,Khớp alias/thuật ngữ bằng rule tất định; bắt buộc duyệt thủ công.,,
condition-mention:0606f998bbb63981,Hạ kali máu,ha kali mau,1,hypokalemia,Hạ kali máu,clinical_finding,electrolyte,,,,,,Hạ kali máu,single,false,medium,not_requested,matched,needs_review,Khớp alias/thuật ngữ bằng rule tất định; bắt buộc duyệt thủ công.,,
condition-mention:2b62ae36872d6f38,Hạ kali máu chưa được điều trị,ha kali mau chua duoc dieu tri,1,hypokalemia,Hạ kali máu,clinical_finding,electrolyte,,,,,,Hạ kali máu chưa được điều trị,single,false,medium,not_requested,matched,needs_review,Khớp alias/thuật ngữ bằng rule tất định; bắt buộc duyệt thủ công.,,
condition-mention:5aadbbdb183ac294,Hạ natri huyết không đáp ứng với điều trị thường quy,ha natri huyet khong dap ung voi dieu tri thuong quy,1,hyponatremia,Hạ natri máu,clinical_finding,electrolyte,,,,,,Hạ natri huyết không đáp ứng với điều trị thường quy,single,false,medium,not_requested,matched,needs_review,Khớp alias/thuật ngữ bằng rule tất định; bắt buộc duyệt thủ công.,,
condition-mention:f9729ef571665643,"Hạ potassium huyết, hạ sodium huyết, tăng calcium huyết kéo dài và tăng acid uric huyết có triệu chứng","ha potassium huyet, ha sodium huyet, tang calcium huyet keo dai va tang acid uric huyet co trieu chung",1,hypercalcemia,Tăng calci máu,clinical_finding,electrolyte,,,,,,"Hạ potassium huyết, hạ sodium huyết, tăng calcium huyết kéo dài và tăng acid uric huyết có triệu chứng",and,true,medium,not_requested,matched,needs_review,Khớp alias/thuật ngữ bằng rule tất định; bắt buộc duyệt thủ công.,,
condition-mention:f9729ef571665643,"Hạ potassium huyết, hạ sodium huyết, tăng calcium huyết kéo dài và tăng acid uric huyết có triệu chứng","ha potassium huyet, ha sodium huyet, tang calcium huyet keo dai va tang acid uric huyet co trieu chung",1,hyperuricemia,Tăng acid uric máu,clinical_finding,metabolic,,,,,,"Hạ potassium huyết, hạ sodium huyết, tăng calcium huyết kéo dài và tăng acid uric huyết có triệu chứng",and,true,medium,not_requested,matched,needs_review,Khớp alias/thuật ngữ bằng rule tất định; bắt buộc duyệt thủ công.,,
condition-mention:79996a03fc928d45,Hậu môn giả,hau mon gia,1,colostomy_state,Có hậu môn nhân tạo,procedure_state,gastrointestinal,,,,,,Hậu môn giả,single,false,medium,not_requested,matched,needs_review,Khớp alias/thuật ngữ bằng rule tất định; bắt buộc duyệt thủ công.,,
condition-mention:6c86924f661de2a5,"Hen hay bị co thắt phế quản, rối loạn chảy máu, bệnh tim mạch","hen hay bi co that phe quan, roi loan chay mau, benh tim mach",1,cardiovascular_disease,Bệnh tim mạch,disease,cardiovascular,,,,,,"Hen hay bị co thắt phế quản, rối loạn chảy máu, bệnh tim mạch",unclear,true,medium,not_requested,matched,needs_review,Khớp alias/thuật ngữ bằng rule tất định; bắt buộc duyệt thủ công.,,
condition-mention:6c86924f661de2a5,"Hen hay bị co thắt phế quản, rối loạn chảy máu, bệnh tim mạch","hen hay bi co that phe quan, roi loan chay mau, benh tim mach",1,asthma,Hen phế quản,disease,respiratory,,,,,,"Hen hay bị co thắt phế quản, rối loạn chảy máu, bệnh tim mạch",unclear,true,medium,not_requested,matched,needs_review,Khớp alias/thuật ngữ bằng rule tất định; bắt buộc duyệt thủ công.,,
condition-mention:6c86924f661de2a5,"Hen hay bị co thắt phế quản, rối loạn chảy máu, bệnh tim mạch","hen hay bi co that phe quan, roi loan chay mau, benh tim mach",1,bronchospasm,Co thắt phế quản,clinical_finding,respiratory,,,,,,"Hen hay bị co thắt phế quản, rối loạn chảy máu, bệnh tim mạch",unclear,true,medium,not_requested,matched,needs_review,Khớp alias/thuật ngữ bằng rule tất định; bắt buộc duyệt thủ công.,,
condition-mention:6c86924f661de2a5,"Hen hay bị co thắt phế quản, rối loạn chảy máu, bệnh tim mạch","hen hay bi co that phe quan, roi loan chay mau, benh tim mach",1,active_bleeding,Đang xuất huyết,clinical_finding,hematologic,,,,,,"Hen hay bị co thắt phế quản, rối loạn chảy máu, bệnh tim mạch",unclear,true,medium,not_requested,matched,needs_review,Khớp alias/thuật ngữ bằng rule tất định; bắt buộc duyệt thủ công.,,
condition-mention:6c86924f661de2a5,"Hen hay bị co thắt phế quản, rối loạn chảy máu, bệnh tim mạch","hen hay bi co that phe quan, roi loan chay mau, benh tim mach",1,bleeding_disorder,Rối loạn chảy máu/đông máu,disease,hematologic,,,,,,"Hen hay bị co thắt phế quản, rối loạn chảy máu, bệnh tim mạch",unclear,true,medium,not_requested,matched,needs_review,Khớp alias/thuật ngữ bằng rule tất định; bắt buộc duyệt thủ công.,,
condition-mention:3bf55ce335b846ff,"Hen kèm theo viêm mũi mạn tính, viêm xoang mạn tính và/hoặc polyp mũi","hen kem theo viem mui man tinh, viem xoang man tinh va hoac polyp mui",1,asthma,Hen phế quản,disease,respiratory,,chronic,,,,"Hen kèm theo viêm mũi mạn tính, viêm xoang mạn tính và/hoặc polyp mũi",unclear,true,medium,not_requested,matched,needs_review,Khớp alias/thuật ngữ bằng rule tất định; bắt buộc duyệt thủ công.,,
condition-mention:7901c7640d2c8a38,Hen nhạy cảm với acid acetylsalicylic,hen nhay cam voi acid acetylsalicylic,1,asthma,Hen phế quản,disease,respiratory,,,,,,Hen nhạy cảm với acid acetylsalicylic,single,false,medium,not_requested,matched,needs_review,Khớp alias/thuật ngữ bằng rule tất định; bắt buộc duyệt thủ công.,,
condition-mention:a1e39125a3af5e0c,Hen phế quản nặng hoặc bệnh phổi tắc nghẽn mạn tính,hen phe quan nang hoac benh phoi tac nghen man tinh,1,asthma,Hen phế quản,disease,respiratory,,,,,,Hen phế quản nặng hoặc bệnh phổi tắc nghẽn mạn tính,or,true,medium,not_requested,matched,needs_review,Khớp alias/thuật ngữ bằng rule tất định; bắt buộc duyệt thủ công.,,
condition-mention:a1e39125a3af5e0c,Hen phế quản nặng hoặc bệnh phổi tắc nghẽn mạn tính,hen phe quan nang hoac benh phoi tac nghen man tinh,1,copd,Bệnh phổi tắc nghẽn mạn tính,disease,respiratory,,,,,,Hen phế quản nặng hoặc bệnh phổi tắc nghẽn mạn tính,or,true,medium,not_requested,matched,needs_review,Khớp alias/thuật ngữ bằng rule tất định; bắt buộc duyệt thủ công.,,
condition-mention:85cd2dcd3af90c86,"Hen phế quản, polyp mũi, phù mạch hay nổi mày đay do dùng aspirin và các thuốc chống viêm không steroid khác","hen phe quan, polyp mui, phu mach hay noi may day do dung aspirin va cac thuoc chong viem khong steroid khac",1,asthma,Hen phế quản,disease,respiratory,,,,,,"Hen phế quản, polyp mũi, phù mạch hay nổi mày đay do dùng aspirin và các thuốc chống viêm không steroid khác",and,true,medium,not_requested,matched,needs_review,Khớp alias/thuật ngữ bằng rule tất định; bắt buộc duyệt thủ công.,,
condition-mention:85cd2dcd3af90c86,"Hen phế quản, polyp mũi, phù mạch hay nổi mày đay do dùng aspirin và các thuốc chống viêm không steroid khác","hen phe quan, polyp mui, phu mach hay noi may day do dung aspirin va cac thuoc chong viem khong steroid khac",1,angioedema,Phù mạch,disease,immune,,,,,,"Hen phế quản, polyp mũi, phù mạch hay nổi mày đay do dùng aspirin và các thuốc chống viêm không steroid khác",and,true,medium,not_requested,matched,needs_review,Khớp alias/thuật ngữ bằng rule tất định; bắt buộc duyệt thủ công.,,
condition-mention:85cd2dcd3af90c86,"Hen phế quản, polyp mũi, phù mạch hay nổi mày đay do dùng aspirin và các thuốc chống viêm không steroid khác","hen phe quan, polyp mui, phu mach hay noi may day do dung aspirin va cac thuoc chong viem khong steroid khac",1,urticaria,Mày đay,disease,immune,,,,,,"Hen phế quản, polyp mũi, phù mạch hay nổi mày đay do dùng aspirin và các thuốc chống viêm không steroid khác",and,true,medium,not_requested,matched,needs_review,Khớp alias/thuật ngữ bằng rule tất định; bắt buộc duyệt thủ công.,,
condition-mention:85cd2dcd3af90c86,"Hen phế quản, polyp mũi, phù mạch hay nổi mày đay do dùng aspirin và các thuốc chống viêm không steroid khác","hen phe quan, polyp mui, phu mach hay noi may day do dung aspirin va cac thuoc chong viem khong steroid khac",1,edema,Phù,clinical_finding,systemic,,,,,,"Hen phế quản, polyp mũi, phù mạch hay nổi mày đay do dùng aspirin và các thuốc chống viêm không steroid khác",and,true,medium,not_requested,matched,needs_review,Khớp alias/thuật ngữ bằng rule tất định; bắt buộc duyệt thủ công.,,
condition-mention:14bc79cd5608bfaa,Hen (suyễn) hoặc dị ứng / Tiền sử hen hoặc dị ứng với natri metabisulphit,hen suyen hoac di ung tien su hen hoac di ung voi natri metabisulphit,1,asthma,Hen phế quản,disease,respiratory,,,,,,Hen (suyễn) hoặc dị ứng / Tiền sử hen hoặc dị ứng với natri metabisulphit,or,true,medium,not_requested,matched,needs_review,Khớp alias/thuật ngữ bằng rule tất định; bắt buộc duyệt thủ công.,,
condition-mention:6220239ed760b144,"Hen suyễn, nổi mề đay hoặc các phản ứng dị ứng sau khi dùng aspirin hoặc các NSAID khác","hen suyen, noi me day hoac cac phan ung di ung sau khi dung aspirin hoac cac nsaid khac",1,asthma,Hen phế quản,disease,respiratory,,,,,,"Hen suyễn, nổi mề đay hoặc các phản ứng dị ứng sau khi dùng aspirin hoặc các NSAID khác",or,true,medium,not_requested,matched,needs_review,Khớp alias/thuật ngữ bằng rule tất định; bắt buộc duyệt thủ công.,,
condition-mention:6220239ed760b144,"Hen suyễn, nổi mề đay hoặc các phản ứng dị ứng sau khi dùng aspirin hoặc các NSAID khác","hen suyen, noi me day hoac cac phan ung di ung sau khi dung aspirin hoac cac nsaid khac",1,urticaria,Mày đay,disease,immune,,,,,,"Hen suyễn, nổi mề đay hoặc các phản ứng dị ứng sau khi dùng aspirin hoặc các NSAID khác",or,true,medium,not_requested,matched,needs_review,Khớp alias/thuật ngữ bằng rule tất định; bắt buộc duyệt thủ công.,,
condition-mention:706377844f2929ad,"Hen, mày đay hoặc mẫn cảm với aspirin hay các thuốc chống viêm không steroid khác","hen, may day hoac man cam voi aspirin hay cac thuoc chong viem khong steroid khac",1,asthma,Hen phế quản,disease,respiratory,,,,,,"Hen, mày đay hoặc mẫn cảm với aspirin hay các thuốc chống viêm không steroid khác",or,true,medium,not_requested,matched,needs_review,Khớp alias/thuật ngữ bằng rule tất định; bắt buộc duyệt thủ công.,,
condition-mention:706377844f2929ad,"Hen, mày đay hoặc mẫn cảm với aspirin hay các thuốc chống viêm không steroid khác","hen, may day hoac man cam voi aspirin hay cac thuoc chong viem khong steroid khac",1,urticaria,Mày đay,disease,immune,,,,,,"Hen, mày đay hoặc mẫn cảm với aspirin hay các thuốc chống viêm không steroid khác",or,true,medium,not_requested,matched,needs_review,Khớp alias/thuật ngữ bằng rule tất định; bắt buộc duyệt thủ công.,,
condition-mention:e32c94fb2a289fa5,"Hen, viêm mũi cấp, polyp mũi, phù thần kinh mạch, nổi mề đay hoặc các phản ứng dị ứng khác sau khi dùng acid acetylsalicylic hoặc thuốc chống viêm không steroid (NSAID)","hen, viem mui cap, polyp mui, phu than kinh mach, noi me day hoac cac phan ung di ung khac sau khi dung acid acetylsalicylic hoac thuoc chong viem khong steroid nsaid",1,asthma,Hen phế quản,disease,respiratory,,,,,,"Hen, viêm mũi cấp, polyp mũi, phù thần kinh mạch, nổi mề đay hoặc các phản ứng dị ứng khác sau khi dùng acid acetylsalicylic hoặc thuốc chống viêm không steroid (NSAID)",or,true,medium,not_requested,matched,needs_review,Khớp alias/thuật ngữ bằng rule tất định; bắt buộc duyệt thủ công.,,
condition-mention:e32c94fb2a289fa5,"Hen, viêm mũi cấp, polyp mũi, phù thần kinh mạch, nổi mề đay hoặc các phản ứng dị ứng khác sau khi dùng acid acetylsalicylic hoặc thuốc chống viêm không steroid (NSAID)","hen, viem mui cap, polyp mui, phu than kinh mach, noi me day hoac cac phan ung di ung khac sau khi dung acid acetylsalicylic hoac thuoc chong viem khong steroid nsaid",1,angioedema,Phù mạch,disease,immune,,,,,,"Hen, viêm mũi cấp, polyp mũi, phù thần kinh mạch, nổi mề đay hoặc các phản ứng dị ứng khác sau khi dùng acid acetylsalicylic hoặc thuốc chống viêm không steroid (NSAID)",or,true,medium,not_requested,matched,needs_review,Khớp alias/thuật ngữ bằng rule tất định; bắt buộc duyệt thủ công.,,
condition-mention:e32c94fb2a289fa5,"Hen, viêm mũi cấp, polyp mũi, phù thần kinh mạch, nổi mề đay hoặc các phản ứng dị ứng khác sau khi dùng acid acetylsalicylic hoặc thuốc chống viêm không steroid (NSAID)","hen, viem mui cap, polyp mui, phu than kinh mach, noi me day hoac cac phan ung di ung khac sau khi dung acid acetylsalicylic hoac thuoc chong viem khong steroid nsaid",1,urticaria,Mày đay,disease,immune,,,,,,"Hen, viêm mũi cấp, polyp mũi, phù thần kinh mạch, nổi mề đay hoặc các phản ứng dị ứng khác sau khi dùng acid acetylsalicylic hoặc thuốc chống viêm không steroid (NSAID)",or,true,medium,not_requested,matched,needs_review,Khớp alias/thuật ngữ bằng rule tất định; bắt buộc duyệt thủ công.,,
condition-mention:e32c94fb2a289fa5,"Hen, viêm mũi cấp, polyp mũi, phù thần kinh mạch, nổi mề đay hoặc các phản ứng dị ứng khác sau khi dùng acid acetylsalicylic hoặc thuốc chống viêm không steroid (NSAID)","hen, viem mui cap, polyp mui, phu than kinh mach, noi me day hoac cac phan ung di ung khac sau khi dung acid acetylsalicylic hoac thuoc chong viem khong steroid nsaid",1,edema,Phù,clinical_finding,systemic,,,,,,"Hen, viêm mũi cấp, polyp mũi, phù thần kinh mạch, nổi mề đay hoặc các phản ứng dị ứng khác sau khi dùng acid acetylsalicylic hoặc thuốc chống viêm không steroid (NSAID)",or,true,medium,not_requested,matched,needs_review,Khớp alias/thuật ngữ bằng rule tất định; bắt buộc duyệt thủ công.,,
condition-mention:c9ff5891e21cbc06,"Hen, viêm mũi và polyp mũi","hen, viem mui va polyp mui",1,asthma,Hen phế quản,disease,respiratory,,,,,,"Hen, viêm mũi và polyp mũi",and,true,medium,not_requested,matched,needs_review,Khớp alias/thuật ngữ bằng rule tất định; bắt buộc duyệt thủ công.,,
condition-mention:5bd0f3966b1d4469,hẹp các động mạch vành hoặc các mạch máu não,hep cac dong mach vanh hoac cac mach mau nao,1,coronary_cerebral_artery_stenosis,Hẹp động mạch vành hoặc mạch máu não,disease,cardiovascular,,,,,,hẹp các động mạch vành hoặc các mạch máu não,or,true,medium,not_requested,matched,needs_review,Khớp alias/thuật ngữ bằng rule tất định; bắt buộc duyệt thủ công.,,
condition-mention:5b8bf4e57ccefbc7,Hẹp đáng kể động mạch thận hai bên hoặc hẹp động mạch ở một quả thận đảm nhận chức năng còn lại,hep dang ke dong mach than hai ben hoac hep dong mach o mot qua than dam nhan chuc nang con lai,1,renal_artery_stenosis,Hẹp động mạch thận,disease,renal,,,,,,Hẹp đáng kể động mạch thận hai bên hoặc hẹp động mạch ở một quả thận đảm nhận chức năng còn lại,or,true,medium,not_requested,matched,needs_review,Khớp alias/thuật ngữ bằng rule tất định; bắt buộc duyệt thủ công.,,
condition-mention:b4ab8886c3804af4,Hẹp động mạch chủ đáng kể,hep dong mach chu dang ke,1,aortic_stenosis,Hẹp van động mạch chủ,disease,cardiovascular,,,,,,Hẹp động mạch chủ đáng kể,single,false,medium,not_requested,matched,needs_review,Khớp alias/thuật ngữ bằng rule tất định; bắt buộc duyệt thủ công.,,
condition-mention:42735c56527dcf31,"Hẹp động mạch chủ, hẹp van hai lá hoặc bệnh cơ tim phì đại tắc nghẽn","hep dong mach chu, hep van hai la hoac benh co tim phi dai tac nghen",1,aortic_stenosis,Hẹp van động mạch chủ,disease,cardiovascular,,,,,,"Hẹp động mạch chủ, hẹp van hai lá hoặc bệnh cơ tim phì đại tắc nghẽn",or,true,medium,not_requested,matched,needs_review,Khớp alias/thuật ngữ bằng rule tất định; bắt buộc duyệt thủ công.,,
condition-mention:42735c56527dcf31,"Hẹp động mạch chủ, hẹp van hai lá hoặc bệnh cơ tim phì đại tắc nghẽn","hep dong mach chu, hep van hai la hoac benh co tim phi dai tac nghen",1,mitral_stenosis,Hẹp van hai lá,disease,cardiovascular,,,,,,"Hẹp động mạch chủ, hẹp van hai lá hoặc bệnh cơ tim phì đại tắc nghẽn",or,true,medium,not_requested,matched,needs_review,Khớp alias/thuật ngữ bằng rule tất định; bắt buộc duyệt thủ công.,,
condition-mention:42735c56527dcf31,"Hẹp động mạch chủ, hẹp van hai lá hoặc bệnh cơ tim phì đại tắc nghẽn","hep dong mach chu, hep van hai la hoac benh co tim phi dai tac nghen",1,hypertrophic_cardiomyopathy,Bệnh cơ tim phì đại,disease,cardiovascular,,,,,,"Hẹp động mạch chủ, hẹp van hai lá hoặc bệnh cơ tim phì đại tắc nghẽn",or,true,medium,not_requested,matched,needs_review,Khớp alias/thuật ngữ bằng rule tất định; bắt buộc duyệt thủ công.,,
condition-mention:42735c56527dcf31,"Hẹp động mạch chủ, hẹp van hai lá hoặc bệnh cơ tim phì đại tắc nghẽn","hep dong mach chu, hep van hai la hoac benh co tim phi dai tac nghen",1,muscle_disease,Bệnh cơ,disease,neuromuscular,,,,,,"Hẹp động mạch chủ, hẹp van hai lá hoặc bệnh cơ tim phì đại tắc nghẽn",or,true,medium,not_requested,matched,needs_review,Khớp alias/thuật ngữ bằng rule tất định; bắt buộc duyệt thủ công.,,
condition-mention:6dea7c410878baec,Hẹp động mạch hai bên thận hoặc hẹp động mạch thận của người còn một thận,hep dong mach hai ben than hoac hep dong mach than cua nguoi con mot than,1,renal_artery_stenosis,Hẹp động mạch thận,disease,renal,,,,,,Hẹp động mạch hai bên thận hoặc hẹp động mạch thận của người còn một thận,or,true,medium,not_requested,matched,needs_review,Khớp alias/thuật ngữ bằng rule tất định; bắt buộc duyệt thủ công.,,
condition-mention:addc8e3de6812a1c,Hẹp động mạch thận 2 bên hoặc hẹp động mạch thận với 1 thận chức năng,hep dong mach than 2 ben hoac hep dong mach than voi 1 than chuc nang,1,renal_artery_stenosis,Hẹp động mạch thận,disease,renal,,,,,,Hẹp động mạch thận 2 bên hoặc hẹp động mạch thận với 1 thận chức năng,or,true,medium,not_requested,matched,needs_review,Khớp alias/thuật ngữ bằng rule tất định; bắt buộc duyệt thủ công.,,
condition-mention:cdf8b87f8594be4f,Hẹp động mạch thận hai bên hoặc hẹp động mạch đáng kể dẫn đến còn chức năng thận một bên,hep dong mach than hai ben hoac hep dong mach dang ke dan den con chuc nang than mot ben,1,renal_artery_stenosis,Hẹp động mạch thận,disease,renal,,,,,,Hẹp động mạch thận hai bên hoặc hẹp động mạch đáng kể dẫn đến còn chức năng thận một bên,or,true,medium,not_requested,matched,needs_review,Khớp alias/thuật ngữ bằng rule tất định; bắt buộc duyệt thủ công.,,
condition-mention:f0b5ce8fb51fea83,Hẹp động mạch thận hai bên hoặc hẹp động mạch thận một bên trên bệnh nhân còn một thận,hep dong mach than hai ben hoac hep dong mach than mot ben tren benh nhan con mot than,1,renal_artery_stenosis,Hẹp động mạch thận,disease,renal,,,,,,Hẹp động mạch thận hai bên hoặc hẹp động mạch thận một bên trên bệnh nhân còn một thận,or,true,medium,not_requested,matched,needs_review,Khớp alias/thuật ngữ bằng rule tất định; bắt buộc duyệt thủ công.,,
condition-mention:9a49825b2103a302,Hẹp động mạch thận hai bên hoặc hẹp động mạch thận ở bệnh nhân có một thận duy nhất,hep dong mach than hai ben hoac hep dong mach than o benh nhan co mot than duy nhat,1,renal_artery_stenosis,Hẹp động mạch thận,disease,renal,,,,,,Hẹp động mạch thận hai bên hoặc hẹp động mạch thận ở bệnh nhân có một thận duy nhất,or,true,medium,not_requested,matched,needs_review,Khớp alias/thuật ngữ bằng rule tất định; bắt buộc duyệt thủ công.,,
condition-mention:bf75d2a0dc6ffd36,Hẹp động mạch thận hai bên hoặc hẹp động mạch thận với một thận chức năng duy nhất,hep dong mach than hai ben hoac hep dong mach than voi mot than chuc nang duy nhat,1,renal_artery_stenosis,Hẹp động mạch thận,disease,renal,,,,,,Hẹp động mạch thận hai bên hoặc hẹp động mạch thận với một thận chức năng duy nhất,or,true,medium,not_requested,matched,needs_review,Khớp alias/thuật ngữ bằng rule tất định; bắt buộc duyệt thủ công.,,
condition-mention:0bc0e8a1963f35a5,Hẹp động mạch thận hai bên hoặc hẹp một bên động mạch thận với thận duy nhất,hep dong mach than hai ben hoac hep mot ben dong mach than voi than duy nhat,1,renal_artery_stenosis,Hẹp động mạch thận,disease,renal,,,,,,Hẹp động mạch thận hai bên hoặc hẹp một bên động mạch thận với thận duy nhất,or,true,medium,not_requested,matched,needs_review,Khớp alias/thuật ngữ bằng rule tất định; bắt buộc duyệt thủ công.,,
condition-mention:4ae9b6a400180a79,Hẹp động mạch thận hai bên hoặc một bên,hep dong mach than hai ben hoac mot ben,1,renal_artery_stenosis,Hẹp động mạch thận,disease,renal,,,,,,Hẹp động mạch thận hai bên hoặc một bên,or,true,medium,not_requested,matched,needs_review,Khớp alias/thuật ngữ bằng rule tất định; bắt buộc duyệt thủ công.,,
condition-mention:bd17e71dc5c3464a,"Hẹp động mạch thận hai bên hoặc một bên, người chỉ còn một thận","hep dong mach than hai ben hoac mot ben, nguoi chi con mot than",1,renal_artery_stenosis,Hẹp động mạch thận,disease,renal,,,,,,"Hẹp động mạch thận hai bên hoặc một bên, người chỉ còn một thận",or,true,medium,not_requested,matched,needs_review,Khớp alias/thuật ngữ bằng rule tất định; bắt buộc duyệt thủ công.,,
condition-mention:83adab246a636fe5,Hẹp môn vị,hep mon vi,1,pyloric_stenosis,Hẹp môn vị,disease,gastrointestinal,,,,,,Hẹp môn vị,single,false,medium,not_requested,matched,needs_review,Khớp alias/thuật ngữ bằng rule tất định; bắt buộc duyệt thủ công.,,
condition-mention:5cdf5c1272342cdb,hẹp van động mạch chủ mức độ trung bình đến nặng đồng thời bị đau thắt ngực,hep van dong mach chu muc do trung binh den nang dong thoi bi dau that nguc,1,angina,Đau thắt ngực,disease,cardiovascular,,,,,,hẹp van động mạch chủ mức độ trung bình đến nặng đồng thời bị đau thắt ngực,unclear,true,medium,not_requested,matched,needs_review,Khớp alias/thuật ngữ bằng rule tất định; bắt buộc duyệt thủ công.,,
condition-mention:5cdf5c1272342cdb,hẹp van động mạch chủ mức độ trung bình đến nặng đồng thời bị đau thắt ngực,hep van dong mach chu muc do trung binh den nang dong thoi bi dau that nguc,1,aortic_stenosis,Hẹp van động mạch chủ,disease,cardiovascular,,,,,,hẹp van động mạch chủ mức độ trung bình đến nặng đồng thời bị đau thắt ngực,unclear,true,medium,not_requested,matched,needs_review,Khớp alias/thuật ngữ bằng rule tất định; bắt buộc duyệt thủ công.,,
condition-mention:68b38d19a4999281,Hẹp van động mạch chủ nặng,hep van dong mach chu nang,1,aortic_stenosis,Hẹp van động mạch chủ,disease,cardiovascular,severe,,,,,Hẹp van động mạch chủ nặng,single,false,medium,not_requested,matched,needs_review,Khớp alias/thuật ngữ bằng rule tất định; bắt buộc duyệt thủ công.,,
condition-mention:99681afadc3e4231,Hẹp van động mạch chủ/van hai lá,hep van dong mach chu van hai la,1,aortic_stenosis,Hẹp van động mạch chủ,disease,cardiovascular,,,,,,Hẹp van động mạch chủ/van hai lá,unclear,true,medium,not_requested,matched,needs_review,Khớp alias/thuật ngữ bằng rule tất định; bắt buộc duyệt thủ công.,,
condition-mention:8011aecbc2c7ebcb,Ho ra máu,ho ra mau,1,hemoptysis,Ho ra máu,clinical_finding,respiratory,,,,,,Ho ra máu,single,false,medium,not_requested,matched,needs_review,Khớp alias/thuật ngữ bằng rule tất định; bắt buộc duyệt thủ công.,,
condition-mention:a0317420a16bd229,Hội chứng Adams - Stokes,hoi chung adams stokes,1,adams_stokes_syndrome,Hội chứng Adams–Stokes,disease,neurologic,,,,,,Hội chứng Adams - Stokes,single,false,medium,not_requested,matched,needs_review,Khớp alias/thuật ngữ bằng rule tất định; bắt buộc duyệt thủ công.,,
condition-mention:7b9734b613b18622,Hội chứng khoảng QT kéo dài cùng với hạ kali huyết,hoi chung khoang qt keo dai cung voi ha kali huyet,1,qt_prolongation,Khoảng QT kéo dài,clinical_finding,cardiovascular,,,,,,Hội chứng khoảng QT kéo dài cùng với hạ kali huyết,unclear,true,medium,not_requested,matched,needs_review,Khớp alias/thuật ngữ bằng rule tất định; bắt buộc duyệt thủ công.,,
condition-mention:7b9734b613b18622,Hội chứng khoảng QT kéo dài cùng với hạ kali huyết,hoi chung khoang qt keo dai cung voi ha kali huyet,1,hypokalemia,Hạ kali máu,clinical_finding,electrolyte,,,,,,Hội chứng khoảng QT kéo dài cùng với hạ kali huyết,unclear,true,medium,not_requested,matched,needs_review,Khớp alias/thuật ngữ bằng rule tất định; bắt buộc duyệt thủ công.,,
condition-mention:c2bfce851dd4c5f4,Hội chứng múa giật Huntington,hoi chung mua giat huntington,1,huntington_disease,Bệnh Huntington,disease,neurologic,,,,,,Hội chứng múa giật Huntington,single,false,medium,not_requested,matched,needs_review,Khớp alias/thuật ngữ bằng rule tất định; bắt buộc duyệt thủ công.,,
condition-mention:99980efe097ab226,Hội chứng Netherton,hoi chung netherton,1,netherton_syndrome,Hội chứng Netherton,disease,dermatologic,,,,,,Hội chứng Netherton,single,false,medium,not_requested,matched,needs_review,Khớp alias/thuật ngữ bằng rule tất định; bắt buộc duyệt thủ công.,,
condition-mention:9df3c874baefd7b9,Hội chứng nút xoang,hoi chung nut xoang,1,sick_sinus_syndrome,Hội chứng suy nút xoang,disease,cardiovascular,,,,,,Hội chứng nút xoang,single,false,medium,not_requested,matched,needs_review,Khớp alias/thuật ngữ bằng rule tất định; bắt buộc duyệt thủ công.,,
condition-mention:660ea32afffa84e1,Hội chứng QT bẩm sinh hoặc điều trị với các thuốc làm kéo dài đoạn QT,hoi chung qt bam sinh hoac dieu tri voi cac thuoc lam keo dai doan qt,1,qt_prolongation,Khoảng QT kéo dài,clinical_finding,cardiovascular,,,,,,Hội chứng QT bẩm sinh hoặc điều trị với các thuốc làm kéo dài đoạn QT,or,true,medium,not_requested,matched,needs_review,Khớp alias/thuật ngữ bằng rule tất định; bắt buộc duyệt thủ công.,,
condition-mention:ae7179a06caa8c2c,Hội chứng Raynaud và bệnh động mạch ngoại vi nặng,hoi chung raynaud va benh dong mach ngoai vi nang,1,peripheral_arterial_disease,Bệnh động mạch ngoại biên,disease,cardiovascular,severe,,,,,Hội chứng Raynaud và bệnh động mạch ngoại vi nặng,and,true,medium,not_requested,matched,needs_review,Khớp alias/thuật ngữ bằng rule tất định; bắt buộc duyệt thủ công.,,
condition-mention:7f7f56b0d450431e,Hội chứng tế bào mast,hoi chung te bao mast,1,mast_cell_disorder,Rối loạn tế bào mast,disease,immune,,,,,,Hội chứng tế bào mast,single,false,medium,not_requested,matched,needs_review,Khớp alias/thuật ngữ bằng rule tất định; bắt buộc duyệt thủ công.,,
condition-mention:fc47081eb3360fe5,Hội chứng Wolf - Parkinson - White,hoi chung wolf parkinson white,1,parkinson_disease,Bệnh Parkinson,disease,neurologic,,,,,,Hội chứng Wolf - Parkinson - White,single,false,medium,not_requested,matched,needs_review,Khớp alias/thuật ngữ bằng rule tất định; bắt buộc duyệt thủ công.,,
condition-mention:dfcfddf5e6780b69,Hội chứng xoang bệnh lý (bao gồm block xoang nhĩ),hoi chung xoang benh ly bao gom block xoang nhi,1,sinoatrial_block,Blốc xoang nhĩ,disease,cardiovascular,,,,,,Hội chứng xoang bệnh lý (bao gồm block xoang nhĩ),single,false,medium,not_requested,matched,needs_review,Khớp alias/thuật ngữ bằng rule tất định; bắt buộc duyệt thủ công.,,
condition-mention:344938b6bf7b5649,hôn mê,hon me,1,coma,Hôn mê,clinical_finding,neurologic,,,,,,hôn mê,single,false,medium,not_requested,matched,needs_review,Khớp alias/thuật ngữ bằng rule tất định; bắt buộc duyệt thủ công.,,
condition-mention:35896f30be14d79d,Hôn mê do đái tháo đường,hon me do dai thao duong,1,diabetes_mellitus,Đái tháo đường,disease,endocrine,,,,,,Hôn mê do đái tháo đường,unclear,true,medium,not_requested,matched,needs_review,Khớp alias/thuật ngữ bằng rule tất định; bắt buộc duyệt thủ công.,,
condition-mention:35896f30be14d79d,Hôn mê do đái tháo đường,hon me do dai thao duong,1,coma,Hôn mê,clinical_finding,neurologic,,,,,,Hôn mê do đái tháo đường,unclear,true,medium,not_requested,matched,needs_review,Khớp alias/thuật ngữ bằng rule tất định; bắt buộc duyệt thủ công.,,
condition-mention:4a02d59f1b424f4b,Hôn mê gan,hon me gan,1,hepatic_encephalopathy,Bệnh não gan,disease,hepatic,,,,,,Hôn mê gan,unclear,true,medium,not_requested,matched,needs_review,Khớp alias/thuật ngữ bằng rule tất định; bắt buộc duyệt thủ công.,,
condition-mention:4a02d59f1b424f4b,Hôn mê gan,hon me gan,1,coma,Hôn mê,clinical_finding,neurologic,,,,,,Hôn mê gan,unclear,true,medium,not_requested,matched,needs_review,Khớp alias/thuật ngữ bằng rule tất định; bắt buộc duyệt thủ công.,,
condition-mention:f0604eb53c19369a,Hôn mê hay tiền hôn mê do đái tháo đường,hon me hay tien hon me do dai thao duong,1,diabetes_mellitus,Đái tháo đường,disease,endocrine,,,,,,Hôn mê hay tiền hôn mê do đái tháo đường,unclear,true,medium,not_requested,matched,needs_review,Khớp alias/thuật ngữ bằng rule tất định; bắt buộc duyệt thủ công.,,
condition-mention:f0604eb53c19369a,Hôn mê hay tiền hôn mê do đái tháo đường,hon me hay tien hon me do dai thao duong,1,coma,Hôn mê,clinical_finding,neurologic,,,,,,Hôn mê hay tiền hôn mê do đái tháo đường,unclear,true,medium,not_requested,matched,needs_review,Khớp alias/thuật ngữ bằng rule tất định; bắt buộc duyệt thủ công.,,
condition-mention:0e891b7e2b58aa62,Hôn mê hoặc tiền hôn mê,hon me hoac tien hon me,1,coma,Hôn mê,clinical_finding,neurologic,,,,,,Hôn mê hoặc tiền hôn mê,or,true,medium,not_requested,matched,needs_review,Khớp alias/thuật ngữ bằng rule tất định; bắt buộc duyệt thủ công.,,
condition-mention:5ebb0c11925b339f,Hôn mê tăng áp lực thẩm thấu,hon me tang ap luc tham thau,1,hyperosmolar_state,Tình trạng tăng thẩm thấu,clinical_finding,metabolic,,,,,,Hôn mê tăng áp lực thẩm thấu,single,false,medium,not_requested,matched,needs_review,Khớp alias/thuật ngữ bằng rule tất định; bắt buộc duyệt thủ công.,,
condition-mention:63325151207193de,Huyết áp cao,huyet ap cao,1,hypertension,Tăng huyết áp,disease,cardiovascular,,,,,,Huyết áp cao,single,false,medium,not_requested,matched,needs_review,Khớp alias/thuật ngữ bằng rule tất định; bắt buộc duyệt thủ công.,,
condition-mention:77df163c06bed3ed,Huyết áp thấp có suy tuần hoàn đi kèm với giảm thể tích,huyet ap thap co suy tuan hoan di kem voi giam the tich,1,hypotension,Hạ huyết áp,clinical_finding,cardiovascular,,,,,,Huyết áp thấp có suy tuần hoàn đi kèm với giảm thể tích,single,false,medium,not_requested,matched,needs_review,Khớp alias/thuật ngữ bằng rule tất định; bắt buộc duyệt thủ công.,,
condition-mention:2a507c143cad3a3f,Huyết khối mạch ngoại biên hoặc mạch mạc treo,huyet khoi mach ngoai bien hoac mach mac treo,1,thrombosis,Huyết khối,disease,hematologic,,,,,,Huyết khối mạch ngoại biên hoặc mạch mạc treo,or,true,medium,not_requested,matched,needs_review,Khớp alias/thuật ngữ bằng rule tất định; bắt buộc duyệt thủ công.,,
condition-mention:9f16f917369c899f,Huyết niệu từ nhu mô thận,huyet nieu tu nhu mo than,1,hematuria,Tiểu máu,clinical_finding,renal,,,,,,Huyết niệu từ nhu mô thận,single,false,medium,not_requested,matched,needs_review,Khớp alias/thuật ngữ bằng rule tất định; bắt buộc duyệt thủ công.,,
condition-mention:c8e0a5d04a9b7c1c,Impaired renal function,impaired renal function,1,renal_impairment,Suy giảm chức năng thận,organ_impairment,renal,,,,,,Impaired renal function,single,false,medium,not_requested,matched,needs_review,Khớp alias/thuật ngữ bằng rule tất định; bắt buộc duyệt thủ công.,,
condition-mention:9da228b2d593e918,Kali huyết cao,kali huyet cao,1,hyperkalemia,Tăng kali máu,clinical_finding,electrolyte,,,,,,Kali huyết cao,single,false,medium,not_requested,matched,needs_review,Khớp alias/thuật ngữ bằng rule tất định; bắt buộc duyệt thủ công.,,
condition-mention:81a45d1af4f3f3db,Kali huyết hạ,kali huyet ha,1,hypokalemia,Hạ kali máu,clinical_finding,electrolyte,,,,,,Kali huyết hạ,single,false,medium,not_requested,matched,needs_review,Khớp alias/thuật ngữ bằng rule tất định; bắt buộc duyệt thủ công.,,
condition-mention:54946fbcca326347,kéo dài khoảng QT bẩm sinh hoặc mắc phải,keo dai khoang qt bam sinh hoac mac phai,1,qt_prolongation,Khoảng QT kéo dài,clinical_finding,cardiovascular,,,,,,kéo dài khoảng QT bẩm sinh hoặc mắc phải,or,true,medium,not_requested,matched,needs_review,Khớp alias/thuật ngữ bằng rule tất định; bắt buộc duyệt thủ công.,,
condition-mention:9ee5841c1d16e817,Khô mắt và bệnh nhân giác mạc bị tổn thương,kho mat va benh nhan giac mac bi ton thuong,1,dry_eye,Khô mắt,disease,ophthalmic,,,,,,Khô mắt và bệnh nhân giác mạc bị tổn thương,and,true,medium,not_requested,matched,needs_review,Khớp alias/thuật ngữ bằng rule tất định; bắt buộc duyệt thủ công.,,
condition-mention:9ee5841c1d16e817,Khô mắt và bệnh nhân giác mạc bị tổn thương,kho mat va benh nhan giac mac bi ton thuong,1,corneal_disorder,Bệnh giác mạc/củng mạc,disease,ophthalmic,,,,,,Khô mắt và bệnh nhân giác mạc bị tổn thương,and,true,medium,not_requested,matched,needs_review,Khớp alias/thuật ngữ bằng rule tất định; bắt buộc duyệt thủ công.,,
condition-mention:3f5ab833933f415b,Khó thở hoặc hen phế quản kể cả COPD,kho tho hoac hen phe quan ke ca copd,1,asthma,Hen phế quản,disease,respiratory,,,,,,Khó thở hoặc hen phế quản kể cả COPD,or,true,medium,not_requested,matched,needs_review,Khớp alias/thuật ngữ bằng rule tất định; bắt buộc duyệt thủ công.,,
condition-mention:f8293e083c3f9896,Khối tụ máu hai bên dưới màng cứng tự phát,khoi tu mau hai ben duoi mang cung tu phat,1,subdural_hematoma,Tụ máu dưới màng cứng,disease,neurologic,,,,,,Khối tụ máu hai bên dưới màng cứng tự phát,single,false,medium,not_requested,matched,needs_review,Khớp alias/thuật ngữ bằng rule tất định; bắt buộc duyệt thủ công.,,
condition-mention:5e9fb248d480515c,Không có hậu môn,khong co hau mon,1,colostomy_state,Có hậu môn nhân tạo,procedure_state,gastrointestinal,,,,,,Không có hậu môn,single,false,medium,not_requested,matched,needs_review,Khớp alias/thuật ngữ bằng rule tất định; bắt buộc duyệt thủ công.,,
condition-mention:065d8ddd9ae4356e,"Không dung nạp đường galactose, thiếu hụt men Lactose Lapp, giảm hấp thu glucose-galactose","khong dung nap duong galactose, thieu hut men lactose lapp, giam hap thu glucose galactose",1,glucose_galactose_malabsorption,Kém hấp thu glucose-galactose,disease,metabolic,,,,,,"Không dung nạp đường galactose, thiếu hụt men Lactose Lapp, giảm hấp thu glucose-galactose",unclear,true,medium,not_requested,matched,needs_review,Khớp alias/thuật ngữ bằng rule tất định; bắt buộc duyệt thủ công.,,
condition-mention:f99266a803af96fa,Không dung nạp fructose bẩm sinh,khong dung nap fructose bam sinh,1,hereditary_fructose_intolerance,Không dung nạp fructose di truyền,disease,metabolic,,,,,,Không dung nạp fructose bẩm sinh,single,false,medium,not_requested,matched,needs_review,Khớp alias/thuật ngữ bằng rule tất định; bắt buộc duyệt thủ công.,,
condition-mention:7269dedd9a8cbe8f,Không dung nạp fructose do di truyền,khong dung nap fructose do di truyen,1,hereditary_fructose_intolerance,Không dung nạp fructose di truyền,disease,metabolic,,,,,,Không dung nạp fructose do di truyền,single,false,medium,not_requested,matched,needs_review,Khớp alias/thuật ngữ bằng rule tất định; bắt buộc duyệt thủ công.,,
condition-mention:685c56d6abcb7f5a,"Không dung nạp fructose hoặc galactose, thiếu hụt LAPP lactase, kém hấp thu glucose-galactose hoặc thiếu sucrase-isomaltase","khong dung nap fructose hoac galactose, thieu hut lapp lactase, kem hap thu glucose galactose hoac thieu sucrase isomaltase",1,hereditary_fructose_intolerance,Không dung nạp fructose di truyền,disease,metabolic,,,,,,"Không dung nạp fructose hoặc galactose, thiếu hụt LAPP lactase, kém hấp thu glucose-galactose hoặc thiếu sucrase-isomaltase",or,true,medium,not_requested,matched,needs_review,Khớp alias/thuật ngữ bằng rule tất định; bắt buộc duyệt thủ công.,,
condition-mention:685c56d6abcb7f5a,"Không dung nạp fructose hoặc galactose, thiếu hụt LAPP lactase, kém hấp thu glucose-galactose hoặc thiếu sucrase-isomaltase","khong dung nap fructose hoac galactose, thieu hut lapp lactase, kem hap thu glucose galactose hoac thieu sucrase isomaltase",1,glucose_galactose_malabsorption,Kém hấp thu glucose-galactose,disease,metabolic,,,,,,"Không dung nạp fructose hoặc galactose, thiếu hụt LAPP lactase, kém hấp thu glucose-galactose hoặc thiếu sucrase-isomaltase",or,true,medium,not_requested,matched,needs_review,Khớp alias/thuật ngữ bằng rule tất định; bắt buộc duyệt thủ công.,,
condition-mention:685c56d6abcb7f5a,"Không dung nạp fructose hoặc galactose, thiếu hụt LAPP lactase, kém hấp thu glucose-galactose hoặc thiếu sucrase-isomaltase","khong dung nap fructose hoac galactose, thieu hut lapp lactase, kem hap thu glucose galactose hoac thieu sucrase isomaltase",1,lactase_deficiency,Thiếu hụt lactase,disease,metabolic,,,,,,"Không dung nạp fructose hoặc galactose, thiếu hụt LAPP lactase, kém hấp thu glucose-galactose hoặc thiếu sucrase-isomaltase",or,true,medium,not_requested,matched,needs_review,Khớp alias/thuật ngữ bằng rule tất định; bắt buộc duyệt thủ công.,,
condition-mention:12f340fd625e193f,Không dung nạp fructose / Rối loạn di truyền hiếm gặp với manitol hoặc sucrose,khong dung nap fructose roi loan di truyen hiem gap voi manitol hoac sucrose,1,hereditary_fructose_intolerance,Không dung nạp fructose di truyền,disease,metabolic,,,,,,Không dung nạp fructose / Rối loạn di truyền hiếm gặp với manitol hoặc sucrose,or,true,medium,not_requested,matched,needs_review,Khớp alias/thuật ngữ bằng rule tất định; bắt buộc duyệt thủ công.,,
condition-mention:59c18a7e180ace9c,Không dung nạp fructose (vấn đề di truyền hiếm gặp),khong dung nap fructose van de di truyen hiem gap,1,hereditary_fructose_intolerance,Không dung nạp fructose di truyền,disease,metabolic,,,,,,Không dung nạp fructose (vấn đề di truyền hiếm gặp),single,false,medium,not_requested,matched,needs_review,Khớp alias/thuật ngữ bằng rule tất định; bắt buộc duyệt thủ công.,,
condition-mention:5d77bd8fb3e2977b,"Không dung nạp fructose, kém hấp thu glucose-galactose hoặc thiếu men sucrase-isomaltase","khong dung nap fructose, kem hap thu glucose galactose hoac thieu men sucrase isomaltase",1,hereditary_fructose_intolerance,Không dung nạp fructose di truyền,disease,metabolic,,,,,,"Không dung nạp fructose, kém hấp thu glucose-galactose hoặc thiếu men sucrase-isomaltase",or,true,medium,not_requested,matched,needs_review,Khớp alias/thuật ngữ bằng rule tất định; bắt buộc duyệt thủ công.,,
condition-mention:5d77bd8fb3e2977b,"Không dung nạp fructose, kém hấp thu glucose-galactose hoặc thiếu men sucrase-isomaltase","khong dung nap fructose, kem hap thu glucose galactose hoac thieu men sucrase isomaltase",1,glucose_galactose_malabsorption,Kém hấp thu glucose-galactose,disease,metabolic,,,,,,"Không dung nạp fructose, kém hấp thu glucose-galactose hoặc thiếu men sucrase-isomaltase",or,true,medium,not_requested,matched,needs_review,Khớp alias/thuật ngữ bằng rule tất định; bắt buộc duyệt thủ công.,,
condition-mention:f60bcac52868899b,"Không dung nạp galactose di truyền, thiếu hụt Lapp lactase hoặc kém hấp thu glucose – galactose","khong dung nap galactose di truyen, thieu hut lapp lactase hoac kem hap thu glucose – galactose",1,hereditary_galactose_intolerance,Không dung nạp galactose di truyền,disease,metabolic,,,,,,"Không dung nạp galactose di truyền, thiếu hụt Lapp lactase hoặc kém hấp thu glucose – galactose",or,true,medium,not_requested,matched,needs_review,Khớp alias/thuật ngữ bằng rule tất định; bắt buộc duyệt thủ công.,,
condition-mention:f60bcac52868899b,"Không dung nạp galactose di truyền, thiếu hụt Lapp lactase hoặc kém hấp thu glucose – galactose","khong dung nap galactose di truyen, thieu hut lapp lactase hoac kem hap thu glucose – galactose",1,glucose_galactose_malabsorption,Kém hấp thu glucose-galactose,disease,metabolic,,,,,,"Không dung nạp galactose di truyền, thiếu hụt Lapp lactase hoặc kém hấp thu glucose – galactose",or,true,medium,not_requested,matched,needs_review,Khớp alias/thuật ngữ bằng rule tất định; bắt buộc duyệt thủ công.,,
condition-mention:f60bcac52868899b,"Không dung nạp galactose di truyền, thiếu hụt Lapp lactase hoặc kém hấp thu glucose – galactose","khong dung nap galactose di truyen, thieu hut lapp lactase hoac kem hap thu glucose – galactose",1,lactase_deficiency,Thiếu hụt lactase,disease,metabolic,,,,,,"Không dung nạp galactose di truyền, thiếu hụt Lapp lactase hoặc kém hấp thu glucose – galactose",or,true,medium,not_requested,matched,needs_review,Khớp alias/thuật ngữ bằng rule tất định; bắt buộc duyệt thủ công.,,
condition-mention:3a4fe719dd87854a,"Không dung nạp galactose do di truyền dạng hiếm, thiếu hụt lactase hoặc kém hấp thu glucose-galactose","khong dung nap galactose do di truyen dang hiem, thieu hut lactase hoac kem hap thu glucose galactose",1,hereditary_galactose_intolerance,Không dung nạp galactose di truyền,disease,metabolic,,,,,,"Không dung nạp galactose do di truyền dạng hiếm, thiếu hụt lactase hoặc kém hấp thu glucose-galactose",or,true,medium,not_requested,matched,needs_review,Khớp alias/thuật ngữ bằng rule tất định; bắt buộc duyệt thủ công.,,
condition-mention:3a4fe719dd87854a,"Không dung nạp galactose do di truyền dạng hiếm, thiếu hụt lactase hoặc kém hấp thu glucose-galactose","khong dung nap galactose do di truyen dang hiem, thieu hut lactase hoac kem hap thu glucose galactose",1,glucose_galactose_malabsorption,Kém hấp thu glucose-galactose,disease,metabolic,,,,,,"Không dung nạp galactose do di truyền dạng hiếm, thiếu hụt lactase hoặc kém hấp thu glucose-galactose",or,true,medium,not_requested,matched,needs_review,Khớp alias/thuật ngữ bằng rule tất định; bắt buộc duyệt thủ công.,,
condition-mention:3a4fe719dd87854a,"Không dung nạp galactose do di truyền dạng hiếm, thiếu hụt lactase hoặc kém hấp thu glucose-galactose","khong dung nap galactose do di truyen dang hiem, thieu hut lactase hoac kem hap thu glucose galactose",1,lactase_deficiency,Thiếu hụt lactase,disease,metabolic,,,,,,"Không dung nạp galactose do di truyền dạng hiếm, thiếu hụt lactase hoặc kém hấp thu glucose-galactose",or,true,medium,not_requested,matched,needs_review,Khớp alias/thuật ngữ bằng rule tất định; bắt buộc duyệt thủ công.,,
condition-mention:205dac13a10dad70,"Không dung nạp galactose do di truyền, kém hấp thu glucose - galactose hoặc thiếu Lapp lactase","khong dung nap galactose do di truyen, kem hap thu glucose galactose hoac thieu lapp lactase",1,hereditary_galactose_intolerance,Không dung nạp galactose di truyền,disease,metabolic,,,,,,"Không dung nạp galactose do di truyền, kém hấp thu glucose - galactose hoặc thiếu Lapp lactase",or,true,medium,not_requested,matched,needs_review,Khớp alias/thuật ngữ bằng rule tất định; bắt buộc duyệt thủ công.,,
condition-mention:205dac13a10dad70,"Không dung nạp galactose do di truyền, kém hấp thu glucose - galactose hoặc thiếu Lapp lactase","khong dung nap galactose do di truyen, kem hap thu glucose galactose hoac thieu lapp lactase",1,glucose_galactose_malabsorption,Kém hấp thu glucose-galactose,disease,metabolic,,,,,,"Không dung nạp galactose do di truyền, kém hấp thu glucose - galactose hoặc thiếu Lapp lactase",or,true,medium,not_requested,matched,needs_review,Khớp alias/thuật ngữ bằng rule tất định; bắt buộc duyệt thủ công.,,
condition-mention:205dac13a10dad70,"Không dung nạp galactose do di truyền, kém hấp thu glucose - galactose hoặc thiếu Lapp lactase","khong dung nap galactose do di truyen, kem hap thu glucose galactose hoac thieu lapp lactase",1,lactase_deficiency,Thiếu hụt lactase,disease,metabolic,,,,,,"Không dung nạp galactose do di truyền, kém hấp thu glucose - galactose hoặc thiếu Lapp lactase",or,true,medium,not_requested,matched,needs_review,Khớp alias/thuật ngữ bằng rule tất định; bắt buộc duyệt thủ công.,,
condition-mention:0ba1232fcd43b4bc,Không dung nạp galactose / Galatoza huyết / Thiếu men Lapp-lactose / Hấp thụ kém glucose-galactose do di truyền,khong dung nap galactose galatoza huyet thieu men lapp lactose hap thu kem glucose galactose do di truyen,1,hereditary_galactose_intolerance,Không dung nạp galactose di truyền,disease,metabolic,,,,,,Không dung nạp galactose / Galatoza huyết / Thiếu men Lapp-lactose / Hấp thụ kém glucose-galactose do di truyền,unclear,true,medium,not_requested,matched,needs_review,Khớp alias/thuật ngữ bằng rule tất định; bắt buộc duyệt thủ công.,,
condition-mention:26b568626b5deb88,"Không dung nạp galactose, thiếu enzym Lapp lactase hoặc kém hấp thu glucose-galactose","khong dung nap galactose, thieu enzym lapp lactase hoac kem hap thu glucose galactose",1,hereditary_galactose_intolerance,Không dung nạp galactose di truyền,disease,metabolic,,,,,,"Không dung nạp galactose, thiếu enzym Lapp lactase hoặc kém hấp thu glucose-galactose",or,true,medium,not_requested,matched,needs_review,Khớp alias/thuật ngữ bằng rule tất định; bắt buộc duyệt thủ công.,,
condition-mention:26b568626b5deb88,"Không dung nạp galactose, thiếu enzym Lapp lactase hoặc kém hấp thu glucose-galactose","khong dung nap galactose, thieu enzym lapp lactase hoac kem hap thu glucose galactose",1,glucose_galactose_malabsorption,Kém hấp thu glucose-galactose,disease,metabolic,,,,,,"Không dung nạp galactose, thiếu enzym Lapp lactase hoặc kém hấp thu glucose-galactose",or,true,medium,not_requested,matched,needs_review,Khớp alias/thuật ngữ bằng rule tất định; bắt buộc duyệt thủ công.,,
condition-mention:26b568626b5deb88,"Không dung nạp galactose, thiếu enzym Lapp lactase hoặc kém hấp thu glucose-galactose","khong dung nap galactose, thieu enzym lapp lactase hoac kem hap thu glucose galactose",1,lactase_deficiency,Thiếu hụt lactase,disease,metabolic,,,,,,"Không dung nạp galactose, thiếu enzym Lapp lactase hoặc kém hấp thu glucose-galactose",or,true,medium,not_requested,matched,needs_review,Khớp alias/thuật ngữ bằng rule tất định; bắt buộc duyệt thủ công.,,
condition-mention:5cbf1d6f2eb8efe9,"Không dung nạp galactose, thiếu hụt enzym Lapp lactase hoặc kém hấp thu glucose – galactose","khong dung nap galactose, thieu hut enzym lapp lactase hoac kem hap thu glucose – galactose",1,hereditary_galactose_intolerance,Không dung nạp galactose di truyền,disease,metabolic,,,,,,"Không dung nạp galactose, thiếu hụt enzym Lapp lactase hoặc kém hấp thu glucose – galactose",or,true,medium,not_requested,matched,needs_review,Khớp alias/thuật ngữ bằng rule tất định; bắt buộc duyệt thủ công.,,
condition-mention:5cbf1d6f2eb8efe9,"Không dung nạp galactose, thiếu hụt enzym Lapp lactase hoặc kém hấp thu glucose – galactose","khong dung nap galactose, thieu hut enzym lapp lactase hoac kem hap thu glucose – galactose",1,glucose_galactose_malabsorption,Kém hấp thu glucose-galactose,disease,metabolic,,,,,,"Không dung nạp galactose, thiếu hụt enzym Lapp lactase hoặc kém hấp thu glucose – galactose",or,true,medium,not_requested,matched,needs_review,Khớp alias/thuật ngữ bằng rule tất định; bắt buộc duyệt thủ công.,,
condition-mention:5cbf1d6f2eb8efe9,"Không dung nạp galactose, thiếu hụt enzym Lapp lactase hoặc kém hấp thu glucose – galactose","khong dung nap galactose, thieu hut enzym lapp lactase hoac kem hap thu glucose – galactose",1,lactase_deficiency,Thiếu hụt lactase,disease,metabolic,,,,,,"Không dung nạp galactose, thiếu hụt enzym Lapp lactase hoặc kém hấp thu glucose – galactose",or,true,medium,not_requested,matched,needs_review,Khớp alias/thuật ngữ bằng rule tất định; bắt buộc duyệt thủ công.,,
condition-mention:058ae3494d2d1bca,"Không dung nạp galactose, thiếu hụt lactase Lapp hoặc kém hấp thu glucose-galactose","khong dung nap galactose, thieu hut lactase lapp hoac kem hap thu glucose galactose",1,hereditary_galactose_intolerance,Không dung nạp galactose di truyền,disease,metabolic,,,,,,"Không dung nạp galactose, thiếu hụt lactase Lapp hoặc kém hấp thu glucose-galactose",or,true,medium,not_requested,matched,needs_review,Khớp alias/thuật ngữ bằng rule tất định; bắt buộc duyệt thủ công.,,
condition-mention:058ae3494d2d1bca,"Không dung nạp galactose, thiếu hụt lactase Lapp hoặc kém hấp thu glucose-galactose","khong dung nap galactose, thieu hut lactase lapp hoac kem hap thu glucose galactose",1,glucose_galactose_malabsorption,Kém hấp thu glucose-galactose,disease,metabolic,,,,,,"Không dung nạp galactose, thiếu hụt lactase Lapp hoặc kém hấp thu glucose-galactose",or,true,medium,not_requested,matched,needs_review,Khớp alias/thuật ngữ bằng rule tất định; bắt buộc duyệt thủ công.,,
condition-mention:058ae3494d2d1bca,"Không dung nạp galactose, thiếu hụt lactase Lapp hoặc kém hấp thu glucose-galactose","khong dung nap galactose, thieu hut lactase lapp hoac kem hap thu glucose galactose",1,lactase_deficiency,Thiếu hụt lactase,disease,metabolic,,,,,,"Không dung nạp galactose, thiếu hụt lactase Lapp hoặc kém hấp thu glucose-galactose",or,true,medium,not_requested,matched,needs_review,Khớp alias/thuật ngữ bằng rule tất định; bắt buộc duyệt thủ công.,,
condition-mention:e3787083023eeaca,"Không dung nạp galactose, thiếu hụt Lapp lactase hoặc kém hấp thu glucose-galactose","khong dung nap galactose, thieu hut lapp lactase hoac kem hap thu glucose galactose",1,hereditary_galactose_intolerance,Không dung nạp galactose di truyền,disease,metabolic,,,,,,"Không dung nạp galactose, thiếu hụt Lapp lactase hoặc kém hấp thu glucose-galactose",or,true,medium,not_requested,matched,needs_review,Khớp alias/thuật ngữ bằng rule tất định; bắt buộc duyệt thủ công.,,
condition-mention:e3787083023eeaca,"Không dung nạp galactose, thiếu hụt Lapp lactase hoặc kém hấp thu glucose-galactose","khong dung nap galactose, thieu hut lapp lactase hoac kem hap thu glucose galactose",1,glucose_galactose_malabsorption,Kém hấp thu glucose-galactose,disease,metabolic,,,,,,"Không dung nạp galactose, thiếu hụt Lapp lactase hoặc kém hấp thu glucose-galactose",or,true,medium,not_requested,matched,needs_review,Khớp alias/thuật ngữ bằng rule tất định; bắt buộc duyệt thủ công.,,
condition-mention:e3787083023eeaca,"Không dung nạp galactose, thiếu hụt Lapp lactase hoặc kém hấp thu glucose-galactose","khong dung nap galactose, thieu hut lapp lactase hoac kem hap thu glucose galactose",1,lactase_deficiency,Thiếu hụt lactase,disease,metabolic,,,,,,"Không dung nạp galactose, thiếu hụt Lapp lactase hoặc kém hấp thu glucose-galactose",or,true,medium,not_requested,matched,needs_review,Khớp alias/thuật ngữ bằng rule tất định; bắt buộc duyệt thủ công.,,
condition-mention:e8d8a820f1f6d1a6,"Không dung nạp galactose, thiếu hụt Lapp lactase, rối loạn hấp thu glucose-galactose","khong dung nap galactose, thieu hut lapp lactase, roi loan hap thu glucose galactose",1,hereditary_galactose_intolerance,Không dung nạp galactose di truyền,disease,metabolic,,,,,,"Không dung nạp galactose, thiếu hụt Lapp lactase, rối loạn hấp thu glucose-galactose",unclear,true,medium,not_requested,matched,needs_review,Khớp alias/thuật ngữ bằng rule tất định; bắt buộc duyệt thủ công.,,
condition-mention:e8d8a820f1f6d1a6,"Không dung nạp galactose, thiếu hụt Lapp lactase, rối loạn hấp thu glucose-galactose","khong dung nap galactose, thieu hut lapp lactase, roi loan hap thu glucose galactose",1,glucose_galactose_malabsorption,Kém hấp thu glucose-galactose,disease,metabolic,,,,,,"Không dung nạp galactose, thiếu hụt Lapp lactase, rối loạn hấp thu glucose-galactose",unclear,true,medium,not_requested,matched,needs_review,Khớp alias/thuật ngữ bằng rule tất định; bắt buộc duyệt thủ công.,,
condition-mention:e8d8a820f1f6d1a6,"Không dung nạp galactose, thiếu hụt Lapp lactase, rối loạn hấp thu glucose-galactose","khong dung nap galactose, thieu hut lapp lactase, roi loan hap thu glucose galactose",1,lactase_deficiency,Thiếu hụt lactase,disease,metabolic,,,,,,"Không dung nạp galactose, thiếu hụt Lapp lactase, rối loạn hấp thu glucose-galactose",unclear,true,medium,not_requested,matched,needs_review,Khớp alias/thuật ngữ bằng rule tất định; bắt buộc duyệt thủ công.,,
condition-mention:576bdeda5dfabee0,"không dung nạp galactose, thiếu lactase Lapp hoặc kém hấp thu glucose-galactose","khong dung nap galactose, thieu lactase lapp hoac kem hap thu glucose galactose",1,hereditary_galactose_intolerance,Không dung nạp galactose di truyền,disease,metabolic,,,,,,"không dung nạp galactose, thiếu lactase Lapp hoặc kém hấp thu glucose-galactose",or,true,medium,not_requested,matched,needs_review,Khớp alias/thuật ngữ bằng rule tất định; bắt buộc duyệt thủ công.,,
condition-mention:576bdeda5dfabee0,"không dung nạp galactose, thiếu lactase Lapp hoặc kém hấp thu glucose-galactose","khong dung nap galactose, thieu lactase lapp hoac kem hap thu glucose galactose",1,glucose_galactose_malabsorption,Kém hấp thu glucose-galactose,disease,metabolic,,,,,,"không dung nạp galactose, thiếu lactase Lapp hoặc kém hấp thu glucose-galactose",or,true,medium,not_requested,matched,needs_review,Khớp alias/thuật ngữ bằng rule tất định; bắt buộc duyệt thủ công.,,
condition-mention:576bdeda5dfabee0,"không dung nạp galactose, thiếu lactase Lapp hoặc kém hấp thu glucose-galactose","khong dung nap galactose, thieu lactase lapp hoac kem hap thu glucose galactose",1,lactase_deficiency,Thiếu hụt lactase,disease,metabolic,,,,,,"không dung nạp galactose, thiếu lactase Lapp hoặc kém hấp thu glucose-galactose",or,true,medium,not_requested,matched,needs_review,Khớp alias/thuật ngữ bằng rule tất định; bắt buộc duyệt thủ công.,,
condition-mention:1bfddd21a61aba95,"Không dung nạp galactose, thiếu men lactase, rối loạn hấp thu glucose - galactose","khong dung nap galactose, thieu men lactase, roi loan hap thu glucose galactose",1,hereditary_galactose_intolerance,Không dung nạp galactose di truyền,disease,metabolic,,,,,,"Không dung nạp galactose, thiếu men lactase, rối loạn hấp thu glucose - galactose",unclear,true,medium,not_requested,matched,needs_review,Khớp alias/thuật ngữ bằng rule tất định; bắt buộc duyệt thủ công.,,
condition-mention:1bfddd21a61aba95,"Không dung nạp galactose, thiếu men lactase, rối loạn hấp thu glucose - galactose","khong dung nap galactose, thieu men lactase, roi loan hap thu glucose galactose",1,glucose_galactose_malabsorption,Kém hấp thu glucose-galactose,disease,metabolic,,,,,,"Không dung nạp galactose, thiếu men lactase, rối loạn hấp thu glucose - galactose",unclear,true,medium,not_requested,matched,needs_review,Khớp alias/thuật ngữ bằng rule tất định; bắt buộc duyệt thủ công.,,
condition-mention:1bfddd21a61aba95,"Không dung nạp galactose, thiếu men lactase, rối loạn hấp thu glucose - galactose","khong dung nap galactose, thieu men lactase, roi loan hap thu glucose galactose",1,lactase_deficiency,Thiếu hụt lactase,disease,metabolic,,,,,,"Không dung nạp galactose, thiếu men lactase, rối loạn hấp thu glucose - galactose",unclear,true,medium,not_requested,matched,needs_review,Khớp alias/thuật ngữ bằng rule tất định; bắt buộc duyệt thủ công.,,
condition-mention:eea93ce3013f8aea,"Không dung nạp galactose, thiếu men Lapp lactase hoặc bất thường hấp thu glucose-galactose do di truyền","khong dung nap galactose, thieu men lapp lactase hoac bat thuong hap thu glucose galactose do di truyen",1,hereditary_galactose_intolerance,Không dung nạp galactose di truyền,disease,metabolic,,,,,,"Không dung nạp galactose, thiếu men Lapp lactase hoặc bất thường hấp thu glucose-galactose do di truyền",or,true,medium,not_requested,matched,needs_review,Khớp alias/thuật ngữ bằng rule tất định; bắt buộc duyệt thủ công.,,
condition-mention:eea93ce3013f8aea,"Không dung nạp galactose, thiếu men Lapp lactase hoặc bất thường hấp thu glucose-galactose do di truyền","khong dung nap galactose, thieu men lapp lactase hoac bat thuong hap thu glucose galactose do di truyen",1,glucose_galactose_malabsorption,Kém hấp thu glucose-galactose,disease,metabolic,,,,,,"Không dung nạp galactose, thiếu men Lapp lactase hoặc bất thường hấp thu glucose-galactose do di truyền",or,true,medium,not_requested,matched,needs_review,Khớp alias/thuật ngữ bằng rule tất định; bắt buộc duyệt thủ công.,,
condition-mention:eea93ce3013f8aea,"Không dung nạp galactose, thiếu men Lapp lactase hoặc bất thường hấp thu glucose-galactose do di truyền","khong dung nap galactose, thieu men lapp lactase hoac bat thuong hap thu glucose galactose do di truyen",1,lactase_deficiency,Thiếu hụt lactase,disease,metabolic,,,,,,"Không dung nạp galactose, thiếu men Lapp lactase hoặc bất thường hấp thu glucose-galactose do di truyền",or,true,medium,not_requested,matched,needs_review,Khớp alias/thuật ngữ bằng rule tất định; bắt buộc duyệt thủ công.,,
condition-mention:a021de214033e891,Không dung nạp histamin,khong dung nap histamin,1,histamine_intolerance,Không dung nạp histamin,disease,immune,,,,,,Không dung nạp histamin,single,false,medium,not_requested,matched,needs_review,Khớp alias/thuật ngữ bằng rule tất định; bắt buộc duyệt thủ công.,,
condition-mention:14413bb61fce21fa,"Không dung nạp lactose, chứng thiếu hụt men Lapp lactase hoặc rối loạn hấp thu glucose-galactose","khong dung nap lactose, chung thieu hut men lapp lactase hoac roi loan hap thu glucose galactose",1,glucose_galactose_malabsorption,Kém hấp thu glucose-galactose,disease,metabolic,,,,,,"Không dung nạp lactose, chứng thiếu hụt men Lapp lactase hoặc rối loạn hấp thu glucose-galactose",or,true,medium,not_requested,matched,needs_review,Khớp alias/thuật ngữ bằng rule tất định; bắt buộc duyệt thủ công.,,
condition-mention:14413bb61fce21fa,"Không dung nạp lactose, chứng thiếu hụt men Lapp lactase hoặc rối loạn hấp thu glucose-galactose","khong dung nap lactose, chung thieu hut men lapp lactase hoac roi loan hap thu glucose galactose",1,lactase_deficiency,Thiếu hụt lactase,disease,metabolic,,,,,,"Không dung nạp lactose, chứng thiếu hụt men Lapp lactase hoặc rối loạn hấp thu glucose-galactose",or,true,medium,not_requested,matched,needs_review,Khớp alias/thuật ngữ bằng rule tất định; bắt buộc duyệt thủ công.,,
condition-mention:504a6c94c1c5e093,Lao,lao,1,tuberculosis,Bệnh lao,disease,infectious,,,,,,Lao,single,false,medium,not_requested,matched,needs_review,Khớp alias/thuật ngữ bằng rule tất định; bắt buộc duyệt thủ công.,,
condition-mention:7cc01331f316d715,Lao phổi,lao phoi,1,tuberculosis,Bệnh lao,disease,infectious,,,,,,Lao phổi,single,false,medium,not_requested,matched,needs_review,Khớp alias/thuật ngữ bằng rule tất định; bắt buộc duyệt thủ công.,,
condition-mention:90c3d5930c364b6e,"lao phổi hoặc nhiễm nấm, vi khuẩn hoặc virus đường hô hấp thể tiến triển hoặc tiềm ẩn","lao phoi hoac nhiem nam, vi khuan hoac virus duong ho hap the tien trien hoac tiem an",1,tuberculosis,Bệnh lao,disease,infectious,,,,,,"lao phổi hoặc nhiễm nấm, vi khuẩn hoặc virus đường hô hấp thể tiến triển hoặc tiềm ẩn",or,true,medium,not_requested,matched,needs_review,Khớp alias/thuật ngữ bằng rule tất định; bắt buộc duyệt thủ công.,,
condition-mention:90c3d5930c364b6e,"lao phổi hoặc nhiễm nấm, vi khuẩn hoặc virus đường hô hấp thể tiến triển hoặc tiềm ẩn","lao phoi hoac nhiem nam, vi khuan hoac virus duong ho hap the tien trien hoac tiem an",1,fungal_infection,Nhiễm nấm,disease,infectious,,,,,,"lao phổi hoặc nhiễm nấm, vi khuẩn hoặc virus đường hô hấp thể tiến triển hoặc tiềm ẩn",or,true,medium,not_requested,matched,needs_review,Khớp alias/thuật ngữ bằng rule tất định; bắt buộc duyệt thủ công.,,
condition-mention:0ee3271ec6423af8,lao phổi thể ẩn hoặc hoạt tính,lao phoi the an hoac hoat tinh,1,tuberculosis,Bệnh lao,disease,infectious,,,,,,lao phổi thể ẩn hoặc hoạt tính,or,true,medium,not_requested,matched,needs_review,Khớp alias/thuật ngữ bằng rule tất định; bắt buộc duyệt thủ công.,,
condition-mention:92695659b130f74a,Lao tiến triển hoặc nghi lao tiềm ẩn,lao tien trien hoac nghi lao tiem an,1,tuberculosis,Bệnh lao,disease,infectious,,,,,,Lao tiến triển hoặc nghi lao tiềm ẩn,or,true,medium,not_requested,matched,needs_review,Khớp alias/thuật ngữ bằng rule tất định; bắt buộc duyệt thủ công.,,
condition-mention:9334a6de234d81a9,liệt chu kỳ có tính chất gia đình hoặc các bệnh loạn trương lực cơ bẩm sinh,liet chu ky co tinh chat gia dinh hoac cac benh loan truong luc co bam sinh,1,spastic_paralysis,Liệt cứng,disease,neuromuscular,,,,,,liệt chu kỳ có tính chất gia đình hoặc các bệnh loạn trương lực cơ bẩm sinh,or,true,medium,not_requested,matched,needs_review,Khớp alias/thuật ngữ bằng rule tất định; bắt buộc duyệt thủ công.,,
condition-mention:18fd32f1c549220d,Liệt ruột cơ năng,liet ruot co nang,1,paralytic_ileus,Liệt ruột,disease,gastrointestinal,,,,,,Liệt ruột cơ năng,single,false,medium,not_requested,matched,needs_review,Khớp alias/thuật ngữ bằng rule tất định; bắt buộc duyệt thủ công.,,
condition-mention:629475f79f668b46,"liệt ruột cơ năng, tắc nghẽn ruột","liet ruot co nang, tac nghen ruot",1,bowel_obstruction,Tắc nghẽn ruột,disease,gastrointestinal,,,,,,"liệt ruột cơ năng, tắc nghẽn ruột",unclear,true,medium,not_requested,matched,needs_review,Khớp alias/thuật ngữ bằng rule tất định; bắt buộc duyệt thủ công.,,
condition-mention:629475f79f668b46,"liệt ruột cơ năng, tắc nghẽn ruột","liet ruot co nang, tac nghen ruot",1,paralytic_ileus,Liệt ruột,disease,gastrointestinal,,,,,,"liệt ruột cơ năng, tắc nghẽn ruột",unclear,true,medium,not_requested,matched,needs_review,Khớp alias/thuật ngữ bằng rule tất định; bắt buộc duyệt thủ công.,,
condition-mention:a3db7592f0332c13,Liệt ruột hay hẹp môn vị,liet ruot hay hep mon vi,1,paralytic_ileus,Liệt ruột,disease,gastrointestinal,,,,,,Liệt ruột hay hẹp môn vị,unclear,true,medium,not_requested,matched,needs_review,Khớp alias/thuật ngữ bằng rule tất định; bắt buộc duyệt thủ công.,,
condition-mention:a3db7592f0332c13,Liệt ruột hay hẹp môn vị,liet ruot hay hep mon vi,1,pyloric_stenosis,Hẹp môn vị,disease,gastrointestinal,,,,,,Liệt ruột hay hẹp môn vị,unclear,true,medium,not_requested,matched,needs_review,Khớp alias/thuật ngữ bằng rule tất định; bắt buộc duyệt thủ công.,,
condition-mention:a036779d6db9be6b,Liệt ruột hoặc tắc nghẽn ruột,liet ruot hoac tac nghen ruot,1,bowel_obstruction,Tắc nghẽn ruột,disease,gastrointestinal,,,,,,Liệt ruột hoặc tắc nghẽn ruột,or,true,medium,not_requested,matched,needs_review,Khớp alias/thuật ngữ bằng rule tất định; bắt buộc duyệt thủ công.,,
condition-mention:a036779d6db9be6b,Liệt ruột hoặc tắc nghẽn ruột,liet ruot hoac tac nghen ruot,1,paralytic_ileus,Liệt ruột,disease,gastrointestinal,,,,,,Liệt ruột hoặc tắc nghẽn ruột,or,true,medium,not_requested,matched,needs_review,Khớp alias/thuật ngữ bằng rule tất định; bắt buộc duyệt thủ công.,,
condition-mention:d3e2efb821b2ad05,Loạn chuyển hóa porphyrin cấp tính,loan chuyen hoa porphyrin cap tinh,1,porphyria,Rối loạn chuyển hóa porphyrin,disease,metabolic,,acute,,,,Loạn chuyển hóa porphyrin cấp tính,single,false,medium,not_requested,matched,needs_review,Khớp alias/thuật ngữ bằng rule tất định; bắt buộc duyệt thủ công.,,
condition-mention:076e0e26badeb344,Loạn nhịp mất kiểm soát,loan nhip mat kiem soat,1,arrhythmia,Rối loạn nhịp tim,disease,cardiovascular,,,,,,Loạn nhịp mất kiểm soát,single,false,medium,not_requested,matched,needs_review,Khớp alias/thuật ngữ bằng rule tất định; bắt buộc duyệt thủ công.,,
condition-mention:2093e7287bb047d6,Loạn nhịp trên thất gây bởi hội chứng Wolff - Parkinson - White,loan nhip tren that gay boi hoi chung wolff parkinson white,1,arrhythmia,Rối loạn nhịp tim,disease,cardiovascular,,,,,,Loạn nhịp trên thất gây bởi hội chứng Wolff - Parkinson - White,unclear,true,medium,not_requested,matched,needs_review,Khớp alias/thuật ngữ bằng rule tất định; bắt buộc duyệt thủ công.,,
condition-mention:2093e7287bb047d6,Loạn nhịp trên thất gây bởi hội chứng Wolff - Parkinson - White,loan nhip tren that gay boi hoi chung wolff parkinson white,1,parkinson_disease,Bệnh Parkinson,disease,neurologic,,,,,,Loạn nhịp trên thất gây bởi hội chứng Wolff - Parkinson - White,unclear,true,medium,not_requested,matched,needs_review,Khớp alias/thuật ngữ bằng rule tất định; bắt buộc duyệt thủ công.,,
condition-mention:c73aa7ab2157b688,Loạn tâm thần,loan tam than,1,psychotic_disorder,Rối loạn tâm thần,disease,psychiatric,,,,,,Loạn tâm thần,single,false,medium,not_requested,matched,needs_review,Khớp alias/thuật ngữ bằng rule tất định; bắt buộc duyệt thủ công.,,
condition-mention:c23c18413560dbd8,Loạn tạo máu và suy tủy,loan tao mau va suy tuy,1,bone_marrow_suppression,Suy tủy/rối loạn tạo máu,disease,hematologic,,,,,,Loạn tạo máu và suy tủy,and,true,medium,not_requested,matched,needs_review,Khớp alias/thuật ngữ bằng rule tất định; bắt buộc duyệt thủ công.,,
condition-mention:c401b155bf516ebf,Loãng xương do bất động,loang xuong do bat dong,1,osteoporosis,Loãng xương,disease,musculoskeletal,,,,,,Loãng xương do bất động,single,false,medium,not_requested,matched,needs_review,Khớp alias/thuật ngữ bằng rule tất định; bắt buộc duyệt thủ công.,,
condition-mention:67a7ca6147ef2c0c,Loãng xương do bất động kéo dài,loang xuong do bat dong keo dai,1,osteoporosis,Loãng xương,disease,musculoskeletal,,,,,,Loãng xương do bất động kéo dài,single,false,medium,not_requested,matched,needs_review,Khớp alias/thuật ngữ bằng rule tất định; bắt buộc duyệt thủ công.,,
condition-mention:9d5d09eec79f65cf,Loãng xương / Nguy cơ gãy xương,loang xuong nguy co gay xuong,1,osteoporosis,Loãng xương,disease,musculoskeletal,,,,,,Loãng xương / Nguy cơ gãy xương,unclear,true,medium,not_requested,matched,needs_review,Khớp alias/thuật ngữ bằng rule tất định; bắt buộc duyệt thủ công.,,
condition-mention:ec73ca5e4de0422e,"Loãng xương, mới phẫu thuật ruột, loạn tâm thần, loét dạ dày tá tràng, đái tháo đường, tăng huyết áp, suy tim, suy thận, lao","loang xuong, moi phau thuat ruot, loan tam than, loet da day ta trang, dai thao duong, tang huyet ap, suy tim, suy than, lao",1,renal_impairment,Suy giảm chức năng thận,organ_impairment,renal,,,,,,"Loãng xương, mới phẫu thuật ruột, loạn tâm thần, loét dạ dày tá tràng, đái tháo đường, tăng huyết áp, suy tim, suy thận, lao",unclear,true,medium,not_requested,matched,needs_review,Khớp alias/thuật ngữ bằng rule tất định; bắt buộc duyệt thủ công.,,
condition-mention:ec73ca5e4de0422e,"Loãng xương, mới phẫu thuật ruột, loạn tâm thần, loét dạ dày tá tràng, đái tháo đường, tăng huyết áp, suy tim, suy thận, lao","loang xuong, moi phau thuat ruot, loan tam than, loet da day ta trang, dai thao duong, tang huyet ap, suy tim, suy than, lao",1,heart_failure,Suy tim,disease,cardiovascular,,,,,,"Loãng xương, mới phẫu thuật ruột, loạn tâm thần, loét dạ dày tá tràng, đái tháo đường, tăng huyết áp, suy tim, suy thận, lao",unclear,true,medium,not_requested,matched,needs_review,Khớp alias/thuật ngữ bằng rule tất định; bắt buộc duyệt thủ công.,,
condition-mention:ec73ca5e4de0422e,"Loãng xương, mới phẫu thuật ruột, loạn tâm thần, loét dạ dày tá tràng, đái tháo đường, tăng huyết áp, suy tim, suy thận, lao","loang xuong, moi phau thuat ruot, loan tam than, loet da day ta trang, dai thao duong, tang huyet ap, suy tim, suy than, lao",1,hypertension,Tăng huyết áp,disease,cardiovascular,,,,,,"Loãng xương, mới phẫu thuật ruột, loạn tâm thần, loét dạ dày tá tràng, đái tháo đường, tăng huyết áp, suy tim, suy thận, lao",unclear,true,medium,not_requested,matched,needs_review,Khớp alias/thuật ngữ bằng rule tất định; bắt buộc duyệt thủ công.,,
condition-mention:ec73ca5e4de0422e,"Loãng xương, mới phẫu thuật ruột, loạn tâm thần, loét dạ dày tá tràng, đái tháo đường, tăng huyết áp, suy tim, suy thận, lao","loang xuong, moi phau thuat ruot, loan tam than, loet da day ta trang, dai thao duong, tang huyet ap, suy tim, suy than, lao",1,diabetes_mellitus,Đái tháo đường,disease,endocrine,,,,,,"Loãng xương, mới phẫu thuật ruột, loạn tâm thần, loét dạ dày tá tràng, đái tháo đường, tăng huyết áp, suy tim, suy thận, lao",unclear,true,medium,not_requested,matched,needs_review,Khớp alias/thuật ngữ bằng rule tất định; bắt buộc duyệt thủ công.,,
condition-mention:ec73ca5e4de0422e,"Loãng xương, mới phẫu thuật ruột, loạn tâm thần, loét dạ dày tá tràng, đái tháo đường, tăng huyết áp, suy tim, suy thận, lao","loang xuong, moi phau thuat ruot, loan tam than, loet da day ta trang, dai thao duong, tang huyet ap, suy tim, suy than, lao",1,peptic_ulcer,Loét dạ dày–tá tràng,disease,gastrointestinal,,,,,,"Loãng xương, mới phẫu thuật ruột, loạn tâm thần, loét dạ dày tá tràng, đái tháo đường, tăng huyết áp, suy tim, suy thận, lao",unclear,true,medium,not_requested,matched,needs_review,Khớp alias/thuật ngữ bằng rule tất định; bắt buộc duyệt thủ công.,,
condition-mention:ec73ca5e4de0422e,"Loãng xương, mới phẫu thuật ruột, loạn tâm thần, loét dạ dày tá tràng, đái tháo đường, tăng huyết áp, suy tim, suy thận, lao","loang xuong, moi phau thuat ruot, loan tam than, loet da day ta trang, dai thao duong, tang huyet ap, suy tim, suy than, lao",1,psychotic_disorder,Rối loạn tâm thần,disease,psychiatric,,,,,,"Loãng xương, mới phẫu thuật ruột, loạn tâm thần, loét dạ dày tá tràng, đái tháo đường, tăng huyết áp, suy tim, suy thận, lao",unclear,true,medium,not_requested,matched,needs_review,Khớp alias/thuật ngữ bằng rule tất định; bắt buộc duyệt thủ công.,,
condition-mention:ec73ca5e4de0422e,"Loãng xương, mới phẫu thuật ruột, loạn tâm thần, loét dạ dày tá tràng, đái tháo đường, tăng huyết áp, suy tim, suy thận, lao","loang xuong, moi phau thuat ruot, loan tam than, loet da day ta trang, dai thao duong, tang huyet ap, suy tim, suy than, lao",1,tuberculosis,Bệnh lao,disease,infectious,,,,,,"Loãng xương, mới phẫu thuật ruột, loạn tâm thần, loét dạ dày tá tràng, đái tháo đường, tăng huyết áp, suy tim, suy thận, lao",unclear,true,medium,not_requested,matched,needs_review,Khớp alias/thuật ngữ bằng rule tất định; bắt buộc duyệt thủ công.,,
condition-mention:ec73ca5e4de0422e,"Loãng xương, mới phẫu thuật ruột, loạn tâm thần, loét dạ dày tá tràng, đái tháo đường, tăng huyết áp, suy tim, suy thận, lao","loang xuong, moi phau thuat ruot, loan tam than, loet da day ta trang, dai thao duong, tang huyet ap, suy tim, suy than, lao",1,osteoporosis,Loãng xương,disease,musculoskeletal,,,,,,"Loãng xương, mới phẫu thuật ruột, loạn tâm thần, loét dạ dày tá tràng, đái tháo đường, tăng huyết áp, suy tim, suy thận, lao",unclear,true,medium,not_requested,matched,needs_review,Khớp alias/thuật ngữ bằng rule tất định; bắt buộc duyệt thủ công.,,
condition-mention:07360e771a71795e,Lọc thận nhân tạo,loc than nhan tao,1,dialysis,Đang điều trị thay thế thận/lọc máu,procedure_state,renal,,,,,,Lọc thận nhân tạo,single,false,medium,not_requested,matched,needs_review,Khớp alias/thuật ngữ bằng rule tất định; bắt buộc duyệt thủ công.,,
condition-mention:4097710c4a722c6b,Loét dạ dày – tá tràng hoặc tiền sử loét dạ dày – tá tràng,loet da day – ta trang hoac tien su loet da day – ta trang,1,peptic_ulcer,Loét dạ dày–tá tràng,disease,gastrointestinal,,,,,,Loét dạ dày – tá tràng hoặc tiền sử loét dạ dày – tá tràng,or,true,medium,not_requested,matched,needs_review,Khớp alias/thuật ngữ bằng rule tất định; bắt buộc duyệt thủ công.,,
condition-mention:3e025d2eac6de461,loét dạ dày hành tá tràng tiến triển,loet da day hanh ta trang tien trien,1,peptic_ulcer,Loét dạ dày–tá tràng,disease,gastrointestinal,,,,,,loét dạ dày hành tá tràng tiến triển,single,false,medium,not_requested,matched,needs_review,Khớp alias/thuật ngữ bằng rule tất định; bắt buộc duyệt thủ công.,,
condition-mention:df2b64655a2e5152,Loét dạ dày hoặc chảy máu tiêu hóa đang tiến triển hoặc tiền sử tái phát trên 2 đợt,loet da day hoac chay mau tieu hoa dang tien trien hoac tien su tai phat tren 2 dot,1,peptic_ulcer,Loét dạ dày–tá tràng,disease,gastrointestinal,,,,,,Loét dạ dày hoặc chảy máu tiêu hóa đang tiến triển hoặc tiền sử tái phát trên 2 đợt,or,true,medium,not_requested,matched,needs_review,Khớp alias/thuật ngữ bằng rule tất định; bắt buộc duyệt thủ công.,,
condition-mention:df2b64655a2e5152,Loét dạ dày hoặc chảy máu tiêu hóa đang tiến triển hoặc tiền sử tái phát trên 2 đợt,loet da day hoac chay mau tieu hoa dang tien trien hoac tien su tai phat tren 2 dot,1,gastrointestinal_bleeding,Xuất huyết tiêu hóa,clinical_finding,gastrointestinal,,,,,,Loét dạ dày hoặc chảy máu tiêu hóa đang tiến triển hoặc tiền sử tái phát trên 2 đợt,or,true,medium,not_requested,matched,needs_review,Khớp alias/thuật ngữ bằng rule tất định; bắt buộc duyệt thủ công.,,
condition-mention:96e06433f80236f7,loét dạ dày hoặc có tiền sử loét dạ dày,loet da day hoac co tien su loet da day,1,peptic_ulcer,Loét dạ dày–tá tràng,disease,gastrointestinal,,,,,,loét dạ dày hoặc có tiền sử loét dạ dày,or,true,medium,not_requested,matched,needs_review,Khớp alias/thuật ngữ bằng rule tất định; bắt buộc duyệt thủ công.,,
condition-mention:195179870040f4c6,Loét dạ dày (nghi ngờ u ác tính),loet da day nghi ngo u ac tinh,1,peptic_ulcer,Loét dạ dày–tá tràng,disease,gastrointestinal,,,,,,Loét dạ dày (nghi ngờ u ác tính),unclear,true,medium,not_requested,matched,needs_review,Khớp alias/thuật ngữ bằng rule tất định; bắt buộc duyệt thủ công.,,
condition-mention:195179870040f4c6,Loét dạ dày (nghi ngờ u ác tính),loet da day nghi ngo u ac tinh,1,malignancy,Bệnh ác tính,disease,oncologic,,,,,,Loét dạ dày (nghi ngờ u ác tính),unclear,true,medium,not_requested,matched,needs_review,Khớp alias/thuật ngữ bằng rule tất định; bắt buộc duyệt thủ công.,,
condition-mention:3176cf22b70138f3,loét dạ dày-tá tràng (các đợt),loet da day ta trang cac dot,1,peptic_ulcer,Loét dạ dày–tá tràng,disease,gastrointestinal,,,,,,loét dạ dày-tá tràng (các đợt),single,false,medium,not_requested,matched,needs_review,Khớp alias/thuật ngữ bằng rule tất định; bắt buộc duyệt thủ công.,,
condition-mention:fd2b4767a954701a,Loét dạ dày tá tràng cấp tính,loet da day ta trang cap tinh,1,peptic_ulcer,Loét dạ dày–tá tràng,disease,gastrointestinal,,acute,,,,Loét dạ dày tá tràng cấp tính,single,false,medium,not_requested,matched,needs_review,Khớp alias/thuật ngữ bằng rule tất định; bắt buộc duyệt thủ công.,,
condition-mention:2897b7abb687fe9c,Loét dạ dày - tá tràng đang tiến triển,loet da day ta trang dang tien trien,1,peptic_ulcer,Loét dạ dày–tá tràng,disease,gastrointestinal,,,,,,Loét dạ dày - tá tràng đang tiến triển,single,false,medium,not_requested,matched,needs_review,Khớp alias/thuật ngữ bằng rule tất định; bắt buộc duyệt thủ công.,,
condition-mention:f5a5e3eeedfc9f03,Loét dạ dày tá tràng hoạt động / Tiền sử loét hoặc xuất huyết tiêu hóa,loet da day ta trang hoat dong tien su loet hoac xuat huyet tieu hoa,1,peptic_ulcer,Loét dạ dày–tá tràng,disease,gastrointestinal,,,,,,Loét dạ dày tá tràng hoạt động / Tiền sử loét hoặc xuất huyết tiêu hóa,or,true,medium,not_requested,matched,needs_review,Khớp alias/thuật ngữ bằng rule tất định; bắt buộc duyệt thủ công.,,
condition-mention:f5a5e3eeedfc9f03,Loét dạ dày tá tràng hoạt động / Tiền sử loét hoặc xuất huyết tiêu hóa,loet da day ta trang hoat dong tien su loet hoac xuat huyet tieu hoa,1,gastrointestinal_bleeding,Xuất huyết tiêu hóa,clinical_finding,gastrointestinal,,,,,,Loét dạ dày tá tràng hoạt động / Tiền sử loét hoặc xuất huyết tiêu hóa,or,true,medium,not_requested,matched,needs_review,Khớp alias/thuật ngữ bằng rule tất định; bắt buộc duyệt thủ công.,,
condition-mention:29b74c005fe16ac0,Loét dạ dày tá tràng tiến triển,loet da day ta trang tien trien,1,peptic_ulcer,Loét dạ dày–tá tràng,disease,gastrointestinal,,,,,,Loét dạ dày tá tràng tiến triển,single,false,medium,not_requested,matched,needs_review,Khớp alias/thuật ngữ bằng rule tất định; bắt buộc duyệt thủ công.,,
condition-mention:bcf894f9423927ea,Loét dạ dày thắt,loet da day that,1,peptic_ulcer,Loét dạ dày–tá tràng,disease,gastrointestinal,,,,,,Loét dạ dày thắt,single,false,medium,not_requested,matched,needs_review,Khớp alias/thuật ngữ bằng rule tất định; bắt buộc duyệt thủ công.,,
condition-mention:58b691b926af1e52,Loét dạ dày (tiền sử / nguy cơ),loet da day tien su nguy co,1,peptic_ulcer,Loét dạ dày–tá tràng,disease,gastrointestinal,,,,,,Loét dạ dày (tiền sử / nguy cơ),single,false,medium,not_requested,matched,needs_review,Khớp alias/thuật ngữ bằng rule tất định; bắt buộc duyệt thủ công.,,
condition-mention:9f7f7c7d4945ddd7,Loét dạ dày tiến triển hoặc xuất huyết đường tiêu hóa,loet da day tien trien hoac xuat huyet duong tieu hoa,1,peptic_ulcer,Loét dạ dày–tá tràng,disease,gastrointestinal,,,,,,Loét dạ dày tiến triển hoặc xuất huyết đường tiêu hóa,or,true,medium,not_requested,matched,needs_review,Khớp alias/thuật ngữ bằng rule tất định; bắt buộc duyệt thủ công.,,
condition-mention:9f7f7c7d4945ddd7,Loét dạ dày tiến triển hoặc xuất huyết đường tiêu hóa,loet da day tien trien hoac xuat huyet duong tieu hoa,1,gastrointestinal_bleeding,Xuất huyết tiêu hóa,clinical_finding,gastrointestinal,,,,,,Loét dạ dày tiến triển hoặc xuất huyết đường tiêu hóa,or,true,medium,not_requested,matched,needs_review,Khớp alias/thuật ngữ bằng rule tất định; bắt buộc duyệt thủ công.,,
condition-mention:8ef4563ac618cf8c,"Loét dạ dày tiến triển, tiền sử chảy máu, loét hoặc thủng dạ dày - ruột","loet da day tien trien, tien su chay mau, loet hoac thung da day ruot",1,peptic_ulcer,Loét dạ dày–tá tràng,disease,gastrointestinal,,,,,,"Loét dạ dày tiến triển, tiền sử chảy máu, loét hoặc thủng dạ dày - ruột",or,true,medium,not_requested,matched,needs_review,Khớp alias/thuật ngữ bằng rule tất định; bắt buộc duyệt thủ công.,,
condition-mention:8ef4563ac618cf8c,"Loét dạ dày tiến triển, tiền sử chảy máu, loét hoặc thủng dạ dày - ruột","loet da day tien trien, tien su chay mau, loet hoac thung da day ruot",1,active_bleeding,Đang xuất huyết,clinical_finding,hematologic,,,,,,"Loét dạ dày tiến triển, tiền sử chảy máu, loét hoặc thủng dạ dày - ruột",or,true,medium,not_requested,matched,needs_review,Khớp alias/thuật ngữ bằng rule tất định; bắt buộc duyệt thủ công.,,
condition-mention:d466a1dbe20c1441,"Loét dạ dày, loét hành tá tràng cấp","loet da day, loet hanh ta trang cap",1,peptic_ulcer,Loét dạ dày–tá tràng,disease,gastrointestinal,,acute,,,,"Loét dạ dày, loét hành tá tràng cấp",unclear,true,medium,not_requested,matched,needs_review,Khớp alias/thuật ngữ bằng rule tất định; bắt buộc duyệt thủ công.,,
condition-mention:d18df22f4f8fe161,"Loét dạ dày, loét hành tá tràng tiến triển","loet da day, loet hanh ta trang tien trien",1,peptic_ulcer,Loét dạ dày–tá tràng,disease,gastrointestinal,,,,,,"Loét dạ dày, loét hành tá tràng tiến triển",unclear,true,medium,not_requested,matched,needs_review,Khớp alias/thuật ngữ bằng rule tất định; bắt buộc duyệt thủ công.,,
condition-mention:1320067474b5169a,"Loét dạ dày, tá tràng tiến triển","loet da day, ta trang tien trien",1,peptic_ulcer,Loét dạ dày–tá tràng,disease,gastrointestinal,,,,,,"Loét dạ dày, tá tràng tiến triển",unclear,true,medium,not_requested,matched,needs_review,Khớp alias/thuật ngữ bằng rule tất định; bắt buộc duyệt thủ công.,,
condition-mention:eaaa02c35f333325,"Loét dạ dày, tá tràng tiến triển; Chảy máu dạ dày, chảy máu não","loet da day, ta trang tien trien; chay mau da day, chay mau nao",1,intracranial_hemorrhage,Xuất huyết nội sọ,disease,neurologic,,,,,,"Loét dạ dày, tá tràng tiến triển; Chảy máu dạ dày, chảy máu não",unclear,true,medium,not_requested,matched,needs_review,Khớp alias/thuật ngữ bằng rule tất định; bắt buộc duyệt thủ công.,,
condition-mention:eaaa02c35f333325,"Loét dạ dày, tá tràng tiến triển; Chảy máu dạ dày, chảy máu não","loet da day, ta trang tien trien; chay mau da day, chay mau nao",1,peptic_ulcer,Loét dạ dày–tá tràng,disease,gastrointestinal,,,,,,"Loét dạ dày, tá tràng tiến triển; Chảy máu dạ dày, chảy máu não",unclear,true,medium,not_requested,matched,needs_review,Khớp alias/thuật ngữ bằng rule tất định; bắt buộc duyệt thủ công.,,
condition-mention:eaaa02c35f333325,"Loét dạ dày, tá tràng tiến triển; Chảy máu dạ dày, chảy máu não","loet da day, ta trang tien trien; chay mau da day, chay mau nao",1,gastrointestinal_bleeding,Xuất huyết tiêu hóa,clinical_finding,gastrointestinal,,,,,,"Loét dạ dày, tá tràng tiến triển; Chảy máu dạ dày, chảy máu não",unclear,true,medium,not_requested,matched,needs_review,Khớp alias/thuật ngữ bằng rule tất định; bắt buộc duyệt thủ công.,,
condition-mention:d9fe8c2fb1427392,Loét tá tràng,loet ta trang,1,peptic_ulcer,Loét dạ dày–tá tràng,disease,gastrointestinal,,,,,,Loét tá tràng,single,false,medium,not_requested,matched,needs_review,Khớp alias/thuật ngữ bằng rule tất định; bắt buộc duyệt thủ công.,,
condition-mention:29f6c619d962b42d,"loét, chảy máu hoặc thủng dạ dày hoặc ruột","loet, chay mau hoac thung da day hoac ruot",1,active_bleeding,Đang xuất huyết,clinical_finding,hematologic,,,,,,"loét, chảy máu hoặc thủng dạ dày hoặc ruột",or,true,medium,not_requested,matched,needs_review,Khớp alias/thuật ngữ bằng rule tất định; bắt buộc duyệt thủ công.,,
condition-mention:3b93b9689539e5a4,Lupus ban đỏ,lupus ban do,1,systemic_lupus,Lupus ban đỏ hệ thống,disease,immune,,,,,,Lupus ban đỏ,single,false,medium,not_requested,matched,needs_review,Khớp alias/thuật ngữ bằng rule tất định; bắt buộc duyệt thủ công.,,
condition-mention:394ede6f377e17af,Lupus ban đỏ hệ thống,lupus ban do he thong,1,systemic_lupus,Lupus ban đỏ hệ thống,disease,immune,,,,,,Lupus ban đỏ hệ thống,single,false,medium,not_requested,matched,needs_review,Khớp alias/thuật ngữ bằng rule tất định; bắt buộc duyệt thủ công.,,
condition-mention:f4f7deca23b9952e,Lupus ban đỏ hệ thống (SLE) và bệnh mô liên kết hỗn hợp,lupus ban do he thong sle va benh mo lien ket hon hop,1,systemic_lupus,Lupus ban đỏ hệ thống,disease,immune,,,,,,Lupus ban đỏ hệ thống (SLE) và bệnh mô liên kết hỗn hợp,and,true,medium,not_requested,matched,needs_review,Khớp alias/thuật ngữ bằng rule tất định; bắt buộc duyệt thủ công.,,
condition-mention:59f21a66a5d9ef73,"Lỵ cấp, với đặc điểm có máu trong phân và sốt cao","ly cap, voi dac diem co mau trong phan va sot cao",1,fever,Sốt,clinical_finding,infectious,,acute,,,,"Lỵ cấp, với đặc điểm có máu trong phân và sốt cao",and,true,medium,not_requested,matched,needs_review,Khớp alias/thuật ngữ bằng rule tất định; bắt buộc duyệt thủ công.,,
condition-mention:62c4e269c5291ac7,"mắc bệnh gan nặng hoặc bệnh thận, suy giáp, sa van hai lá, hạ thân nhiệt và suy dinh dưỡng, và mới có tiền sử nhồi máu cơ tim","mac benh gan nang hoac benh than, suy giap, sa van hai la, ha than nhiet va suy dinh duong, va moi co tien su nhoi mau co tim",1,kidney_disease,Bệnh thận,disease,renal,,,,,,"mắc bệnh gan nặng hoặc bệnh thận, suy giáp, sa van hai lá, hạ thân nhiệt và suy dinh dưỡng, và mới có tiền sử nhồi máu cơ tim",mixed,true,medium,not_requested,matched,needs_review,Khớp alias/thuật ngữ bằng rule tất định; bắt buộc duyệt thủ công.,,
condition-mention:62c4e269c5291ac7,"mắc bệnh gan nặng hoặc bệnh thận, suy giáp, sa van hai lá, hạ thân nhiệt và suy dinh dưỡng, và mới có tiền sử nhồi máu cơ tim","mac benh gan nang hoac benh than, suy giap, sa van hai la, ha than nhiet va suy dinh duong, va moi co tien su nhoi mau co tim",1,liver_disease,Bệnh gan,disease,hepatic,,,,,,"mắc bệnh gan nặng hoặc bệnh thận, suy giáp, sa van hai lá, hạ thân nhiệt và suy dinh dưỡng, và mới có tiền sử nhồi máu cơ tim",mixed,true,medium,not_requested,matched,needs_review,Khớp alias/thuật ngữ bằng rule tất định; bắt buộc duyệt thủ công.,,
condition-mention:62c4e269c5291ac7,"mắc bệnh gan nặng hoặc bệnh thận, suy giáp, sa van hai lá, hạ thân nhiệt và suy dinh dưỡng, và mới có tiền sử nhồi máu cơ tim","mac benh gan nang hoac benh than, suy giap, sa van hai la, ha than nhiet va suy dinh duong, va moi co tien su nhoi mau co tim",1,myocardial_infarction,Nhồi máu cơ tim,disease,cardiovascular,,,,,,"mắc bệnh gan nặng hoặc bệnh thận, suy giáp, sa van hai lá, hạ thân nhiệt và suy dinh dưỡng, và mới có tiền sử nhồi máu cơ tim",mixed,true,medium,not_requested,matched,needs_review,Khớp alias/thuật ngữ bằng rule tất định; bắt buộc duyệt thủ công.,,
condition-mention:62c4e269c5291ac7,"mắc bệnh gan nặng hoặc bệnh thận, suy giáp, sa van hai lá, hạ thân nhiệt và suy dinh dưỡng, và mới có tiền sử nhồi máu cơ tim","mac benh gan nang hoac benh than, suy giap, sa van hai la, ha than nhiet va suy dinh duong, va moi co tien su nhoi mau co tim",1,hypothyroidism,Suy giáp,disease,endocrine,,,,,,"mắc bệnh gan nặng hoặc bệnh thận, suy giáp, sa van hai lá, hạ thân nhiệt và suy dinh dưỡng, và mới có tiền sử nhồi máu cơ tim",mixed,true,medium,not_requested,matched,needs_review,Khớp alias/thuật ngữ bằng rule tất định; bắt buộc duyệt thủ công.,,
condition-mention:62c4e269c5291ac7,"mắc bệnh gan nặng hoặc bệnh thận, suy giáp, sa van hai lá, hạ thân nhiệt và suy dinh dưỡng, và mới có tiền sử nhồi máu cơ tim","mac benh gan nang hoac benh than, suy giap, sa van hai la, ha than nhiet va suy dinh duong, va moi co tien su nhoi mau co tim",1,malnutrition,Suy dinh dưỡng,clinical_finding,metabolic,,,,,,"mắc bệnh gan nặng hoặc bệnh thận, suy giáp, sa van hai lá, hạ thân nhiệt và suy dinh dưỡng, và mới có tiền sử nhồi máu cơ tim",mixed,true,medium,not_requested,matched,needs_review,Khớp alias/thuật ngữ bằng rule tất định; bắt buộc duyệt thủ công.,,
condition-mention:c053ba55191c40a7,mắc bệnh võng mạc tăng sinh,mac benh vong mac tang sinh,1,retinal_disease,Bệnh võng mạc,disease,ophthalmic,,,,,,mắc bệnh võng mạc tăng sinh,single,false,medium,not_requested,matched,needs_review,Khớp alias/thuật ngữ bằng rule tất định; bắt buộc duyệt thủ công.,,
condition-mention:36aea353ea5b7921,Magnesi máu tăng cao,magnesi mau tang cao,1,hypermagnesemia,Tăng magnesi máu,clinical_finding,electrolyte,,,,,,Magnesi máu tăng cao,single,false,medium,not_requested,matched,needs_review,Khớp alias/thuật ngữ bằng rule tất định; bắt buộc duyệt thủ công.,,
condition-mention:1e170d015fa474a6,Mang thai giai đoạn 2 và 3,mang thai giai doan 2 va 3,1,pregnancy,Mang thai,special_condition,special,,,,,,Mang thai giai đoạn 2 và 3,and,true,medium,not_requested,matched,needs_review,Khớp alias/thuật ngữ bằng rule tất định; bắt buộc duyệt thủ công.,,
condition-mention:701b818d54b2d452,Mang thai hoặc cho con bú,mang thai hoac cho con bu,1,pregnancy,Mang thai,special_condition,special,,,,,,Mang thai hoặc cho con bú,or,true,medium,not_requested,matched,needs_review,Khớp alias/thuật ngữ bằng rule tất định; bắt buộc duyệt thủ công.,,
condition-mention:701b818d54b2d452,Mang thai hoặc cho con bú,mang thai hoac cho con bu,1,breastfeeding,Cho con bú,special_condition,special,,,,,,Mang thai hoặc cho con bú,or,true,medium,not_requested,matched,needs_review,Khớp alias/thuật ngữ bằng rule tất định; bắt buộc duyệt thủ công.,,
condition-mention:2dfaa8e89fb9f186,"Mang thai, cho con bú và phụ nữ có khả năng có thai không sử dụng các biện pháp tránh thai thích hợp","mang thai, cho con bu va phu nu co kha nang co thai khong su dung cac bien phap tranh thai thich hop",1,pregnancy,Mang thai,special_condition,special,,,,,,"Mang thai, cho con bú và phụ nữ có khả năng có thai không sử dụng các biện pháp tránh thai thích hợp",and,true,medium,not_requested,matched,needs_review,Khớp alias/thuật ngữ bằng rule tất định; bắt buộc duyệt thủ công.,,
condition-mention:2dfaa8e89fb9f186,"Mang thai, cho con bú và phụ nữ có khả năng có thai không sử dụng các biện pháp tránh thai thích hợp","mang thai, cho con bu va phu nu co kha nang co thai khong su dung cac bien phap tranh thai thich hop",1,breastfeeding,Cho con bú,special_condition,special,,,,,,"Mang thai, cho con bú và phụ nữ có khả năng có thai không sử dụng các biện pháp tránh thai thích hợp",and,true,medium,not_requested,matched,needs_review,Khớp alias/thuật ngữ bằng rule tất định; bắt buộc duyệt thủ công.,,
condition-mention:2dfaa8e89fb9f186,"Mang thai, cho con bú và phụ nữ có khả năng có thai không sử dụng các biện pháp tránh thai thích hợp","mang thai, cho con bu va phu nu co kha nang co thai khong su dung cac bien phap tranh thai thich hop",1,edema,Phù,clinical_finding,systemic,,,,,,"Mang thai, cho con bú và phụ nữ có khả năng có thai không sử dụng các biện pháp tránh thai thích hợp",and,true,medium,not_requested,matched,needs_review,Khớp alias/thuật ngữ bằng rule tất định; bắt buộc duyệt thủ công.,,
condition-mention:fc19fffb9cf14d83,Mất nước nghiêm trọng,mat nuoc nghiem trong,1,dehydration,Mất nước,clinical_finding,metabolic,severe,,,,,Mất nước nghiêm trọng,single,false,medium,not_requested,matched,needs_review,Khớp alias/thuật ngữ bằng rule tất định; bắt buộc duyệt thủ công.,,
condition-mention:21329e5664cf7762,Mất nước nhược trương nếu chưa bù đủ các chất điện giải,mat nuoc nhuoc truong neu chua bu du cac chat dien giai,1,dehydration,Mất nước,clinical_finding,metabolic,,,,,,Mất nước nhược trương nếu chưa bù đủ các chất điện giải,single,false,medium,not_requested,matched,needs_review,Khớp alias/thuật ngữ bằng rule tất định; bắt buộc duyệt thủ công.,,
condition-mention:d686055d8ded3f45,Mất nước ưu trương,mat nuoc uu truong,1,dehydration,Mất nước,clinical_finding,metabolic,,,,,,Mất nước ưu trương,single,false,medium,not_requested,matched,needs_review,Khớp alias/thuật ngữ bằng rule tất định; bắt buộc duyệt thủ công.,,
condition-mention:5298d304b537e0dd,Mất trương lực (mất nhu động bình thường trong cơ ruột),mat truong luc mat nhu dong binh thuong trong co ruot,1,paralytic_ileus,Liệt ruột,disease,gastrointestinal,,,,,,Mất trương lực (mất nhu động bình thường trong cơ ruột),single,false,medium,not_requested,matched,needs_review,Khớp alias/thuật ngữ bằng rule tất định; bắt buộc duyệt thủ công.,,
condition-mention:b2e9e7bcc0ea1e84,Megacolon,megacolon,1,megacolon,Phình đại tràng,disease,gastrointestinal,,,,,,Megacolon,single,false,medium,not_requested,matched,needs_review,Khớp alias/thuật ngữ bằng rule tất định; bắt buộc duyệt thủ công.,,
condition-mention:fc13b1616a5acc00,Mild and moderate hepatic impairment,mild and moderate hepatic impairment,1,hepatic_impairment,Suy giảm chức năng gan,organ_impairment,hepatic,moderate,,,,,Mild and moderate hepatic impairment,and,true,medium,not_requested,matched,needs_review,Khớp alias/thuật ngữ bằng rule tất định; bắt buộc duyệt thủ công.,,
condition-mention:ca2b3e9a3fbc952e,Mới bị chảy máu đường tiêu hoá,moi bi chay mau duong tieu hoa,1,gastrointestinal_bleeding,Xuất huyết tiêu hóa,clinical_finding,gastrointestinal,,,,,,Mới bị chảy máu đường tiêu hoá,single,false,medium,not_requested,matched,needs_review,Khớp alias/thuật ngữ bằng rule tất định; bắt buộc duyệt thủ công.,,
condition-mention:beaa13746595ef76,Mới được cấy ghép thận,moi duoc cay ghep than,1,organ_transplant,Ghép tạng,procedure_state,special,,,,,,Mới được cấy ghép thận,single,false,medium,not_requested,matched,needs_review,Khớp alias/thuật ngữ bằng rule tất định; bắt buộc duyệt thủ công.,,
condition-mention:71179c13e2f8f322,mới nhồi máu cơ tim hoặc suy tim cấp tính,moi nhoi mau co tim hoac suy tim cap tinh,1,heart_failure,Suy tim,disease,cardiovascular,,,,,,mới nhồi máu cơ tim hoặc suy tim cấp tính,or,true,medium,not_requested,matched,needs_review,Khớp alias/thuật ngữ bằng rule tất định; bắt buộc duyệt thủ công.,,
condition-mention:71179c13e2f8f322,mới nhồi máu cơ tim hoặc suy tim cấp tính,moi nhoi mau co tim hoac suy tim cap tinh,1,myocardial_infarction,Nhồi máu cơ tim,disease,cardiovascular,,,,,,mới nhồi máu cơ tim hoặc suy tim cấp tính,or,true,medium,not_requested,matched,needs_review,Khớp alias/thuật ngữ bằng rule tất định; bắt buộc duyệt thủ công.,,
condition-mention:aed751eb99325cb9,Mới nối ruột,moi noi ruot,1,intestinal_anastomosis,Mới nối ruột,procedure_state,special,,,,,,Mới nối ruột,single,false,medium,not_requested,matched,needs_review,Khớp alias/thuật ngữ bằng rule tất định; bắt buộc duyệt thủ công.,,
condition-mention:01d3cc11d43fc87a,"Mới phẫu thuật ruột hoặc bàng quang, bệnh tim mạch (loạn nhịp tim, nhịp tim chậm, mới bị nhồi máu cơ tim, giảm huyết áp), tăng trương lực thần kinh phó giao cảm, bệnh động kinh, cường giáp, Parkinson, hen phế quản, loét dạ dày","moi phau thuat ruot hoac bang quang, benh tim mach loan nhip tim, nhip tim cham, moi bi nhoi mau co tim, giam huyet ap , tang truong luc than kinh pho giao cam, benh dong kinh, cuong giap, parkinson, hen phe quan, loet da day",1,hypotension,Hạ huyết áp,clinical_finding,cardiovascular,,,,,,"Mới phẫu thuật ruột hoặc bàng quang, bệnh tim mạch (loạn nhịp tim, nhịp tim chậm, mới bị nhồi máu cơ tim, giảm huyết áp), tăng trương lực thần kinh phó giao cảm, bệnh động kinh, cường giáp, Parkinson, hen phế quản, loét dạ dày",or,true,medium,not_requested,matched,needs_review,Khớp alias/thuật ngữ bằng rule tất định; bắt buộc duyệt thủ công.,,
condition-mention:01d3cc11d43fc87a,"Mới phẫu thuật ruột hoặc bàng quang, bệnh tim mạch (loạn nhịp tim, nhịp tim chậm, mới bị nhồi máu cơ tim, giảm huyết áp), tăng trương lực thần kinh phó giao cảm, bệnh động kinh, cường giáp, Parkinson, hen phế quản, loét dạ dày","moi phau thuat ruot hoac bang quang, benh tim mach loan nhip tim, nhip tim cham, moi bi nhoi mau co tim, giam huyet ap , tang truong luc than kinh pho giao cam, benh dong kinh, cuong giap, parkinson, hen phe quan, loet da day",1,myocardial_infarction,Nhồi máu cơ tim,disease,cardiovascular,,,,,,"Mới phẫu thuật ruột hoặc bàng quang, bệnh tim mạch (loạn nhịp tim, nhịp tim chậm, mới bị nhồi máu cơ tim, giảm huyết áp), tăng trương lực thần kinh phó giao cảm, bệnh động kinh, cường giáp, Parkinson, hen phế quản, loét dạ dày",or,true,medium,not_requested,matched,needs_review,Khớp alias/thuật ngữ bằng rule tất định; bắt buộc duyệt thủ công.,,
condition-mention:01d3cc11d43fc87a,"Mới phẫu thuật ruột hoặc bàng quang, bệnh tim mạch (loạn nhịp tim, nhịp tim chậm, mới bị nhồi máu cơ tim, giảm huyết áp), tăng trương lực thần kinh phó giao cảm, bệnh động kinh, cường giáp, Parkinson, hen phế quản, loét dạ dày","moi phau thuat ruot hoac bang quang, benh tim mach loan nhip tim, nhip tim cham, moi bi nhoi mau co tim, giam huyet ap , tang truong luc than kinh pho giao cam, benh dong kinh, cuong giap, parkinson, hen phe quan, loet da day",1,arrhythmia,Rối loạn nhịp tim,disease,cardiovascular,,,,,,"Mới phẫu thuật ruột hoặc bàng quang, bệnh tim mạch (loạn nhịp tim, nhịp tim chậm, mới bị nhồi máu cơ tim, giảm huyết áp), tăng trương lực thần kinh phó giao cảm, bệnh động kinh, cường giáp, Parkinson, hen phế quản, loét dạ dày",or,true,medium,not_requested,matched,needs_review,Khớp alias/thuật ngữ bằng rule tất định; bắt buộc duyệt thủ công.,,
condition-mention:01d3cc11d43fc87a,"Mới phẫu thuật ruột hoặc bàng quang, bệnh tim mạch (loạn nhịp tim, nhịp tim chậm, mới bị nhồi máu cơ tim, giảm huyết áp), tăng trương lực thần kinh phó giao cảm, bệnh động kinh, cường giáp, Parkinson, hen phế quản, loét dạ dày","moi phau thuat ruot hoac bang quang, benh tim mach loan nhip tim, nhip tim cham, moi bi nhoi mau co tim, giam huyet ap , tang truong luc than kinh pho giao cam, benh dong kinh, cuong giap, parkinson, hen phe quan, loet da day",1,bradycardia,Nhịp tim chậm,clinical_finding,cardiovascular,,,,,,"Mới phẫu thuật ruột hoặc bàng quang, bệnh tim mạch (loạn nhịp tim, nhịp tim chậm, mới bị nhồi máu cơ tim, giảm huyết áp), tăng trương lực thần kinh phó giao cảm, bệnh động kinh, cường giáp, Parkinson, hen phế quản, loét dạ dày",or,true,medium,not_requested,matched,needs_review,Khớp alias/thuật ngữ bằng rule tất định; bắt buộc duyệt thủ công.,,
condition-mention:01d3cc11d43fc87a,"Mới phẫu thuật ruột hoặc bàng quang, bệnh tim mạch (loạn nhịp tim, nhịp tim chậm, mới bị nhồi máu cơ tim, giảm huyết áp), tăng trương lực thần kinh phó giao cảm, bệnh động kinh, cường giáp, Parkinson, hen phế quản, loét dạ dày","moi phau thuat ruot hoac bang quang, benh tim mach loan nhip tim, nhip tim cham, moi bi nhoi mau co tim, giam huyet ap , tang truong luc than kinh pho giao cam, benh dong kinh, cuong giap, parkinson, hen phe quan, loet da day",1,asthma,Hen phế quản,disease,respiratory,,,,,,"Mới phẫu thuật ruột hoặc bàng quang, bệnh tim mạch (loạn nhịp tim, nhịp tim chậm, mới bị nhồi máu cơ tim, giảm huyết áp), tăng trương lực thần kinh phó giao cảm, bệnh động kinh, cường giáp, Parkinson, hen phế quản, loét dạ dày",or,true,medium,not_requested,matched,needs_review,Khớp alias/thuật ngữ bằng rule tất định; bắt buộc duyệt thủ công.,,
condition-mention:01d3cc11d43fc87a,"Mới phẫu thuật ruột hoặc bàng quang, bệnh tim mạch (loạn nhịp tim, nhịp tim chậm, mới bị nhồi máu cơ tim, giảm huyết áp), tăng trương lực thần kinh phó giao cảm, bệnh động kinh, cường giáp, Parkinson, hen phế quản, loét dạ dày","moi phau thuat ruot hoac bang quang, benh tim mach loan nhip tim, nhip tim cham, moi bi nhoi mau co tim, giam huyet ap , tang truong luc than kinh pho giao cam, benh dong kinh, cuong giap, parkinson, hen phe quan, loet da day",1,hyperthyroidism,Cường giáp,disease,endocrine,,,,,,"Mới phẫu thuật ruột hoặc bàng quang, bệnh tim mạch (loạn nhịp tim, nhịp tim chậm, mới bị nhồi máu cơ tim, giảm huyết áp), tăng trương lực thần kinh phó giao cảm, bệnh động kinh, cường giáp, Parkinson, hen phế quản, loét dạ dày",or,true,medium,not_requested,matched,needs_review,Khớp alias/thuật ngữ bằng rule tất định; bắt buộc duyệt thủ công.,,
condition-mention:01d3cc11d43fc87a,"Mới phẫu thuật ruột hoặc bàng quang, bệnh tim mạch (loạn nhịp tim, nhịp tim chậm, mới bị nhồi máu cơ tim, giảm huyết áp), tăng trương lực thần kinh phó giao cảm, bệnh động kinh, cường giáp, Parkinson, hen phế quản, loét dạ dày","moi phau thuat ruot hoac bang quang, benh tim mach loan nhip tim, nhip tim cham, moi bi nhoi mau co tim, giam huyet ap , tang truong luc than kinh pho giao cam, benh dong kinh, cuong giap, parkinson, hen phe quan, loet da day",1,peptic_ulcer,Loét dạ dày–tá tràng,disease,gastrointestinal,,,,,,"Mới phẫu thuật ruột hoặc bàng quang, bệnh tim mạch (loạn nhịp tim, nhịp tim chậm, mới bị nhồi máu cơ tim, giảm huyết áp), tăng trương lực thần kinh phó giao cảm, bệnh động kinh, cường giáp, Parkinson, hen phế quản, loét dạ dày",or,true,medium,not_requested,matched,needs_review,Khớp alias/thuật ngữ bằng rule tất định; bắt buộc duyệt thủ công.,,
condition-mention:01d3cc11d43fc87a,"Mới phẫu thuật ruột hoặc bàng quang, bệnh tim mạch (loạn nhịp tim, nhịp tim chậm, mới bị nhồi máu cơ tim, giảm huyết áp), tăng trương lực thần kinh phó giao cảm, bệnh động kinh, cường giáp, Parkinson, hen phế quản, loét dạ dày","moi phau thuat ruot hoac bang quang, benh tim mach loan nhip tim, nhip tim cham, moi bi nhoi mau co tim, giam huyet ap , tang truong luc than kinh pho giao cam, benh dong kinh, cuong giap, parkinson, hen phe quan, loet da day",1,epilepsy,Động kinh/co giật,disease,neurologic,,,,,,"Mới phẫu thuật ruột hoặc bàng quang, bệnh tim mạch (loạn nhịp tim, nhịp tim chậm, mới bị nhồi máu cơ tim, giảm huyết áp), tăng trương lực thần kinh phó giao cảm, bệnh động kinh, cường giáp, Parkinson, hen phế quản, loét dạ dày",or,true,medium,not_requested,matched,needs_review,Khớp alias/thuật ngữ bằng rule tất định; bắt buộc duyệt thủ công.,,
condition-mention:01d3cc11d43fc87a,"Mới phẫu thuật ruột hoặc bàng quang, bệnh tim mạch (loạn nhịp tim, nhịp tim chậm, mới bị nhồi máu cơ tim, giảm huyết áp), tăng trương lực thần kinh phó giao cảm, bệnh động kinh, cường giáp, Parkinson, hen phế quản, loét dạ dày","moi phau thuat ruot hoac bang quang, benh tim mach loan nhip tim, nhip tim cham, moi bi nhoi mau co tim, giam huyet ap , tang truong luc than kinh pho giao cam, benh dong kinh, cuong giap, parkinson, hen phe quan, loet da day",1,parkinson_disease,Bệnh Parkinson,disease,neurologic,,,,,,"Mới phẫu thuật ruột hoặc bàng quang, bệnh tim mạch (loạn nhịp tim, nhịp tim chậm, mới bị nhồi máu cơ tim, giảm huyết áp), tăng trương lực thần kinh phó giao cảm, bệnh động kinh, cường giáp, Parkinson, hen phế quản, loét dạ dày",or,true,medium,not_requested,matched,needs_review,Khớp alias/thuật ngữ bằng rule tất định; bắt buộc duyệt thủ công.,,
condition-mention:01d3cc11d43fc87a,"Mới phẫu thuật ruột hoặc bàng quang, bệnh tim mạch (loạn nhịp tim, nhịp tim chậm, mới bị nhồi máu cơ tim, giảm huyết áp), tăng trương lực thần kinh phó giao cảm, bệnh động kinh, cường giáp, Parkinson, hen phế quản, loét dạ dày","moi phau thuat ruot hoac bang quang, benh tim mach loan nhip tim, nhip tim cham, moi bi nhoi mau co tim, giam huyet ap , tang truong luc than kinh pho giao cam, benh dong kinh, cuong giap, parkinson, hen phe quan, loet da day",1,vagotonia,Tăng trương lực phó giao cảm,clinical_finding,neurologic,,,,,,"Mới phẫu thuật ruột hoặc bàng quang, bệnh tim mạch (loạn nhịp tim, nhịp tim chậm, mới bị nhồi máu cơ tim, giảm huyết áp), tăng trương lực thần kinh phó giao cảm, bệnh động kinh, cường giáp, Parkinson, hen phế quản, loét dạ dày",or,true,medium,not_requested,matched,needs_review,Khớp alias/thuật ngữ bằng rule tất định; bắt buộc duyệt thủ công.,,
condition-mention:5ceb8cd870ec4596,Mù màu,mu mau,1,color_vision_defect,Rối loạn sắc giác,disease,ophthalmic,,,,,,Mù màu,single,false,medium,not_requested,matched,needs_review,Khớp alias/thuật ngữ bằng rule tất định; bắt buộc duyệt thủ công.,,
condition-mention:7e75a0eaa0c33311,Nằm bất động (vừa trải qua phẫu thuật),nam bat dong vua trai qua phau thuat,1,immobility,Bất động kéo dài,procedure_state,special,,,,,,Nằm bất động (vừa trải qua phẫu thuật),single,false,medium,not_requested,matched,needs_review,Khớp alias/thuật ngữ bằng rule tất định; bắt buộc duyệt thủ công.,,
condition-mention:461fb5aff4e0190f,Ngay sau nhồi máu cơ tim (trong vòng 8 ngày),ngay sau nhoi mau co tim trong vong 8 ngay,1,myocardial_infarction,Nhồi máu cơ tim,disease,cardiovascular,,,,,,Ngay sau nhồi máu cơ tim (trong vòng 8 ngày),single,false,medium,not_requested,matched,needs_review,Khớp alias/thuật ngữ bằng rule tất định; bắt buộc duyệt thủ công.,,
condition-mention:a534f7abaad22cfd,Nghẽn nhịp tim (khi pha với lidocain),nghen nhip tim khi pha voi lidocain,1,arrhythmia,Rối loạn nhịp tim,disease,cardiovascular,,,,,nhịp tim (khi pha với lidocain,Nghẽn nhịp tim (khi pha với lidocain),single,false,medium,not_requested,matched,needs_review,Khớp alias/thuật ngữ bằng rule tất định; bắt buộc duyệt thủ công.,,
condition-mention:22ba7309435c9087,nghi có thiếu máu cục bộ do nguyên nhân động mạch vành,nghi co thieu mau cuc bo do nguyen nhan dong mach vanh,1,ischemic_heart_disease,Bệnh tim thiếu máu cục bộ,disease,cardiovascular,,,,,,nghi có thiếu máu cục bộ do nguyên nhân động mạch vành,single,false,medium,not_requested,matched,needs_review,Khớp alias/thuật ngữ bằng rule tất định; bắt buộc duyệt thủ công.,,
condition-mention:521f3130c79173ce,"Nghi ngờ hoặc đã xác nhận bị xuất huyết mạch máu não, xuất huyết tạng, cầm máu không hoàn toàn và có nguy cơ chảy máu cao","nghi ngo hoac da xac nhan bi xuat huyet mach mau nao, xuat huyet tang, cam mau khong hoan toan va co nguy co chay mau cao",1,active_bleeding,Đang xuất huyết,clinical_finding,hematologic,,,,,,"Nghi ngờ hoặc đã xác nhận bị xuất huyết mạch máu não, xuất huyết tạng, cầm máu không hoàn toàn và có nguy cơ chảy máu cao",mixed,true,medium,not_requested,matched,needs_review,Khớp alias/thuật ngữ bằng rule tất định; bắt buộc duyệt thủ công.,,
condition-mention:bea3a633ff926ba3,Nghi ngờ thiếu máu cục bộ,nghi ngo thieu mau cuc bo,1,ischemia,Thiếu máu cục bộ,clinical_finding,cardiovascular,,,,,,Nghi ngờ thiếu máu cục bộ,single,false,medium,not_requested,matched,needs_review,Khớp alias/thuật ngữ bằng rule tất định; bắt buộc duyệt thủ công.,,
condition-mention:0983f6a392b723dd,Ngộ độc quá liều vitamin D,ngo doc qua lieu vitamin d,1,hypervitaminosis_d,Thừa vitamin D,clinical_finding,metabolic,,,,,,Ngộ độc quá liều vitamin D,single,false,medium,not_requested,matched,needs_review,Khớp alias/thuật ngữ bằng rule tất định; bắt buộc duyệt thủ công.,,
condition-mention:eaea992d7f5c754c,ngưng thở trong khi ngủ,ngung tho trong khi ngu,1,sleep_apnea,Ngưng thở khi ngủ,disease,respiratory,,,,,,ngưng thở trong khi ngủ,single,false,medium,not_requested,matched,needs_review,Khớp alias/thuật ngữ bằng rule tất định; bắt buộc duyệt thủ công.,,
condition-mention:fe97455b237e934f,Người bệnh bị mất nước,nguoi benh bi mat nuoc,1,dehydration,Mất nước,clinical_finding,metabolic,,,,,,Người bệnh bị mất nước,single,false,medium,not_requested,matched,needs_review,Khớp alias/thuật ngữ bằng rule tất định; bắt buộc duyệt thủ công.,,
condition-mention:b527b028660b1142,"Người bệnh vô niệu, người bị bệnh chảy máu trong sọ hoặc trong tủy sống","nguoi benh vo nieu, nguoi bi benh chay mau trong so hoac trong tuy song",1,anuria,Vô niệu,clinical_finding,renal,,,,,,"Người bệnh vô niệu, người bị bệnh chảy máu trong sọ hoặc trong tủy sống",or,true,medium,not_requested,matched,needs_review,Khớp alias/thuật ngữ bằng rule tất định; bắt buộc duyệt thủ công.,,
condition-mention:b527b028660b1142,"Người bệnh vô niệu, người bị bệnh chảy máu trong sọ hoặc trong tủy sống","nguoi benh vo nieu, nguoi bi benh chay mau trong so hoac trong tuy song",1,active_bleeding,Đang xuất huyết,clinical_finding,hematologic,,,,,,"Người bệnh vô niệu, người bị bệnh chảy máu trong sọ hoặc trong tủy sống",or,true,medium,not_requested,matched,needs_review,Khớp alias/thuật ngữ bằng rule tất định; bắt buộc duyệt thủ công.,,
condition-mention:29115f79e59e54e7,Người bị loét đường tiêu hóa,nguoi bi loet duong tieu hoa,1,peptic_ulcer,Loét dạ dày–tá tràng,disease,gastrointestinal,,,,,,Người bị loét đường tiêu hóa,single,false,medium,not_requested,matched,needs_review,Khớp alias/thuật ngữ bằng rule tất định; bắt buộc duyệt thủ công.,,
condition-mention:79fca7c6ef00cd56,Người bị tổn thương thận,nguoi bi ton thuong than,1,renal_impairment,Suy giảm chức năng thận,organ_impairment,renal,,,,,,Người bị tổn thương thận,single,false,medium,not_requested,matched,needs_review,Khớp alias/thuật ngữ bằng rule tất định; bắt buộc duyệt thủ công.,,
condition-mention:a4c3e912ffb312da,Người cao tuổi,nguoi cao tuoi,1,older_adult,Người cao tuổi,population,special,,,,,,Người cao tuổi,single,false,medium,not_requested,matched,needs_review,Khớp alias/thuật ngữ bằng rule tất định; bắt buộc duyệt thủ công.,,
condition-mention:242c7542fc60a196,Người có nhiều nguy cơ chảy máu,nguoi co nhieu nguy co chay mau,1,active_bleeding,Đang xuất huyết,clinical_finding,hematologic,,,,,,Người có nhiều nguy cơ chảy máu,single,false,medium,not_requested,matched,needs_review,Khớp alias/thuật ngữ bằng rule tất định; bắt buộc duyệt thủ công.,,
condition-mention:63be62add47545cb,Người không dung nạp fructose do di truyền (bệnh hiếm gặp),nguoi khong dung nap fructose do di truyen benh hiem gap,1,hereditary_fructose_intolerance,Không dung nạp fructose di truyền,disease,metabolic,,,,,,Người không dung nạp fructose do di truyền (bệnh hiếm gặp),single,false,medium,not_requested,matched,needs_review,Khớp alias/thuật ngữ bằng rule tất định; bắt buộc duyệt thủ công.,,
condition-mention:ad16dd682535a287,Người suy giảm miễn dịch,nguoi suy giam mien dich,1,immunodeficiency,Suy giảm miễn dịch,disease,immune,,,,,,Người suy giảm miễn dịch,single,false,medium,not_requested,matched,needs_review,Khớp alias/thuật ngữ bằng rule tất định; bắt buộc duyệt thủ công.,,
condition-mention:388a992a0a4361a8,Người suy thận,nguoi suy than,1,renal_impairment,Suy giảm chức năng thận,organ_impairment,renal,,,,,,Người suy thận,single,false,medium,not_requested,matched,needs_review,Khớp alias/thuật ngữ bằng rule tất định; bắt buộc duyệt thủ công.,,
condition-mention:075137c4b26946b1,Nguy cơ bí tiểu liên quan đến rối loạn niệu-tiền liệt tuyến,nguy co bi tieu lien quan den roi loan nieu tien liet tuyen,1,urinary_retention,Bí tiểu,clinical_finding,urologic,,,,,,Nguy cơ bí tiểu liên quan đến rối loạn niệu-tiền liệt tuyến,single,false,medium,not_requested,matched,needs_review,Khớp alias/thuật ngữ bằng rule tất định; bắt buộc duyệt thủ công.,,
condition-mention:880043ac054b77d6,Nguy cơ glaucom góc đóng,nguy co glaucom goc dong,1,angle_closure_glaucoma,Glôcôm góc đóng/góc hẹp,disease,ophthalmic,,,,,,Nguy cơ glaucom góc đóng,single,false,medium,not_requested,matched,needs_review,Khớp alias/thuật ngữ bằng rule tất định; bắt buộc duyệt thủ công.,,
condition-mention:979732f1cdc23edf,Nguy cơ hạ kali huyết thanh,nguy co ha kali huyet thanh,1,hypokalemia,Hạ kali máu,clinical_finding,electrolyte,,,,,,Nguy cơ hạ kali huyết thanh,single,false,medium,not_requested,matched,needs_review,Khớp alias/thuật ngữ bằng rule tất định; bắt buộc duyệt thủ công.,,
condition-mention:e0868f59595a366e,Nguy cơ huyết khối,nguy co huyet khoi,1,thrombosis,Huyết khối,disease,hematologic,,,,,,Nguy cơ huyết khối,single,false,medium,not_requested,matched,needs_review,Khớp alias/thuật ngữ bằng rule tất định; bắt buộc duyệt thủ công.,,
condition-mention:09afc52a2163622c,Nguy cơ loãng xương,nguy co loang xuong,1,osteoporosis,Loãng xương,disease,musculoskeletal,,,,,,Nguy cơ loãng xương,single,false,medium,not_requested,matched,needs_review,Khớp alias/thuật ngữ bằng rule tất định; bắt buộc duyệt thủ công.,,
condition-mention:1b85f83ab0f118b2,"Nguy cơ quá tải dịch, phù phổi và suy tim sung huyết","nguy co qua tai dich, phu phoi va suy tim sung huyet",1,heart_failure,Suy tim,disease,cardiovascular,,,,,,"Nguy cơ quá tải dịch, phù phổi và suy tim sung huyết",and,true,medium,not_requested,matched,needs_review,Khớp alias/thuật ngữ bằng rule tất định; bắt buộc duyệt thủ công.,,
condition-mention:1b85f83ab0f118b2,"Nguy cơ quá tải dịch, phù phổi và suy tim sung huyết","nguy co qua tai dich, phu phoi va suy tim sung huyet",1,pulmonary_edema,Phù phổi,clinical_finding,respiratory,,,,,,"Nguy cơ quá tải dịch, phù phổi và suy tim sung huyết",and,true,medium,not_requested,matched,needs_review,Khớp alias/thuật ngữ bằng rule tất định; bắt buộc duyệt thủ công.,,
condition-mention:1b85f83ab0f118b2,"Nguy cơ quá tải dịch, phù phổi và suy tim sung huyết","nguy co qua tai dich, phu phoi va suy tim sung huyet",1,fluid_overload,Quá tải dịch,clinical_finding,metabolic,,,,,,"Nguy cơ quá tải dịch, phù phổi và suy tim sung huyết",and,true,medium,not_requested,matched,needs_review,Khớp alias/thuật ngữ bằng rule tất định; bắt buộc duyệt thủ công.,,
condition-mention:1b85f83ab0f118b2,"Nguy cơ quá tải dịch, phù phổi và suy tim sung huyết","nguy co qua tai dich, phu phoi va suy tim sung huyet",1,edema,Phù,clinical_finding,systemic,,,,,,"Nguy cơ quá tải dịch, phù phổi và suy tim sung huyết",and,true,medium,not_requested,matched,needs_review,Khớp alias/thuật ngữ bằng rule tất định; bắt buộc duyệt thủ công.,,
condition-mention:3489b671ddeeb4f9,Nguy cơ tăng áp lực ICP,nguy co tang ap luc icp,1,intracranial_hypertension,Tăng áp lực nội sọ,clinical_finding,neurologic,,,,,,Nguy cơ tăng áp lực ICP,single,false,medium,not_requested,matched,needs_review,Khớp alias/thuật ngữ bằng rule tất định; bắt buộc duyệt thủ công.,,
condition-mention:353959c532952357,nguy cơ tim mạch hay tăng lipid máu,nguy co tim mach hay tang lipid mau,1,hyperlipidemia,Tăng lipid máu,clinical_finding,metabolic,,,,,,nguy cơ tim mạch hay tăng lipid máu,single,false,medium,not_requested,matched,needs_review,Khớp alias/thuật ngữ bằng rule tất định; bắt buộc duyệt thủ công.,,
condition-mention:4acef6e7dae1d639,nguy cơ tim mạch hoặc đã có khoảng Q-T kéo dài từ trước,nguy co tim mach hoac da co khoang q t keo dai tu truoc,1,qt_prolongation,Khoảng QT kéo dài,clinical_finding,cardiovascular,,,,,,nguy cơ tim mạch hoặc đã có khoảng Q-T kéo dài từ trước,or,true,medium,not_requested,matched,needs_review,Khớp alias/thuật ngữ bằng rule tất định; bắt buộc duyệt thủ công.,,
condition-mention:35154e2788974c95,Nhiễm acid chuyển hóa,nhiem acid chuyen hoa,1,metabolic_acidosis,Nhiễm toan chuyển hóa,clinical_finding,metabolic,,,,,,Nhiễm acid chuyển hóa,single,false,medium,not_requested,matched,needs_review,Khớp alias/thuật ngữ bằng rule tất định; bắt buộc duyệt thủ công.,,
condition-mention:5aa7b35396ca81e0,Nhiễm acid lactic,nhiem acid lactic,1,metabolic_acidosis,Nhiễm toan chuyển hóa,clinical_finding,metabolic,,,,,,Nhiễm acid lactic,single,false,medium,not_requested,matched,needs_review,Khớp alias/thuật ngữ bằng rule tất định; bắt buộc duyệt thủ công.,,
condition-mention:ddc0b6bb66967561,Nhiễm độc cấp tính,nhiem doc cap tinh,1,acute_poisoning,Nhiễm độc cấp,clinical_state,toxicologic,,acute,,,,Nhiễm độc cấp tính,single,false,medium,not_requested,matched,needs_review,Khớp alias/thuật ngữ bằng rule tất định; bắt buộc duyệt thủ công.,,
condition-mention:1020b107cb530fad,"Nhiễm độc giáp, suy tim và phẫu thuật tim","nhiem doc giap, suy tim va phau thuat tim",1,heart_failure,Suy tim,disease,cardiovascular,,,,,,"Nhiễm độc giáp, suy tim và phẫu thuật tim",and,true,medium,not_requested,matched,needs_review,Khớp alias/thuật ngữ bằng rule tất định; bắt buộc duyệt thủ công.,,
condition-mention:1020b107cb530fad,"Nhiễm độc giáp, suy tim và phẫu thuật tim","nhiem doc giap, suy tim va phau thuat tim",1,thyrotoxicosis,Nhiễm độc giáp,disease,endocrine,,,,,,"Nhiễm độc giáp, suy tim và phẫu thuật tim",and,true,medium,not_requested,matched,needs_review,Khớp alias/thuật ngữ bằng rule tất định; bắt buộc duyệt thủ công.,,
condition-mention:926ff6f628f9648e,Nhiễm độc thai nghén,nhiem doc thai nghen,1,gestational_toxicosis,Nhiễm độc thai nghén,disease,obstetric,,,,,,Nhiễm độc thai nghén,single,false,medium,not_requested,matched,needs_review,Khớp alias/thuật ngữ bằng rule tất định; bắt buộc duyệt thủ công.,,
condition-mention:96c996c67926fa71,Nhiễm HIV,nhiem hiv,1,hiv_infection,Nhiễm HIV,disease,infectious,,,,,,Nhiễm HIV,single,false,medium,not_requested,matched,needs_review,Khớp alias/thuật ngữ bằng rule tất định; bắt buộc duyệt thủ công.,,
condition-mention:90e2e9d5c5d5fb53,Nhiễm keto acid,nhiem keto acid,1,ketoacidosis,Nhiễm toan ceton,clinical_finding,metabolic,,,,,,Nhiễm keto acid,single,false,medium,not_requested,matched,needs_review,Khớp alias/thuật ngữ bằng rule tất định; bắt buộc duyệt thủ công.,,
condition-mention:d8949e241cd8822b,Nhiễm khuẩn,nhiem khuan,1,infection,Nhiễm trùng/nhiễm khuẩn,disease,infectious,,,,,,Nhiễm khuẩn,single,false,medium,not_requested,matched,needs_review,Khớp alias/thuật ngữ bằng rule tất định; bắt buộc duyệt thủ công.,,
condition-mention:34ece4f094a5ff45,Nhiễm khuẩn bàn chân trong đái tháo đường (DFI),nhiem khuan ban chan trong dai thao duong dfi,1,diabetes_mellitus,Đái tháo đường,disease,endocrine,,,,,,Nhiễm khuẩn bàn chân trong đái tháo đường (DFI),unclear,true,medium,not_requested,matched,needs_review,Khớp alias/thuật ngữ bằng rule tất định; bắt buộc duyệt thủ công.,,
condition-mention:34ece4f094a5ff45,Nhiễm khuẩn bàn chân trong đái tháo đường (DFI),nhiem khuan ban chan trong dai thao duong dfi,1,infection,Nhiễm trùng/nhiễm khuẩn,disease,infectious,,,,,,Nhiễm khuẩn bàn chân trong đái tháo đường (DFI),unclear,true,medium,not_requested,matched,needs_review,Khớp alias/thuật ngữ bằng rule tất định; bắt buộc duyệt thủ công.,,
condition-mention:2492a3796fbbd6ab,Nhiễm khuẩn cấp,nhiem khuan cap,1,infection,Nhiễm trùng/nhiễm khuẩn,disease,infectious,,acute,,,,Nhiễm khuẩn cấp,single,false,medium,not_requested,matched,needs_review,Khớp alias/thuật ngữ bằng rule tất định; bắt buộc duyệt thủ công.,,
condition-mention:755cbc9e56bb15e7,Nhiễm khuẩn đường niệu,nhiem khuan duong nieu,1,infection,Nhiễm trùng/nhiễm khuẩn,disease,infectious,,,,,,Nhiễm khuẩn đường niệu,single,false,medium,not_requested,matched,needs_review,Khớp alias/thuật ngữ bằng rule tất định; bắt buộc duyệt thủ công.,,
condition-mention:101a2f46ef8fe909,Nhiễm khuẩn hoặc nghi ngờ nhiễm khuẩn,nhiem khuan hoac nghi ngo nhiem khuan,1,infection,Nhiễm trùng/nhiễm khuẩn,disease,infectious,,,,,,Nhiễm khuẩn hoặc nghi ngờ nhiễm khuẩn,or,true,medium,not_requested,matched,needs_review,Khớp alias/thuật ngữ bằng rule tất định; bắt buộc duyệt thủ công.,,
condition-mention:9cb2563d48ba4705,"Nhiễm khuẩn nặng, chấn thương nặng, phẫu thuật lớn","nhiem khuan nang, chan thuong nang, phau thuat lon",1,infection,Nhiễm trùng/nhiễm khuẩn,disease,infectious,severe,,,,,"Nhiễm khuẩn nặng, chấn thương nặng, phẫu thuật lớn",unclear,true,medium,not_requested,matched,needs_review,Khớp alias/thuật ngữ bằng rule tất định; bắt buộc duyệt thủ công.,,
condition-mention:dedef7c78330851b,"Nhiễm khuẩn nặng, nhiễm virus, nhiễm nấm, lao da","nhiem khuan nang, nhiem virus, nhiem nam, lao da",1,tuberculosis,Bệnh lao,disease,infectious,,,,,,"Nhiễm khuẩn nặng, nhiễm virus, nhiễm nấm, lao da",unclear,true,medium,not_requested,matched,needs_review,Khớp alias/thuật ngữ bằng rule tất định; bắt buộc duyệt thủ công.,,
condition-mention:dedef7c78330851b,"Nhiễm khuẩn nặng, nhiễm virus, nhiễm nấm, lao da","nhiem khuan nang, nhiem virus, nhiem nam, lao da",1,fungal_infection,Nhiễm nấm,disease,infectious,,,,,,"Nhiễm khuẩn nặng, nhiễm virus, nhiễm nấm, lao da",unclear,true,medium,not_requested,matched,needs_review,Khớp alias/thuật ngữ bằng rule tất định; bắt buộc duyệt thủ công.,,
condition-mention:dedef7c78330851b,"Nhiễm khuẩn nặng, nhiễm virus, nhiễm nấm, lao da","nhiem khuan nang, nhiem virus, nhiem nam, lao da",1,viral_infection,Nhiễm virus,disease,infectious,,,,,,"Nhiễm khuẩn nặng, nhiễm virus, nhiễm nấm, lao da",unclear,true,medium,not_requested,matched,needs_review,Khớp alias/thuật ngữ bằng rule tất định; bắt buộc duyệt thủ công.,,
condition-mention:e5b41efaf7279bc4,Nhiễm kiềm hô hấp,nhiem kiem ho hap,1,metabolic_alkalosis,Nhiễm kiềm chuyển hóa,clinical_finding,metabolic,,,,,,Nhiễm kiềm hô hấp,single,false,medium,not_requested,matched,needs_review,Khớp alias/thuật ngữ bằng rule tất định; bắt buộc duyệt thủ công.,,
condition-mention:c2341c3b71cd5211,"Nhiễm kiềm, magnesi máu tăng cao, giảm phosphat máu","nhiem kiem, magnesi mau tang cao, giam phosphat mau",1,metabolic_alkalosis,Nhiễm kiềm chuyển hóa,clinical_finding,metabolic,,,,,,"Nhiễm kiềm, magnesi máu tăng cao, giảm phosphat máu",unclear,true,medium,not_requested,matched,needs_review,Khớp alias/thuật ngữ bằng rule tất định; bắt buộc duyệt thủ công.,,
condition-mention:c2341c3b71cd5211,"Nhiễm kiềm, magnesi máu tăng cao, giảm phosphat máu","nhiem kiem, magnesi mau tang cao, giam phosphat mau",1,hypophosphatemia,Hạ phosphat máu,clinical_finding,electrolyte,,,,,,"Nhiễm kiềm, magnesi máu tăng cao, giảm phosphat máu",unclear,true,medium,not_requested,matched,needs_review,Khớp alias/thuật ngữ bằng rule tất định; bắt buộc duyệt thủ công.,,
condition-mention:c2341c3b71cd5211,"Nhiễm kiềm, magnesi máu tăng cao, giảm phosphat máu","nhiem kiem, magnesi mau tang cao, giam phosphat mau",1,hypermagnesemia,Tăng magnesi máu,clinical_finding,electrolyte,,,,,,"Nhiễm kiềm, magnesi máu tăng cao, giảm phosphat máu",unclear,true,medium,not_requested,matched,needs_review,Khớp alias/thuật ngữ bằng rule tất định; bắt buộc duyệt thủ công.,,
condition-mention:fd3b8b00e5f0dbbd,nhiễm nấm hoặc virus đường hô hấp,nhiem nam hoac virus duong ho hap,1,fungal_infection,Nhiễm nấm,disease,infectious,,,,,,nhiễm nấm hoặc virus đường hô hấp,or,true,medium,not_requested,matched,needs_review,Khớp alias/thuật ngữ bằng rule tất định; bắt buộc duyệt thủ công.,,
condition-mention:718ede608786f15e,Nhiễm toan,nhiem toan,1,acidosis,Nhiễm toan,clinical_finding,metabolic,,,,,,Nhiễm toan,single,false,medium,not_requested,matched,needs_review,Khớp alias/thuật ngữ bằng rule tất định; bắt buộc duyệt thủ công.,,
condition-mention:297467d19cca44e4,Nhiễm toan ceton máu,nhiem toan ceton mau,1,diabetic_ketoacidosis,Nhiễm toan ceton do đái tháo đường,disease,endocrine,,,,,,Nhiễm toan ceton máu,single,false,medium,not_requested,matched,needs_review,Khớp alias/thuật ngữ bằng rule tất định; bắt buộc duyệt thủ công.,,
condition-mention:a8bf0f7a13787bac,Nhiễm toan chuyển hóa cấp,nhiem toan chuyen hoa cap,1,metabolic_acidosis,Nhiễm toan chuyển hóa,clinical_finding,metabolic,,acute,,,,Nhiễm toan chuyển hóa cấp,single,false,medium,not_requested,matched,needs_review,Khớp alias/thuật ngữ bằng rule tất định; bắt buộc duyệt thủ công.,,
condition-mention:1a78f35b5f235227,"Nhiễm toan chuyển hóa cấp tính (nhiễm toan lactic, nhiễm toan ceton do đái tháo đường)","nhiem toan chuyen hoa cap tinh nhiem toan lactic, nhiem toan ceton do dai thao duong",1,diabetic_ketoacidosis,Nhiễm toan ceton do đái tháo đường,disease,endocrine,,,,,,"Nhiễm toan chuyển hóa cấp tính (nhiễm toan lactic, nhiễm toan ceton do đái tháo đường)",unclear,true,medium,not_requested,matched,needs_review,Khớp alias/thuật ngữ bằng rule tất định; bắt buộc duyệt thủ công.,,
condition-mention:1a78f35b5f235227,"Nhiễm toan chuyển hóa cấp tính (nhiễm toan lactic, nhiễm toan ceton do đái tháo đường)","nhiem toan chuyen hoa cap tinh nhiem toan lactic, nhiem toan ceton do dai thao duong",1,metabolic_acidosis,Nhiễm toan chuyển hóa,clinical_finding,metabolic,,,,,,"Nhiễm toan chuyển hóa cấp tính (nhiễm toan lactic, nhiễm toan ceton do đái tháo đường)",unclear,true,medium,not_requested,matched,needs_review,Khớp alias/thuật ngữ bằng rule tất định; bắt buộc duyệt thủ công.,,
condition-mention:d03b74c167c70a4a,Nhiễm toan chuyển hóa nặng,nhiem toan chuyen hoa nang,1,metabolic_acidosis,Nhiễm toan chuyển hóa,clinical_finding,metabolic,severe,,,,,Nhiễm toan chuyển hóa nặng,single,false,medium,not_requested,matched,needs_review,Khớp alias/thuật ngữ bằng rule tất định; bắt buộc duyệt thủ công.,,
condition-mention:1e35f7570967f573,Nhiễm toan do chuyển hóa cấp/mạn tính (nhiễm acid ceton do đái tháo đường),nhiem toan do chuyen hoa cap man tinh nhiem acid ceton do dai thao duong,1,diabetic_ketoacidosis,Nhiễm toan ceton do đái tháo đường,disease,endocrine,,,,,,Nhiễm toan do chuyển hóa cấp/mạn tính (nhiễm acid ceton do đái tháo đường),unclear,true,medium,not_requested,matched,needs_review,Khớp alias/thuật ngữ bằng rule tất định; bắt buộc duyệt thủ công.,,
condition-mention:1e35f7570967f573,Nhiễm toan do chuyển hóa cấp/mạn tính (nhiễm acid ceton do đái tháo đường),nhiem toan do chuyen hoa cap man tinh nhiem acid ceton do dai thao duong,1,metabolic_acidosis,Nhiễm toan chuyển hóa,clinical_finding,metabolic,,,,,,Nhiễm toan do chuyển hóa cấp/mạn tính (nhiễm acid ceton do đái tháo đường),unclear,true,medium,not_requested,matched,needs_review,Khớp alias/thuật ngữ bằng rule tất định; bắt buộc duyệt thủ công.,,
condition-mention:4e3c21207ad6079c,Nhiễm trùng,nhiem trung,1,infection,Nhiễm trùng/nhiễm khuẩn,disease,infectious,,,,,,Nhiễm trùng,single,false,medium,not_requested,matched,needs_review,Khớp alias/thuật ngữ bằng rule tất định; bắt buộc duyệt thủ công.,,
condition-mention:dbcb94a20487b0f1,Nhiễm trùng da gần nơi chọc dò tủy sống,nhiem trung da gan noi choc do tuy song,1,infection,Nhiễm trùng/nhiễm khuẩn,disease,infectious,,,,,,Nhiễm trùng da gần nơi chọc dò tủy sống,single,false,medium,not_requested,matched,needs_review,Khớp alias/thuật ngữ bằng rule tất định; bắt buộc duyệt thủ công.,,
condition-mention:2b365b7e2670c5d8,"Nhiễm trùng da khởi phát bởi vi khuẩn, nấm hoặc virut (như herpes hay thuỷ đậu)","nhiem trung da khoi phat boi vi khuan, nam hoac virut nhu herpes hay thuy dau",1,varicella,Thủy đậu,disease,infectious,,,,,,"Nhiễm trùng da khởi phát bởi vi khuẩn, nấm hoặc virut (như herpes hay thuỷ đậu)",or,true,medium,not_requested,matched,needs_review,Khớp alias/thuật ngữ bằng rule tất định; bắt buộc duyệt thủ công.,,
condition-mention:d9b5f593db263008,Nhiễm trùng hoặc suy giảm miễn dịch,nhiem trung hoac suy giam mien dich,1,immunodeficiency,Suy giảm miễn dịch,disease,immune,,,,,,Nhiễm trùng hoặc suy giảm miễn dịch,or,true,medium,not_requested,matched,needs_review,Khớp alias/thuật ngữ bằng rule tất định; bắt buộc duyệt thủ công.,,
condition-mention:d9b5f593db263008,Nhiễm trùng hoặc suy giảm miễn dịch,nhiem trung hoac suy giam mien dich,1,infection,Nhiễm trùng/nhiễm khuẩn,disease,infectious,,,,,,Nhiễm trùng hoặc suy giảm miễn dịch,or,true,medium,not_requested,matched,needs_review,Khớp alias/thuật ngữ bằng rule tất định; bắt buộc duyệt thủ công.,,
condition-mention:19f63282b1d95a3a,Nhiễm trùng và sốt,nhiem trung va sot,1,fever,Sốt,clinical_finding,infectious,,,,,,Nhiễm trùng và sốt,and,true,medium,not_requested,matched,needs_review,Khớp alias/thuật ngữ bằng rule tất định; bắt buộc duyệt thủ công.,,
condition-mention:6c35c7d761059dbe,Nhiễm virus Epstein-Barr,nhiem virus epstein barr,1,viral_infection,Nhiễm virus,disease,infectious,,,,,,Nhiễm virus Epstein-Barr,single,false,medium,not_requested,matched,needs_review,Khớp alias/thuật ngữ bằng rule tất định; bắt buộc duyệt thủ công.,,
condition-mention:0b15e1726faf8fd1,Nhịp chậm xoang và block xoang nhĩ,nhip cham xoang va block xoang nhi,1,bradycardia,Nhịp tim chậm,clinical_finding,cardiovascular,,,,,,Nhịp chậm xoang và block xoang nhĩ,and,true,medium,not_requested,matched,needs_review,Khớp alias/thuật ngữ bằng rule tất định; bắt buộc duyệt thủ công.,,
condition-mention:0b15e1726faf8fd1,Nhịp chậm xoang và block xoang nhĩ,nhip cham xoang va block xoang nhi,1,sinoatrial_block,Blốc xoang nhĩ,disease,cardiovascular,,,,,,Nhịp chậm xoang và block xoang nhĩ,and,true,medium,not_requested,matched,needs_review,Khớp alias/thuật ngữ bằng rule tất định; bắt buộc duyệt thủ công.,,
condition-mention:81d0abac7fe191e4,Nhịp tim chậm có biểu hiện lâm sàng rõ rệt,nhip tim cham co bieu hien lam sang ro ret,1,bradycardia,Nhịp tim chậm,clinical_finding,cardiovascular,,,,,Nhịp tim chậm có biểu hiện lâm sàng rõ rệt,Nhịp tim chậm có biểu hiện lâm sàng rõ rệt,single,false,medium,not_requested,matched,needs_review,Khớp alias/thuật ngữ bằng rule tất định; bắt buộc duyệt thủ công.,,
condition-mention:5e64e4baef98b6e2,Nhịp tim chậm dưới 60 lần/phút,nhip tim cham duoi 60 lan phut,1,bradycardia,Nhịp tim chậm,clinical_finding,cardiovascular,,,,,Nhịp tim chậm dưới 60 lần/phút,Nhịp tim chậm dưới 60 lần/phút,unclear,true,medium,not_requested,matched,needs_review,Khớp alias/thuật ngữ bằng rule tất định; bắt buộc duyệt thủ công.,,
condition-mention:d8740127f364348a,"Nhịp tim chậm, rối loạn nhịp tim hoặc tắc động mạch vành gần đây","nhip tim cham, roi loan nhip tim hoac tac dong mach vanh gan day",1,arrhythmia,Rối loạn nhịp tim,disease,cardiovascular,,,,,,"Nhịp tim chậm, rối loạn nhịp tim hoặc tắc động mạch vành gần đây",or,true,medium,not_requested,matched,needs_review,Khớp alias/thuật ngữ bằng rule tất định; bắt buộc duyệt thủ công.,,
condition-mention:d8740127f364348a,"Nhịp tim chậm, rối loạn nhịp tim hoặc tắc động mạch vành gần đây","nhip tim cham, roi loan nhip tim hoac tac dong mach vanh gan day",1,bradycardia,Nhịp tim chậm,clinical_finding,cardiovascular,,,,,,"Nhịp tim chậm, rối loạn nhịp tim hoặc tắc động mạch vành gần đây",or,true,medium,not_requested,matched,needs_review,Khớp alias/thuật ngữ bằng rule tất định; bắt buộc duyệt thủ công.,,
condition-mention:d58f4bf455ec384e,Nhịp tim lúc nghỉ dưới 70 nhịp/phút trước khi điều trị,nhip tim luc nghi duoi 70 nhip phut truoc khi dieu tri,1,low_resting_heart_rate,Tần số tim lúc nghỉ thấp,clinical_finding,cardiovascular,,,,,Nhịp tim lúc nghỉ dưới 70 nhịp/phút trước khi điều trị,Nhịp tim lúc nghỉ dưới 70 nhịp/phút trước khi điều trị,unclear,true,medium,not_requested,matched,needs_review,Khớp alias/thuật ngữ bằng rule tất định; bắt buộc duyệt thủ công.,,
condition-mention:86819110ba9db79b,"Nhịp tim nhanh do suy tim, nhiễm độc giáp, phẫu thuật tim","nhip tim nhanh do suy tim, nhiem doc giap, phau thuat tim",1,heart_failure,Suy tim,disease,cardiovascular,,,,,,"Nhịp tim nhanh do suy tim, nhiễm độc giáp, phẫu thuật tim",unclear,true,medium,not_requested,matched,needs_review,Khớp alias/thuật ngữ bằng rule tất định; bắt buộc duyệt thủ công.,,
condition-mention:86819110ba9db79b,"Nhịp tim nhanh do suy tim, nhiễm độc giáp, phẫu thuật tim","nhip tim nhanh do suy tim, nhiem doc giap, phau thuat tim",1,tachycardia,Nhịp tim nhanh,clinical_finding,cardiovascular,,,,,,"Nhịp tim nhanh do suy tim, nhiễm độc giáp, phẫu thuật tim",unclear,true,medium,not_requested,matched,needs_review,Khớp alias/thuật ngữ bằng rule tất định; bắt buộc duyệt thủ công.,,
condition-mention:86819110ba9db79b,"Nhịp tim nhanh do suy tim, nhiễm độc giáp, phẫu thuật tim","nhip tim nhanh do suy tim, nhiem doc giap, phau thuat tim",1,thyrotoxicosis,Nhiễm độc giáp,disease,endocrine,,,,,,"Nhịp tim nhanh do suy tim, nhiễm độc giáp, phẫu thuật tim",unclear,true,medium,not_requested,matched,needs_review,Khớp alias/thuật ngữ bằng rule tất định; bắt buộc duyệt thủ công.,,
condition-mention:6f572d4df8930dd1,Nhịp tim tư thế nghỉ dưới 60 nhịp/phút,nhip tim tu the nghi duoi 60 nhip phut,1,low_resting_heart_rate,Tần số tim lúc nghỉ thấp,clinical_finding,cardiovascular,,,,,Nhịp tim tư thế nghỉ dưới 60 nhịp/phút,Nhịp tim tư thế nghỉ dưới 60 nhịp/phút,unclear,true,medium,not_requested,matched,needs_review,Khớp alias/thuật ngữ bằng rule tất định; bắt buộc duyệt thủ công.,,
condition-mention:984e6f95285213f3,Nhồi máu cơ tim cấp tính với áp lực làm đầy thấp,nhoi mau co tim cap tinh voi ap luc lam day thap,1,myocardial_infarction,Nhồi máu cơ tim,disease,cardiovascular,,acute,,,,Nhồi máu cơ tim cấp tính với áp lực làm đầy thấp,single,false,medium,not_requested,matched,needs_review,Khớp alias/thuật ngữ bằng rule tất định; bắt buộc duyệt thủ công.,,
condition-mention:45eb1249716bc677,"Nhồi máu cơ tim cấp, viêm cơ tim cấp, suy thượng thận hoặc suy tuyến yên chưa được điều trị","nhoi mau co tim cap, viem co tim cap, suy thuong than hoac suy tuyen yen chua duoc dieu tri",1,myocardial_infarction,Nhồi máu cơ tim,disease,cardiovascular,,,,,,"Nhồi máu cơ tim cấp, viêm cơ tim cấp, suy thượng thận hoặc suy tuyến yên chưa được điều trị",or,true,medium,not_requested,matched,needs_review,Khớp alias/thuật ngữ bằng rule tất định; bắt buộc duyệt thủ công.,,
condition-mention:45eb1249716bc677,"Nhồi máu cơ tim cấp, viêm cơ tim cấp, suy thượng thận hoặc suy tuyến yên chưa được điều trị","nhoi mau co tim cap, viem co tim cap, suy thuong than hoac suy tuyen yen chua duoc dieu tri",1,adrenal_insufficiency,Suy tuyến thượng thận,disease,endocrine,,,,,,"Nhồi máu cơ tim cấp, viêm cơ tim cấp, suy thượng thận hoặc suy tuyến yên chưa được điều trị",or,true,medium,not_requested,matched,needs_review,Khớp alias/thuật ngữ bằng rule tất định; bắt buộc duyệt thủ công.,,
condition-mention:3aef9a1128c9f904,nhồi máu cơ tim (đang bị hoặc mới bị trong vòng 1 tháng),nhoi mau co tim dang bi hoac moi bi trong vong 1 thang,1,myocardial_infarction,Nhồi máu cơ tim,disease,cardiovascular,,,,,,nhồi máu cơ tim (đang bị hoặc mới bị trong vòng 1 tháng),or,true,medium,not_requested,matched,needs_review,Khớp alias/thuật ngữ bằng rule tất định; bắt buộc duyệt thủ công.,,
condition-mention:60621477c225d802,Nhồi máu cơ tim mới mắc,nhoi mau co tim moi mac,1,myocardial_infarction,Nhồi máu cơ tim,disease,cardiovascular,,,,,,Nhồi máu cơ tim mới mắc,single,false,medium,not_requested,matched,needs_review,Khớp alias/thuật ngữ bằng rule tất định; bắt buộc duyệt thủ công.,,
condition-mention:a9878226c15cfde4,"Nhồi máu cơ tim mới mắc, giảm huyết áp, bệnh van tim có rối loạn huyết động","nhoi mau co tim moi mac, giam huyet ap, benh van tim co roi loan huyet dong",1,hypotension,Hạ huyết áp,clinical_finding,cardiovascular,,,,,,"Nhồi máu cơ tim mới mắc, giảm huyết áp, bệnh van tim có rối loạn huyết động",unclear,true,medium,not_requested,matched,needs_review,Khớp alias/thuật ngữ bằng rule tất định; bắt buộc duyệt thủ công.,,
condition-mention:a9878226c15cfde4,"Nhồi máu cơ tim mới mắc, giảm huyết áp, bệnh van tim có rối loạn huyết động","nhoi mau co tim moi mac, giam huyet ap, benh van tim co roi loan huyet dong",1,myocardial_infarction,Nhồi máu cơ tim,disease,cardiovascular,,,,,,"Nhồi máu cơ tim mới mắc, giảm huyết áp, bệnh van tim có rối loạn huyết động",unclear,true,medium,not_requested,matched,needs_review,Khớp alias/thuật ngữ bằng rule tất định; bắt buộc duyệt thủ công.,,
condition-mention:b64c38dc7010adbe,Nhồi máu cơ tim (trong suốt thời gian hoặc trong vòng một tháng),nhoi mau co tim trong suot thoi gian hoac trong vong mot thang,1,myocardial_infarction,Nhồi máu cơ tim,disease,cardiovascular,,,,,,Nhồi máu cơ tim (trong suốt thời gian hoặc trong vòng một tháng),or,true,medium,not_requested,matched,needs_review,Khớp alias/thuật ngữ bằng rule tất định; bắt buộc duyệt thủ công.,,
condition-mention:d7a46a673a37adb1,Nhồi máu cơ tim (trong vòng 4 tuần),nhoi mau co tim trong vong 4 tuan,1,myocardial_infarction,Nhồi máu cơ tim,disease,cardiovascular,,,,,,Nhồi máu cơ tim (trong vòng 4 tuần),single,false,medium,not_requested,matched,needs_review,Khớp alias/thuật ngữ bằng rule tất định; bắt buộc duyệt thủ công.,,
condition-mention:b040e5d618802ca2,Nhồi máu cơ tim (trong vòng 8 ngày),nhoi mau co tim trong vong 8 ngay,1,myocardial_infarction,Nhồi máu cơ tim,disease,cardiovascular,,,,,,Nhồi máu cơ tim (trong vòng 8 ngày),single,false,medium,not_requested,matched,needs_review,Khớp alias/thuật ngữ bằng rule tất định; bắt buộc duyệt thủ công.,,
condition-mention:2cf2718e20e681a5,"Nhồi máu cơ tim, block tim, loạn nhịp tim, suy động mạch vành","nhoi mau co tim, block tim, loan nhip tim, suy dong mach vanh",1,myocardial_infarction,Nhồi máu cơ tim,disease,cardiovascular,,,,,,"Nhồi máu cơ tim, block tim, loạn nhịp tim, suy động mạch vành",unclear,true,medium,not_requested,matched,needs_review,Khớp alias/thuật ngữ bằng rule tất định; bắt buộc duyệt thủ công.,,
condition-mention:2cf2718e20e681a5,"Nhồi máu cơ tim, block tim, loạn nhịp tim, suy động mạch vành","nhoi mau co tim, block tim, loan nhip tim, suy dong mach vanh",1,arrhythmia,Rối loạn nhịp tim,disease,cardiovascular,,,,,,"Nhồi máu cơ tim, block tim, loạn nhịp tim, suy động mạch vành",unclear,true,medium,not_requested,matched,needs_review,Khớp alias/thuật ngữ bằng rule tất định; bắt buộc duyệt thủ công.,,
condition-mention:2cf2718e20e681a5,"Nhồi máu cơ tim, block tim, loạn nhịp tim, suy động mạch vành","nhoi mau co tim, block tim, loan nhip tim, suy dong mach vanh",1,atrioventricular_block,Blốc nhĩ thất,disease,cardiovascular,,,,,,"Nhồi máu cơ tim, block tim, loạn nhịp tim, suy động mạch vành",unclear,true,medium,not_requested,matched,needs_review,Khớp alias/thuật ngữ bằng rule tất định; bắt buộc duyệt thủ công.,,
condition-mention:cdd598096ab34618,Nhồi máu não cấp tính,nhoi mau nao cap tinh,1,stroke,Đột quỵ/tai biến mạch máu não,disease,neurologic,,acute,,,,Nhồi máu não cấp tính,single,false,medium,not_requested,matched,needs_review,Khớp alias/thuật ngữ bằng rule tất định; bắt buộc duyệt thủ công.,,
condition-mention:bb30e81d6c846935,"Những tình trạng có nguy cơ quá tải dịch, đặc biệt trường hợp phù phổi và suy tim sung huyết","nhung tinh trang co nguy co qua tai dich, dac biet truong hop phu phoi va suy tim sung huyet",1,heart_failure,Suy tim,disease,cardiovascular,,,,,,"Những tình trạng có nguy cơ quá tải dịch, đặc biệt trường hợp phù phổi và suy tim sung huyết",and,true,medium,not_requested,matched,needs_review,Khớp alias/thuật ngữ bằng rule tất định; bắt buộc duyệt thủ công.,,
condition-mention:bb30e81d6c846935,"Những tình trạng có nguy cơ quá tải dịch, đặc biệt trường hợp phù phổi và suy tim sung huyết","nhung tinh trang co nguy co qua tai dich, dac biet truong hop phu phoi va suy tim sung huyet",1,pulmonary_edema,Phù phổi,clinical_finding,respiratory,,,,,,"Những tình trạng có nguy cơ quá tải dịch, đặc biệt trường hợp phù phổi và suy tim sung huyết",and,true,medium,not_requested,matched,needs_review,Khớp alias/thuật ngữ bằng rule tất định; bắt buộc duyệt thủ công.,,
condition-mention:bb30e81d6c846935,"Những tình trạng có nguy cơ quá tải dịch, đặc biệt trường hợp phù phổi và suy tim sung huyết","nhung tinh trang co nguy co qua tai dich, dac biet truong hop phu phoi va suy tim sung huyet",1,fluid_overload,Quá tải dịch,clinical_finding,metabolic,,,,,,"Những tình trạng có nguy cơ quá tải dịch, đặc biệt trường hợp phù phổi và suy tim sung huyết",and,true,medium,not_requested,matched,needs_review,Khớp alias/thuật ngữ bằng rule tất định; bắt buộc duyệt thủ công.,,
condition-mention:bb30e81d6c846935,"Những tình trạng có nguy cơ quá tải dịch, đặc biệt trường hợp phù phổi và suy tim sung huyết","nhung tinh trang co nguy co qua tai dich, dac biet truong hop phu phoi va suy tim sung huyet",1,edema,Phù,clinical_finding,systemic,,,,,,"Những tình trạng có nguy cơ quá tải dịch, đặc biệt trường hợp phù phổi và suy tim sung huyết",and,true,medium,not_requested,matched,needs_review,Khớp alias/thuật ngữ bằng rule tất định; bắt buộc duyệt thủ công.,,
condition-mention:5de4c374550c0d6a,Nhược cơ hoặc Parkinson (rối loạn thần kinh cơ),nhuoc co hoac parkinson roi loan than kinh co,1,parkinson_disease,Bệnh Parkinson,disease,neurologic,,,,,,Nhược cơ hoặc Parkinson (rối loạn thần kinh cơ),or,true,medium,not_requested,matched,needs_review,Khớp alias/thuật ngữ bằng rule tất định; bắt buộc duyệt thủ công.,,
condition-mention:5de4c374550c0d6a,Nhược cơ hoặc Parkinson (rối loạn thần kinh cơ),nhuoc co hoac parkinson roi loan than kinh co,1,myasthenia_gravis,Nhược cơ,disease,neuromuscular,,,,,,Nhược cơ hoặc Parkinson (rối loạn thần kinh cơ),or,true,medium,not_requested,matched,needs_review,Khớp alias/thuật ngữ bằng rule tất định; bắt buộc duyệt thủ công.,,
condition-mention:22512fee197d0796,"Nổi mày đay, mẩn ngứa hoặc viêm mũi dị ứng","noi may day, man ngua hoac viem mui di ung",1,urticaria,Mày đay,disease,immune,,,,,,"Nổi mày đay, mẩn ngứa hoặc viêm mũi dị ứng",or,true,medium,not_requested,matched,needs_review,Khớp alias/thuật ngữ bằng rule tất định; bắt buộc duyệt thủ công.,,
condition-mention:22512fee197d0796,"Nổi mày đay, mẩn ngứa hoặc viêm mũi dị ứng","noi may day, man ngua hoac viem mui di ung",1,allergic_rhinitis,Viêm mũi dị ứng,disease,immune,,,,,,"Nổi mày đay, mẩn ngứa hoặc viêm mũi dị ứng",or,true,medium,not_requested,matched,needs_review,Khớp alias/thuật ngữ bằng rule tất định; bắt buộc duyệt thủ công.,,
condition-mention:912c6f4ee70192c3,"Nôn sau mổ, chảy máu đường tiêu hóa, tắc ruột cơ học","non sau mo, chay mau duong tieu hoa, tac ruot co hoc",1,gastrointestinal_bleeding,Xuất huyết tiêu hóa,clinical_finding,gastrointestinal,,,,,,"Nôn sau mổ, chảy máu đường tiêu hóa, tắc ruột cơ học",unclear,true,medium,not_requested,matched,needs_review,Khớp alias/thuật ngữ bằng rule tất định; bắt buộc duyệt thủ công.,,
condition-mention:912c6f4ee70192c3,"Nôn sau mổ, chảy máu đường tiêu hóa, tắc ruột cơ học","non sau mo, chay mau duong tieu hoa, tac ruot co hoc",1,bowel_obstruction,Tắc nghẽn ruột,disease,gastrointestinal,,,,,,"Nôn sau mổ, chảy máu đường tiêu hóa, tắc ruột cơ học",unclear,true,medium,not_requested,matched,needs_review,Khớp alias/thuật ngữ bằng rule tất định; bắt buộc duyệt thủ công.,,
condition-mention:912c6f4ee70192c3,"Nôn sau mổ, chảy máu đường tiêu hóa, tắc ruột cơ học","non sau mo, chay mau duong tieu hoa, tac ruot co hoc",1,vomiting,Nôn,clinical_finding,gastrointestinal,,,,,,"Nôn sau mổ, chảy máu đường tiêu hóa, tắc ruột cơ học",unclear,true,medium,not_requested,matched,needs_review,Khớp alias/thuật ngữ bằng rule tất định; bắt buộc duyệt thủ công.,,
condition-mention:3c77ec231a0aaf22,"Nôn, vừa mới nôn nhiều, hoặc tiêu chảy","non, vua moi non nhieu, hoac tieu chay",1,diarrhea,Tiêu chảy,clinical_finding,gastrointestinal,,,,,,"Nôn, vừa mới nôn nhiều, hoặc tiêu chảy",or,true,medium,not_requested,matched,needs_review,Khớp alias/thuật ngữ bằng rule tất định; bắt buộc duyệt thủ công.,,
condition-mention:3c77ec231a0aaf22,"Nôn, vừa mới nôn nhiều, hoặc tiêu chảy","non, vua moi non nhieu, hoac tieu chay",1,vomiting,Nôn,clinical_finding,gastrointestinal,,,,,,"Nôn, vừa mới nôn nhiều, hoặc tiêu chảy",or,true,medium,not_requested,matched,needs_review,Khớp alias/thuật ngữ bằng rule tất định; bắt buộc duyệt thủ công.,,
condition-mention:56eda86c09f89852,"phẫu thuật mắt phức tạp, cắt bỏ dây thần kinh giác mạc, khiếm khuyết biểu mô giác mạc, đái tháo đường, các bệnh ở bề mặt mắt (ví dụ hội chứng khô mắt), viêm khớp dạng thấp hoặc phẫu thuật mắt nhiều lần trong một thời gian ngắn","phau thuat mat phuc tap, cat bo day than kinh giac mac, khiem khuyet bieu mo giac mac, dai thao duong, cac benh o be mat mat vi du hoi chung kho mat , viem khop dang thap hoac phau thuat mat nhieu lan trong mot thoi gian ngan",1,diabetes_mellitus,Đái tháo đường,disease,endocrine,,,,,,"phẫu thuật mắt phức tạp, cắt bỏ dây thần kinh giác mạc, khiếm khuyết biểu mô giác mạc, đái tháo đường, các bệnh ở bề mặt mắt (ví dụ hội chứng khô mắt), viêm khớp dạng thấp hoặc phẫu thuật mắt nhiều lần trong một thời gian ngắn",or,true,medium,not_requested,matched,needs_review,Khớp alias/thuật ngữ bằng rule tất định; bắt buộc duyệt thủ công.,,
condition-mention:56eda86c09f89852,"phẫu thuật mắt phức tạp, cắt bỏ dây thần kinh giác mạc, khiếm khuyết biểu mô giác mạc, đái tháo đường, các bệnh ở bề mặt mắt (ví dụ hội chứng khô mắt), viêm khớp dạng thấp hoặc phẫu thuật mắt nhiều lần trong một thời gian ngắn","phau thuat mat phuc tap, cat bo day than kinh giac mac, khiem khuyet bieu mo giac mac, dai thao duong, cac benh o be mat mat vi du hoi chung kho mat , viem khop dang thap hoac phau thuat mat nhieu lan trong mot thoi gian ngan",1,dry_eye,Khô mắt,disease,ophthalmic,,,,,,"phẫu thuật mắt phức tạp, cắt bỏ dây thần kinh giác mạc, khiếm khuyết biểu mô giác mạc, đái tháo đường, các bệnh ở bề mặt mắt (ví dụ hội chứng khô mắt), viêm khớp dạng thấp hoặc phẫu thuật mắt nhiều lần trong một thời gian ngắn",or,true,medium,not_requested,matched,needs_review,Khớp alias/thuật ngữ bằng rule tất định; bắt buộc duyệt thủ công.,,
condition-mention:56eda86c09f89852,"phẫu thuật mắt phức tạp, cắt bỏ dây thần kinh giác mạc, khiếm khuyết biểu mô giác mạc, đái tháo đường, các bệnh ở bề mặt mắt (ví dụ hội chứng khô mắt), viêm khớp dạng thấp hoặc phẫu thuật mắt nhiều lần trong một thời gian ngắn","phau thuat mat phuc tap, cat bo day than kinh giac mac, khiem khuyet bieu mo giac mac, dai thao duong, cac benh o be mat mat vi du hoi chung kho mat , viem khop dang thap hoac phau thuat mat nhieu lan trong mot thoi gian ngan",1,arthritis,Viêm khớp,disease,musculoskeletal,,,,,,"phẫu thuật mắt phức tạp, cắt bỏ dây thần kinh giác mạc, khiếm khuyết biểu mô giác mạc, đái tháo đường, các bệnh ở bề mặt mắt (ví dụ hội chứng khô mắt), viêm khớp dạng thấp hoặc phẫu thuật mắt nhiều lần trong một thời gian ngắn",or,true,medium,not_requested,matched,needs_review,Khớp alias/thuật ngữ bằng rule tất định; bắt buộc duyệt thủ công.,,
condition-mention:0e47a3070420c75f,"Phì đại lành tính tuyến tiền liệt kèm tắc nghẽn đường tiểu, nhiễm trùng đường tiểu kéo dài hoặc sỏi bàng quang","phi dai lanh tinh tuyen tien liet kem tac nghen duong tieu, nhiem trung duong tieu keo dai hoac soi bang quang",1,urinary_obstruction,Tắc nghẽn đường tiết niệu,disease,urologic,,,,,,"Phì đại lành tính tuyến tiền liệt kèm tắc nghẽn đường tiểu, nhiễm trùng đường tiểu kéo dài hoặc sỏi bàng quang",or,true,medium,not_requested,matched,needs_review,Khớp alias/thuật ngữ bằng rule tất định; bắt buộc duyệt thủ công.,,
condition-mention:0e47a3070420c75f,"Phì đại lành tính tuyến tiền liệt kèm tắc nghẽn đường tiểu, nhiễm trùng đường tiểu kéo dài hoặc sỏi bàng quang","phi dai lanh tinh tuyen tien liet kem tac nghen duong tieu, nhiem trung duong tieu keo dai hoac soi bang quang",1,benign_prostatic_hyperplasia,Phì đại lành tính tuyến tiền liệt,disease,urologic,,,,,,"Phì đại lành tính tuyến tiền liệt kèm tắc nghẽn đường tiểu, nhiễm trùng đường tiểu kéo dài hoặc sỏi bàng quang",or,true,medium,not_requested,matched,needs_review,Khớp alias/thuật ngữ bằng rule tất định; bắt buộc duyệt thủ công.,,
condition-mention:0e47a3070420c75f,"Phì đại lành tính tuyến tiền liệt kèm tắc nghẽn đường tiểu, nhiễm trùng đường tiểu kéo dài hoặc sỏi bàng quang","phi dai lanh tinh tuyen tien liet kem tac nghen duong tieu, nhiem trung duong tieu keo dai hoac soi bang quang",1,infection,Nhiễm trùng/nhiễm khuẩn,disease,infectious,,,,,,"Phì đại lành tính tuyến tiền liệt kèm tắc nghẽn đường tiểu, nhiễm trùng đường tiểu kéo dài hoặc sỏi bàng quang",or,true,medium,not_requested,matched,needs_review,Khớp alias/thuật ngữ bằng rule tất định; bắt buộc duyệt thủ công.,,
condition-mention:cd25f1199eaa7718,Phì đại lành tính tuyến tiền liệt và tụt huyết áp,phi dai lanh tinh tuyen tien liet va tut huyet ap,1,benign_prostatic_hyperplasia,Phì đại lành tính tuyến tiền liệt,disease,urologic,,,,,,Phì đại lành tính tuyến tiền liệt và tụt huyết áp,and,true,medium,not_requested,matched,needs_review,Khớp alias/thuật ngữ bằng rule tất định; bắt buộc duyệt thủ công.,,
condition-mention:cd25f1199eaa7718,Phì đại lành tính tuyến tiền liệt và tụt huyết áp,phi dai lanh tinh tuyen tien liet va tut huyet ap,1,hypotension,Hạ huyết áp,clinical_finding,cardiovascular,,,,,,Phì đại lành tính tuyến tiền liệt và tụt huyết áp,and,true,medium,not_requested,matched,needs_review,Khớp alias/thuật ngữ bằng rule tất định; bắt buộc duyệt thủ công.,,
condition-mention:d2d970876ebc391d,Phì đại ruột kết bẩm sinh,phi dai ruot ket bam sinh,1,megacolon,Phình đại tràng,disease,gastrointestinal,,,,,,Phì đại ruột kết bẩm sinh,single,false,medium,not_requested,matched,needs_review,Khớp alias/thuật ngữ bằng rule tất định; bắt buộc duyệt thủ công.,,
condition-mention:565ebfec3118943b,phì đại thất trái có liên quan đến hẹp động mạch chủ,phi dai that trai co lien quan den hep dong mach chu,1,aortic_stenosis,Hẹp van động mạch chủ,disease,cardiovascular,,,,,,phì đại thất trái có liên quan đến hẹp động mạch chủ,single,false,medium,not_requested,matched,needs_review,Khớp alias/thuật ngữ bằng rule tất định; bắt buộc duyệt thủ công.,,
condition-mention:05c48a07a601c352,Phì đại tiền liệt tuyến,phi dai tien liet tuyen,1,benign_prostatic_hyperplasia,Phì đại lành tính tuyến tiền liệt,disease,urologic,,,,,,Phì đại tiền liệt tuyến,single,false,medium,not_requested,matched,needs_review,Khớp alias/thuật ngữ bằng rule tất định; bắt buộc duyệt thủ công.,,
condition-mention:6ab730ef8a6df65a,Phì đại tiền liệt tuyến kèm ứ nước tiểu,phi dai tien liet tuyen kem u nuoc tieu,1,urinary_retention,Bí tiểu,clinical_finding,urologic,,,,,,Phì đại tiền liệt tuyến kèm ứ nước tiểu,unclear,true,medium,not_requested,matched,needs_review,Khớp alias/thuật ngữ bằng rule tất định; bắt buộc duyệt thủ công.,,
condition-mention:6ab730ef8a6df65a,Phì đại tiền liệt tuyến kèm ứ nước tiểu,phi dai tien liet tuyen kem u nuoc tieu,1,benign_prostatic_hyperplasia,Phì đại lành tính tuyến tiền liệt,disease,urologic,,,,,,Phì đại tiền liệt tuyến kèm ứ nước tiểu,unclear,true,medium,not_requested,matched,needs_review,Khớp alias/thuật ngữ bằng rule tất định; bắt buộc duyệt thủ công.,,
condition-mention:6ab730ef8a6df65a,Phì đại tiền liệt tuyến kèm ứ nước tiểu,phi dai tien liet tuyen kem u nuoc tieu,1,fluid_overload,Quá tải dịch,clinical_finding,metabolic,,,,,,Phì đại tiền liệt tuyến kèm ứ nước tiểu,unclear,true,medium,not_requested,matched,needs_review,Khớp alias/thuật ngữ bằng rule tất định; bắt buộc duyệt thủ công.,,
condition-mention:0715e2d30d7fe0e0,Phì đại tiền liệt tuyến tắc nghẽn,phi dai tien liet tuyen tac nghen,1,benign_prostatic_hyperplasia,Phì đại lành tính tuyến tiền liệt,disease,urologic,,,,,,Phì đại tiền liệt tuyến tắc nghẽn,single,false,medium,not_requested,matched,needs_review,Khớp alias/thuật ngữ bằng rule tất định; bắt buộc duyệt thủ công.,,
condition-mention:f2c74d3881989543,Phì đại tuyến tiền liệt hoặc đái khó,phi dai tuyen tien liet hoac dai kho,1,benign_prostatic_hyperplasia,Phì đại lành tính tuyến tiền liệt,disease,urologic,,,,,,Phì đại tuyến tiền liệt hoặc đái khó,or,true,medium,not_requested,matched,needs_review,Khớp alias/thuật ngữ bằng rule tất định; bắt buộc duyệt thủ công.,,
condition-mention:2402097033de5019,Phì đại tuyến tiền liệt kèm bí tiểu,phi dai tuyen tien liet kem bi tieu,1,urinary_retention,Bí tiểu,clinical_finding,urologic,,,,,,Phì đại tuyến tiền liệt kèm bí tiểu,unclear,true,medium,not_requested,matched,needs_review,Khớp alias/thuật ngữ bằng rule tất định; bắt buộc duyệt thủ công.,,
condition-mention:2402097033de5019,Phì đại tuyến tiền liệt kèm bí tiểu,phi dai tuyen tien liet kem bi tieu,1,benign_prostatic_hyperplasia,Phì đại lành tính tuyến tiền liệt,disease,urologic,,,,,,Phì đại tuyến tiền liệt kèm bí tiểu,unclear,true,medium,not_requested,matched,needs_review,Khớp alias/thuật ngữ bằng rule tất định; bắt buộc duyệt thủ công.,,
condition-mention:866125fd504c11c9,Phì đại tuyến tiền liệt kèm theo bí tiểu tiện,phi dai tuyen tien liet kem theo bi tieu tien,1,urinary_retention,Bí tiểu,clinical_finding,urologic,,,,,,Phì đại tuyến tiền liệt kèm theo bí tiểu tiện,unclear,true,medium,not_requested,matched,needs_review,Khớp alias/thuật ngữ bằng rule tất định; bắt buộc duyệt thủ công.,,
condition-mention:866125fd504c11c9,Phì đại tuyến tiền liệt kèm theo bí tiểu tiện,phi dai tuyen tien liet kem theo bi tieu tien,1,benign_prostatic_hyperplasia,Phì đại lành tính tuyến tiền liệt,disease,urologic,,,,,,Phì đại tuyến tiền liệt kèm theo bí tiểu tiện,unclear,true,medium,not_requested,matched,needs_review,Khớp alias/thuật ngữ bằng rule tất định; bắt buộc duyệt thủ công.,,
condition-mention:fa982fef83a58ec2,Phình đại tràng,phinh dai trang,1,megacolon,Phình đại tràng,disease,gastrointestinal,,,,,,Phình đại tràng,single,false,medium,not_requested,matched,needs_review,Khớp alias/thuật ngữ bằng rule tất định; bắt buộc duyệt thủ công.,,
condition-mention:ff46e01f08802bc7,phình động mạch,phinh dong mach,1,aneurysm,Phình động mạch,disease,cardiovascular,,,,,,phình động mạch,single,false,medium,not_requested,matched,needs_review,Khớp alias/thuật ngữ bằng rule tất định; bắt buộc duyệt thủ công.,,
condition-mention:e97eb2380995aeb1,Phình mạch,phinh mach,1,aneurysm,Phình động mạch,disease,cardiovascular,,,,,,Phình mạch,single,false,medium,not_requested,matched,needs_review,Khớp alias/thuật ngữ bằng rule tất định; bắt buộc duyệt thủ công.,,
condition-mention:e159280b68a30e5d,Phình mạch não hoặc phình tách động mạch chủ,phinh mach nao hoac phinh tach dong mach chu,1,aneurysm,Phình động mạch,disease,cardiovascular,,,,,,Phình mạch não hoặc phình tách động mạch chủ,or,true,medium,not_requested,matched,needs_review,Khớp alias/thuật ngữ bằng rule tất định; bắt buộc duyệt thủ công.,,
condition-mention:e8bfdb8cffca3eb3,Phình ruột kết,phinh ruot ket,1,megacolon,Phình đại tràng,disease,gastrointestinal,,,,,,Phình ruột kết,single,false,medium,not_requested,matched,needs_review,Khớp alias/thuật ngữ bằng rule tất định; bắt buộc duyệt thủ công.,,
condition-mention:ce749b61c0a4d32f,Phình to đại tràng,phinh to dai trang,1,megacolon,Phình đại tràng,disease,gastrointestinal,,,,,,Phình to đại tràng,single,false,medium,not_requested,matched,needs_review,Khớp alias/thuật ngữ bằng rule tất định; bắt buộc duyệt thủ công.,,
condition-mention:1cac2f809ba0c33e,Phù do rối loạn chuyển hóa có kèm theo dễ vỡ mao mạch,phu do roi loan chuyen hoa co kem theo de vo mao mach,1,edema,Phù,clinical_finding,systemic,,,,,,Phù do rối loạn chuyển hóa có kèm theo dễ vỡ mao mạch,single,false,medium,not_requested,matched,needs_review,Khớp alias/thuật ngữ bằng rule tất định; bắt buộc duyệt thủ công.,,
condition-mention:e8aebdc0ff4173ea,Phù nề,phu ne,1,edema,Phù,clinical_finding,systemic,,,,,,Phù nề,single,false,medium,not_requested,matched,needs_review,Khớp alias/thuật ngữ bằng rule tất định; bắt buộc duyệt thủ công.,,
condition-mention:31410aacef4f7376,Phù nề chung và xơ gan cổ trướng,phu ne chung va xo gan co truong,1,cirrhosis,Xơ gan,disease,hepatic,,,,,,Phù nề chung và xơ gan cổ trướng,and,true,medium,not_requested,matched,needs_review,Khớp alias/thuật ngữ bằng rule tất định; bắt buộc duyệt thủ công.,,
condition-mention:31410aacef4f7376,Phù nề chung và xơ gan cổ trướng,phu ne chung va xo gan co truong,1,edema,Phù,clinical_finding,systemic,,,,,,Phù nề chung và xơ gan cổ trướng,and,true,medium,not_requested,matched,needs_review,Khớp alias/thuật ngữ bằng rule tất định; bắt buộc duyệt thủ công.,,
condition-mention:23af8925df42f093,Phụ nữ cho con bú,phu nu cho con bu,1,breastfeeding,Cho con bú,special_condition,special,,,,,,Phụ nữ cho con bú,unclear,true,medium,not_requested,matched,needs_review,Khớp alias/thuật ngữ bằng rule tất định; bắt buộc duyệt thủ công.,,
condition-mention:23af8925df42f093,Phụ nữ cho con bú,phu nu cho con bu,1,edema,Phù,clinical_finding,systemic,,,,,,Phụ nữ cho con bú,unclear,true,medium,not_requested,matched,needs_review,Khớp alias/thuật ngữ bằng rule tất định; bắt buộc duyệt thủ công.,,
condition-mention:55dba21da08839b1,Phụ nữ có thai hoặc nghi ngờ đang có thai,phu nu co thai hoac nghi ngo dang co thai,1,pregnancy,Mang thai,special_condition,special,,,,,,Phụ nữ có thai hoặc nghi ngờ đang có thai,or,true,medium,not_requested,matched,needs_review,Khớp alias/thuật ngữ bằng rule tất định; bắt buộc duyệt thủ công.,,
condition-mention:55dba21da08839b1,Phụ nữ có thai hoặc nghi ngờ đang có thai,phu nu co thai hoac nghi ngo dang co thai,1,edema,Phù,clinical_finding,systemic,,,,,,Phụ nữ có thai hoặc nghi ngờ đang có thai,or,true,medium,not_requested,matched,needs_review,Khớp alias/thuật ngữ bằng rule tất định; bắt buộc duyệt thủ công.,,
condition-mention:b229af881fa7015a,Phụ nữ có thai và cho con bú,phu nu co thai va cho con bu,1,pregnancy,Mang thai,special_condition,special,,,,,,Phụ nữ có thai và cho con bú,and,true,medium,not_requested,matched,needs_review,Khớp alias/thuật ngữ bằng rule tất định; bắt buộc duyệt thủ công.,,
condition-mention:b229af881fa7015a,Phụ nữ có thai và cho con bú,phu nu co thai va cho con bu,1,breastfeeding,Cho con bú,special_condition,special,,,,,,Phụ nữ có thai và cho con bú,and,true,medium,not_requested,matched,needs_review,Khớp alias/thuật ngữ bằng rule tất định; bắt buộc duyệt thủ công.,,
condition-mention:b229af881fa7015a,Phụ nữ có thai và cho con bú,phu nu co thai va cho con bu,1,edema,Phù,clinical_finding,systemic,,,,,,Phụ nữ có thai và cho con bú,and,true,medium,not_requested,matched,needs_review,Khớp alias/thuật ngữ bằng rule tất định; bắt buộc duyệt thủ công.,,
condition-mention:98f76773929ef4e2,Phụ nữ có thai và đang cho con bú,phu nu co thai va dang cho con bu,1,pregnancy,Mang thai,special_condition,special,,,,,,Phụ nữ có thai và đang cho con bú,and,true,medium,not_requested,matched,needs_review,Khớp alias/thuật ngữ bằng rule tất định; bắt buộc duyệt thủ công.,,
condition-mention:98f76773929ef4e2,Phụ nữ có thai và đang cho con bú,phu nu co thai va dang cho con bu,1,breastfeeding,Cho con bú,special_condition,special,,,,,,Phụ nữ có thai và đang cho con bú,and,true,medium,not_requested,matched,needs_review,Khớp alias/thuật ngữ bằng rule tất định; bắt buộc duyệt thủ công.,,
condition-mention:98f76773929ef4e2,Phụ nữ có thai và đang cho con bú,phu nu co thai va dang cho con bu,1,edema,Phù,clinical_finding,systemic,,,,,,Phụ nữ có thai và đang cho con bú,and,true,medium,not_requested,matched,needs_review,Khớp alias/thuật ngữ bằng rule tất định; bắt buộc duyệt thủ công.,,
condition-mention:87b47d58e133f222,Phụ nữ mang thai (3 tháng đầu) và cho con bú,phu nu mang thai 3 thang dau va cho con bu,1,pregnancy,Mang thai,special_condition,special,,,,,,Phụ nữ mang thai (3 tháng đầu) và cho con bú,and,true,medium,not_requested,matched,needs_review,Khớp alias/thuật ngữ bằng rule tất định; bắt buộc duyệt thủ công.,,
condition-mention:87b47d58e133f222,Phụ nữ mang thai (3 tháng đầu) và cho con bú,phu nu mang thai 3 thang dau va cho con bu,1,breastfeeding,Cho con bú,special_condition,special,,,,,,Phụ nữ mang thai (3 tháng đầu) và cho con bú,and,true,medium,not_requested,matched,needs_review,Khớp alias/thuật ngữ bằng rule tất định; bắt buộc duyệt thủ công.,,
condition-mention:87b47d58e133f222,Phụ nữ mang thai (3 tháng đầu) và cho con bú,phu nu mang thai 3 thang dau va cho con bu,1,edema,Phù,clinical_finding,systemic,,,,,,Phụ nữ mang thai (3 tháng đầu) và cho con bú,and,true,medium,not_requested,matched,needs_review,Khớp alias/thuật ngữ bằng rule tất định; bắt buộc duyệt thủ công.,,
condition-mention:408b0a63146ce7bf,Phụ nữ mang thai và cho con bú,phu nu mang thai va cho con bu,1,pregnancy,Mang thai,special_condition,special,,,,,,Phụ nữ mang thai và cho con bú,and,true,medium,not_requested,matched,needs_review,Khớp alias/thuật ngữ bằng rule tất định; bắt buộc duyệt thủ công.,,
condition-mention:408b0a63146ce7bf,Phụ nữ mang thai và cho con bú,phu nu mang thai va cho con bu,1,breastfeeding,Cho con bú,special_condition,special,,,,,,Phụ nữ mang thai và cho con bú,and,true,medium,not_requested,matched,needs_review,Khớp alias/thuật ngữ bằng rule tất định; bắt buộc duyệt thủ công.,,
condition-mention:408b0a63146ce7bf,Phụ nữ mang thai và cho con bú,phu nu mang thai va cho con bu,1,edema,Phù,clinical_finding,systemic,,,,,,Phụ nữ mang thai và cho con bú,and,true,medium,not_requested,matched,needs_review,Khớp alias/thuật ngữ bằng rule tất định; bắt buộc duyệt thủ công.,,
condition-mention:f3116fcc397934af,Phù phổi,phu phoi,1,pulmonary_edema,Phù phổi,clinical_finding,respiratory,,,,,,Phù phổi,unclear,true,medium,not_requested,matched,needs_review,Khớp alias/thuật ngữ bằng rule tất định; bắt buộc duyệt thủ công.,,
condition-mention:f3116fcc397934af,Phù phổi,phu phoi,1,edema,Phù,clinical_finding,systemic,,,,,,Phù phổi,unclear,true,medium,not_requested,matched,needs_review,Khớp alias/thuật ngữ bằng rule tất định; bắt buộc duyệt thủ công.,,
condition-mention:4671f65f95734305,"Phù phổi, sung huyết phổi","phu phoi, sung huyet phoi",1,pulmonary_edema,Phù phổi,clinical_finding,respiratory,,,,,,"Phù phổi, sung huyết phổi",unclear,true,medium,not_requested,matched,needs_review,Khớp alias/thuật ngữ bằng rule tất định; bắt buộc duyệt thủ công.,,
condition-mention:4671f65f95734305,"Phù phổi, sung huyết phổi","phu phoi, sung huyet phoi",1,edema,Phù,clinical_finding,systemic,,,,,,"Phù phổi, sung huyết phổi",unclear,true,medium,not_requested,matched,needs_review,Khớp alias/thuật ngữ bằng rule tất định; bắt buộc duyệt thủ công.,,
condition-mention:c05be97cc61a238c,Phụ thuộc máy tạo nhịp tim (nhịp tim phụ thuộc hoàn toàn vào máy tạo nhịp),phu thuoc may tao nhip tim nhip tim phu thuoc hoan toan vao may tao nhip,1,edema,Phù,clinical_finding,systemic,,,,,nhịp tim (nhịp tim phụ thuộc hoàn toàn vào máy tạo nhịp,Phụ thuộc máy tạo nhịp tim (nhịp tim phụ thuộc hoàn toàn vào máy tạo nhịp),single,false,medium,not_requested,matched,needs_review,Khớp alias/thuật ngữ bằng rule tất định; bắt buộc duyệt thủ công.,,
condition-mention:534cb0db737a6b6e,Phụ thuộc máy tạo nhịp tim (tần số tim phụ thuộc hoàn toàn vào máy tạo nhịp),phu thuoc may tao nhip tim tan so tim phu thuoc hoan toan vao may tao nhip,1,edema,Phù,clinical_finding,systemic,,,,,nhịp tim (tần số tim phụ thuộc hoàn toàn vào máy tạo nhịp,Phụ thuộc máy tạo nhịp tim (tần số tim phụ thuộc hoàn toàn vào máy tạo nhịp),single,false,medium,not_requested,matched,needs_review,Khớp alias/thuật ngữ bằng rule tất định; bắt buộc duyệt thủ công.,,
condition-mention:8bfdd31ebdfb65d9,Quá liều vitamin D,qua lieu vitamin d,1,hypervitaminosis_d,Thừa vitamin D,clinical_finding,metabolic,,,,,,Quá liều vitamin D,single,false,medium,not_requested,matched,needs_review,Khớp alias/thuật ngữ bằng rule tất định; bắt buộc duyệt thủ công.,,
condition-mention:88331c6b8c67babc,Quá mẫn với các thuốc có nguồn gốc sulfonamid,qua man voi cac thuoc co nguon goc sulfonamid,1,drug_allergy,Dị ứng thuốc,disease,immune,,chronic,,,,Quá mẫn với các thuốc có nguồn gốc sulfonamid,single,false,medium,not_requested,matched,needs_review,Khớp alias/thuật ngữ bằng rule tất định; bắt buộc duyệt thủ công.,,
condition-mention:06f5368f3c94674f,Quá tải chất sắt,qua tai chat sat,1,iron_overload,Quá tải sắt,clinical_finding,metabolic,,,,,,Quá tải chất sắt,single,false,medium,not_requested,matched,needs_review,Khớp alias/thuật ngữ bằng rule tất định; bắt buộc duyệt thủ công.,,
condition-mention:142fd63d3bccfc5a,Rối loạn cảm xúc nghiêm trọng,roi loan cam xuc nghiem trong,1,emotional_disorder,Rối loạn cảm xúc,disease,psychiatric,severe,,,,,Rối loạn cảm xúc nghiêm trọng,single,false,medium,not_requested,matched,needs_review,Khớp alias/thuật ngữ bằng rule tất định; bắt buộc duyệt thủ công.,,
condition-mention:b531c3bd10e5de12,"rối loạn chảy máu (bệnh ưa chảy máu, bệnh gan hoặc thiếu hụt Vitamin K)","roi loan chay mau benh ua chay mau, benh gan hoac thieu hut vitamin k",1,liver_disease,Bệnh gan,disease,hepatic,,,,,,"rối loạn chảy máu (bệnh ưa chảy máu, bệnh gan hoặc thiếu hụt Vitamin K)",or,true,medium,not_requested,matched,needs_review,Khớp alias/thuật ngữ bằng rule tất định; bắt buộc duyệt thủ công.,,
condition-mention:b531c3bd10e5de12,"rối loạn chảy máu (bệnh ưa chảy máu, bệnh gan hoặc thiếu hụt Vitamin K)","roi loan chay mau benh ua chay mau, benh gan hoac thieu hut vitamin k",1,active_bleeding,Đang xuất huyết,clinical_finding,hematologic,,,,,,"rối loạn chảy máu (bệnh ưa chảy máu, bệnh gan hoặc thiếu hụt Vitamin K)",or,true,medium,not_requested,matched,needs_review,Khớp alias/thuật ngữ bằng rule tất định; bắt buộc duyệt thủ công.,,
condition-mention:b531c3bd10e5de12,"rối loạn chảy máu (bệnh ưa chảy máu, bệnh gan hoặc thiếu hụt Vitamin K)","roi loan chay mau benh ua chay mau, benh gan hoac thieu hut vitamin k",1,bleeding_disorder,Rối loạn chảy máu/đông máu,disease,hematologic,,,,,,"rối loạn chảy máu (bệnh ưa chảy máu, bệnh gan hoặc thiếu hụt Vitamin K)",or,true,medium,not_requested,matched,needs_review,Khớp alias/thuật ngữ bằng rule tất định; bắt buộc duyệt thủ công.,,
condition-mention:801113b68242eae3,Rối loạn chảy máu hoặc đông máu; rối loạn đông máu nghiêm trọng,roi loan chay mau hoac dong mau; roi loan dong mau nghiem trong,1,active_bleeding,Đang xuất huyết,clinical_finding,hematologic,,,,,,Rối loạn chảy máu hoặc đông máu; rối loạn đông máu nghiêm trọng,or,true,medium,not_requested,matched,needs_review,Khớp alias/thuật ngữ bằng rule tất định; bắt buộc duyệt thủ công.,,
condition-mention:801113b68242eae3,Rối loạn chảy máu hoặc đông máu; rối loạn đông máu nghiêm trọng,roi loan chay mau hoac dong mau; roi loan dong mau nghiem trong,1,bleeding_disorder,Rối loạn chảy máu/đông máu,disease,hematologic,,,,,,Rối loạn chảy máu hoặc đông máu; rối loạn đông máu nghiêm trọng,or,true,medium,not_requested,matched,needs_review,Khớp alias/thuật ngữ bằng rule tất định; bắt buộc duyệt thủ công.,,
condition-mention:aba90b2746805875,Rối loạn chức năng gan (bao gồm xơ gan ứ mật và bất thường chức năng gan kéo dài không rõ nguyên nhân),roi loan chuc nang gan bao gom xo gan u mat va bat thuong chuc nang gan keo dai khong ro nguyen nhan,1,cirrhosis,Xơ gan,disease,hepatic,,,,,,Rối loạn chức năng gan (bao gồm xơ gan ứ mật và bất thường chức năng gan kéo dài không rõ nguyên nhân),and,true,medium,not_requested,matched,needs_review,Khớp alias/thuật ngữ bằng rule tất định; bắt buộc duyệt thủ công.,,
condition-mention:aba90b2746805875,Rối loạn chức năng gan (bao gồm xơ gan ứ mật và bất thường chức năng gan kéo dài không rõ nguyên nhân),roi loan chuc nang gan bao gom xo gan u mat va bat thuong chuc nang gan keo dai khong ro nguyen nhan,1,cholestasis,Ứ mật,disease,hepatic,,,,,,Rối loạn chức năng gan (bao gồm xơ gan ứ mật và bất thường chức năng gan kéo dài không rõ nguyên nhân),and,true,medium,not_requested,matched,needs_review,Khớp alias/thuật ngữ bằng rule tất định; bắt buộc duyệt thủ công.,,
condition-mention:aba90b2746805875,Rối loạn chức năng gan (bao gồm xơ gan ứ mật và bất thường chức năng gan kéo dài không rõ nguyên nhân),roi loan chuc nang gan bao gom xo gan u mat va bat thuong chuc nang gan keo dai khong ro nguyen nhan,1,hepatic_impairment,Suy giảm chức năng gan,organ_impairment,hepatic,,,,,,Rối loạn chức năng gan (bao gồm xơ gan ứ mật và bất thường chức năng gan kéo dài không rõ nguyên nhân),and,true,medium,not_requested,matched,needs_review,Khớp alias/thuật ngữ bằng rule tất định; bắt buộc duyệt thủ công.,,
condition-mention:e1447567749f7286,rối loạn chức năng gan hoặc suy gan,roi loan chuc nang gan hoac suy gan,1,hepatic_impairment,Suy giảm chức năng gan,organ_impairment,hepatic,,,,,,rối loạn chức năng gan hoặc suy gan,or,true,medium,not_requested,matched,needs_review,Khớp alias/thuật ngữ bằng rule tất định; bắt buộc duyệt thủ công.,,
condition-mention:f5b0ba68801c0514,Rối loạn chức năng gan hoặc thận nhẹ và vừa,roi loan chuc nang gan hoac than nhe va vua,1,hepatic_impairment,Suy giảm chức năng gan,organ_impairment,hepatic,mild,,,,,Rối loạn chức năng gan hoặc thận nhẹ và vừa,mixed,true,medium,not_requested,matched,needs_review,Khớp alias/thuật ngữ bằng rule tất định; bắt buộc duyệt thủ công.,,
condition-mention:ce315443b2944b53,Rối loạn chức năng gan liên quan đến điều trị bằng methyldopa trước đây,roi loan chuc nang gan lien quan den dieu tri bang methyldopa truoc day,1,hepatic_impairment,Suy giảm chức năng gan,organ_impairment,hepatic,,,,,,Rối loạn chức năng gan liên quan đến điều trị bằng methyldopa trước đây,single,false,medium,not_requested,matched,needs_review,Khớp alias/thuật ngữ bằng rule tất định; bắt buộc duyệt thủ công.,,
condition-mention:c6169c82ed2fca83,Rối loạn chức năng gan mật,roi loan chuc nang gan mat,1,hepatic_impairment,Suy giảm chức năng gan,organ_impairment,hepatic,,,,,,Rối loạn chức năng gan mật,single,false,medium,not_requested,matched,needs_review,Khớp alias/thuật ngữ bằng rule tất định; bắt buộc duyệt thủ công.,,
condition-mention:09a4968b2d96fec2,Rối loạn chức năng gan nghiêm trọng,roi loan chuc nang gan nghiem trong,1,hepatic_impairment,Suy giảm chức năng gan,organ_impairment,hepatic,severe,,,,,Rối loạn chức năng gan nghiêm trọng,single,false,medium,not_requested,matched,needs_review,Khớp alias/thuật ngữ bằng rule tất định; bắt buộc duyệt thủ công.,,
condition-mention:7a2ff6a4e82e21fc,"Rối loạn chức năng gan, tắc mật nghiêm trọng hoặc suy gan nặng","roi loan chuc nang gan, tac mat nghiem trong hoac suy gan nang",1,biliary_obstruction,Tắc nghẽn đường mật,disease,hepatic,,,,,,"Rối loạn chức năng gan, tắc mật nghiêm trọng hoặc suy gan nặng",or,true,medium,not_requested,matched,needs_review,Khớp alias/thuật ngữ bằng rule tất định; bắt buộc duyệt thủ công.,,
condition-mention:7a2ff6a4e82e21fc,"Rối loạn chức năng gan, tắc mật nghiêm trọng hoặc suy gan nặng","roi loan chuc nang gan, tac mat nghiem trong hoac suy gan nang",1,hepatic_impairment,Suy giảm chức năng gan,organ_impairment,hepatic,,,,,,"Rối loạn chức năng gan, tắc mật nghiêm trọng hoặc suy gan nặng",or,true,medium,not_requested,matched,needs_review,Khớp alias/thuật ngữ bằng rule tất định; bắt buộc duyệt thủ công.,,
condition-mention:84836c23c2fbedbe,"Rối loạn chức năng gan, thận","roi loan chuc nang gan, than",1,hepatic_impairment,Suy giảm chức năng gan,organ_impairment,hepatic,,,,,,"Rối loạn chức năng gan, thận",unclear,true,medium,not_requested,matched,needs_review,Khớp alias/thuật ngữ bằng rule tất định; bắt buộc duyệt thủ công.,,
condition-mention:fb0c2c164ba6f775,Rối loạn chức năng tâm thất / Suy tim sung huyết (CHF),roi loan chuc nang tam that suy tim sung huyet chf,1,heart_failure,Suy tim,disease,cardiovascular,,,,,,Rối loạn chức năng tâm thất / Suy tim sung huyết (CHF),unclear,true,medium,not_requested,matched,needs_review,Khớp alias/thuật ngữ bằng rule tất định; bắt buộc duyệt thủ công.,,
condition-mention:51b0c6c5e295dd98,Rối loạn chức năng thận nặng,roi loan chuc nang than nang,1,renal_impairment,Suy giảm chức năng thận,organ_impairment,renal,severe,,,,,Rối loạn chức năng thận nặng,single,false,medium,not_requested,matched,needs_review,Khớp alias/thuật ngữ bằng rule tất định; bắt buộc duyệt thủ công.,,
condition-mention:d02b2d605994519e,Rối loạn chức năng thất trái,roi loan chuc nang that trai,1,left_ventricular_dysfunction,Rối loạn chức năng thất trái,disease,cardiovascular,,,,,,Rối loạn chức năng thất trái,single,false,medium,not_requested,matched,needs_review,Khớp alias/thuật ngữ bằng rule tất định; bắt buộc duyệt thủ công.,,
condition-mention:5ba1347363c084d5,Rối loạn chức năng tuyến giáp,roi loan chuc nang tuyen giap,1,thyroid_disease,Bệnh tuyến giáp,disease,endocrine,,,,,,Rối loạn chức năng tuyến giáp,single,false,medium,not_requested,matched,needs_review,Khớp alias/thuật ngữ bằng rule tất định; bắt buộc duyệt thủ công.,,
condition-mention:5a735d8fa85db147,Rối loạn chuyển hóa acid amin ngoài rối loạn do gan,roi loan chuyen hoa acid amin ngoai roi loan do gan,1,amino_acid_metabolism_disorder,Rối loạn chuyển hóa acid amin,disease,metabolic,,,,,,Rối loạn chuyển hóa acid amin ngoài rối loạn do gan,single,false,medium,not_requested,matched,needs_review,Khớp alias/thuật ngữ bằng rule tất định; bắt buộc duyệt thủ công.,,
condition-mention:4af49d8be530141c,rối loạn chuyển hoá axit amin,roi loan chuyen hoa axit amin,1,amino_acid_metabolism_disorder,Rối loạn chuyển hóa acid amin,disease,metabolic,,,,,,rối loạn chuyển hoá axit amin,single,false,medium,not_requested,matched,needs_review,Khớp alias/thuật ngữ bằng rule tất định; bắt buộc duyệt thủ công.,,
condition-mention:8bdafa37244fb1ee,Rối loạn chuyển hoá calci,roi loan chuyen hoa calci,1,calcium_metabolism_disorder,Rối loạn chuyển hóa calci,disease,metabolic,,,,,,Rối loạn chuyển hoá calci,single,false,medium,not_requested,matched,needs_review,Khớp alias/thuật ngữ bằng rule tất định; bắt buộc duyệt thủ công.,,
condition-mention:f226c21e8ac7ecfe,Rối loạn chuyển hóa calci (tăng calci máu và tăng calci niệu),roi loan chuyen hoa calci tang calci mau va tang calci nieu,1,hypercalcemia,Tăng calci máu,clinical_finding,electrolyte,,,,,,Rối loạn chuyển hóa calci (tăng calci máu và tăng calci niệu),and,true,medium,not_requested,matched,needs_review,Khớp alias/thuật ngữ bằng rule tất định; bắt buộc duyệt thủ công.,,
condition-mention:f226c21e8ac7ecfe,Rối loạn chuyển hóa calci (tăng calci máu và tăng calci niệu),roi loan chuyen hoa calci tang calci mau va tang calci nieu,1,hypercalciuria,Tăng calci niệu,clinical_finding,electrolyte,,,,,,Rối loạn chuyển hóa calci (tăng calci máu và tăng calci niệu),and,true,medium,not_requested,matched,needs_review,Khớp alias/thuật ngữ bằng rule tất định; bắt buộc duyệt thủ công.,,
condition-mention:f226c21e8ac7ecfe,Rối loạn chuyển hóa calci (tăng calci máu và tăng calci niệu),roi loan chuyen hoa calci tang calci mau va tang calci nieu,1,calcium_metabolism_disorder,Rối loạn chuyển hóa calci,disease,metabolic,,,,,,Rối loạn chuyển hóa calci (tăng calci máu và tăng calci niệu),and,true,medium,not_requested,matched,needs_review,Khớp alias/thuật ngữ bằng rule tất định; bắt buộc duyệt thủ công.,,
condition-mention:193cdfa47a788885,Rối loạn chuyển hóa liên quan đến lactose,roi loan chuyen hoa lien quan den lactose,1,lactose_metabolism_disorder,Rối loạn chuyển hóa lactose,disease,metabolic,,,,,,Rối loạn chuyển hóa liên quan đến lactose,single,false,medium,not_requested,matched,needs_review,Khớp alias/thuật ngữ bằng rule tất định; bắt buộc duyệt thủ công.,,
condition-mention:94ce62439980e0d2,rối loạn chuyển hóa (phenylketonuria) di truyền,roi loan chuyen hoa phenylketonuria di truyen,1,phenylketonuria,Phenylketon niệu,disease,metabolic,,,,,,rối loạn chuyển hóa (phenylketonuria) di truyền,single,false,medium,not_requested,matched,needs_review,Khớp alias/thuật ngữ bằng rule tất định; bắt buộc duyệt thủ công.,,
condition-mention:edc2800c19b8cb2f,Rối loạn chuyển hóa porphyria,roi loan chuyen hoa porphyria,1,porphyria,Rối loạn chuyển hóa porphyrin,disease,metabolic,,,,,,Rối loạn chuyển hóa porphyria,single,false,medium,not_requested,matched,needs_review,Khớp alias/thuật ngữ bằng rule tất định; bắt buộc duyệt thủ công.,,
condition-mention:1fe1e5a36a296444,Rối loạn chuyển hóa porphyrin cấp tính,roi loan chuyen hoa porphyrin cap tinh,1,porphyria,Rối loạn chuyển hóa porphyrin,disease,metabolic,,acute,,,,Rối loạn chuyển hóa porphyrin cấp tính,single,false,medium,not_requested,matched,needs_review,Khớp alias/thuật ngữ bằng rule tất định; bắt buộc duyệt thủ công.,,
condition-mention:b46dff0ced1ea3e5,Rối loạn chuyển hóa Porphyrin da muộn,roi loan chuyen hoa porphyrin da muon,1,porphyria,Rối loạn chuyển hóa porphyrin,disease,metabolic,,,,,,Rối loạn chuyển hóa Porphyrin da muộn,single,false,medium,not_requested,matched,needs_review,Khớp alias/thuật ngữ bằng rule tất định; bắt buộc duyệt thủ công.,,
condition-mention:894963eff07c7c40,Rối loạn chuyển hóa porphyrin phải trải qua quá trình thẩm phân máu,roi loan chuyen hoa porphyrin phai trai qua qua trinh tham phan mau,1,dialysis,Đang điều trị thay thế thận/lọc máu,procedure_state,renal,,,,,,Rối loạn chuyển hóa porphyrin phải trải qua quá trình thẩm phân máu,unclear,true,medium,not_requested,matched,needs_review,Khớp alias/thuật ngữ bằng rule tất định; bắt buộc duyệt thủ công.,,
condition-mention:894963eff07c7c40,Rối loạn chuyển hóa porphyrin phải trải qua quá trình thẩm phân máu,roi loan chuyen hoa porphyrin phai trai qua qua trinh tham phan mau,1,porphyria,Rối loạn chuyển hóa porphyrin,disease,metabolic,,,,,,Rối loạn chuyển hóa porphyrin phải trải qua quá trình thẩm phân máu,unclear,true,medium,not_requested,matched,needs_review,Khớp alias/thuật ngữ bằng rule tất định; bắt buộc duyệt thủ công.,,
condition-mention:376d7be4302a74ca,Rối loạn dẫn truyền nhĩ thất,roi loan dan truyen nhi that,1,atrioventricular_block,Blốc nhĩ thất,disease,cardiovascular,,,,,,Rối loạn dẫn truyền nhĩ thất,single,false,medium,not_requested,matched,needs_review,Khớp alias/thuật ngữ bằng rule tất định; bắt buộc duyệt thủ công.,,
condition-mention:f2b4639e114b1b60,"Rối loạn dẫn truyền thần kinh cơ (bệnh nhược cơ, hội chứng Eaton-Lambert, loạn dưỡng cơ Duchene tăng)","roi loan dan truyen than kinh co benh nhuoc co, hoi chung eaton lambert, loan duong co duchene tang",1,myasthenia_gravis,Nhược cơ,disease,neuromuscular,,,,,,"Rối loạn dẫn truyền thần kinh cơ (bệnh nhược cơ, hội chứng Eaton-Lambert, loạn dưỡng cơ Duchene tăng)",single,false,medium,not_requested,matched,needs_review,Khớp alias/thuật ngữ bằng rule tất định; bắt buộc duyệt thủ công.,,
condition-mention:cc38ed359e794f6c,"Rối loạn di truyền hiếm gặp như không dung nạp galactose, thiếu hụt lactase hoàn toàn hoặc kém hấp thu glucose, galactose","roi loan di truyen hiem gap nhu khong dung nap galactose, thieu hut lactase hoan toan hoac kem hap thu glucose, galactose",1,hereditary_galactose_intolerance,Không dung nạp galactose di truyền,disease,metabolic,,,,,,"Rối loạn di truyền hiếm gặp như không dung nạp galactose, thiếu hụt lactase hoàn toàn hoặc kém hấp thu glucose, galactose",or,true,medium,not_requested,matched,needs_review,Khớp alias/thuật ngữ bằng rule tất định; bắt buộc duyệt thủ công.,,
condition-mention:cc38ed359e794f6c,"Rối loạn di truyền hiếm gặp như không dung nạp galactose, thiếu hụt lactase hoàn toàn hoặc kém hấp thu glucose, galactose","roi loan di truyen hiem gap nhu khong dung nap galactose, thieu hut lactase hoan toan hoac kem hap thu glucose, galactose",1,glucose_galactose_malabsorption,Kém hấp thu glucose-galactose,disease,metabolic,,,,,,"Rối loạn di truyền hiếm gặp như không dung nạp galactose, thiếu hụt lactase hoàn toàn hoặc kém hấp thu glucose, galactose",or,true,medium,not_requested,matched,needs_review,Khớp alias/thuật ngữ bằng rule tất định; bắt buộc duyệt thủ công.,,
condition-mention:cc38ed359e794f6c,"Rối loạn di truyền hiếm gặp như không dung nạp galactose, thiếu hụt lactase hoàn toàn hoặc kém hấp thu glucose, galactose","roi loan di truyen hiem gap nhu khong dung nap galactose, thieu hut lactase hoan toan hoac kem hap thu glucose, galactose",1,lactase_deficiency,Thiếu hụt lactase,disease,metabolic,,,,,,"Rối loạn di truyền hiếm gặp như không dung nạp galactose, thiếu hụt lactase hoàn toàn hoặc kém hấp thu glucose, galactose",or,true,medium,not_requested,matched,needs_review,Khớp alias/thuật ngữ bằng rule tất định; bắt buộc duyệt thủ công.,,
condition-mention:6edd28c269ecab30,"Rối loạn di truyền hiếm gặp về dung nạp galactose, chứng thiếu hụt lactose Lapp hoặc rối loạn hấp thu glucose-galactose","roi loan di truyen hiem gap ve dung nap galactose, chung thieu hut lactose lapp hoac roi loan hap thu glucose galactose",1,glucose_galactose_malabsorption,Kém hấp thu glucose-galactose,disease,metabolic,,,,,,"Rối loạn di truyền hiếm gặp về dung nạp galactose, chứng thiếu hụt lactose Lapp hoặc rối loạn hấp thu glucose-galactose",or,true,medium,not_requested,matched,needs_review,Khớp alias/thuật ngữ bằng rule tất định; bắt buộc duyệt thủ công.,,
condition-mention:fe19e8264ca24ba1,"Rối loạn điện giải (Mức kali hoặc natri trong máu thấp, mức calci trong máu cao)","roi loan dien giai muc kali hoac natri trong mau thap, muc calci trong mau cao",1,electrolyte_disorder,Rối loạn điện giải,clinical_finding,electrolyte,,,,,,"Rối loạn điện giải (Mức kali hoặc natri trong máu thấp, mức calci trong máu cao)",or,true,medium,not_requested,matched,needs_review,Khớp alias/thuật ngữ bằng rule tất định; bắt buộc duyệt thủ công.,,
condition-mention:c524852fa20154d9,Rối loạn điện giải trước đó,roi loan dien giai truoc do,1,electrolyte_disorder,Rối loạn điện giải,clinical_finding,electrolyte,,,,,,Rối loạn điện giải trước đó,single,false,medium,not_requested,matched,needs_review,Khớp alias/thuật ngữ bằng rule tất định; bắt buộc duyệt thủ công.,,
condition-mention:4754ce5accbac988,"Rối loạn đông máu nặng, viêm màng trong tim nhiễm khuẩn, chọc dò tủy sống hoặc quanh màng cứng và phong bế giao cảm","roi loan dong mau nang, viem mang trong tim nhiem khuan, choc do tuy song hoac quanh mang cung va phong be giao cam",1,bleeding_disorder,Rối loạn chảy máu/đông máu,disease,hematologic,,,,,,"Rối loạn đông máu nặng, viêm màng trong tim nhiễm khuẩn, chọc dò tủy sống hoặc quanh màng cứng và phong bế giao cảm",mixed,true,medium,not_requested,matched,needs_review,Khớp alias/thuật ngữ bằng rule tất định; bắt buộc duyệt thủ công.,,
condition-mention:4754ce5accbac988,"Rối loạn đông máu nặng, viêm màng trong tim nhiễm khuẩn, chọc dò tủy sống hoặc quanh màng cứng và phong bế giao cảm","roi loan dong mau nang, viem mang trong tim nhiem khuan, choc do tuy song hoac quanh mang cung va phong be giao cam",1,infection,Nhiễm trùng/nhiễm khuẩn,disease,infectious,,,,,,"Rối loạn đông máu nặng, viêm màng trong tim nhiễm khuẩn, chọc dò tủy sống hoặc quanh màng cứng và phong bế giao cảm",mixed,true,medium,not_requested,matched,needs_review,Khớp alias/thuật ngữ bằng rule tất định; bắt buộc duyệt thủ công.,,
condition-mention:9169543e15cdb2fc,"Rối loạn đông máu, đang điều trị với thuốc chống đông","roi loan dong mau, dang dieu tri voi thuoc chong dong",1,anticoagulant_use,Đang dùng thuốc chống đông,treatment_state,special,,,,,,"Rối loạn đông máu, đang điều trị với thuốc chống đông",unclear,true,medium,not_requested,matched,needs_review,Khớp alias/thuật ngữ bằng rule tất định; bắt buộc duyệt thủ công.,,
condition-mention:9169543e15cdb2fc,"Rối loạn đông máu, đang điều trị với thuốc chống đông","roi loan dong mau, dang dieu tri voi thuoc chong dong",1,bleeding_disorder,Rối loạn chảy máu/đông máu,disease,hematologic,,,,,,"Rối loạn đông máu, đang điều trị với thuốc chống đông",unclear,true,medium,not_requested,matched,needs_review,Khớp alias/thuật ngữ bằng rule tất định; bắt buộc duyệt thủ công.,,
condition-mention:607f44fdeced9177,"Rối loạn dung nạp fructose, hấp thu kém glucose và galactose hoặc thiếu enzym tiêu hóa sucrose và isomaltase","roi loan dung nap fructose, hap thu kem glucose va galactose hoac thieu enzym tieu hoa sucrose va isomaltase",1,glucose_galactose_malabsorption,Kém hấp thu glucose-galactose,disease,metabolic,,,,,,"Rối loạn dung nạp fructose, hấp thu kém glucose và galactose hoặc thiếu enzym tiêu hóa sucrose và isomaltase",mixed,true,medium,not_requested,matched,needs_review,Khớp alias/thuật ngữ bằng rule tất định; bắt buộc duyệt thủ công.,,
condition-mention:347158d4eabf0d27,"Rối loạn dung nạp glucose, chứng thiếu hụt lactase Lapp hoặc rối loạn hấp thu glucose-galactose","roi loan dung nap glucose, chung thieu hut lactase lapp hoac roi loan hap thu glucose galactose",1,glucose_galactose_malabsorption,Kém hấp thu glucose-galactose,disease,metabolic,,,,,,"Rối loạn dung nạp glucose, chứng thiếu hụt lactase Lapp hoặc rối loạn hấp thu glucose-galactose",or,true,medium,not_requested,matched,needs_review,Khớp alias/thuật ngữ bằng rule tất định; bắt buộc duyệt thủ công.,,
condition-mention:347158d4eabf0d27,"Rối loạn dung nạp glucose, chứng thiếu hụt lactase Lapp hoặc rối loạn hấp thu glucose-galactose","roi loan dung nap glucose, chung thieu hut lactase lapp hoac roi loan hap thu glucose galactose",1,lactase_deficiency,Thiếu hụt lactase,disease,metabolic,,,,,,"Rối loạn dung nạp glucose, chứng thiếu hụt lactase Lapp hoặc rối loạn hấp thu glucose-galactose",or,true,medium,not_requested,matched,needs_review,Khớp alias/thuật ngữ bằng rule tất định; bắt buộc duyệt thủ công.,,
condition-mention:8a7f2d0f65bb8122,Rối loạn hoạt động cơ (nhược cơ hoặc Parkinson),roi loan hoat dong co nhuoc co hoac parkinson,1,parkinson_disease,Bệnh Parkinson,disease,neurologic,,,,,,Rối loạn hoạt động cơ (nhược cơ hoặc Parkinson),or,true,medium,not_requested,matched,needs_review,Khớp alias/thuật ngữ bằng rule tất định; bắt buộc duyệt thủ công.,,
condition-mention:8a7f2d0f65bb8122,Rối loạn hoạt động cơ (nhược cơ hoặc Parkinson),roi loan hoat dong co nhuoc co hoac parkinson,1,myasthenia_gravis,Nhược cơ,disease,neuromuscular,,,,,,Rối loạn hoạt động cơ (nhược cơ hoặc Parkinson),or,true,medium,not_requested,matched,needs_review,Khớp alias/thuật ngữ bằng rule tất định; bắt buộc duyệt thủ công.,,
condition-mention:4c44d35e9e0d833f,Rối loạn mạch thiếu máu cục bộ,roi loan mach thieu mau cuc bo,1,ischemia,Thiếu máu cục bộ,clinical_finding,cardiovascular,,,,,,Rối loạn mạch thiếu máu cục bộ,single,false,medium,not_requested,matched,needs_review,Khớp alias/thuật ngữ bằng rule tất định; bắt buộc duyệt thủ công.,,
condition-mention:e9ce08a65247d960,rối loạn máu,roi loan mau,1,bleeding_disorder,Rối loạn chảy máu/đông máu,disease,hematologic,,,,,,rối loạn máu,single,false,medium,not_requested,matched,needs_review,Khớp alias/thuật ngữ bằng rule tất định; bắt buộc duyệt thủ công.,,
condition-mention:4d4f10b833ca689e,Rối loạn nhân cách,roi loan nhan cach,1,personality_disorder,Rối loạn nhân cách,disease,psychiatric,,,,,,Rối loạn nhân cách,single,false,medium,not_requested,matched,needs_review,Khớp alias/thuật ngữ bằng rule tất định; bắt buộc duyệt thủ công.,,
condition-mention:7b9a4522a9645982,Rối loạn nhịp nhanh bệnh lý,roi loan nhip nhanh benh ly,1,arrhythmia,Rối loạn nhịp tim,disease,cardiovascular,,,,,,Rối loạn nhịp nhanh bệnh lý,single,false,medium,not_requested,matched,needs_review,Khớp alias/thuật ngữ bằng rule tất định; bắt buộc duyệt thủ công.,,
condition-mention:4857846589d21af5,rối loạn nhịp tim,roi loan nhip tim,1,arrhythmia,Rối loạn nhịp tim,disease,cardiovascular,,,,,nhịp tim,rối loạn nhịp tim,single,false,medium,not_requested,matched,needs_review,Khớp alias/thuật ngữ bằng rule tất định; bắt buộc duyệt thủ công.,,
condition-mention:7cbd0d65ea19a652,Rối loạn nhịp tim nặng,roi loan nhip tim nang,1,arrhythmia,Rối loạn nhịp tim,disease,cardiovascular,severe,,,,nhịp tim nặng,Rối loạn nhịp tim nặng,single,false,medium,not_requested,matched,needs_review,Khớp alias/thuật ngữ bằng rule tất định; bắt buộc duyệt thủ công.,,
condition-mention:fbf37e0a302a28bc,Rối loạn nhịp tim (nhịp tim <60bpm trước khi bắt đầu điều trị),roi loan nhip tim nhip tim <60bpm truoc khi bat dau dieu tri,1,arrhythmia,Rối loạn nhịp tim,disease,cardiovascular,,,,,nhịp tim (nhịp tim <60bpm trước khi bắt đầu điều trị,Rối loạn nhịp tim (nhịp tim <60bpm trước khi bắt đầu điều trị),single,false,medium,not_requested,matched,needs_review,Khớp alias/thuật ngữ bằng rule tất định; bắt buộc duyệt thủ công.,,
condition-mention:c391fb056d81ac03,Rối loạn nước và điện giải,roi loan nuoc va dien giai,1,electrolyte_disorder,Rối loạn điện giải,clinical_finding,electrolyte,,,,,,Rối loạn nước và điện giải,and,true,medium,not_requested,matched,needs_review,Khớp alias/thuật ngữ bằng rule tất định; bắt buộc duyệt thủ công.,,
condition-mention:472d9e2f4e896c39,Rối loạn phổi tắc nghẽn mạn tính,roi loan phoi tac nghen man tinh,1,copd,Bệnh phổi tắc nghẽn mạn tính,disease,respiratory,,chronic,,,,Rối loạn phổi tắc nghẽn mạn tính,single,false,medium,not_requested,matched,needs_review,Khớp alias/thuật ngữ bằng rule tất định; bắt buộc duyệt thủ công.,,
condition-mention:727a1c3c4278b7dd,Rối loạn sử dụng carbohydrat,roi loan su dung carbohydrat,1,carbohydrate_metabolism_disorder,Rối loạn chuyển hóa carbohydrat,disease,metabolic,,,,,,Rối loạn sử dụng carbohydrat,single,false,medium,not_requested,matched,needs_review,Khớp alias/thuật ngữ bằng rule tất định; bắt buộc duyệt thủ công.,,
condition-mention:ecd3673914d0dced,Rối loạn tắc nghẽn đường mật và suy gan nặng,roi loan tac nghen duong mat va suy gan nang,1,biliary_obstruction,Tắc nghẽn đường mật,disease,hepatic,,,,,,Rối loạn tắc nghẽn đường mật và suy gan nặng,and,true,medium,not_requested,matched,needs_review,Khớp alias/thuật ngữ bằng rule tất định; bắt buộc duyệt thủ công.,,
condition-mention:ecd3673914d0dced,Rối loạn tắc nghẽn đường mật và suy gan nặng,roi loan tac nghen duong mat va suy gan nang,1,hepatic_impairment,Suy giảm chức năng gan,organ_impairment,hepatic,,,,,,Rối loạn tắc nghẽn đường mật và suy gan nặng,and,true,medium,not_requested,matched,needs_review,Khớp alias/thuật ngữ bằng rule tất định; bắt buộc duyệt thủ công.,,
condition-mention:f7278c0d652fb849,Rối loạn tắc nghẽn mật,roi loan tac nghen mat,1,biliary_obstruction,Tắc nghẽn đường mật,disease,hepatic,,,,,,Rối loạn tắc nghẽn mật,single,false,medium,not_requested,matched,needs_review,Khớp alias/thuật ngữ bằng rule tất định; bắt buộc duyệt thủ công.,,
condition-mention:a8295d6ea9444914,Rối loạn tắc nghẽn mật / Ứ mật,roi loan tac nghen mat u mat,1,cholestasis,Ứ mật,disease,hepatic,,,,,,Rối loạn tắc nghẽn mật / Ứ mật,unclear,true,medium,not_requested,matched,needs_review,Khớp alias/thuật ngữ bằng rule tất định; bắt buộc duyệt thủ công.,,
condition-mention:a8295d6ea9444914,Rối loạn tắc nghẽn mật / Ứ mật,roi loan tac nghen mat u mat,1,biliary_obstruction,Tắc nghẽn đường mật,disease,hepatic,,,,,,Rối loạn tắc nghẽn mật / Ứ mật,unclear,true,medium,not_requested,matched,needs_review,Khớp alias/thuật ngữ bằng rule tất định; bắt buộc duyệt thủ công.,,
condition-mention:add43c6d2c6b55e2,Rối loạn tâm thần cấp tính,roi loan tam than cap tinh,1,psychotic_disorder,Rối loạn tâm thần,disease,psychiatric,,acute,,,,Rối loạn tâm thần cấp tính,single,false,medium,not_requested,matched,needs_review,Khớp alias/thuật ngữ bằng rule tất định; bắt buộc duyệt thủ công.,,
condition-mention:b2773ab256800b42,Rối loạn tâm thần nặng,roi loan tam than nang,1,psychotic_disorder,Rối loạn tâm thần,disease,psychiatric,severe,,,,,Rối loạn tâm thần nặng,single,false,medium,not_requested,matched,needs_review,Khớp alias/thuật ngữ bằng rule tất định; bắt buộc duyệt thủ công.,,
condition-mention:59eafff76f118921,Rối loạn tâm thần phân liệt,roi loan tam than phan liet,1,schizophrenia,Tâm thần phân liệt,disease,psychiatric,,,,,,Rối loạn tâm thần phân liệt,single,false,medium,not_requested,matched,needs_review,Khớp alias/thuật ngữ bằng rule tất định; bắt buộc duyệt thủ công.,,
condition-mention:ccb20abc0a801094,Rối loạn tạo máu,roi loan tao mau,1,bone_marrow_suppression,Suy tủy/rối loạn tạo máu,disease,hematologic,,,,,,Rối loạn tạo máu,single,false,medium,not_requested,matched,needs_review,Khớp alias/thuật ngữ bằng rule tất định; bắt buộc duyệt thủ công.,,
condition-mention:a43399f78b5094d5,"rối loạn thần kinh trung ương hay thần kinh ngoại biên, mãn tính hay đang tiến triển nặng","roi loan than kinh trung uong hay than kinh ngoai bien, man tinh hay dang tien trien nang",1,nervous_system_disease,Bệnh hệ thần kinh,disease,neurologic,severe,chronic,,,,"rối loạn thần kinh trung ương hay thần kinh ngoại biên, mãn tính hay đang tiến triển nặng",unclear,true,medium,not_requested,matched,needs_review,Khớp alias/thuật ngữ bằng rule tất định; bắt buộc duyệt thủ công.,,
condition-mention:b905dd9cb45ad8d6,Rối loạn thị giác kiểu loạn màu sắc mắc phải,roi loan thi giac kieu loan mau sac mac phai,1,bleeding_disorder,Rối loạn chảy máu/đông máu,disease,hematologic,,,,,,Rối loạn thị giác kiểu loạn màu sắc mắc phải,unclear,true,medium,not_requested,matched,needs_review,Khớp alias/thuật ngữ bằng rule tất định; bắt buộc duyệt thủ công.,,
condition-mention:b905dd9cb45ad8d6,Rối loạn thị giác kiểu loạn màu sắc mắc phải,roi loan thi giac kieu loan mau sac mac phai,1,color_vision_defect,Rối loạn sắc giác,disease,ophthalmic,,,,,,Rối loạn thị giác kiểu loạn màu sắc mắc phải,unclear,true,medium,not_requested,matched,needs_review,Khớp alias/thuật ngữ bằng rule tất định; bắt buộc duyệt thủ công.,,
condition-mention:012f0cc62ec2c7c8,"rối loạn tim mạch bao gồm nhịp tim chậm hoặc nhồi máu cơ tim, hạ huyết áp","roi loan tim mach bao gom nhip tim cham hoac nhoi mau co tim, ha huyet ap",1,hypotension,Hạ huyết áp,clinical_finding,cardiovascular,,,,,,"rối loạn tim mạch bao gồm nhịp tim chậm hoặc nhồi máu cơ tim, hạ huyết áp",or,true,medium,not_requested,matched,needs_review,Khớp alias/thuật ngữ bằng rule tất định; bắt buộc duyệt thủ công.,,
condition-mention:012f0cc62ec2c7c8,"rối loạn tim mạch bao gồm nhịp tim chậm hoặc nhồi máu cơ tim, hạ huyết áp","roi loan tim mach bao gom nhip tim cham hoac nhoi mau co tim, ha huyet ap",1,myocardial_infarction,Nhồi máu cơ tim,disease,cardiovascular,,,,,,"rối loạn tim mạch bao gồm nhịp tim chậm hoặc nhồi máu cơ tim, hạ huyết áp",or,true,medium,not_requested,matched,needs_review,Khớp alias/thuật ngữ bằng rule tất định; bắt buộc duyệt thủ công.,,
condition-mention:012f0cc62ec2c7c8,"rối loạn tim mạch bao gồm nhịp tim chậm hoặc nhồi máu cơ tim, hạ huyết áp","roi loan tim mach bao gom nhip tim cham hoac nhoi mau co tim, ha huyet ap",1,bradycardia,Nhịp tim chậm,clinical_finding,cardiovascular,,,,,,"rối loạn tim mạch bao gồm nhịp tim chậm hoặc nhồi máu cơ tim, hạ huyết áp",or,true,medium,not_requested,matched,needs_review,Khớp alias/thuật ngữ bằng rule tất định; bắt buộc duyệt thủ công.,,
condition-mention:8a225b137a01c0f5,Rối loạn tim mạch nghiêm trọng,roi loan tim mach nghiem trong,1,cardiovascular_disease,Bệnh tim mạch,disease,cardiovascular,severe,,,,,Rối loạn tim mạch nghiêm trọng,single,false,medium,not_requested,matched,needs_review,Khớp alias/thuật ngữ bằng rule tất định; bắt buộc duyệt thủ công.,,
condition-mention:7ccb8e389bbc4b70,"Rối loạn tim nghiêm trọng, nhồi máu cơ tim, bệnh mạch vành, bệnh cơ tim phì đại, nhịp tim nhanh","roi loan tim nghiem trong, nhoi mau co tim, benh mach vanh, benh co tim phi dai, nhip tim nhanh",1,myocardial_infarction,Nhồi máu cơ tim,disease,cardiovascular,,,,,,"Rối loạn tim nghiêm trọng, nhồi máu cơ tim, bệnh mạch vành, bệnh cơ tim phì đại, nhịp tim nhanh",unclear,true,medium,not_requested,matched,needs_review,Khớp alias/thuật ngữ bằng rule tất định; bắt buộc duyệt thủ công.,,
condition-mention:7ccb8e389bbc4b70,"Rối loạn tim nghiêm trọng, nhồi máu cơ tim, bệnh mạch vành, bệnh cơ tim phì đại, nhịp tim nhanh","roi loan tim nghiem trong, nhoi mau co tim, benh mach vanh, benh co tim phi dai, nhip tim nhanh",1,ischemic_heart_disease,Bệnh tim thiếu máu cục bộ,disease,cardiovascular,,,,,,"Rối loạn tim nghiêm trọng, nhồi máu cơ tim, bệnh mạch vành, bệnh cơ tim phì đại, nhịp tim nhanh",unclear,true,medium,not_requested,matched,needs_review,Khớp alias/thuật ngữ bằng rule tất định; bắt buộc duyệt thủ công.,,
condition-mention:7ccb8e389bbc4b70,"Rối loạn tim nghiêm trọng, nhồi máu cơ tim, bệnh mạch vành, bệnh cơ tim phì đại, nhịp tim nhanh","roi loan tim nghiem trong, nhoi mau co tim, benh mach vanh, benh co tim phi dai, nhip tim nhanh",1,tachycardia,Nhịp tim nhanh,clinical_finding,cardiovascular,,,,,,"Rối loạn tim nghiêm trọng, nhồi máu cơ tim, bệnh mạch vành, bệnh cơ tim phì đại, nhịp tim nhanh",unclear,true,medium,not_requested,matched,needs_review,Khớp alias/thuật ngữ bằng rule tất định; bắt buộc duyệt thủ công.,,
condition-mention:7ccb8e389bbc4b70,"Rối loạn tim nghiêm trọng, nhồi máu cơ tim, bệnh mạch vành, bệnh cơ tim phì đại, nhịp tim nhanh","roi loan tim nghiem trong, nhoi mau co tim, benh mach vanh, benh co tim phi dai, nhip tim nhanh",1,hypertrophic_cardiomyopathy,Bệnh cơ tim phì đại,disease,cardiovascular,,,,,,"Rối loạn tim nghiêm trọng, nhồi máu cơ tim, bệnh mạch vành, bệnh cơ tim phì đại, nhịp tim nhanh",unclear,true,medium,not_requested,matched,needs_review,Khớp alias/thuật ngữ bằng rule tất định; bắt buộc duyệt thủ công.,,
condition-mention:7ccb8e389bbc4b70,"Rối loạn tim nghiêm trọng, nhồi máu cơ tim, bệnh mạch vành, bệnh cơ tim phì đại, nhịp tim nhanh","roi loan tim nghiem trong, nhoi mau co tim, benh mach vanh, benh co tim phi dai, nhip tim nhanh",1,muscle_disease,Bệnh cơ,disease,neuromuscular,,,,,,"Rối loạn tim nghiêm trọng, nhồi máu cơ tim, bệnh mạch vành, bệnh cơ tim phì đại, nhịp tim nhanh",unclear,true,medium,not_requested,matched,needs_review,Khớp alias/thuật ngữ bằng rule tất định; bắt buộc duyệt thủ công.,,
condition-mention:10341fbd906dda67,Rối loạn tuần hoàn ngoại biên nặng,roi loan tuan hoan ngoai bien nang,1,peripheral_circulatory_disorder,Rối loạn tuần hoàn ngoại biên,disease,cardiovascular,severe,,,,,Rối loạn tuần hoàn ngoại biên nặng,single,false,medium,not_requested,matched,needs_review,Khớp alias/thuật ngữ bằng rule tất định; bắt buộc duyệt thủ công.,,
condition-mention:3a35a6df68118ef3,Rối loạn tuyến giáp,roi loan tuyen giap,1,thyroid_disease,Bệnh tuyến giáp,disease,endocrine,,,,,,Rối loạn tuyến giáp,single,false,medium,not_requested,matched,needs_review,Khớp alias/thuật ngữ bằng rule tất định; bắt buộc duyệt thủ công.,,
condition-mention:443066af077caca3,Rối loạn vận động muộn,roi loan van dong muon,1,movement_disorder,Rối loạn vận động,disease,neurologic,,,,,,Rối loạn vận động muộn,single,false,medium,not_requested,matched,needs_review,Khớp alias/thuật ngữ bằng rule tất định; bắt buộc duyệt thủ công.,,
condition-mention:c07f8cfeb79c565c,Rối loạn vận động ngoại tháp,roi loan van dong ngoai thap,1,movement_disorder,Rối loạn vận động,disease,neurologic,,,,,,Rối loạn vận động ngoại tháp,single,false,medium,not_requested,matched,needs_review,Khớp alias/thuật ngữ bằng rule tất định; bắt buộc duyệt thủ công.,,
condition-mention:230ba9af83b052e8,Rối loạn về máu,roi loan ve mau,1,blood_disorder,Bệnh lý về máu,disease,hematologic,,,,,,Rối loạn về máu,single,false,medium,not_requested,matched,needs_review,Khớp alias/thuật ngữ bằng rule tất định; bắt buộc duyệt thủ công.,,
condition-mention:2bc6a7f1efa71c69,Rối loạn xoang - nhĩ nặng,roi loan xoang nhi nang,1,sinoatrial_block,Blốc xoang nhĩ,disease,cardiovascular,severe,,,,,Rối loạn xoang - nhĩ nặng,single,false,medium,not_requested,matched,needs_review,Khớp alias/thuật ngữ bằng rule tất định; bắt buộc duyệt thủ công.,,
condition-mention:824c90b98a4a4948,Rung nhĩ,rung nhi,1,atrial_fibrillation,Rung nhĩ,disease,cardiovascular,,,,,,Rung nhĩ,single,false,medium,not_requested,matched,needs_review,Khớp alias/thuật ngữ bằng rule tất định; bắt buộc duyệt thủ công.,,
condition-mention:47e2591823805e07,Rung nhĩ - loạn nhịp tim,rung nhi loan nhip tim,1,arrhythmia,Rối loạn nhịp tim,disease,cardiovascular,,,,,,Rung nhĩ - loạn nhịp tim,unclear,true,medium,not_requested,matched,needs_review,Khớp alias/thuật ngữ bằng rule tất định; bắt buộc duyệt thủ công.,,
condition-mention:47e2591823805e07,Rung nhĩ - loạn nhịp tim,rung nhi loan nhip tim,1,atrial_fibrillation,Rung nhĩ,disease,cardiovascular,,,,,,Rung nhĩ - loạn nhịp tim,unclear,true,medium,not_requested,matched,needs_review,Khớp alias/thuật ngữ bằng rule tất định; bắt buộc duyệt thủ công.,,
condition-mention:234d715ca0150a3a,"Rung thất trong hồi sức tim; tăng calci máu, tăng năng cận giáp, quá liều do vitamin D","rung that trong hoi suc tim; tang calci mau, tang nang can giap, qua lieu do vitamin d",1,ventricular_fibrillation,Rung thất,disease,cardiovascular,,,,,,"Rung thất trong hồi sức tim; tăng calci máu, tăng năng cận giáp, quá liều do vitamin D",unclear,true,medium,not_requested,matched,needs_review,Khớp alias/thuật ngữ bằng rule tất định; bắt buộc duyệt thủ công.,,
condition-mention:234d715ca0150a3a,"Rung thất trong hồi sức tim; tăng calci máu, tăng năng cận giáp, quá liều do vitamin D","rung that trong hoi suc tim; tang calci mau, tang nang can giap, qua lieu do vitamin d",1,hyperparathyroidism,Cường cận giáp,disease,endocrine,,,,,,"Rung thất trong hồi sức tim; tăng calci máu, tăng năng cận giáp, quá liều do vitamin D",unclear,true,medium,not_requested,matched,needs_review,Khớp alias/thuật ngữ bằng rule tất định; bắt buộc duyệt thủ công.,,
condition-mention:234d715ca0150a3a,"Rung thất trong hồi sức tim; tăng calci máu, tăng năng cận giáp, quá liều do vitamin D","rung that trong hoi suc tim; tang calci mau, tang nang can giap, qua lieu do vitamin d",1,hypercalcemia,Tăng calci máu,clinical_finding,electrolyte,,,,,,"Rung thất trong hồi sức tim; tăng calci máu, tăng năng cận giáp, quá liều do vitamin D",unclear,true,medium,not_requested,matched,needs_review,Khớp alias/thuật ngữ bằng rule tất định; bắt buộc duyệt thủ công.,,
condition-mention:bf4538f64368d005,Sản giật,san giat,1,eclampsia,Sản giật,disease,obstetric,,,,,,Sản giật,single,false,medium,not_requested,matched,needs_review,Khớp alias/thuật ngữ bằng rule tất định; bắt buộc duyệt thủ công.,,
condition-mention:8daa9206ace21f33,Sản giật và tiền sản giật,san giat va tien san giat,1,preeclampsia,Tiền sản giật,disease,obstetric,,,,,,Sản giật và tiền sản giật,and,true,medium,not_requested,matched,needs_review,Khớp alias/thuật ngữ bằng rule tất định; bắt buộc duyệt thủ công.,,
condition-mention:8daa9206ace21f33,Sản giật và tiền sản giật,san giat va tien san giat,1,eclampsia,Sản giật,disease,obstetric,,,,,,Sản giật và tiền sản giật,and,true,medium,not_requested,matched,needs_review,Khớp alias/thuật ngữ bằng rule tất định; bắt buộc duyệt thủ công.,,
condition-mention:372ea803dcf79613,Sau cơn tai biến mạch máu não,sau con tai bien mach mau nao,1,stroke,Đột quỵ/tai biến mạch máu não,disease,neurologic,,,,,,Sau cơn tai biến mạch máu não,single,false,medium,not_requested,matched,needs_review,Khớp alias/thuật ngữ bằng rule tất định; bắt buộc duyệt thủ công.,,
condition-mention:6698aa8d6a9641f3,Severe hepatic impairment,severe hepatic impairment,1,hepatic_impairment,Suy giảm chức năng gan,organ_impairment,hepatic,severe,,,,,Severe hepatic impairment,single,false,medium,not_requested,matched,needs_review,Khớp alias/thuật ngữ bằng rule tất định; bắt buộc duyệt thủ công.,,
condition-mention:94227ef187442259,"Shock do tim, giảm thể tích máu","shock do tim, giam the tich mau",1,cardiogenic_shock,Sốc tim,disease,cardiovascular,,,,,,"Shock do tim, giảm thể tích máu",unclear,true,medium,not_requested,matched,needs_review,Khớp alias/thuật ngữ bằng rule tất định; bắt buộc duyệt thủ công.,,
condition-mention:94227ef187442259,"Shock do tim, giảm thể tích máu","shock do tim, giam the tich mau",1,hypovolemia,Giảm thể tích tuần hoàn,clinical_finding,metabolic,,,,,,"Shock do tim, giảm thể tích máu",unclear,true,medium,not_requested,matched,needs_review,Khớp alias/thuật ngữ bằng rule tất định; bắt buộc duyệt thủ công.,,
condition-mention:b0ff108b2a560850,Sốc (bao gồm cả sốc do tim),soc bao gom ca soc do tim,1,cardiogenic_shock,Sốc tim,disease,cardiovascular,,,,,,Sốc (bao gồm cả sốc do tim),single,false,medium,not_requested,matched,needs_review,Khớp alias/thuật ngữ bằng rule tất định; bắt buộc duyệt thủ công.,,
condition-mention:8c9f954617b5e30a,Sốc do tim,soc do tim,1,cardiogenic_shock,Sốc tim,disease,cardiovascular,,,,,,Sốc do tim,single,false,medium,not_requested,matched,needs_review,Khớp alias/thuật ngữ bằng rule tất định; bắt buộc duyệt thủ công.,,
condition-mention:f72a242e9f4091b3,"Sốc do tim, suy thất trái, giảm huyết áp","soc do tim, suy that trai, giam huyet ap",1,cardiogenic_shock,Sốc tim,disease,cardiovascular,,,,,,"Sốc do tim, suy thất trái, giảm huyết áp",unclear,true,medium,not_requested,matched,needs_review,Khớp alias/thuật ngữ bằng rule tất định; bắt buộc duyệt thủ công.,,
condition-mention:f72a242e9f4091b3,"Sốc do tim, suy thất trái, giảm huyết áp","soc do tim, suy that trai, giam huyet ap",1,hypotension,Hạ huyết áp,clinical_finding,cardiovascular,,,,,,"Sốc do tim, suy thất trái, giảm huyết áp",unclear,true,medium,not_requested,matched,needs_review,Khớp alias/thuật ngữ bằng rule tất định; bắt buộc duyệt thủ công.,,
condition-mention:f72a242e9f4091b3,"Sốc do tim, suy thất trái, giảm huyết áp","soc do tim, suy that trai, giam huyet ap",1,left_ventricular_dysfunction,Rối loạn chức năng thất trái,disease,cardiovascular,,,,,,"Sốc do tim, suy thất trái, giảm huyết áp",unclear,true,medium,not_requested,matched,needs_review,Khớp alias/thuật ngữ bằng rule tất định; bắt buộc duyệt thủ công.,,
condition-mention:39af970d8f49a121,Sốc (kể cả sốc tim),soc ke ca soc tim,1,cardiogenic_shock,Sốc tim,disease,cardiovascular,,,,,,Sốc (kể cả sốc tim),single,false,medium,not_requested,matched,needs_review,Khớp alias/thuật ngữ bằng rule tất định; bắt buộc duyệt thủ công.,,
condition-mention:17e3992ed23a3b9d,Sốc tim (huyết áp dưới 90 mmHg),soc tim huyet ap duoi 90 mmhg,1,cardiogenic_shock,Sốc tim,disease,cardiovascular,,,,,,Sốc tim (huyết áp dưới 90 mmHg),single,false,medium,not_requested,matched,needs_review,Khớp alias/thuật ngữ bằng rule tất định; bắt buộc duyệt thủ công.,,
condition-mention:cf49c3ceec290877,"sốc tuần hoàn (bao gồm sốc giảm thể tích máu hoặc sốc tim với áp lực làm đầy tâm trương không đủ, truy mạch, hẹp van hai lá nặng, chèn ép màng ngoài tim, viêm màng ngoài tim thắt, rối loạn chức năng thế đứng)","soc tuan hoan bao gom soc giam the tich mau hoac soc tim voi ap luc lam day tam truong khong du, truy mach, hep van hai la nang, chen ep mang ngoai tim, viem mang ngoai tim that, roi loan chuc nang the dung",1,cardiogenic_shock,Sốc tim,disease,cardiovascular,,,,,,"sốc tuần hoàn (bao gồm sốc giảm thể tích máu hoặc sốc tim với áp lực làm đầy tâm trương không đủ, truy mạch, hẹp van hai lá nặng, chèn ép màng ngoài tim, viêm màng ngoài tim thắt, rối loạn chức năng thế đứng)",or,true,medium,not_requested,matched,needs_review,Khớp alias/thuật ngữ bằng rule tất định; bắt buộc duyệt thủ công.,,
condition-mention:cf49c3ceec290877,"sốc tuần hoàn (bao gồm sốc giảm thể tích máu hoặc sốc tim với áp lực làm đầy tâm trương không đủ, truy mạch, hẹp van hai lá nặng, chèn ép màng ngoài tim, viêm màng ngoài tim thắt, rối loạn chức năng thế đứng)","soc tuan hoan bao gom soc giam the tich mau hoac soc tim voi ap luc lam day tam truong khong du, truy mach, hep van hai la nang, chen ep mang ngoai tim, viem mang ngoai tim that, roi loan chuc nang the dung",1,mitral_stenosis,Hẹp van hai lá,disease,cardiovascular,,,,,,"sốc tuần hoàn (bao gồm sốc giảm thể tích máu hoặc sốc tim với áp lực làm đầy tâm trương không đủ, truy mạch, hẹp van hai lá nặng, chèn ép màng ngoài tim, viêm màng ngoài tim thắt, rối loạn chức năng thế đứng)",or,true,medium,not_requested,matched,needs_review,Khớp alias/thuật ngữ bằng rule tất định; bắt buộc duyệt thủ công.,,
condition-mention:cf49c3ceec290877,"sốc tuần hoàn (bao gồm sốc giảm thể tích máu hoặc sốc tim với áp lực làm đầy tâm trương không đủ, truy mạch, hẹp van hai lá nặng, chèn ép màng ngoài tim, viêm màng ngoài tim thắt, rối loạn chức năng thế đứng)","soc tuan hoan bao gom soc giam the tich mau hoac soc tim voi ap luc lam day tam truong khong du, truy mach, hep van hai la nang, chen ep mang ngoai tim, viem mang ngoai tim that, roi loan chuc nang the dung",1,hypovolemia,Giảm thể tích tuần hoàn,clinical_finding,metabolic,,,,,,"sốc tuần hoàn (bao gồm sốc giảm thể tích máu hoặc sốc tim với áp lực làm đầy tâm trương không đủ, truy mạch, hẹp van hai lá nặng, chèn ép màng ngoài tim, viêm màng ngoài tim thắt, rối loạn chức năng thế đứng)",or,true,medium,not_requested,matched,needs_review,Khớp alias/thuật ngữ bằng rule tất định; bắt buộc duyệt thủ công.,,
condition-mention:cf49c3ceec290877,"sốc tuần hoàn (bao gồm sốc giảm thể tích máu hoặc sốc tim với áp lực làm đầy tâm trương không đủ, truy mạch, hẹp van hai lá nặng, chèn ép màng ngoài tim, viêm màng ngoài tim thắt, rối loạn chức năng thế đứng)","soc tuan hoan bao gom soc giam the tich mau hoac soc tim voi ap luc lam day tam truong khong du, truy mach, hep van hai la nang, chen ep mang ngoai tim, viem mang ngoai tim that, roi loan chuc nang the dung",1,pericarditis,Viêm màng ngoài tim,disease,cardiovascular,,,,,,"sốc tuần hoàn (bao gồm sốc giảm thể tích máu hoặc sốc tim với áp lực làm đầy tâm trương không đủ, truy mạch, hẹp van hai lá nặng, chèn ép màng ngoài tim, viêm màng ngoài tim thắt, rối loạn chức năng thế đứng)",or,true,medium,not_requested,matched,needs_review,Khớp alias/thuật ngữ bằng rule tất định; bắt buộc duyệt thủ công.,,
condition-mention:35efbdc81e1c79c9,"Sốc, bao gồm sốc tim","soc, bao gom soc tim",1,cardiogenic_shock,Sốc tim,disease,cardiovascular,,,,,,"Sốc, bao gồm sốc tim",unclear,true,medium,not_requested,matched,needs_review,Khớp alias/thuật ngữ bằng rule tất định; bắt buộc duyệt thủ công.,,
condition-mention:49d962ee365ded22,Sỏi calci thận,soi calci than,1,kidney_stone,Sỏi thận,disease,renal,,,,,,Sỏi calci thận,single,false,medium,not_requested,matched,needs_review,Khớp alias/thuật ngữ bằng rule tất định; bắt buộc duyệt thủ công.,,
condition-mention:b4e96a7b2fc9a580,Sỏi mật vôi hóa cản quang,soi mat voi hoa can quang,1,gallbladder_disease,Bệnh túi mật,disease,hepatic,,,,,,Sỏi mật vôi hóa cản quang,single,false,medium,not_requested,matched,needs_review,Khớp alias/thuật ngữ bằng rule tất định; bắt buộc duyệt thủ công.,,
condition-mention:284cd0db5e6d93a6,Sỏi thận,soi than,1,kidney_stone,Sỏi thận,disease,renal,,,,,,Sỏi thận,single,false,medium,not_requested,matched,needs_review,Khớp alias/thuật ngữ bằng rule tất định; bắt buộc duyệt thủ công.,,
condition-mention:2aac143b968893c5,Sỏi thận và/hoặc lắng đọng calci ở thận,soi than va hoac lang dong calci o than,1,kidney_stone,Sỏi thận,disease,renal,,,,,,Sỏi thận và/hoặc lắng đọng calci ở thận,unclear,true,medium,not_requested,matched,needs_review,Khớp alias/thuật ngữ bằng rule tất định; bắt buộc duyệt thủ công.,,
condition-mention:820976075f8c811a,"Sỏi thận, suy thận nặng","soi than, suy than nang",1,kidney_stone,Sỏi thận,disease,renal,,,,,,"Sỏi thận, suy thận nặng",unclear,true,medium,not_requested,matched,needs_review,Khớp alias/thuật ngữ bằng rule tất định; bắt buộc duyệt thủ công.,,
condition-mention:820976075f8c811a,"Sỏi thận, suy thận nặng","soi than, suy than nang",1,renal_impairment,Suy giảm chức năng thận,organ_impairment,renal,,,,,,"Sỏi thận, suy thận nặng",unclear,true,medium,not_requested,matched,needs_review,Khớp alias/thuật ngữ bằng rule tất định; bắt buộc duyệt thủ công.,,
condition-mention:706150f0a83f9719,sốt xuất huyết,sot xuat huyet,1,active_bleeding,Đang xuất huyết,clinical_finding,hematologic,,,,,,sốt xuất huyết,unclear,true,medium,not_requested,matched,needs_review,Khớp alias/thuật ngữ bằng rule tất định; bắt buộc duyệt thủ công.,,
condition-mention:706150f0a83f9719,sốt xuất huyết,sot xuat huyet,1,fever,Sốt,clinical_finding,infectious,,,,,,sốt xuất huyết,unclear,true,medium,not_requested,matched,needs_review,Khớp alias/thuật ngữ bằng rule tất định; bắt buộc duyệt thủ công.,,
condition-mention:d485c112ec280757,Suy chức năng gan,suy chuc nang gan,1,hepatic_impairment,Suy giảm chức năng gan,organ_impairment,hepatic,,,,,,Suy chức năng gan,single,false,medium,not_requested,matched,needs_review,Khớp alias/thuật ngữ bằng rule tất định; bắt buộc duyệt thủ công.,,
condition-mention:3c9aaa0af3856c84,Suy chức năng thận đáng kể / suy thận trung bình,suy chuc nang than dang ke suy than trung binh,1,renal_impairment,Suy giảm chức năng thận,organ_impairment,renal,moderate,,,,,Suy chức năng thận đáng kể / suy thận trung bình,unclear,true,medium,not_requested,matched,needs_review,Khớp alias/thuật ngữ bằng rule tất định; bắt buộc duyệt thủ công.,,
condition-mention:8240b2c89db045c5,Suy chức năng thất trái trầm trọng,suy chuc nang that trai tram trong,1,left_ventricular_dysfunction,Rối loạn chức năng thất trái,disease,cardiovascular,severe,,,,,Suy chức năng thất trái trầm trọng,single,false,medium,not_requested,matched,needs_review,Khớp alias/thuật ngữ bằng rule tất định; bắt buộc duyệt thủ công.,,
condition-mention:e9087c331241684b,Suy cơ tim nặng,suy co tim nang,1,heart_failure,Suy tim,disease,cardiovascular,severe,,,,,Suy cơ tim nặng,single,false,medium,not_requested,matched,needs_review,Khớp alias/thuật ngữ bằng rule tất định; bắt buộc duyệt thủ công.,,
condition-mention:b2735235facc34eb,Suy dinh dưỡng mạn tính,suy dinh duong man tinh,1,malnutrition,Suy dinh dưỡng,clinical_finding,metabolic,,chronic,,,,Suy dinh dưỡng mạn tính,single,false,medium,not_requested,matched,needs_review,Khớp alias/thuật ngữ bằng rule tất định; bắt buộc duyệt thủ công.,,
condition-mention:90b2cbb61d5058ee,Suy gan hay có hội chứng Gilbert,suy gan hay co hoi chung gilbert,1,gilbert_syndrome,Hội chứng Gilbert,disease,hepatic,,,,,,Suy gan hay có hội chứng Gilbert,unclear,true,medium,not_requested,matched,needs_review,Khớp alias/thuật ngữ bằng rule tất định; bắt buộc duyệt thủ công.,,
condition-mention:90b2cbb61d5058ee,Suy gan hay có hội chứng Gilbert,suy gan hay co hoi chung gilbert,1,hepatic_impairment,Suy giảm chức năng gan,organ_impairment,hepatic,,,,,,Suy gan hay có hội chứng Gilbert,unclear,true,medium,not_requested,matched,needs_review,Khớp alias/thuật ngữ bằng rule tất định; bắt buộc duyệt thủ công.,,
condition-mention:b84485ba0a344e2c,Suy gan hoặc suy giảm chức năng gan,suy gan hoac suy giam chuc nang gan,1,hepatic_impairment,Suy giảm chức năng gan,organ_impairment,hepatic,,,,,,Suy gan hoặc suy giảm chức năng gan,or,true,medium,not_requested,matched,needs_review,Khớp alias/thuật ngữ bằng rule tất định; bắt buộc duyệt thủ công.,,
condition-mention:819892db31d83996,Suy gan hoặc suy thận,suy gan hoac suy than,1,renal_impairment,Suy giảm chức năng thận,organ_impairment,renal,,,,,,Suy gan hoặc suy thận,or,true,medium,not_requested,matched,needs_review,Khớp alias/thuật ngữ bằng rule tất định; bắt buộc duyệt thủ công.,,
condition-mention:819892db31d83996,Suy gan hoặc suy thận,suy gan hoac suy than,1,hepatic_impairment,Suy giảm chức năng gan,organ_impairment,hepatic,,,,,,Suy gan hoặc suy thận,or,true,medium,not_requested,matched,needs_review,Khớp alias/thuật ngữ bằng rule tất định; bắt buộc duyệt thủ công.,,
condition-mention:4f539d4e2d6d949a,Suy gan hoặc suy thận nặng,suy gan hoac suy than nang,1,renal_impairment,Suy giảm chức năng thận,organ_impairment,renal,,,,,,Suy gan hoặc suy thận nặng,or,true,medium,not_requested,matched,needs_review,Khớp alias/thuật ngữ bằng rule tất định; bắt buộc duyệt thủ công.,,
condition-mention:4f539d4e2d6d949a,Suy gan hoặc suy thận nặng,suy gan hoac suy than nang,1,hepatic_impairment,Suy giảm chức năng gan,organ_impairment,hepatic,,,,,,Suy gan hoặc suy thận nặng,or,true,medium,not_requested,matched,needs_review,Khớp alias/thuật ngữ bằng rule tất định; bắt buộc duyệt thủ công.,,
condition-mention:e86610d051696738,Suy gan (kể cả xơ gan tắc mật),suy gan ke ca xo gan tac mat,1,cirrhosis,Xơ gan,disease,hepatic,,,,,,Suy gan (kể cả xơ gan tắc mật),unclear,true,medium,not_requested,matched,needs_review,Khớp alias/thuật ngữ bằng rule tất định; bắt buộc duyệt thủ công.,,
condition-mention:e86610d051696738,Suy gan (kể cả xơ gan tắc mật),suy gan ke ca xo gan tac mat,1,biliary_obstruction,Tắc nghẽn đường mật,disease,hepatic,,,,,,Suy gan (kể cả xơ gan tắc mật),unclear,true,medium,not_requested,matched,needs_review,Khớp alias/thuật ngữ bằng rule tất định; bắt buộc duyệt thủ công.,,
condition-mention:e86610d051696738,Suy gan (kể cả xơ gan tắc mật),suy gan ke ca xo gan tac mat,1,hepatic_impairment,Suy giảm chức năng gan,organ_impairment,hepatic,,,,,,Suy gan (kể cả xơ gan tắc mật),unclear,true,medium,not_requested,matched,needs_review,Khớp alias/thuật ngữ bằng rule tất định; bắt buộc duyệt thủ công.,,
condition-mention:842844928846f388,Suy gan mức độ nặng,suy gan muc do nang,1,hepatic_impairment,Suy giảm chức năng gan,organ_impairment,hepatic,severe,,,,,Suy gan mức độ nặng,single,false,medium,not_requested,matched,needs_review,Khớp alias/thuật ngữ bằng rule tất định; bắt buộc duyệt thủ công.,,
condition-mention:16e40cde6d551782,Suy gan mức độ trung bình,suy gan muc do trung binh,1,hepatic_impairment,Suy giảm chức năng gan,organ_impairment,hepatic,moderate,,,,,Suy gan mức độ trung bình,single,false,medium,not_requested,matched,needs_review,Khớp alias/thuật ngữ bằng rule tất định; bắt buộc duyệt thủ công.,,
condition-mention:7f6ef499b341e628,Suy gan mức độ vừa,suy gan muc do vua,1,hepatic_impairment,Suy giảm chức năng gan,organ_impairment,hepatic,moderate,,,,,Suy gan mức độ vừa,single,false,medium,not_requested,matched,needs_review,Khớp alias/thuật ngữ bằng rule tất định; bắt buộc duyệt thủ công.,,
condition-mention:a901f699d8157931,Suy gan nặng (Child Pugh C),suy gan nang child pugh c,1,hepatic_impairment,Suy giảm chức năng gan,organ_impairment,hepatic,severe,,,,Child Pugh C,Suy gan nặng (Child Pugh C),single,false,medium,not_requested,matched,needs_review,Khớp alias/thuật ngữ bằng rule tất định; bắt buộc duyệt thủ công.,,
condition-mention:d0c2b5dc9d0ca665,Suy gan nặng hoặc bệnh gan đang hoạt động,suy gan nang hoac benh gan dang hoat dong,1,active_liver_disease,Bệnh gan đang hoạt động,disease,hepatic,,,,,,Suy gan nặng hoặc bệnh gan đang hoạt động,or,true,medium,not_requested,matched,needs_review,Khớp alias/thuật ngữ bằng rule tất định; bắt buộc duyệt thủ công.,,
condition-mention:d0c2b5dc9d0ca665,Suy gan nặng hoặc bệnh gan đang hoạt động,suy gan nang hoac benh gan dang hoat dong,1,hepatic_impairment,Suy giảm chức năng gan,organ_impairment,hepatic,,,,,,Suy gan nặng hoặc bệnh gan đang hoạt động,or,true,medium,not_requested,matched,needs_review,Khớp alias/thuật ngữ bằng rule tất định; bắt buộc duyệt thủ công.,,
condition-mention:555d76acfc18b595,Suy gan nặng hoặc bệnh não do gan gây ra,suy gan nang hoac benh nao do gan gay ra,1,hepatic_encephalopathy,Bệnh não gan,disease,hepatic,,,,,,Suy gan nặng hoặc bệnh não do gan gây ra,or,true,medium,not_requested,matched,needs_review,Khớp alias/thuật ngữ bằng rule tất định; bắt buộc duyệt thủ công.,,
condition-mention:555d76acfc18b595,Suy gan nặng hoặc bệnh não do gan gây ra,suy gan nang hoac benh nao do gan gay ra,1,hepatic_impairment,Suy giảm chức năng gan,organ_impairment,hepatic,,,,,,Suy gan nặng hoặc bệnh não do gan gây ra,or,true,medium,not_requested,matched,needs_review,Khớp alias/thuật ngữ bằng rule tất định; bắt buộc duyệt thủ công.,,
condition-mention:1e00efe55bd93af7,Suy gan nặng hoặc có gan mật và ứ mật,suy gan nang hoac co gan mat va u mat,1,cholestasis,Ứ mật,disease,hepatic,,,,,,Suy gan nặng hoặc có gan mật và ứ mật,mixed,true,medium,not_requested,matched,needs_review,Khớp alias/thuật ngữ bằng rule tất định; bắt buộc duyệt thủ công.,,
condition-mention:1e00efe55bd93af7,Suy gan nặng hoặc có gan mật và ứ mật,suy gan nang hoac co gan mat va u mat,1,hepatic_impairment,Suy giảm chức năng gan,organ_impairment,hepatic,,,,,,Suy gan nặng hoặc có gan mật và ứ mật,mixed,true,medium,not_requested,matched,needs_review,Khớp alias/thuật ngữ bằng rule tất định; bắt buộc duyệt thủ công.,,
condition-mention:172d31cc5b75aafd,Suy gan nặng hoặc suy thận nặng (GFR < 30 ml/phút),suy gan nang hoac suy than nang gfr < phut,1,renal_impairment,Suy giảm chức năng thận,organ_impairment,renal,,,,,,Suy gan nặng hoặc suy thận nặng (GFR < 30 ml/phút),or,true,medium,not_requested,matched,needs_review,Khớp alias/thuật ngữ bằng rule tất định; bắt buộc duyệt thủ công.,,
condition-mention:172d31cc5b75aafd,Suy gan nặng hoặc suy thận nặng (GFR < 30 ml/phút),suy gan nang hoac suy than nang gfr < phut,1,hepatic_impairment,Suy giảm chức năng gan,organ_impairment,hepatic,,,,,,Suy gan nặng hoặc suy thận nặng (GFR < 30 ml/phút),or,true,medium,not_requested,matched,needs_review,Khớp alias/thuật ngữ bằng rule tất định; bắt buộc duyệt thủ công.,,
condition-mention:8f6fa97917212a8a,Suy gan nặng và/hoặc ứ mật,suy gan nang va hoac u mat,1,cholestasis,Ứ mật,disease,hepatic,,,,,,Suy gan nặng và/hoặc ứ mật,unclear,true,medium,not_requested,matched,needs_review,Khớp alias/thuật ngữ bằng rule tất định; bắt buộc duyệt thủ công.,,
condition-mention:8f6fa97917212a8a,Suy gan nặng và/hoặc ứ mật,suy gan nang va hoac u mat,1,hepatic_impairment,Suy giảm chức năng gan,organ_impairment,hepatic,,,,,,Suy gan nặng và/hoặc ứ mật,unclear,true,medium,not_requested,matched,needs_review,Khớp alias/thuật ngữ bằng rule tất định; bắt buộc duyệt thủ công.,,
condition-mention:4f5be1cedeed10c7,Suy gan nặng / Xơ gan và bệnh gan nặng,suy gan nang xo gan va benh gan nang,1,cirrhosis,Xơ gan,disease,hepatic,,,,,,Suy gan nặng / Xơ gan và bệnh gan nặng,and,true,medium,not_requested,matched,needs_review,Khớp alias/thuật ngữ bằng rule tất định; bắt buộc duyệt thủ công.,,
condition-mention:4f5be1cedeed10c7,Suy gan nặng / Xơ gan và bệnh gan nặng,suy gan nang xo gan va benh gan nang,1,hepatic_impairment,Suy giảm chức năng gan,organ_impairment,hepatic,,,,,,Suy gan nặng / Xơ gan và bệnh gan nặng,and,true,medium,not_requested,matched,needs_review,Khớp alias/thuật ngữ bằng rule tất định; bắt buộc duyệt thủ công.,,
condition-mention:0395afd8f49bc8fa,"Suy gan nặng, ứ mật và rối loạn tắc nghẽn mật","suy gan nang, u mat va roi loan tac nghen mat",1,cholestasis,Ứ mật,disease,hepatic,,,,,,"Suy gan nặng, ứ mật và rối loạn tắc nghẽn mật",and,true,medium,not_requested,matched,needs_review,Khớp alias/thuật ngữ bằng rule tất định; bắt buộc duyệt thủ công.,,
condition-mention:0395afd8f49bc8fa,"Suy gan nặng, ứ mật và rối loạn tắc nghẽn mật","suy gan nang, u mat va roi loan tac nghen mat",1,biliary_obstruction,Tắc nghẽn đường mật,disease,hepatic,,,,,,"Suy gan nặng, ứ mật và rối loạn tắc nghẽn mật",and,true,medium,not_requested,matched,needs_review,Khớp alias/thuật ngữ bằng rule tất định; bắt buộc duyệt thủ công.,,
condition-mention:0395afd8f49bc8fa,"Suy gan nặng, ứ mật và rối loạn tắc nghẽn mật","suy gan nang, u mat va roi loan tac nghen mat",1,hepatic_impairment,Suy giảm chức năng gan,organ_impairment,hepatic,,,,,,"Suy gan nặng, ứ mật và rối loạn tắc nghẽn mật",and,true,medium,not_requested,matched,needs_review,Khớp alias/thuật ngữ bằng rule tất định; bắt buộc duyệt thủ công.,,
condition-mention:37513e3aa01e27fb,"Suy gan nặng, xơ gan mật và ứ mật","suy gan nang, xo gan mat va u mat",1,cirrhosis,Xơ gan,disease,hepatic,,,,,,"Suy gan nặng, xơ gan mật và ứ mật",and,true,medium,not_requested,matched,needs_review,Khớp alias/thuật ngữ bằng rule tất định; bắt buộc duyệt thủ công.,,
condition-mention:37513e3aa01e27fb,"Suy gan nặng, xơ gan mật và ứ mật","suy gan nang, xo gan mat va u mat",1,cholestasis,Ứ mật,disease,hepatic,,,,,,"Suy gan nặng, xơ gan mật và ứ mật",and,true,medium,not_requested,matched,needs_review,Khớp alias/thuật ngữ bằng rule tất định; bắt buộc duyệt thủ công.,,
condition-mention:37513e3aa01e27fb,"Suy gan nặng, xơ gan mật và ứ mật","suy gan nang, xo gan mat va u mat",1,hepatic_impairment,Suy giảm chức năng gan,organ_impairment,hepatic,,,,,,"Suy gan nặng, xơ gan mật và ứ mật",and,true,medium,not_requested,matched,needs_review,Khớp alias/thuật ngữ bằng rule tất định; bắt buộc duyệt thủ công.,,
condition-mention:de5aa28e02158c31,"suy gan nặng, xơ gan tắc mật, ứ mật","suy gan nang, xo gan tac mat, u mat",1,cirrhosis,Xơ gan,disease,hepatic,,,,,,"suy gan nặng, xơ gan tắc mật, ứ mật",unclear,true,medium,not_requested,matched,needs_review,Khớp alias/thuật ngữ bằng rule tất định; bắt buộc duyệt thủ công.,,
condition-mention:de5aa28e02158c31,"suy gan nặng, xơ gan tắc mật, ứ mật","suy gan nang, xo gan tac mat, u mat",1,cholestasis,Ứ mật,disease,hepatic,,,,,,"suy gan nặng, xơ gan tắc mật, ứ mật",unclear,true,medium,not_requested,matched,needs_review,Khớp alias/thuật ngữ bằng rule tất định; bắt buộc duyệt thủ công.,,
condition-mention:de5aa28e02158c31,"suy gan nặng, xơ gan tắc mật, ứ mật","suy gan nang, xo gan tac mat, u mat",1,biliary_obstruction,Tắc nghẽn đường mật,disease,hepatic,,,,,,"suy gan nặng, xơ gan tắc mật, ứ mật",unclear,true,medium,not_requested,matched,needs_review,Khớp alias/thuật ngữ bằng rule tất định; bắt buộc duyệt thủ công.,,
condition-mention:de5aa28e02158c31,"suy gan nặng, xơ gan tắc mật, ứ mật","suy gan nang, xo gan tac mat, u mat",1,hepatic_impairment,Suy giảm chức năng gan,organ_impairment,hepatic,,,,,,"suy gan nặng, xơ gan tắc mật, ứ mật",unclear,true,medium,not_requested,matched,needs_review,Khớp alias/thuật ngữ bằng rule tất định; bắt buộc duyệt thủ công.,,
condition-mention:773ef202f45254e7,"Suy gan nặng, xơ gan ứ mật, tắc mật","suy gan nang, xo gan u mat, tac mat",1,cirrhosis,Xơ gan,disease,hepatic,,,,,,"Suy gan nặng, xơ gan ứ mật, tắc mật",unclear,true,medium,not_requested,matched,needs_review,Khớp alias/thuật ngữ bằng rule tất định; bắt buộc duyệt thủ công.,,
condition-mention:773ef202f45254e7,"Suy gan nặng, xơ gan ứ mật, tắc mật","suy gan nang, xo gan u mat, tac mat",1,cholestasis,Ứ mật,disease,hepatic,,,,,,"Suy gan nặng, xơ gan ứ mật, tắc mật",unclear,true,medium,not_requested,matched,needs_review,Khớp alias/thuật ngữ bằng rule tất định; bắt buộc duyệt thủ công.,,
condition-mention:773ef202f45254e7,"Suy gan nặng, xơ gan ứ mật, tắc mật","suy gan nang, xo gan u mat, tac mat",1,biliary_obstruction,Tắc nghẽn đường mật,disease,hepatic,,,,,,"Suy gan nặng, xơ gan ứ mật, tắc mật",unclear,true,medium,not_requested,matched,needs_review,Khớp alias/thuật ngữ bằng rule tất định; bắt buộc duyệt thủ công.,,
condition-mention:773ef202f45254e7,"Suy gan nặng, xơ gan ứ mật, tắc mật","suy gan nang, xo gan u mat, tac mat",1,hepatic_impairment,Suy giảm chức năng gan,organ_impairment,hepatic,,,,,,"Suy gan nặng, xơ gan ứ mật, tắc mật",unclear,true,medium,not_requested,matched,needs_review,Khớp alias/thuật ngữ bằng rule tất định; bắt buộc duyệt thủ công.,,
condition-mention:a2ff6452bab0eccc,"Suy gan nhẹ đến trung bình (bao gồm hội chứng Gilbert), suy gan nặng (Child-Pugh > 9), viêm gan cấp, thiếu hụt glutathion, mất nước, suy dinh dưỡng mạn tính và tiền sử lạm dụng rượu","suy gan nhe den trung binh bao gom hoi chung gilbert , suy gan nang child pugh > 9 , viem gan cap, thieu hut glutathion, mat nuoc, suy dinh duong man tinh va tien su lam dung ruou",1,hepatitis,Viêm gan,disease,hepatic,,,,,,"Suy gan nhẹ đến trung bình (bao gồm hội chứng Gilbert), suy gan nặng (Child-Pugh > 9), viêm gan cấp, thiếu hụt glutathion, mất nước, suy dinh dưỡng mạn tính và tiền sử lạm dụng rượu",and,true,medium,not_requested,matched,needs_review,Khớp alias/thuật ngữ bằng rule tất định; bắt buộc duyệt thủ công.,,
condition-mention:a2ff6452bab0eccc,"Suy gan nhẹ đến trung bình (bao gồm hội chứng Gilbert), suy gan nặng (Child-Pugh > 9), viêm gan cấp, thiếu hụt glutathion, mất nước, suy dinh dưỡng mạn tính và tiền sử lạm dụng rượu","suy gan nhe den trung binh bao gom hoi chung gilbert , suy gan nang child pugh > 9 , viem gan cap, thieu hut glutathion, mat nuoc, suy dinh duong man tinh va tien su lam dung ruou",1,gilbert_syndrome,Hội chứng Gilbert,disease,hepatic,,,,,,"Suy gan nhẹ đến trung bình (bao gồm hội chứng Gilbert), suy gan nặng (Child-Pugh > 9), viêm gan cấp, thiếu hụt glutathion, mất nước, suy dinh dưỡng mạn tính và tiền sử lạm dụng rượu",and,true,medium,not_requested,matched,needs_review,Khớp alias/thuật ngữ bằng rule tất định; bắt buộc duyệt thủ công.,,
condition-mention:a2ff6452bab0eccc,"Suy gan nhẹ đến trung bình (bao gồm hội chứng Gilbert), suy gan nặng (Child-Pugh > 9), viêm gan cấp, thiếu hụt glutathion, mất nước, suy dinh dưỡng mạn tính và tiền sử lạm dụng rượu","suy gan nhe den trung binh bao gom hoi chung gilbert , suy gan nang child pugh > 9 , viem gan cap, thieu hut glutathion, mat nuoc, suy dinh duong man tinh va tien su lam dung ruou",1,hepatic_impairment,Suy giảm chức năng gan,organ_impairment,hepatic,,,,,,"Suy gan nhẹ đến trung bình (bao gồm hội chứng Gilbert), suy gan nặng (Child-Pugh > 9), viêm gan cấp, thiếu hụt glutathion, mất nước, suy dinh dưỡng mạn tính và tiền sử lạm dụng rượu",and,true,medium,not_requested,matched,needs_review,Khớp alias/thuật ngữ bằng rule tất định; bắt buộc duyệt thủ công.,,
condition-mention:a2ff6452bab0eccc,"Suy gan nhẹ đến trung bình (bao gồm hội chứng Gilbert), suy gan nặng (Child-Pugh > 9), viêm gan cấp, thiếu hụt glutathion, mất nước, suy dinh dưỡng mạn tính và tiền sử lạm dụng rượu","suy gan nhe den trung binh bao gom hoi chung gilbert , suy gan nang child pugh > 9 , viem gan cap, thieu hut glutathion, mat nuoc, suy dinh duong man tinh va tien su lam dung ruou",1,dehydration,Mất nước,clinical_finding,metabolic,,,,,,"Suy gan nhẹ đến trung bình (bao gồm hội chứng Gilbert), suy gan nặng (Child-Pugh > 9), viêm gan cấp, thiếu hụt glutathion, mất nước, suy dinh dưỡng mạn tính và tiền sử lạm dụng rượu",and,true,medium,not_requested,matched,needs_review,Khớp alias/thuật ngữ bằng rule tất định; bắt buộc duyệt thủ công.,,
condition-mention:a2ff6452bab0eccc,"Suy gan nhẹ đến trung bình (bao gồm hội chứng Gilbert), suy gan nặng (Child-Pugh > 9), viêm gan cấp, thiếu hụt glutathion, mất nước, suy dinh dưỡng mạn tính và tiền sử lạm dụng rượu","suy gan nhe den trung binh bao gom hoi chung gilbert , suy gan nang child pugh > 9 , viem gan cap, thieu hut glutathion, mat nuoc, suy dinh duong man tinh va tien su lam dung ruou",1,malnutrition,Suy dinh dưỡng,clinical_finding,metabolic,,,,,,"Suy gan nhẹ đến trung bình (bao gồm hội chứng Gilbert), suy gan nặng (Child-Pugh > 9), viêm gan cấp, thiếu hụt glutathion, mất nước, suy dinh dưỡng mạn tính và tiền sử lạm dụng rượu",and,true,medium,not_requested,matched,needs_review,Khớp alias/thuật ngữ bằng rule tất định; bắt buộc duyệt thủ công.,,
condition-mention:c4471d59ef715173,Suy gan nhẹ đến vừa,suy gan nhe den vua,1,hepatic_impairment,Suy giảm chức năng gan,organ_impairment,hepatic,mild,,,,,Suy gan nhẹ đến vừa,single,false,medium,not_requested,matched,needs_review,Khớp alias/thuật ngữ bằng rule tất định; bắt buộc duyệt thủ công.,,
condition-mention:d0533a95814b9769,suy gan/suy thận nặng,suy gan suy than nang,1,renal_impairment,Suy giảm chức năng thận,organ_impairment,renal,,,,,,suy gan/suy thận nặng,unclear,true,medium,not_requested,matched,needs_review,Khớp alias/thuật ngữ bằng rule tất định; bắt buộc duyệt thủ công.,,
condition-mention:d0533a95814b9769,suy gan/suy thận nặng,suy gan suy than nang,1,hepatic_impairment,Suy giảm chức năng gan,organ_impairment,hepatic,,,,,,suy gan/suy thận nặng,unclear,true,medium,not_requested,matched,needs_review,Khớp alias/thuật ngữ bằng rule tất định; bắt buộc duyệt thủ công.,,
condition-mention:0e808e48b304aca6,Suy gan / Tắc mật,suy gan tac mat,1,biliary_obstruction,Tắc nghẽn đường mật,disease,hepatic,,,,,,Suy gan / Tắc mật,unclear,true,medium,not_requested,matched,needs_review,Khớp alias/thuật ngữ bằng rule tất định; bắt buộc duyệt thủ công.,,
condition-mention:0e808e48b304aca6,Suy gan / Tắc mật,suy gan tac mat,1,hepatic_impairment,Suy giảm chức năng gan,organ_impairment,hepatic,,,,,,Suy gan / Tắc mật,unclear,true,medium,not_requested,matched,needs_review,Khớp alias/thuật ngữ bằng rule tất định; bắt buộc duyệt thủ công.,,
condition-mention:0b3320f8bcdcd675,Suy gan / Tắc mật / Rối loạn chức năng thận đồng thời,suy gan tac mat roi loan chuc nang than dong thoi,1,renal_impairment,Suy giảm chức năng thận,organ_impairment,renal,,,,,,Suy gan / Tắc mật / Rối loạn chức năng thận đồng thời,unclear,true,medium,not_requested,matched,needs_review,Khớp alias/thuật ngữ bằng rule tất định; bắt buộc duyệt thủ công.,,
condition-mention:0b3320f8bcdcd675,Suy gan / Tắc mật / Rối loạn chức năng thận đồng thời,suy gan tac mat roi loan chuc nang than dong thoi,1,biliary_obstruction,Tắc nghẽn đường mật,disease,hepatic,,,,,,Suy gan / Tắc mật / Rối loạn chức năng thận đồng thời,unclear,true,medium,not_requested,matched,needs_review,Khớp alias/thuật ngữ bằng rule tất định; bắt buộc duyệt thủ công.,,
condition-mention:0b3320f8bcdcd675,Suy gan / Tắc mật / Rối loạn chức năng thận đồng thời,suy gan tac mat roi loan chuc nang than dong thoi,1,hepatic_impairment,Suy giảm chức năng gan,organ_impairment,hepatic,,,,,,Suy gan / Tắc mật / Rối loạn chức năng thận đồng thời,unclear,true,medium,not_requested,matched,needs_review,Khớp alias/thuật ngữ bằng rule tất định; bắt buộc duyệt thủ công.,,
condition-mention:0ae58119b799a943,Suy gan tiến triển,suy gan tien trien,1,hepatic_impairment,Suy giảm chức năng gan,organ_impairment,hepatic,,,,,,Suy gan tiến triển,single,false,medium,not_requested,matched,needs_review,Khớp alias/thuật ngữ bằng rule tất định; bắt buộc duyệt thủ công.,,
condition-mention:2ddae322c61dd96b,Suy gan trầm trọng,suy gan tram trong,1,hepatic_impairment,Suy giảm chức năng gan,organ_impairment,hepatic,severe,,,,,Suy gan trầm trọng,single,false,medium,not_requested,matched,needs_review,Khớp alias/thuật ngữ bằng rule tất định; bắt buộc duyệt thủ công.,,
condition-mention:15aa47c8153bc4b4,Suy gan trung bình,suy gan trung binh,1,hepatic_impairment,Suy giảm chức năng gan,organ_impairment,hepatic,moderate,,,,,Suy gan trung bình,single,false,medium,not_requested,matched,needs_review,Khớp alias/thuật ngữ bằng rule tất định; bắt buộc duyệt thủ công.,,
condition-mention:45f3ac03b3cf6510,Suy gan trung bình và nặng,suy gan trung binh va nang,1,hepatic_impairment,Suy giảm chức năng gan,organ_impairment,hepatic,severe,,,,,Suy gan trung bình và nặng,and,true,medium,not_requested,matched,needs_review,Khớp alias/thuật ngữ bằng rule tất định; bắt buộc duyệt thủ công.,,
condition-mention:baa45b86692c3e49,Suy gan từ nhẹ đến trung bình,suy gan tu nhe den trung binh,1,hepatic_impairment,Suy giảm chức năng gan,organ_impairment,hepatic,moderate,,,,,Suy gan từ nhẹ đến trung bình,single,false,medium,not_requested,matched,needs_review,Khớp alias/thuật ngữ bằng rule tất định; bắt buộc duyệt thủ công.,,
condition-mention:2aecdeec3ba15159,Suy gan và/hoặc suy thận nặng,suy gan va hoac suy than nang,1,renal_impairment,Suy giảm chức năng thận,organ_impairment,renal,,,,,,Suy gan và/hoặc suy thận nặng,unclear,true,medium,not_requested,matched,needs_review,Khớp alias/thuật ngữ bằng rule tất định; bắt buộc duyệt thủ công.,,
condition-mention:2aecdeec3ba15159,Suy gan và/hoặc suy thận nặng,suy gan va hoac suy than nang,1,hepatic_impairment,Suy giảm chức năng gan,organ_impairment,hepatic,,,,,,Suy gan và/hoặc suy thận nặng,unclear,true,medium,not_requested,matched,needs_review,Khớp alias/thuật ngữ bằng rule tất định; bắt buộc duyệt thủ công.,,
condition-mention:4adb35dc5a5749d5,Suy gan vừa đến nặng,suy gan vua den nang,1,hepatic_impairment,Suy giảm chức năng gan,organ_impairment,hepatic,severe,,,,,Suy gan vừa đến nặng,single,false,medium,not_requested,matched,needs_review,Khớp alias/thuật ngữ bằng rule tất định; bắt buộc duyệt thủ công.,,
condition-mention:1a09fe8452183221,Suy gan vừa hoặc nặng,suy gan vua hoac nang,1,hepatic_impairment,Suy giảm chức năng gan,organ_impairment,hepatic,severe,,,,,Suy gan vừa hoặc nặng,or,true,medium,not_requested,matched,needs_review,Khớp alias/thuật ngữ bằng rule tất định; bắt buộc duyệt thủ công.,,
condition-mention:05c53399d695b10b,"Suy gan, suy dinh dưỡng","suy gan, suy dinh duong",1,hepatic_impairment,Suy giảm chức năng gan,organ_impairment,hepatic,,,,,,"Suy gan, suy dinh dưỡng",unclear,true,medium,not_requested,matched,needs_review,Khớp alias/thuật ngữ bằng rule tất định; bắt buộc duyệt thủ công.,,
condition-mention:05c53399d695b10b,"Suy gan, suy dinh dưỡng","suy gan, suy dinh duong",1,malnutrition,Suy dinh dưỡng,clinical_finding,metabolic,,,,,,"Suy gan, suy dinh dưỡng",unclear,true,medium,not_requested,matched,needs_review,Khớp alias/thuật ngữ bằng rule tất định; bắt buộc duyệt thủ công.,,
condition-mention:9b57179d013375a1,"Suy gan, suy thận","suy gan, suy than",1,renal_impairment,Suy giảm chức năng thận,organ_impairment,renal,,,,,,"Suy gan, suy thận",unclear,true,medium,not_requested,matched,needs_review,Khớp alias/thuật ngữ bằng rule tất định; bắt buộc duyệt thủ công.,,
condition-mention:9b57179d013375a1,"Suy gan, suy thận","suy gan, suy than",1,hepatic_impairment,Suy giảm chức năng gan,organ_impairment,hepatic,,,,,,"Suy gan, suy thận",unclear,true,medium,not_requested,matched,needs_review,Khớp alias/thuật ngữ bằng rule tất định; bắt buộc duyệt thủ công.,,
condition-mention:d868f7d89a2cce3b,"Suy gan, suy thận nặng, cường tuyến giáp, suy dinh dưỡng","suy gan, suy than nang, cuong tuyen giap, suy dinh duong",1,renal_impairment,Suy giảm chức năng thận,organ_impairment,renal,,,,,,"Suy gan, suy thận nặng, cường tuyến giáp, suy dinh dưỡng",unclear,true,medium,not_requested,matched,needs_review,Khớp alias/thuật ngữ bằng rule tất định; bắt buộc duyệt thủ công.,,
condition-mention:d868f7d89a2cce3b,"Suy gan, suy thận nặng, cường tuyến giáp, suy dinh dưỡng","suy gan, suy than nang, cuong tuyen giap, suy dinh duong",1,hepatic_impairment,Suy giảm chức năng gan,organ_impairment,hepatic,,,,,,"Suy gan, suy thận nặng, cường tuyến giáp, suy dinh dưỡng",unclear,true,medium,not_requested,matched,needs_review,Khớp alias/thuật ngữ bằng rule tất định; bắt buộc duyệt thủ công.,,
condition-mention:d868f7d89a2cce3b,"Suy gan, suy thận nặng, cường tuyến giáp, suy dinh dưỡng","suy gan, suy than nang, cuong tuyen giap, suy dinh duong",1,hyperthyroidism,Cường giáp,disease,endocrine,,,,,,"Suy gan, suy thận nặng, cường tuyến giáp, suy dinh dưỡng",unclear,true,medium,not_requested,matched,needs_review,Khớp alias/thuật ngữ bằng rule tất định; bắt buộc duyệt thủ công.,,
condition-mention:d868f7d89a2cce3b,"Suy gan, suy thận nặng, cường tuyến giáp, suy dinh dưỡng","suy gan, suy than nang, cuong tuyen giap, suy dinh duong",1,malnutrition,Suy dinh dưỡng,clinical_finding,metabolic,,,,,,"Suy gan, suy thận nặng, cường tuyến giáp, suy dinh dưỡng",unclear,true,medium,not_requested,matched,needs_review,Khớp alias/thuật ngữ bằng rule tất định; bắt buộc duyệt thủ công.,,
condition-mention:08c02b0f2ab2dce4,"suy gan, suy thận, suy dinh dưỡng","suy gan, suy than, suy dinh duong",1,renal_impairment,Suy giảm chức năng thận,organ_impairment,renal,,,,,,"suy gan, suy thận, suy dinh dưỡng",unclear,true,medium,not_requested,matched,needs_review,Khớp alias/thuật ngữ bằng rule tất định; bắt buộc duyệt thủ công.,,
condition-mention:08c02b0f2ab2dce4,"suy gan, suy thận, suy dinh dưỡng","suy gan, suy than, suy dinh duong",1,hepatic_impairment,Suy giảm chức năng gan,organ_impairment,hepatic,,,,,,"suy gan, suy thận, suy dinh dưỡng",unclear,true,medium,not_requested,matched,needs_review,Khớp alias/thuật ngữ bằng rule tất định; bắt buộc duyệt thủ công.,,
condition-mention:08c02b0f2ab2dce4,"suy gan, suy thận, suy dinh dưỡng","suy gan, suy than, suy dinh duong",1,malnutrition,Suy dinh dưỡng,clinical_finding,metabolic,,,,,,"suy gan, suy thận, suy dinh dưỡng",unclear,true,medium,not_requested,matched,needs_review,Khớp alias/thuật ngữ bằng rule tất định; bắt buộc duyệt thủ công.,,
condition-mention:62dfc0258164a924,"Suy gan, suy thận, suy dinh dưỡng mạn tính hoặc bị mất nước","suy gan, suy than, suy dinh duong man tinh hoac bi mat nuoc",1,renal_impairment,Suy giảm chức năng thận,organ_impairment,renal,,,,,,"Suy gan, suy thận, suy dinh dưỡng mạn tính hoặc bị mất nước",or,true,medium,not_requested,matched,needs_review,Khớp alias/thuật ngữ bằng rule tất định; bắt buộc duyệt thủ công.,,
condition-mention:62dfc0258164a924,"Suy gan, suy thận, suy dinh dưỡng mạn tính hoặc bị mất nước","suy gan, suy than, suy dinh duong man tinh hoac bi mat nuoc",1,hepatic_impairment,Suy giảm chức năng gan,organ_impairment,hepatic,,,,,,"Suy gan, suy thận, suy dinh dưỡng mạn tính hoặc bị mất nước",or,true,medium,not_requested,matched,needs_review,Khớp alias/thuật ngữ bằng rule tất định; bắt buộc duyệt thủ công.,,
condition-mention:62dfc0258164a924,"Suy gan, suy thận, suy dinh dưỡng mạn tính hoặc bị mất nước","suy gan, suy than, suy dinh duong man tinh hoac bi mat nuoc",1,dehydration,Mất nước,clinical_finding,metabolic,,,,,,"Suy gan, suy thận, suy dinh dưỡng mạn tính hoặc bị mất nước",or,true,medium,not_requested,matched,needs_review,Khớp alias/thuật ngữ bằng rule tất định; bắt buộc duyệt thủ công.,,
condition-mention:62dfc0258164a924,"Suy gan, suy thận, suy dinh dưỡng mạn tính hoặc bị mất nước","suy gan, suy than, suy dinh duong man tinh hoac bi mat nuoc",1,malnutrition,Suy dinh dưỡng,clinical_finding,metabolic,,,,,,"Suy gan, suy thận, suy dinh dưỡng mạn tính hoặc bị mất nước",or,true,medium,not_requested,matched,needs_review,Khớp alias/thuật ngữ bằng rule tất định; bắt buộc duyệt thủ công.,,
condition-mention:a227b6cbf4c58bba,"Suy gan, tăng enzym gan","suy gan, tang enzym gan",1,elevated_liver_enzymes,Tăng men gan/transaminase,clinical_finding,hepatic,,,,,,"Suy gan, tăng enzym gan",unclear,true,medium,not_requested,matched,needs_review,Khớp alias/thuật ngữ bằng rule tất định; bắt buộc duyệt thủ công.,,
condition-mention:a227b6cbf4c58bba,"Suy gan, tăng enzym gan","suy gan, tang enzym gan",1,hepatic_impairment,Suy giảm chức năng gan,organ_impairment,hepatic,,,,,,"Suy gan, tăng enzym gan",unclear,true,medium,not_requested,matched,needs_review,Khớp alias/thuật ngữ bằng rule tất định; bắt buộc duyệt thủ công.,,
condition-mention:b85bcc2ce07a00d4,"Suy gan, tăng men gan","suy gan, tang men gan",1,elevated_liver_enzymes,Tăng men gan/transaminase,clinical_finding,hepatic,,,,,,"Suy gan, tăng men gan",unclear,true,medium,not_requested,matched,needs_review,Khớp alias/thuật ngữ bằng rule tất định; bắt buộc duyệt thủ công.,,
condition-mention:b85bcc2ce07a00d4,"Suy gan, tăng men gan","suy gan, tang men gan",1,hepatic_impairment,Suy giảm chức năng gan,organ_impairment,hepatic,,,,,,"Suy gan, tăng men gan",unclear,true,medium,not_requested,matched,needs_review,Khớp alias/thuật ngữ bằng rule tất định; bắt buộc duyệt thủ công.,,
condition-mention:5197303099b11f6b,"suy giảm chất tiết mạn tính, rối loạn thể mi hoặc giảm khả năng loại bỏ đờm ra ngoài","suy giam chat tiet man tinh, roi loan the mi hoac giam kha nang loai bo dom ra ngoai",1,respiratory_secretion_clearance_impairment,Giảm khả năng làm sạch dịch tiết hô hấp,clinical_finding,respiratory,,chronic,,,,"suy giảm chất tiết mạn tính, rối loạn thể mi hoặc giảm khả năng loại bỏ đờm ra ngoài",or,true,medium,not_requested,matched,needs_review,Khớp alias/thuật ngữ bằng rule tất định; bắt buộc duyệt thủ công.,,
condition-mention:461d5b5baf1772df,"Suy giảm chức năng dẫn truyền thần kinh cơ (nhược cơ, bệnh Parkinson)","suy giam chuc nang dan truyen than kinh co nhuoc co, benh parkinson",1,parkinson_disease,Bệnh Parkinson,disease,neurologic,,,,,,"Suy giảm chức năng dẫn truyền thần kinh cơ (nhược cơ, bệnh Parkinson)",unclear,true,medium,not_requested,matched,needs_review,Khớp alias/thuật ngữ bằng rule tất định; bắt buộc duyệt thủ công.,,
condition-mention:461d5b5baf1772df,"Suy giảm chức năng dẫn truyền thần kinh cơ (nhược cơ, bệnh Parkinson)","suy giam chuc nang dan truyen than kinh co nhuoc co, benh parkinson",1,myasthenia_gravis,Nhược cơ,disease,neuromuscular,,,,,,"Suy giảm chức năng dẫn truyền thần kinh cơ (nhược cơ, bệnh Parkinson)",unclear,true,medium,not_requested,matched,needs_review,Khớp alias/thuật ngữ bằng rule tất định; bắt buộc duyệt thủ công.,,
condition-mention:a7ddb6f0103697ff,suy giảm chức năng gan hoặc thận,suy giam chuc nang gan hoac than,1,hepatic_impairment,Suy giảm chức năng gan,organ_impairment,hepatic,,,,,,suy giảm chức năng gan hoặc thận,or,true,medium,not_requested,matched,needs_review,Khớp alias/thuật ngữ bằng rule tất định; bắt buộc duyệt thủ công.,,
condition-mention:be768efac594368f,Suy giảm chức năng gan nặng,suy giam chuc nang gan nang,1,hepatic_impairment,Suy giảm chức năng gan,organ_impairment,hepatic,severe,,,,,Suy giảm chức năng gan nặng,single,false,medium,not_requested,matched,needs_review,Khớp alias/thuật ngữ bằng rule tất định; bắt buộc duyệt thủ công.,,
condition-mention:12f4218060d2e1c4,Suy giảm chức năng gan nghiêm trọng,suy giam chuc nang gan nghiem trong,1,hepatic_impairment,Suy giảm chức năng gan,organ_impairment,hepatic,severe,,,,,Suy giảm chức năng gan nghiêm trọng,single,false,medium,not_requested,matched,needs_review,Khớp alias/thuật ngữ bằng rule tất định; bắt buộc duyệt thủ công.,,
condition-mention:dd61d65142b6ba27,Suy giảm chức năng gan ở người cao tuổi,suy giam chuc nang gan o nguoi cao tuoi,1,older_adult,Người cao tuổi,population,special,,,,,,Suy giảm chức năng gan ở người cao tuổi,unclear,true,medium,not_requested,matched,needs_review,Khớp alias/thuật ngữ bằng rule tất định; bắt buộc duyệt thủ công.,,
condition-mention:dd61d65142b6ba27,Suy giảm chức năng gan ở người cao tuổi,suy giam chuc nang gan o nguoi cao tuoi,1,hepatic_impairment,Suy giảm chức năng gan,organ_impairment,hepatic,,,,,,Suy giảm chức năng gan ở người cao tuổi,unclear,true,medium,not_requested,matched,needs_review,Khớp alias/thuật ngữ bằng rule tất định; bắt buộc duyệt thủ công.,,
condition-mention:0972b3034b3d53b4,Suy giảm chức năng gan và thận,suy giam chuc nang gan va than,1,hepatic_impairment,Suy giảm chức năng gan,organ_impairment,hepatic,,,,,,Suy giảm chức năng gan và thận,and,true,medium,not_requested,matched,needs_review,Khớp alias/thuật ngữ bằng rule tất định; bắt buộc duyệt thủ công.,,
condition-mention:33b6b46d707de23c,"suy giảm chức năng gan, thận","suy giam chuc nang gan, than",1,hepatic_impairment,Suy giảm chức năng gan,organ_impairment,hepatic,,,,,,"suy giảm chức năng gan, thận",unclear,true,medium,not_requested,matched,needs_review,Khớp alias/thuật ngữ bằng rule tất định; bắt buộc duyệt thủ công.,,
condition-mention:d9d34707bf0487f5,Suy giảm chức năng thận / Bệnh nhân có chế độ ăn có kiểm soát kali,suy giam chuc nang than benh nhan co che do an co kiem soat kali,1,renal_impairment,Suy giảm chức năng thận,organ_impairment,renal,,,,,,Suy giảm chức năng thận / Bệnh nhân có chế độ ăn có kiểm soát kali,unclear,true,medium,not_requested,matched,needs_review,Khớp alias/thuật ngữ bằng rule tất định; bắt buộc duyệt thủ công.,,
condition-mention:9c648ce3109eb20d,Suy giảm chức năng thận rõ rệt (độ thanh thải creatinin dưới 30 ml/phút),suy giam chuc nang than ro ret do thanh thai creatinin duoi phut,1,renal_impairment,Suy giảm chức năng thận,organ_impairment,renal,,,,,độ thanh thải creatinin dưới 30 ml/phút,Suy giảm chức năng thận rõ rệt (độ thanh thải creatinin dưới 30 ml/phút),single,false,medium,not_requested,matched,needs_review,Khớp alias/thuật ngữ bằng rule tất định; bắt buộc duyệt thủ công.,,
condition-mention:795487c1282daed9,"Suy giảm chức năng thận, nhược giáp, tiền sử bản thân hoặc tiền sử gia đình mắc bệnh cơ di truyền, tiền sử bị bệnh cơ do sử dụng statin hoặc fibrat trước đó","suy giam chuc nang than, nhuoc giap, tien su ban than hoac tien su gia dinh mac benh co di truyen, tien su bi benh co do su dung statin hoac fibrat truoc do",1,renal_impairment,Suy giảm chức năng thận,organ_impairment,renal,,,,,,"Suy giảm chức năng thận, nhược giáp, tiền sử bản thân hoặc tiền sử gia đình mắc bệnh cơ di truyền, tiền sử bị bệnh cơ do sử dụng statin hoặc fibrat trước đó",or,true,medium,not_requested,matched,needs_review,Khớp alias/thuật ngữ bằng rule tất định; bắt buộc duyệt thủ công.,,
condition-mention:795487c1282daed9,"Suy giảm chức năng thận, nhược giáp, tiền sử bản thân hoặc tiền sử gia đình mắc bệnh cơ di truyền, tiền sử bị bệnh cơ do sử dụng statin hoặc fibrat trước đó","suy giam chuc nang than, nhuoc giap, tien su ban than hoac tien su gia dinh mac benh co di truyen, tien su bi benh co do su dung statin hoac fibrat truoc do",1,hypothyroidism,Suy giáp,disease,endocrine,,,,,,"Suy giảm chức năng thận, nhược giáp, tiền sử bản thân hoặc tiền sử gia đình mắc bệnh cơ di truyền, tiền sử bị bệnh cơ do sử dụng statin hoặc fibrat trước đó",or,true,medium,not_requested,matched,needs_review,Khớp alias/thuật ngữ bằng rule tất định; bắt buộc duyệt thủ công.,,
condition-mention:795487c1282daed9,"Suy giảm chức năng thận, nhược giáp, tiền sử bản thân hoặc tiền sử gia đình mắc bệnh cơ di truyền, tiền sử bị bệnh cơ do sử dụng statin hoặc fibrat trước đó","suy giam chuc nang than, nhuoc giap, tien su ban than hoac tien su gia dinh mac benh co di truyen, tien su bi benh co do su dung statin hoac fibrat truoc do",1,muscle_disease,Bệnh cơ,disease,neuromuscular,,,,,,"Suy giảm chức năng thận, nhược giáp, tiền sử bản thân hoặc tiền sử gia đình mắc bệnh cơ di truyền, tiền sử bị bệnh cơ do sử dụng statin hoặc fibrat trước đó",or,true,medium,not_requested,matched,needs_review,Khớp alias/thuật ngữ bằng rule tất định; bắt buộc duyệt thủ công.,,
condition-mention:54f8aacee225902a,Suy giảm chuyển hoá axit amin,suy giam chuyen hoa axit amin,1,amino_acid_metabolism_disorder,Rối loạn chuyển hóa acid amin,disease,metabolic,,,,,,Suy giảm chuyển hoá axit amin,single,false,medium,not_requested,matched,needs_review,Khớp alias/thuật ngữ bằng rule tất định; bắt buộc duyệt thủ công.,,
condition-mention:aafe6fe6d612f3ff,Suy giảm đáng kể chức năng gan,suy giam dang ke chuc nang gan,1,hepatic_impairment,Suy giảm chức năng gan,organ_impairment,hepatic,,,,,,Suy giảm đáng kể chức năng gan,single,false,medium,not_requested,matched,needs_review,Khớp alias/thuật ngữ bằng rule tất định; bắt buộc duyệt thủ công.,,
condition-mention:4f93bdf75310cdc7,Suy giảm miễn dịch,suy giam mien dich,1,immunodeficiency,Suy giảm miễn dịch,disease,immune,,,,,,Suy giảm miễn dịch,single,false,medium,not_requested,matched,needs_review,Khớp alias/thuật ngữ bằng rule tất định; bắt buộc duyệt thủ công.,,
condition-mention:c4d5eeca443335c6,"Suy giảm miễn dịch (HIV, cấy ghép cơ quan, xạ trị)","suy giam mien dich hiv, cay ghep co quan, xa tri",1,organ_transplant,Ghép tạng,procedure_state,special,,,,,,"Suy giảm miễn dịch (HIV, cấy ghép cơ quan, xạ trị)",unclear,true,medium,not_requested,matched,needs_review,Khớp alias/thuật ngữ bằng rule tất định; bắt buộc duyệt thủ công.,,
condition-mention:c4d5eeca443335c6,"Suy giảm miễn dịch (HIV, cấy ghép cơ quan, xạ trị)","suy giam mien dich hiv, cay ghep co quan, xa tri",1,hiv_infection,Nhiễm HIV,disease,infectious,,,,,,"Suy giảm miễn dịch (HIV, cấy ghép cơ quan, xạ trị)",unclear,true,medium,not_requested,matched,needs_review,Khớp alias/thuật ngữ bằng rule tất định; bắt buộc duyệt thủ công.,,
condition-mention:c4d5eeca443335c6,"Suy giảm miễn dịch (HIV, cấy ghép cơ quan, xạ trị)","suy giam mien dich hiv, cay ghep co quan, xa tri",1,immunodeficiency,Suy giảm miễn dịch,disease,immune,,,,,,"Suy giảm miễn dịch (HIV, cấy ghép cơ quan, xạ trị)",unclear,true,medium,not_requested,matched,needs_review,Khớp alias/thuật ngữ bằng rule tất định; bắt buộc duyệt thủ công.,,
condition-mention:536ede9e3da5a7f7,Suy giáp,suy giap,1,hypothyroidism,Suy giáp,disease,endocrine,,,,,,Suy giáp,single,false,medium,not_requested,matched,needs_review,Khớp alias/thuật ngữ bằng rule tất định; bắt buộc duyệt thủ công.,,
condition-mention:dc8bc93dabef55fc,Suy giáp do suy tuyến yên,suy giap do suy tuyen yen,1,hypothyroidism,Suy giáp,disease,endocrine,,,,,,Suy giáp do suy tuyến yên,single,false,medium,not_requested,matched,needs_review,Khớp alias/thuật ngữ bằng rule tất định; bắt buộc duyệt thủ công.,,
condition-mention:7894e6c965c13b04,Suy hô hấp,suy ho hap,1,respiratory_failure,Suy hô hấp,organ_impairment,respiratory,,,,,,Suy hô hấp,single,false,medium,not_requested,matched,needs_review,Khớp alias/thuật ngữ bằng rule tất định; bắt buộc duyệt thủ công.,,
condition-mention:00a20980394ab0d4,suy hô hấp mất bù,suy ho hap mat bu,1,respiratory_failure,Suy hô hấp,organ_impairment,respiratory,,,,,,suy hô hấp mất bù,single,false,medium,not_requested,matched,needs_review,Khớp alias/thuật ngữ bằng rule tất định; bắt buộc duyệt thủ công.,,
condition-mention:9f92620300800894,suy mạch máu ngoại biên không nghiêm trọng,suy mach mau ngoai bien khong nghiem trong,1,peripheral_arterial_disease,Bệnh động mạch ngoại biên,disease,cardiovascular,severe,,,,,suy mạch máu ngoại biên không nghiêm trọng,single,false,medium,not_requested,matched,needs_review,Khớp alias/thuật ngữ bằng rule tất định; bắt buộc duyệt thủ công.,,
condition-mention:532c419324ac2d03,Suy mạch vành,suy mach vanh,1,ischemic_heart_disease,Bệnh tim thiếu máu cục bộ,disease,cardiovascular,,,,,,Suy mạch vành,single,false,medium,not_requested,matched,needs_review,Khớp alias/thuật ngữ bằng rule tất định; bắt buộc duyệt thủ công.,,
condition-mention:cbbbb2459e4a5bbc,Suy mạch vành cấp,suy mach vanh cap,1,ischemic_heart_disease,Bệnh tim thiếu máu cục bộ,disease,cardiovascular,,acute,,,,Suy mạch vành cấp,single,false,medium,not_requested,matched,needs_review,Khớp alias/thuật ngữ bằng rule tất định; bắt buộc duyệt thủ công.,,
condition-mention:091b83178d961c7e,suy mạch vành và các bệnh tim mạn tính,suy mach vanh va cac benh tim man tinh,1,ischemic_heart_disease,Bệnh tim thiếu máu cục bộ,disease,cardiovascular,,chronic,,,,suy mạch vành và các bệnh tim mạn tính,and,true,medium,not_requested,matched,needs_review,Khớp alias/thuật ngữ bằng rule tất định; bắt buộc duyệt thủ công.,,
condition-mention:5729a991183c01b1,Suy nhược nặng,suy nhuoc nang,1,severe_debilitation,Suy nhược nặng,clinical_state,special,severe,,,,,Suy nhược nặng,single,false,medium,not_requested,matched,needs_review,Khớp alias/thuật ngữ bằng rule tất định; bắt buộc duyệt thủ công.,,
condition-mention:a0a2b3f853dd9006,Suy tế bào gan,suy te bao gan,1,hepatic_impairment,Suy giảm chức năng gan,organ_impairment,hepatic,,,,,,Suy tế bào gan,single,false,medium,not_requested,matched,needs_review,Khớp alias/thuật ngữ bằng rule tất định; bắt buộc duyệt thủ công.,,
condition-mention:9a8f14471f0526c2,Suy tế bào gan nặng hoặc rối loạn chuyển hóa lactat,suy te bao gan nang hoac roi loan chuyen hoa lactat,1,hepatic_impairment,Suy giảm chức năng gan,organ_impairment,hepatic,severe,,,,,Suy tế bào gan nặng hoặc rối loạn chuyển hóa lactat,or,true,medium,not_requested,matched,needs_review,Khớp alias/thuật ngữ bằng rule tất định; bắt buộc duyệt thủ công.,,
condition-mention:8f927db3e350b015,Suy tế bào gan ở người lớn,suy te bao gan o nguoi lon,1,hepatic_impairment,Suy giảm chức năng gan,organ_impairment,hepatic,,,,,,Suy tế bào gan ở người lớn,single,false,medium,not_requested,matched,needs_review,Khớp alias/thuật ngữ bằng rule tất định; bắt buộc duyệt thủ công.,,
condition-mention:fb97cbdbd9f5b675,Suy thận cấp hoặc mạn tính,suy than cap hoac man tinh,1,acute_kidney_injury,Tổn thương thận cấp,disease,renal,,,,,,Suy thận cấp hoặc mạn tính,or,true,medium,not_requested,matched,needs_review,Khớp alias/thuật ngữ bằng rule tất định; bắt buộc duyệt thủ công.,,
condition-mention:fb97cbdbd9f5b675,Suy thận cấp hoặc mạn tính,suy than cap hoac man tinh,1,renal_impairment,Suy giảm chức năng thận,organ_impairment,renal,,,,,,Suy thận cấp hoặc mạn tính,or,true,medium,not_requested,matched,needs_review,Khớp alias/thuật ngữ bằng rule tất định; bắt buộc duyệt thủ công.,,
condition-mention:5cfb918cebc4c528,"Suy thận cấp tính, tổn thương thận đáng kể, vô niệu","suy than cap tinh, ton thuong than dang ke, vo nieu",1,acute_kidney_injury,Tổn thương thận cấp,disease,renal,,,,,,"Suy thận cấp tính, tổn thương thận đáng kể, vô niệu",unclear,true,medium,not_requested,matched,needs_review,Khớp alias/thuật ngữ bằng rule tất định; bắt buộc duyệt thủ công.,,
condition-mention:5cfb918cebc4c528,"Suy thận cấp tính, tổn thương thận đáng kể, vô niệu","suy than cap tinh, ton thuong than dang ke, vo nieu",1,renal_impairment,Suy giảm chức năng thận,organ_impairment,renal,,,,,,"Suy thận cấp tính, tổn thương thận đáng kể, vô niệu",unclear,true,medium,not_requested,matched,needs_review,Khớp alias/thuật ngữ bằng rule tất định; bắt buộc duyệt thủ công.,,
condition-mention:5cfb918cebc4c528,"Suy thận cấp tính, tổn thương thận đáng kể, vô niệu","suy than cap tinh, ton thuong than dang ke, vo nieu",1,anuria,Vô niệu,clinical_finding,renal,,,,,,"Suy thận cấp tính, tổn thương thận đáng kể, vô niệu",unclear,true,medium,not_requested,matched,needs_review,Khớp alias/thuật ngữ bằng rule tất định; bắt buộc duyệt thủ công.,,
condition-mention:40b3a6d9edf772eb,"Suy thận cấp, có tiền sử bệnh thận","suy than cap, co tien su benh than",1,acute_kidney_injury,Tổn thương thận cấp,disease,renal,,,,,,"Suy thận cấp, có tiền sử bệnh thận",unclear,true,medium,not_requested,matched,needs_review,Khớp alias/thuật ngữ bằng rule tất định; bắt buộc duyệt thủ công.,,
condition-mention:40b3a6d9edf772eb,"Suy thận cấp, có tiền sử bệnh thận","suy than cap, co tien su benh than",1,renal_impairment,Suy giảm chức năng thận,organ_impairment,renal,,,,,,"Suy thận cấp, có tiền sử bệnh thận",unclear,true,medium,not_requested,matched,needs_review,Khớp alias/thuật ngữ bằng rule tất định; bắt buộc duyệt thủ công.,,
condition-mention:a0374bca7efe99e2,Suy thận (độ thanh thải creatinine dưới 15ml/min),suy than do thanh thai creatinine duoi min,1,renal_impairment,Suy giảm chức năng thận,organ_impairment,renal,,,,,độ thanh thải creatinine dưới 15ml/min,Suy thận (độ thanh thải creatinine dưới 15ml/min),single,false,medium,not_requested,matched,needs_review,Khớp alias/thuật ngữ bằng rule tất định; bắt buộc duyệt thủ công.,,
condition-mention:b69b75e86d9dd05b,"Suy thận (eGFR dưới 30 ml/phút/1,73 m²)","suy than egfr duoi phut 1,73 m²",1,renal_impairment,Suy giảm chức năng thận,organ_impairment,renal,,,,,"eGFR dưới 30 ml/phút/1,73 m²","Suy thận (eGFR dưới 30 ml/phút/1,73 m²)",single,false,medium,not_requested,matched,needs_review,Khớp alias/thuật ngữ bằng rule tất định; bắt buộc duyệt thủ công.,,
condition-mention:56084ef98a193160,Suy thận (GFR < 60 ml/min/1.73 m²),suy than gfr < min 1.73 m²,1,renal_impairment,Suy giảm chức năng thận,organ_impairment,renal,,,,,GFR < 60 ml/min/1.73 m²,Suy thận (GFR < 60 ml/min/1.73 m²),single,false,medium,not_requested,matched,needs_review,Khớp alias/thuật ngữ bằng rule tất định; bắt buộc duyệt thủ công.,,
condition-mention:763bea8234c10f61,Suy thận (GFR < 30 mL/phút),suy than gfr < phut,1,renal_impairment,Suy giảm chức năng thận,organ_impairment,renal,,,,,GFR < 30 mL/phút,Suy thận (GFR < 30 mL/phút),single,false,medium,not_requested,matched,needs_review,Khớp alias/thuật ngữ bằng rule tất định; bắt buộc duyệt thủ công.,,
condition-mention:2e99fd2aef427481,suy thận giai đoạn cuối (độ thanh thải creatinin ≤ 15 ml/phút),suy than giai doan cuoi do thanh thai creatinin ≤ phut,1,end_stage_kidney_disease,Bệnh thận giai đoạn cuối,disease,renal,,,,,,suy thận giai đoạn cuối (độ thanh thải creatinin ≤ 15 ml/phút),unclear,true,medium,not_requested,matched,needs_review,Khớp alias/thuật ngữ bằng rule tất định; bắt buộc duyệt thủ công.,,
condition-mention:2e99fd2aef427481,suy thận giai đoạn cuối (độ thanh thải creatinin ≤ 15 ml/phút),suy than giai doan cuoi do thanh thai creatinin ≤ phut,1,renal_impairment,Suy giảm chức năng thận,organ_impairment,renal,,,,,,suy thận giai đoạn cuối (độ thanh thải creatinin ≤ 15 ml/phút),unclear,true,medium,not_requested,matched,needs_review,Khớp alias/thuật ngữ bằng rule tất định; bắt buộc duyệt thủ công.,,
condition-mention:d2bfb468be9c963c,Suy thận giai đoạn nặng (độ thanh thải creatinine < 10 ml/phút),suy than giai doan nang do thanh thai creatinine < phut,1,renal_impairment,Suy giảm chức năng thận,organ_impairment,renal,severe,,,,độ thanh thải creatinine < 10 ml/phút,Suy thận giai đoạn nặng (độ thanh thải creatinine < 10 ml/phút),single,false,medium,not_requested,matched,needs_review,Khớp alias/thuật ngữ bằng rule tất định; bắt buộc duyệt thủ công.,,
condition-mention:5c5fdcea9771c7b0,Suy thận hoặc dùng liệu pháp thay thế thận,suy than hoac dung lieu phap thay the than,1,renal_impairment,Suy giảm chức năng thận,organ_impairment,renal,,,,,,Suy thận hoặc dùng liệu pháp thay thế thận,or,true,medium,not_requested,matched,needs_review,Khớp alias/thuật ngữ bằng rule tất định; bắt buộc duyệt thủ công.,,
condition-mention:f15fef9efd0dd800,"suy thận hoặc suy thượng thận, bệnh tim, mất nước cấp, say nóng, phá hủy mô rộng như bỏng nặng","suy than hoac suy thuong than, benh tim, mat nuoc cap, say nong, pha huy mo rong nhu bong nang",1,renal_impairment,Suy giảm chức năng thận,organ_impairment,renal,,,,,,"suy thận hoặc suy thượng thận, bệnh tim, mất nước cấp, say nóng, phá hủy mô rộng như bỏng nặng",or,true,medium,not_requested,matched,needs_review,Khớp alias/thuật ngữ bằng rule tất định; bắt buộc duyệt thủ công.,,
condition-mention:f15fef9efd0dd800,"suy thận hoặc suy thượng thận, bệnh tim, mất nước cấp, say nóng, phá hủy mô rộng như bỏng nặng","suy than hoac suy thuong than, benh tim, mat nuoc cap, say nong, pha huy mo rong nhu bong nang",1,cardiovascular_disease,Bệnh tim mạch,disease,cardiovascular,,,,,,"suy thận hoặc suy thượng thận, bệnh tim, mất nước cấp, say nóng, phá hủy mô rộng như bỏng nặng",or,true,medium,not_requested,matched,needs_review,Khớp alias/thuật ngữ bằng rule tất định; bắt buộc duyệt thủ công.,,
condition-mention:f15fef9efd0dd800,"suy thận hoặc suy thượng thận, bệnh tim, mất nước cấp, say nóng, phá hủy mô rộng như bỏng nặng","suy than hoac suy thuong than, benh tim, mat nuoc cap, say nong, pha huy mo rong nhu bong nang",1,adrenal_insufficiency,Suy tuyến thượng thận,disease,endocrine,,,,,,"suy thận hoặc suy thượng thận, bệnh tim, mất nước cấp, say nóng, phá hủy mô rộng như bỏng nặng",or,true,medium,not_requested,matched,needs_review,Khớp alias/thuật ngữ bằng rule tất định; bắt buộc duyệt thủ công.,,
condition-mention:f15fef9efd0dd800,"suy thận hoặc suy thượng thận, bệnh tim, mất nước cấp, say nóng, phá hủy mô rộng như bỏng nặng","suy than hoac suy thuong than, benh tim, mat nuoc cap, say nong, pha huy mo rong nhu bong nang",1,dehydration,Mất nước,clinical_finding,metabolic,,,,,,"suy thận hoặc suy thượng thận, bệnh tim, mất nước cấp, say nóng, phá hủy mô rộng như bỏng nặng",or,true,medium,not_requested,matched,needs_review,Khớp alias/thuật ngữ bằng rule tất định; bắt buộc duyệt thủ công.,,
condition-mention:f15fef9efd0dd800,"suy thận hoặc suy thượng thận, bệnh tim, mất nước cấp, say nóng, phá hủy mô rộng như bỏng nặng","suy than hoac suy thuong than, benh tim, mat nuoc cap, say nong, pha huy mo rong nhu bong nang",1,burn,Bỏng,clinical_finding,systemic,,,,,,"suy thận hoặc suy thượng thận, bệnh tim, mất nước cấp, say nóng, phá hủy mô rộng như bỏng nặng",or,true,medium,not_requested,matched,needs_review,Khớp alias/thuật ngữ bằng rule tất định; bắt buộc duyệt thủ công.,,
condition-mention:1427856d611e49be,Suy thận mạn tính / Suy thận nặng,suy than man tinh suy than nang,1,chronic_kidney_disease,Bệnh thận mạn tính,disease,renal,,,,,,Suy thận mạn tính / Suy thận nặng,unclear,true,medium,not_requested,matched,needs_review,Khớp alias/thuật ngữ bằng rule tất định; bắt buộc duyệt thủ công.,,
condition-mention:1427856d611e49be,Suy thận mạn tính / Suy thận nặng,suy than man tinh suy than nang,1,renal_impairment,Suy giảm chức năng thận,organ_impairment,renal,,,,,,Suy thận mạn tính / Suy thận nặng,unclear,true,medium,not_requested,matched,needs_review,Khớp alias/thuật ngữ bằng rule tất định; bắt buộc duyệt thủ công.,,
condition-mention:08d4440303b14f31,Suy thận mức độ trung bình,suy than muc do trung binh,1,renal_impairment,Suy giảm chức năng thận,organ_impairment,renal,moderate,,,,,Suy thận mức độ trung bình,single,false,medium,not_requested,matched,needs_review,Khớp alias/thuật ngữ bằng rule tất định; bắt buộc duyệt thủ công.,,
condition-mention:521dd99984c6c59d,Suy thận mức độ trung bình (độ thanh thải creatinine [30-60] ml/phút),suy than muc do trung binh do thanh thai creatinine 30 60 ml phut,1,renal_impairment,Suy giảm chức năng thận,organ_impairment,renal,moderate,,,,độ thanh thải creatinine [30-60] ml/phút,Suy thận mức độ trung bình (độ thanh thải creatinine [30-60] ml/phút),single,false,medium,not_requested,matched,needs_review,Khớp alias/thuật ngữ bằng rule tất định; bắt buộc duyệt thủ công.,,
condition-mention:51567ff8ea2b17bf,Suy thận nặng (bao gồm thiểu niệu/vô niệu),suy than nang bao gom thieu nieu vo nieu,1,renal_impairment,Suy giảm chức năng thận,organ_impairment,renal,,,,,,Suy thận nặng (bao gồm thiểu niệu/vô niệu),unclear,true,medium,not_requested,matched,needs_review,Khớp alias/thuật ngữ bằng rule tất định; bắt buộc duyệt thủ công.,,
condition-mention:51567ff8ea2b17bf,Suy thận nặng (bao gồm thiểu niệu/vô niệu),suy than nang bao gom thieu nieu vo nieu,1,anuria,Vô niệu,clinical_finding,renal,,,,,,Suy thận nặng (bao gồm thiểu niệu/vô niệu),unclear,true,medium,not_requested,matched,needs_review,Khớp alias/thuật ngữ bằng rule tất định; bắt buộc duyệt thủ công.,,
condition-mention:51567ff8ea2b17bf,Suy thận nặng (bao gồm thiểu niệu/vô niệu),suy than nang bao gom thieu nieu vo nieu,1,oliguria,Thiểu niệu,clinical_finding,renal,,,,,,Suy thận nặng (bao gồm thiểu niệu/vô niệu),unclear,true,medium,not_requested,matched,needs_review,Khớp alias/thuật ngữ bằng rule tất định; bắt buộc duyệt thủ công.,,
condition-mention:fb222ae9f068f7a6,Suy thận nặng (ClCr < 30 ml/phút),suy than nang clcr < phut,1,renal_impairment,Suy giảm chức năng thận,organ_impairment,renal,severe,,,,ClCr < 30 ml/phút,Suy thận nặng (ClCr < 30 ml/phút),single,false,medium,not_requested,matched,needs_review,Khớp alias/thuật ngữ bằng rule tất định; bắt buộc duyệt thủ công.,,
condition-mention:fd65546fe494c6a9,Suy thận nặng (có độ thanh thải creatinin Clcr < 30 ml/phút),suy than nang co do thanh thai creatinin clcr < phut,1,renal_impairment,Suy giảm chức năng thận,organ_impairment,renal,severe,,,,độ thanh thải creatinin Clcr < 30 ml/phút,Suy thận nặng (có độ thanh thải creatinin Clcr < 30 ml/phút),single,false,medium,not_requested,matched,needs_review,Khớp alias/thuật ngữ bằng rule tất định; bắt buộc duyệt thủ công.,,
condition-mention:bace3c47bb481424,"Suy thận nặng (CrCl < 0,5 ml/giây hoặc 30 ml/phút)",suy than nang crcl < giay hoac phut,1,renal_impairment,Suy giảm chức năng thận,organ_impairment,renal,severe,,,,"CrCl < 0,5 ml/giây hoặc 30 ml/phút","Suy thận nặng (CrCl < 0,5 ml/giây hoặc 30 ml/phút)",or,true,medium,not_requested,matched,needs_review,Khớp alias/thuật ngữ bằng rule tất định; bắt buộc duyệt thủ công.,,
condition-mention:85015935bca7210e,Suy thận nặng (creatinin clearance ≤ 30 mL/phút),suy than nang creatinin clearance ≤ phut,1,renal_impairment,Suy giảm chức năng thận,organ_impairment,renal,severe,,,,,Suy thận nặng (creatinin clearance ≤ 30 mL/phút),single,false,medium,not_requested,matched,needs_review,Khớp alias/thuật ngữ bằng rule tất định; bắt buộc duyệt thủ công.,,
condition-mention:0e70f5acca1243ad,"Suy thận nặng (độ lọc cầu thận <30 mL/ phút/ 1,73m²)","suy than nang do loc cau than < phut 1,73m²",1,renal_impairment,Suy giảm chức năng thận,organ_impairment,renal,severe,,,,,"Suy thận nặng (độ lọc cầu thận <30 mL/ phút/ 1,73m²)",single,false,medium,not_requested,matched,needs_review,Khớp alias/thuật ngữ bằng rule tất định; bắt buộc duyệt thủ công.,,
condition-mention:9cd95852b04f3a8a,Suy thận nặng (độ thanh thải < 30 ml/phút),suy than nang do thanh thai < phut,1,renal_impairment,Suy giảm chức năng thận,organ_impairment,renal,severe,,,,,Suy thận nặng (độ thanh thải < 30 ml/phút),single,false,medium,not_requested,matched,needs_review,Khớp alias/thuật ngữ bằng rule tất định; bắt buộc duyệt thủ công.,,
condition-mention:81a22736f2add394,Suy thận nặng (độ thanh thải creatinin ≤ 30 ml/phút),suy than nang do thanh thai creatinin ≤ phut,1,renal_impairment,Suy giảm chức năng thận,organ_impairment,renal,severe,,,,độ thanh thải creatinin ≤ 30 ml/phút,Suy thận nặng (độ thanh thải creatinin ≤ 30 ml/phút),single,false,medium,not_requested,matched,needs_review,Khớp alias/thuật ngữ bằng rule tất định; bắt buộc duyệt thủ công.,,
condition-mention:6b1a9c6145f6e106,Suy thận nặng (độ thanh thải creatinin ≤ 30 ml/phút) / Vô niệu,suy than nang do thanh thai creatinin ≤ phut vo nieu,1,renal_impairment,Suy giảm chức năng thận,organ_impairment,renal,,,,,,Suy thận nặng (độ thanh thải creatinin ≤ 30 ml/phút) / Vô niệu,unclear,true,medium,not_requested,matched,needs_review,Khớp alias/thuật ngữ bằng rule tất định; bắt buộc duyệt thủ công.,,
condition-mention:6b1a9c6145f6e106,Suy thận nặng (độ thanh thải creatinin ≤ 30 ml/phút) / Vô niệu,suy than nang do thanh thai creatinin ≤ phut vo nieu,1,anuria,Vô niệu,clinical_finding,renal,,,,,,Suy thận nặng (độ thanh thải creatinin ≤ 30 ml/phút) / Vô niệu,unclear,true,medium,not_requested,matched,needs_review,Khớp alias/thuật ngữ bằng rule tất định; bắt buộc duyệt thủ công.,,
condition-mention:bdcdbf66b971ef33,Suy thận nặng (độ thanh thải creatinin dưới 30ml/phút),suy than nang do thanh thai creatinin duoi phut,1,renal_impairment,Suy giảm chức năng thận,organ_impairment,renal,severe,,,,độ thanh thải creatinin dưới 30ml/phút,Suy thận nặng (độ thanh thải creatinin dưới 30ml/phút),single,false,medium,not_requested,matched,needs_review,Khớp alias/thuật ngữ bằng rule tất định; bắt buộc duyệt thủ công.,,
condition-mention:ba75210d1887fcd6,Suy thận nặng (độ thanh thải creatinine < 30 ml/phút / ≤ 30 ml/phút),suy than nang do thanh thai creatinine < phut ≤ phut,1,renal_impairment,Suy giảm chức năng thận,organ_impairment,renal,severe,,,,độ thanh thải creatinine < 30 ml/phút / ≤ 30 ml/phút,Suy thận nặng (độ thanh thải creatinine < 30 ml/phút / ≤ 30 ml/phút),single,false,medium,not_requested,matched,needs_review,Khớp alias/thuật ngữ bằng rule tất định; bắt buộc duyệt thủ công.,,
condition-mention:ff6cddc4c829e281,"Suy thận nặng (eGFR < 30 ml/phút/1,73 m²)","suy than nang egfr < phut 1,73 m²",1,renal_impairment,Suy giảm chức năng thận,organ_impairment,renal,severe,,,,"eGFR < 30 ml/phút/1,73 m²","Suy thận nặng (eGFR < 30 ml/phút/1,73 m²)",single,false,medium,not_requested,matched,needs_review,Khớp alias/thuật ngữ bằng rule tất định; bắt buộc duyệt thủ công.,,
condition-mention:0a7724257ad3411e,Suy thận nặng hoặc đang thẩm phân máu,suy than nang hoac dang tham phan mau,1,renal_impairment,Suy giảm chức năng thận,organ_impairment,renal,,,,,,Suy thận nặng hoặc đang thẩm phân máu,or,true,medium,not_requested,matched,needs_review,Khớp alias/thuật ngữ bằng rule tất định; bắt buộc duyệt thủ công.,,
condition-mention:0a7724257ad3411e,Suy thận nặng hoặc đang thẩm phân máu,suy than nang hoac dang tham phan mau,1,dialysis,Đang điều trị thay thế thận/lọc máu,procedure_state,renal,,,,,,Suy thận nặng hoặc đang thẩm phân máu,or,true,medium,not_requested,matched,needs_review,Khớp alias/thuật ngữ bằng rule tất định; bắt buộc duyệt thủ công.,,
condition-mention:c36510d3ac85edf5,Suy thận nặng hoặc giai đoạn cuối,suy than nang hoac giai doan cuoi,1,end_stage_kidney_disease,Bệnh thận giai đoạn cuối,disease,renal,,,,,,Suy thận nặng hoặc giai đoạn cuối,or,true,medium,not_requested,matched,needs_review,Khớp alias/thuật ngữ bằng rule tất định; bắt buộc duyệt thủ công.,,
condition-mention:c36510d3ac85edf5,Suy thận nặng hoặc giai đoạn cuối,suy than nang hoac giai doan cuoi,1,renal_impairment,Suy giảm chức năng thận,organ_impairment,renal,,,,,,Suy thận nặng hoặc giai đoạn cuối,or,true,medium,not_requested,matched,needs_review,Khớp alias/thuật ngữ bằng rule tất định; bắt buộc duyệt thủ công.,,
condition-mention:6c6f405062ac9416,suy thận nặng hoặc trung bình (độ thanh thải creatinin 15 - 60 ml/phút),suy than nang hoac trung binh do thanh thai creatinin 15 phut,1,renal_impairment,Suy giảm chức năng thận,organ_impairment,renal,severe,,,,độ thanh thải creatinin 15 - 60 ml/phút,suy thận nặng hoặc trung bình (độ thanh thải creatinin 15 - 60 ml/phút),or,true,medium,not_requested,matched,needs_review,Khớp alias/thuật ngữ bằng rule tất định; bắt buộc duyệt thủ công.,,
condition-mention:3790ad8bdf74b3e0,suy thận nặng hoặc xơ gan,suy than nang hoac xo gan,1,renal_impairment,Suy giảm chức năng thận,organ_impairment,renal,,,,,,suy thận nặng hoặc xơ gan,or,true,medium,not_requested,matched,needs_review,Khớp alias/thuật ngữ bằng rule tất định; bắt buộc duyệt thủ công.,,
condition-mention:3790ad8bdf74b3e0,suy thận nặng hoặc xơ gan,suy than nang hoac xo gan,1,cirrhosis,Xơ gan,disease,hepatic,,,,,,suy thận nặng hoặc xơ gan,or,true,medium,not_requested,matched,needs_review,Khớp alias/thuật ngữ bằng rule tất định; bắt buộc duyệt thủ công.,,
condition-mention:8f685dffbdec4dde,Suy thận nặng không được thẩm tách máu,suy than nang khong duoc tham tach mau,1,renal_impairment,Suy giảm chức năng thận,organ_impairment,renal,,,,,,Suy thận nặng không được thẩm tách máu,unclear,true,medium,not_requested,matched,needs_review,Khớp alias/thuật ngữ bằng rule tất định; bắt buộc duyệt thủ công.,,
condition-mention:8f685dffbdec4dde,Suy thận nặng không được thẩm tách máu,suy than nang khong duoc tham tach mau,1,dialysis,Đang điều trị thay thế thận/lọc máu,procedure_state,renal,,,,,,Suy thận nặng không được thẩm tách máu,unclear,true,medium,not_requested,matched,needs_review,Khớp alias/thuật ngữ bằng rule tất định; bắt buộc duyệt thủ công.,,
condition-mention:0194b605bf20639f,Suy thận nặng (thiếu niệu/ vô niệu),suy than nang thieu nieu vo nieu,1,renal_impairment,Suy giảm chức năng thận,organ_impairment,renal,,,,,,Suy thận nặng (thiếu niệu/ vô niệu),unclear,true,medium,not_requested,matched,needs_review,Khớp alias/thuật ngữ bằng rule tất định; bắt buộc duyệt thủ công.,,
condition-mention:0194b605bf20639f,Suy thận nặng (thiếu niệu/ vô niệu),suy than nang thieu nieu vo nieu,1,anuria,Vô niệu,clinical_finding,renal,,,,,,Suy thận nặng (thiếu niệu/ vô niệu),unclear,true,medium,not_requested,matched,needs_review,Khớp alias/thuật ngữ bằng rule tất định; bắt buộc duyệt thủ công.,,
condition-mention:0194b605bf20639f,Suy thận nặng (thiếu niệu/ vô niệu),suy than nang thieu nieu vo nieu,1,oliguria,Thiểu niệu,clinical_finding,renal,,,,,,Suy thận nặng (thiếu niệu/ vô niệu),unclear,true,medium,not_requested,matched,needs_review,Khớp alias/thuật ngữ bằng rule tất định; bắt buộc duyệt thủ công.,,
condition-mention:8ca3cf7940b1e55b,Suy thận nặng và thận hư,suy than nang va than hu,1,nephrotic_syndrome,Hội chứng thận hư,disease,renal,,,,,,Suy thận nặng và thận hư,and,true,medium,not_requested,matched,needs_review,Khớp alias/thuật ngữ bằng rule tất định; bắt buộc duyệt thủ công.,,
condition-mention:8ca3cf7940b1e55b,Suy thận nặng và thận hư,suy than nang va than hu,1,renal_impairment,Suy giảm chức năng thận,organ_impairment,renal,,,,,,Suy thận nặng và thận hư,and,true,medium,not_requested,matched,needs_review,Khớp alias/thuật ngữ bằng rule tất định; bắt buộc duyệt thủ công.,,
condition-mention:701c5d59dc81ae35,Suy thận nặng và vô niệu,suy than nang va vo nieu,1,renal_impairment,Suy giảm chức năng thận,organ_impairment,renal,,,,,,Suy thận nặng và vô niệu,and,true,medium,not_requested,matched,needs_review,Khớp alias/thuật ngữ bằng rule tất định; bắt buộc duyệt thủ công.,,
condition-mention:701c5d59dc81ae35,Suy thận nặng và vô niệu,suy than nang va vo nieu,1,anuria,Vô niệu,clinical_finding,renal,,,,,,Suy thận nặng và vô niệu,and,true,medium,not_requested,matched,needs_review,Khớp alias/thuật ngữ bằng rule tất định; bắt buộc duyệt thủ công.,,
condition-mention:1043db76621323b1,Suy thận nặng với mức lọc cầu thận dưới 30 ml/phút,suy than nang voi muc loc cau than duoi phut,1,renal_impairment,Suy giảm chức năng thận,organ_impairment,renal,severe,,,,mức lọc cầu thận dưới 30 ml/phút,Suy thận nặng với mức lọc cầu thận dưới 30 ml/phút,unclear,true,medium,not_requested,matched,needs_review,Khớp alias/thuật ngữ bằng rule tất định; bắt buộc duyệt thủ công.,,
condition-mention:fad071d8f5a8cfb0,"Suy thận nặng, xơ gan","suy than nang, xo gan",1,renal_impairment,Suy giảm chức năng thận,organ_impairment,renal,,,,,,"Suy thận nặng, xơ gan",unclear,true,medium,not_requested,matched,needs_review,Khớp alias/thuật ngữ bằng rule tất định; bắt buộc duyệt thủ công.,,
condition-mention:fad071d8f5a8cfb0,"Suy thận nặng, xơ gan","suy than nang, xo gan",1,cirrhosis,Xơ gan,disease,hepatic,,,,,,"Suy thận nặng, xơ gan",unclear,true,medium,not_requested,matched,needs_review,Khớp alias/thuật ngữ bằng rule tất định; bắt buộc duyệt thủ công.,,
condition-mention:af6857afbc6ed227,"Suy thận nghiêm trọng, suy thận","suy than nghiem trong, suy than",1,renal_impairment,Suy giảm chức năng thận,organ_impairment,renal,severe,,,,,"Suy thận nghiêm trọng, suy thận",unclear,true,medium,not_requested,matched,needs_review,Khớp alias/thuật ngữ bằng rule tất định; bắt buộc duyệt thủ công.,,
condition-mention:42b75fb5f3e0180e,Suy thận nhẹ,suy than nhe,1,renal_impairment,Suy giảm chức năng thận,organ_impairment,renal,mild,,,,,Suy thận nhẹ,single,false,medium,not_requested,matched,needs_review,Khớp alias/thuật ngữ bằng rule tất định; bắt buộc duyệt thủ công.,,
condition-mention:27bf2620476961b2,Suy thận nhẹ và trung bình,suy than nhe va trung binh,1,renal_impairment,Suy giảm chức năng thận,organ_impairment,renal,moderate,,,,,Suy thận nhẹ và trung bình,and,true,medium,not_requested,matched,needs_review,Khớp alias/thuật ngữ bằng rule tất định; bắt buộc duyệt thủ công.,,
condition-mention:9e29acf346517e0f,"Suy thận tiến triển, chức năng thận suy giảm nhanh hoặc nặng","suy than tien trien, chuc nang than suy giam nhanh hoac nang",1,renal_impairment,Suy giảm chức năng thận,organ_impairment,renal,severe,,,,,"Suy thận tiến triển, chức năng thận suy giảm nhanh hoặc nặng",or,true,medium,not_requested,matched,needs_review,Khớp alias/thuật ngữ bằng rule tất định; bắt buộc duyệt thủ công.,,
condition-mention:2b1dd44cbd57d071,Suy thận trung bình,suy than trung binh,1,renal_impairment,Suy giảm chức năng thận,organ_impairment,renal,moderate,,,,,Suy thận trung bình,single,false,medium,not_requested,matched,needs_review,Khớp alias/thuật ngữ bằng rule tất định; bắt buộc duyệt thủ công.,,
condition-mention:2d16a673695adfe5,suy thận trung bình đến nặng,suy than trung binh den nang,1,renal_impairment,Suy giảm chức năng thận,organ_impairment,renal,severe,,,,,suy thận trung bình đến nặng,single,false,medium,not_requested,matched,needs_review,Khớp alias/thuật ngữ bằng rule tất định; bắt buộc duyệt thủ công.,,
condition-mention:34786202cb307c85,Suy thận vừa (Clcr < 50 ml/phút) và nặng (Clcr < 10 ml/phút),suy than vua clcr < phut va nang clcr < phut,1,renal_impairment,Suy giảm chức năng thận,organ_impairment,renal,severe,,,,Clcr < 50 ml/phút | Clcr < 10 ml/phút,Suy thận vừa (Clcr < 50 ml/phút) và nặng (Clcr < 10 ml/phút),and,true,medium,not_requested,matched,needs_review,Khớp alias/thuật ngữ bằng rule tất định; bắt buộc duyệt thủ công.,,
condition-mention:3d99514130c16f0a,Suy thận vừa đến nặng,suy than vua den nang,1,renal_impairment,Suy giảm chức năng thận,organ_impairment,renal,severe,,,,,Suy thận vừa đến nặng,single,false,medium,not_requested,matched,needs_review,Khớp alias/thuật ngữ bằng rule tất định; bắt buộc duyệt thủ công.,,
condition-mention:72482899ab4d7907,Suy thận vừa (độ thanh thải creatinin từ 30–60 ml/phút),suy than vua do thanh thai creatinin tu 30– phut,1,renal_impairment,Suy giảm chức năng thận,organ_impairment,renal,,,,,độ thanh thải creatinin từ 30–60 ml/phút,Suy thận vừa (độ thanh thải creatinin từ 30–60 ml/phút),single,false,medium,not_requested,matched,needs_review,Khớp alias/thuật ngữ bằng rule tất định; bắt buộc duyệt thủ công.,,
condition-mention:c900b32aaa2e7da4,Suy thận vừa hoặc nặng,suy than vua hoac nang,1,renal_impairment,Suy giảm chức năng thận,organ_impairment,renal,severe,,,,,Suy thận vừa hoặc nặng,or,true,medium,not_requested,matched,needs_review,Khớp alias/thuật ngữ bằng rule tất định; bắt buộc duyệt thủ công.,,
condition-mention:de93b36cbf72df28,Suy thận vừa hoặc nặng / Nguy cơ suy thận do giảm thể tích hoặc mất nước,suy than vua hoac nang nguy co suy than do giam the tich hoac mat nuoc,1,renal_impairment,Suy giảm chức năng thận,organ_impairment,renal,,,,,,Suy thận vừa hoặc nặng / Nguy cơ suy thận do giảm thể tích hoặc mất nước,or,true,medium,not_requested,matched,needs_review,Khớp alias/thuật ngữ bằng rule tất định; bắt buộc duyệt thủ công.,,
condition-mention:de93b36cbf72df28,Suy thận vừa hoặc nặng / Nguy cơ suy thận do giảm thể tích hoặc mất nước,suy than vua hoac nang nguy co suy than do giam the tich hoac mat nuoc,1,dehydration,Mất nước,clinical_finding,metabolic,,,,,,Suy thận vừa hoặc nặng / Nguy cơ suy thận do giảm thể tích hoặc mất nước,or,true,medium,not_requested,matched,needs_review,Khớp alias/thuật ngữ bằng rule tất định; bắt buộc duyệt thủ công.,,
condition-mention:b15a9157bbe81f15,Suy thượng thận kèm suy giáp,suy thuong than kem suy giap,1,hypothyroidism,Suy giáp,disease,endocrine,,,,,,Suy thượng thận kèm suy giáp,unclear,true,medium,not_requested,matched,needs_review,Khớp alias/thuật ngữ bằng rule tất định; bắt buộc duyệt thủ công.,,
condition-mention:b15a9157bbe81f15,Suy thượng thận kèm suy giáp,suy thuong than kem suy giap,1,adrenal_insufficiency,Suy tuyến thượng thận,disease,endocrine,,,,,,Suy thượng thận kèm suy giáp,unclear,true,medium,not_requested,matched,needs_review,Khớp alias/thuật ngữ bằng rule tất định; bắt buộc duyệt thủ công.,,
condition-mention:d0bac0f359523068,Suy thượng thận không hồi phục,suy thuong than khong hoi phuc,1,adrenal_insufficiency,Suy tuyến thượng thận,disease,endocrine,,,,,,Suy thượng thận không hồi phục,single,false,medium,not_requested,matched,needs_review,Khớp alias/thuật ngữ bằng rule tất định; bắt buộc duyệt thủ công.,,
condition-mention:6871b59b56a6bc38,Suy tim cấp hoặc trong giai đoạn suy tim mất bù,suy tim cap hoac trong giai doan suy tim mat bu,1,heart_failure,Suy tim,disease,cardiovascular,,acute,,,,Suy tim cấp hoặc trong giai đoạn suy tim mất bù,or,true,medium,not_requested,matched,needs_review,Khớp alias/thuật ngữ bằng rule tất định; bắt buộc duyệt thủ công.,,
condition-mention:1e9296ac5ce3eb48,Suy tim cấp tính,suy tim cap tinh,1,heart_failure,Suy tim,disease,cardiovascular,,acute,,,,Suy tim cấp tính,single,false,medium,not_requested,matched,needs_review,Khớp alias/thuật ngữ bằng rule tất định; bắt buộc duyệt thủ công.,,
condition-mention:2c7baa9b975d4075,"Suy tim cấp, sốc tim hoặc các đợt mất bù tim","suy tim cap, soc tim hoac cac dot mat bu tim",1,heart_failure,Suy tim,disease,cardiovascular,,,,,,"Suy tim cấp, sốc tim hoặc các đợt mất bù tim",or,true,medium,not_requested,matched,needs_review,Khớp alias/thuật ngữ bằng rule tất định; bắt buộc duyệt thủ công.,,
condition-mention:2c7baa9b975d4075,"Suy tim cấp, sốc tim hoặc các đợt mất bù tim","suy tim cap, soc tim hoac cac dot mat bu tim",1,cardiogenic_shock,Sốc tim,disease,cardiovascular,,,,,,"Suy tim cấp, sốc tim hoặc các đợt mất bù tim",or,true,medium,not_requested,matched,needs_review,Khớp alias/thuật ngữ bằng rule tất định; bắt buộc duyệt thủ công.,,
condition-mention:f2d8731b32597628,Suy tim chưa được kiểm soát,suy tim chua duoc kiem soat,1,heart_failure,Suy tim,disease,cardiovascular,,,,,,Suy tim chưa được kiểm soát,single,false,medium,not_requested,matched,needs_review,Khớp alias/thuật ngữ bằng rule tất định; bắt buộc duyệt thủ công.,,
condition-mention:f67e04a0ab7fd08a,"Suy tim có kali huyết > 5 mmol/ lít, creatinin huyết > 265 micromol/ lít (> 30 mg/ lít) hoặc Clcr < 30 ml/ phút","suy tim co kali huyet > 5 mmol lit, creatinin huyet > 265 micromol lit > lit hoac clcr < phut",1,heart_failure,Suy tim,disease,cardiovascular,,,,,Clcr < 30 ml/ phút,"Suy tim có kali huyết > 5 mmol/ lít, creatinin huyết > 265 micromol/ lít (> 30 mg/ lít) hoặc Clcr < 30 ml/ phút",or,true,medium,not_requested,matched,needs_review,Khớp alias/thuật ngữ bằng rule tất định; bắt buộc duyệt thủ công.,,
condition-mention:cdceb80bfe43ead6,Suy tim do nhịp tim nhanh,suy tim do nhip tim nhanh,1,heart_failure,Suy tim,disease,cardiovascular,,,,,,Suy tim do nhịp tim nhanh,unclear,true,medium,not_requested,matched,needs_review,Khớp alias/thuật ngữ bằng rule tất định; bắt buộc duyệt thủ công.,,
condition-mention:cdceb80bfe43ead6,Suy tim do nhịp tim nhanh,suy tim do nhip tim nhanh,1,tachycardia,Nhịp tim nhanh,clinical_finding,cardiovascular,,,,,,Suy tim do nhịp tim nhanh,unclear,true,medium,not_requested,matched,needs_review,Khớp alias/thuật ngữ bằng rule tất định; bắt buộc duyệt thủ công.,,
condition-mention:9655474043cdbf82,Suy tim huyết động không ổn định sau cơn nhồi máu cơ tim cấp,suy tim huyet dong khong on dinh sau con nhoi mau co tim cap,1,heart_failure,Suy tim,disease,cardiovascular,,,,,,Suy tim huyết động không ổn định sau cơn nhồi máu cơ tim cấp,unclear,true,medium,not_requested,matched,needs_review,Khớp alias/thuật ngữ bằng rule tất định; bắt buộc duyệt thủ công.,,
condition-mention:9655474043cdbf82,Suy tim huyết động không ổn định sau cơn nhồi máu cơ tim cấp,suy tim huyet dong khong on dinh sau con nhoi mau co tim cap,1,myocardial_infarction,Nhồi máu cơ tim,disease,cardiovascular,,,,,,Suy tim huyết động không ổn định sau cơn nhồi máu cơ tim cấp,unclear,true,medium,not_requested,matched,needs_review,Khớp alias/thuật ngữ bằng rule tất định; bắt buộc duyệt thủ công.,,
condition-mention:4b9c89eba353d9a2,Suy tim không mất bù,suy tim khong mat bu,1,heart_failure,Suy tim,disease,cardiovascular,,,,,,Suy tim không mất bù,single,false,medium,not_requested,matched,needs_review,Khớp alias/thuật ngữ bằng rule tất định; bắt buộc duyệt thủ công.,,
condition-mention:1b92d643829bd5d2,Suy tim không ổn định huyết động sau cơn nhồi máu cơ tim cấp,suy tim khong on dinh huyet dong sau con nhoi mau co tim cap,1,heart_failure,Suy tim,disease,cardiovascular,,,,,,Suy tim không ổn định huyết động sau cơn nhồi máu cơ tim cấp,unclear,true,medium,not_requested,matched,needs_review,Khớp alias/thuật ngữ bằng rule tất định; bắt buộc duyệt thủ công.,,
condition-mention:1b92d643829bd5d2,Suy tim không ổn định huyết động sau cơn nhồi máu cơ tim cấp,suy tim khong on dinh huyet dong sau con nhoi mau co tim cap,1,myocardial_infarction,Nhồi máu cơ tim,disease,cardiovascular,,,,,,Suy tim không ổn định huyết động sau cơn nhồi máu cơ tim cấp,unclear,true,medium,not_requested,matched,needs_review,Khớp alias/thuật ngữ bằng rule tất định; bắt buộc duyệt thủ công.,,
condition-mention:86bbfac282aad254,Suy tim không ổn định sau nhồi máu cơ tim cấp tính,suy tim khong on dinh sau nhoi mau co tim cap tinh,1,heart_failure,Suy tim,disease,cardiovascular,,,,,,Suy tim không ổn định sau nhồi máu cơ tim cấp tính,unclear,true,medium,not_requested,matched,needs_review,Khớp alias/thuật ngữ bằng rule tất định; bắt buộc duyệt thủ công.,,
condition-mention:86bbfac282aad254,Suy tim không ổn định sau nhồi máu cơ tim cấp tính,suy tim khong on dinh sau nhoi mau co tim cap tinh,1,myocardial_infarction,Nhồi máu cơ tim,disease,cardiovascular,,,,,,Suy tim không ổn định sau nhồi máu cơ tim cấp tính,unclear,true,medium,not_requested,matched,needs_review,Khớp alias/thuật ngữ bằng rule tất định; bắt buộc duyệt thủ công.,,
condition-mention:37cd07e9d16db144,Suy tim mất bù không được điều trị,suy tim mat bu khong duoc dieu tri,1,heart_failure,Suy tim,disease,cardiovascular,,,,,,Suy tim mất bù không được điều trị,single,false,medium,not_requested,matched,needs_review,Khớp alias/thuật ngữ bằng rule tất định; bắt buộc duyệt thủ công.,,
condition-mention:87f606039446c44f,"Suy tim mất bù không ổn định (phù phổi, giảm tưới máu hoặc hạ huyết áp)","suy tim mat bu khong on dinh phu phoi, giam tuoi mau hoac ha huyet ap",1,heart_failure,Suy tim,disease,cardiovascular,,,,,,"Suy tim mất bù không ổn định (phù phổi, giảm tưới máu hoặc hạ huyết áp)",or,true,medium,not_requested,matched,needs_review,Khớp alias/thuật ngữ bằng rule tất định; bắt buộc duyệt thủ công.,,
condition-mention:87f606039446c44f,"Suy tim mất bù không ổn định (phù phổi, giảm tưới máu hoặc hạ huyết áp)","suy tim mat bu khong on dinh phu phoi, giam tuoi mau hoac ha huyet ap",1,hypotension,Hạ huyết áp,clinical_finding,cardiovascular,,,,,,"Suy tim mất bù không ổn định (phù phổi, giảm tưới máu hoặc hạ huyết áp)",or,true,medium,not_requested,matched,needs_review,Khớp alias/thuật ngữ bằng rule tất định; bắt buộc duyệt thủ công.,,
condition-mention:87f606039446c44f,"Suy tim mất bù không ổn định (phù phổi, giảm tưới máu hoặc hạ huyết áp)","suy tim mat bu khong on dinh phu phoi, giam tuoi mau hoac ha huyet ap",1,pulmonary_edema,Phù phổi,clinical_finding,respiratory,,,,,,"Suy tim mất bù không ổn định (phù phổi, giảm tưới máu hoặc hạ huyết áp)",or,true,medium,not_requested,matched,needs_review,Khớp alias/thuật ngữ bằng rule tất định; bắt buộc duyệt thủ công.,,
condition-mention:87f606039446c44f,"Suy tim mất bù không ổn định (phù phổi, giảm tưới máu hoặc hạ huyết áp)","suy tim mat bu khong on dinh phu phoi, giam tuoi mau hoac ha huyet ap",1,edema,Phù,clinical_finding,systemic,,,,,,"Suy tim mất bù không ổn định (phù phổi, giảm tưới máu hoặc hạ huyết áp)",or,true,medium,not_requested,matched,needs_review,Khớp alias/thuật ngữ bằng rule tất định; bắt buộc duyệt thủ công.,,
condition-mention:ae7793cab97e32be,Suy tim nặng (bậc IV theo NYHA),suy tim nang bac iv theo nyha,1,heart_failure,Suy tim,disease,cardiovascular,severe,,,,NYHA,Suy tim nặng (bậc IV theo NYHA),single,false,medium,not_requested,matched,needs_review,Khớp alias/thuật ngữ bằng rule tất định; bắt buộc duyệt thủ công.,,
condition-mention:98c9c3048b50693d,suy tim nặng hoặc sốc do tim,suy tim nang hoac soc do tim,1,heart_failure,Suy tim,disease,cardiovascular,,,,,,suy tim nặng hoặc sốc do tim,or,true,medium,not_requested,matched,needs_review,Khớp alias/thuật ngữ bằng rule tất định; bắt buộc duyệt thủ công.,,
condition-mention:98c9c3048b50693d,suy tim nặng hoặc sốc do tim,suy tim nang hoac soc do tim,1,cardiogenic_shock,Sốc tim,disease,cardiovascular,,,,,,suy tim nặng hoặc sốc do tim,or,true,medium,not_requested,matched,needs_review,Khớp alias/thuật ngữ bằng rule tất định; bắt buộc duyệt thủ công.,,
condition-mention:aea77435fa1faa8d,Suy tim nặng (khi pha với lidocain),suy tim nang khi pha voi lidocain,1,heart_failure,Suy tim,disease,cardiovascular,severe,,,,,Suy tim nặng (khi pha với lidocain),single,false,medium,not_requested,matched,needs_review,Khớp alias/thuật ngữ bằng rule tất định; bắt buộc duyệt thủ công.,,
condition-mention:aa0b8344cfd861e9,Suy tim nghiêm trọng,suy tim nghiem trong,1,heart_failure,Suy tim,disease,cardiovascular,severe,,,,,Suy tim nghiêm trọng,single,false,medium,not_requested,matched,needs_review,Khớp alias/thuật ngữ bằng rule tất định; bắt buộc duyệt thủ công.,,
condition-mention:756e8debe85d193c,suy tim sung huyết cấp,suy tim sung huyet cap,1,heart_failure,Suy tim,disease,cardiovascular,,acute,,,,suy tim sung huyết cấp,single,false,medium,not_requested,matched,needs_review,Khớp alias/thuật ngữ bằng rule tất định; bắt buộc duyệt thủ công.,,
condition-mention:c7371620ad2e4265,Suy tim sung huyết hoặc phù phổi,suy tim sung huyet hoac phu phoi,1,heart_failure,Suy tim,disease,cardiovascular,,,,,,Suy tim sung huyết hoặc phù phổi,or,true,medium,not_requested,matched,needs_review,Khớp alias/thuật ngữ bằng rule tất định; bắt buộc duyệt thủ công.,,
condition-mention:c7371620ad2e4265,Suy tim sung huyết hoặc phù phổi,suy tim sung huyet hoac phu phoi,1,pulmonary_edema,Phù phổi,clinical_finding,respiratory,,,,,,Suy tim sung huyết hoặc phù phổi,or,true,medium,not_requested,matched,needs_review,Khớp alias/thuật ngữ bằng rule tất định; bắt buộc duyệt thủ công.,,
condition-mention:c7371620ad2e4265,Suy tim sung huyết hoặc phù phổi,suy tim sung huyet hoac phu phoi,1,edema,Phù,clinical_finding,systemic,,,,,,Suy tim sung huyết hoặc phù phổi,or,true,medium,not_requested,matched,needs_review,Khớp alias/thuật ngữ bằng rule tất định; bắt buộc duyệt thủ công.,,
condition-mention:73101fe90ccf2424,suy tim sung huyết và phù phổi,suy tim sung huyet va phu phoi,1,heart_failure,Suy tim,disease,cardiovascular,,,,,,suy tim sung huyết và phù phổi,and,true,medium,not_requested,matched,needs_review,Khớp alias/thuật ngữ bằng rule tất định; bắt buộc duyệt thủ công.,,
condition-mention:73101fe90ccf2424,suy tim sung huyết và phù phổi,suy tim sung huyet va phu phoi,1,pulmonary_edema,Phù phổi,clinical_finding,respiratory,,,,,,suy tim sung huyết và phù phổi,and,true,medium,not_requested,matched,needs_review,Khớp alias/thuật ngữ bằng rule tất định; bắt buộc duyệt thủ công.,,
condition-mention:73101fe90ccf2424,suy tim sung huyết và phù phổi,suy tim sung huyet va phu phoi,1,edema,Phù,clinical_finding,systemic,,,,,,suy tim sung huyết và phù phổi,and,true,medium,not_requested,matched,needs_review,Khớp alias/thuật ngữ bằng rule tất định; bắt buộc duyệt thủ công.,,
condition-mention:c4a562cc834ff06f,"Suy tim sung huyết, các bệnh tim nặng","suy tim sung huyet, cac benh tim nang",1,heart_failure,Suy tim,disease,cardiovascular,severe,,,,,"Suy tim sung huyết, các bệnh tim nặng",unclear,true,medium,not_requested,matched,needs_review,Khớp alias/thuật ngữ bằng rule tất định; bắt buộc duyệt thủ công.,,
condition-mention:672f3d72836f7ce9,"Suy tim sung huyết, giảm khối lượng tuần hoàn do thuốc lợi niệu, suy thận","suy tim sung huyet, giam khoi luong tuan hoan do thuoc loi nieu, suy than",1,renal_impairment,Suy giảm chức năng thận,organ_impairment,renal,,,,,,"Suy tim sung huyết, giảm khối lượng tuần hoàn do thuốc lợi niệu, suy thận",unclear,true,medium,not_requested,matched,needs_review,Khớp alias/thuật ngữ bằng rule tất định; bắt buộc duyệt thủ công.,,
condition-mention:672f3d72836f7ce9,"Suy tim sung huyết, giảm khối lượng tuần hoàn do thuốc lợi niệu, suy thận","suy tim sung huyet, giam khoi luong tuan hoan do thuoc loi nieu, suy than",1,heart_failure,Suy tim,disease,cardiovascular,,,,,,"Suy tim sung huyết, giảm khối lượng tuần hoàn do thuốc lợi niệu, suy thận",unclear,true,medium,not_requested,matched,needs_review,Khớp alias/thuật ngữ bằng rule tất định; bắt buộc duyệt thủ công.,,
condition-mention:672f3d72836f7ce9,"Suy tim sung huyết, giảm khối lượng tuần hoàn do thuốc lợi niệu, suy thận","suy tim sung huyet, giam khoi luong tuan hoan do thuoc loi nieu, suy than",1,hypovolemia,Giảm thể tích tuần hoàn,clinical_finding,metabolic,,,,,,"Suy tim sung huyết, giảm khối lượng tuần hoàn do thuốc lợi niệu, suy thận",unclear,true,medium,not_requested,matched,needs_review,Khớp alias/thuật ngữ bằng rule tất định; bắt buộc duyệt thủ công.,,
condition-mention:8a6a68033b2d5eaa,"suy tim sung huyết, phù hoặc tình trạng giữ natri","suy tim sung huyet, phu hoac tinh trang giu natri",1,heart_failure,Suy tim,disease,cardiovascular,,,,,,"suy tim sung huyết, phù hoặc tình trạng giữ natri",or,true,medium,not_requested,matched,needs_review,Khớp alias/thuật ngữ bằng rule tất định; bắt buộc duyệt thủ công.,,
condition-mention:8a6a68033b2d5eaa,"suy tim sung huyết, phù hoặc tình trạng giữ natri","suy tim sung huyet, phu hoac tinh trang giu natri",1,edema,Phù,clinical_finding,systemic,,,,,,"suy tim sung huyết, phù hoặc tình trạng giữ natri",or,true,medium,not_requested,matched,needs_review,Khớp alias/thuật ngữ bằng rule tất định; bắt buộc duyệt thủ công.,,
condition-mention:9e85918ec700d0f7,"Suy tim sung huyết, phù, xơ gan, chế độ ăn ít natri, mới bị chảy máu đường tiêu hóa","suy tim sung huyet, phu, xo gan, che do an it natri, moi bi chay mau duong tieu hoa",1,cirrhosis,Xơ gan,disease,hepatic,,,,,,"Suy tim sung huyết, phù, xơ gan, chế độ ăn ít natri, mới bị chảy máu đường tiêu hóa",unclear,true,medium,not_requested,matched,needs_review,Khớp alias/thuật ngữ bằng rule tất định; bắt buộc duyệt thủ công.,,
condition-mention:9e85918ec700d0f7,"Suy tim sung huyết, phù, xơ gan, chế độ ăn ít natri, mới bị chảy máu đường tiêu hóa","suy tim sung huyet, phu, xo gan, che do an it natri, moi bi chay mau duong tieu hoa",1,heart_failure,Suy tim,disease,cardiovascular,,,,,,"Suy tim sung huyết, phù, xơ gan, chế độ ăn ít natri, mới bị chảy máu đường tiêu hóa",unclear,true,medium,not_requested,matched,needs_review,Khớp alias/thuật ngữ bằng rule tất định; bắt buộc duyệt thủ công.,,
condition-mention:9e85918ec700d0f7,"Suy tim sung huyết, phù, xơ gan, chế độ ăn ít natri, mới bị chảy máu đường tiêu hóa","suy tim sung huyet, phu, xo gan, che do an it natri, moi bi chay mau duong tieu hoa",1,gastrointestinal_bleeding,Xuất huyết tiêu hóa,clinical_finding,gastrointestinal,,,,,,"Suy tim sung huyết, phù, xơ gan, chế độ ăn ít natri, mới bị chảy máu đường tiêu hóa",unclear,true,medium,not_requested,matched,needs_review,Khớp alias/thuật ngữ bằng rule tất định; bắt buộc duyệt thủ công.,,
condition-mention:9e85918ec700d0f7,"Suy tim sung huyết, phù, xơ gan, chế độ ăn ít natri, mới bị chảy máu đường tiêu hóa","suy tim sung huyet, phu, xo gan, che do an it natri, moi bi chay mau duong tieu hoa",1,edema,Phù,clinical_finding,systemic,,,,,,"Suy tim sung huyết, phù, xơ gan, chế độ ăn ít natri, mới bị chảy máu đường tiêu hóa",unclear,true,medium,not_requested,matched,needs_review,Khớp alias/thuật ngữ bằng rule tất định; bắt buộc duyệt thủ công.,,
condition-mention:78e23019d6188e4c,"Suy tim sung huyết, suy thận, phù, xơ gan","suy tim sung huyet, suy than, phu, xo gan",1,renal_impairment,Suy giảm chức năng thận,organ_impairment,renal,,,,,,"Suy tim sung huyết, suy thận, phù, xơ gan",unclear,true,medium,not_requested,matched,needs_review,Khớp alias/thuật ngữ bằng rule tất định; bắt buộc duyệt thủ công.,,
condition-mention:78e23019d6188e4c,"Suy tim sung huyết, suy thận, phù, xơ gan","suy tim sung huyet, suy than, phu, xo gan",1,cirrhosis,Xơ gan,disease,hepatic,,,,,,"Suy tim sung huyết, suy thận, phù, xơ gan",unclear,true,medium,not_requested,matched,needs_review,Khớp alias/thuật ngữ bằng rule tất định; bắt buộc duyệt thủ công.,,
condition-mention:78e23019d6188e4c,"Suy tim sung huyết, suy thận, phù, xơ gan","suy tim sung huyet, suy than, phu, xo gan",1,heart_failure,Suy tim,disease,cardiovascular,,,,,,"Suy tim sung huyết, suy thận, phù, xơ gan",unclear,true,medium,not_requested,matched,needs_review,Khớp alias/thuật ngữ bằng rule tất định; bắt buộc duyệt thủ công.,,
condition-mention:78e23019d6188e4c,"Suy tim sung huyết, suy thận, phù, xơ gan","suy tim sung huyet, suy than, phu, xo gan",1,edema,Phù,clinical_finding,systemic,,,,,,"Suy tim sung huyết, suy thận, phù, xơ gan",unclear,true,medium,not_requested,matched,needs_review,Khớp alias/thuật ngữ bằng rule tất định; bắt buộc duyệt thủ công.,,
condition-mention:d1fde680e5a80f45,"Suy tim sung huyết, trụy tim mạch, nhồi máu cơ tim cấp tính","suy tim sung huyet, truy tim mach, nhoi mau co tim cap tinh",1,heart_failure,Suy tim,disease,cardiovascular,,,,,,"Suy tim sung huyết, trụy tim mạch, nhồi máu cơ tim cấp tính",unclear,true,medium,not_requested,matched,needs_review,Khớp alias/thuật ngữ bằng rule tất định; bắt buộc duyệt thủ công.,,
condition-mention:d1fde680e5a80f45,"Suy tim sung huyết, trụy tim mạch, nhồi máu cơ tim cấp tính","suy tim sung huyet, truy tim mach, nhoi mau co tim cap tinh",1,myocardial_infarction,Nhồi máu cơ tim,disease,cardiovascular,,,,,,"Suy tim sung huyết, trụy tim mạch, nhồi máu cơ tim cấp tính",unclear,true,medium,not_requested,matched,needs_review,Khớp alias/thuật ngữ bằng rule tất định; bắt buộc duyệt thủ công.,,
condition-mention:b1c9aeaad9c98d60,"Suy tim và suy thận nặng đồng thời, suy nặng tim (NYHA IV), suy tim và rối loạn nhịp tim đe dọa tính mạng","suy tim va suy than nang dong thoi, suy nang tim nyha iv , suy tim va roi loan nhip tim de doa tinh mang",1,renal_impairment,Suy giảm chức năng thận,organ_impairment,renal,,,,,,"Suy tim và suy thận nặng đồng thời, suy nặng tim (NYHA IV), suy tim và rối loạn nhịp tim đe dọa tính mạng",and,true,medium,not_requested,matched,needs_review,Khớp alias/thuật ngữ bằng rule tất định; bắt buộc duyệt thủ công.,,
condition-mention:b1c9aeaad9c98d60,"Suy tim và suy thận nặng đồng thời, suy nặng tim (NYHA IV), suy tim và rối loạn nhịp tim đe dọa tính mạng","suy tim va suy than nang dong thoi, suy nang tim nyha iv , suy tim va roi loan nhip tim de doa tinh mang",1,heart_failure,Suy tim,disease,cardiovascular,,,,,,"Suy tim và suy thận nặng đồng thời, suy nặng tim (NYHA IV), suy tim và rối loạn nhịp tim đe dọa tính mạng",and,true,medium,not_requested,matched,needs_review,Khớp alias/thuật ngữ bằng rule tất định; bắt buộc duyệt thủ công.,,
condition-mention:b1c9aeaad9c98d60,"Suy tim và suy thận nặng đồng thời, suy nặng tim (NYHA IV), suy tim và rối loạn nhịp tim đe dọa tính mạng","suy tim va suy than nang dong thoi, suy nang tim nyha iv , suy tim va roi loan nhip tim de doa tinh mang",1,arrhythmia,Rối loạn nhịp tim,disease,cardiovascular,,,,,,"Suy tim và suy thận nặng đồng thời, suy nặng tim (NYHA IV), suy tim và rối loạn nhịp tim đe dọa tính mạng",and,true,medium,not_requested,matched,needs_review,Khớp alias/thuật ngữ bằng rule tất định; bắt buộc duyệt thủ công.,,
condition-mention:dbf32ca160e97bd5,Suy tim xung huyết,suy tim xung huyet,1,heart_failure,Suy tim,disease,cardiovascular,,,,,,Suy tim xung huyết,single,false,medium,not_requested,matched,needs_review,Khớp alias/thuật ngữ bằng rule tất định; bắt buộc duyệt thủ công.,,
condition-mention:01d5ddb7e3b3c54d,"Suy tim, suy thận, cao huyết áp (cần giảm lượng Natri đưa vào cơ thể)","suy tim, suy than, cao huyet ap can giam luong natri dua vao co the",1,renal_impairment,Suy giảm chức năng thận,organ_impairment,renal,,,,,,"Suy tim, suy thận, cao huyết áp (cần giảm lượng Natri đưa vào cơ thể)",unclear,true,medium,not_requested,matched,needs_review,Khớp alias/thuật ngữ bằng rule tất định; bắt buộc duyệt thủ công.,,
condition-mention:01d5ddb7e3b3c54d,"Suy tim, suy thận, cao huyết áp (cần giảm lượng Natri đưa vào cơ thể)","suy tim, suy than, cao huyet ap can giam luong natri dua vao co the",1,heart_failure,Suy tim,disease,cardiovascular,,,,,,"Suy tim, suy thận, cao huyết áp (cần giảm lượng Natri đưa vào cơ thể)",unclear,true,medium,not_requested,matched,needs_review,Khớp alias/thuật ngữ bằng rule tất định; bắt buộc duyệt thủ công.,,
condition-mention:01d5ddb7e3b3c54d,"Suy tim, suy thận, cao huyết áp (cần giảm lượng Natri đưa vào cơ thể)","suy tim, suy than, cao huyet ap can giam luong natri dua vao co the",1,hypertension,Tăng huyết áp,disease,cardiovascular,,,,,,"Suy tim, suy thận, cao huyết áp (cần giảm lượng Natri đưa vào cơ thể)",unclear,true,medium,not_requested,matched,needs_review,Khớp alias/thuật ngữ bằng rule tất định; bắt buộc duyệt thủ công.,,
condition-mention:5d2cbe12bd3bd611,"Suy tim, xơ gan, thận hư đang dùng thuốc lợi niệu, suy thận mạn","suy tim, xo gan, than hu dang dung thuoc loi nieu, suy than man",1,chronic_kidney_disease,Bệnh thận mạn tính,disease,renal,,,,,,"Suy tim, xơ gan, thận hư đang dùng thuốc lợi niệu, suy thận mạn",unclear,true,medium,not_requested,matched,needs_review,Khớp alias/thuật ngữ bằng rule tất định; bắt buộc duyệt thủ công.,,
condition-mention:5d2cbe12bd3bd611,"Suy tim, xơ gan, thận hư đang dùng thuốc lợi niệu, suy thận mạn","suy tim, xo gan, than hu dang dung thuoc loi nieu, suy than man",1,nephrotic_syndrome,Hội chứng thận hư,disease,renal,,,,,,"Suy tim, xơ gan, thận hư đang dùng thuốc lợi niệu, suy thận mạn",unclear,true,medium,not_requested,matched,needs_review,Khớp alias/thuật ngữ bằng rule tất định; bắt buộc duyệt thủ công.,,
condition-mention:5d2cbe12bd3bd611,"Suy tim, xơ gan, thận hư đang dùng thuốc lợi niệu, suy thận mạn","suy tim, xo gan, than hu dang dung thuoc loi nieu, suy than man",1,renal_impairment,Suy giảm chức năng thận,organ_impairment,renal,,,,,,"Suy tim, xơ gan, thận hư đang dùng thuốc lợi niệu, suy thận mạn",unclear,true,medium,not_requested,matched,needs_review,Khớp alias/thuật ngữ bằng rule tất định; bắt buộc duyệt thủ công.,,
condition-mention:5d2cbe12bd3bd611,"Suy tim, xơ gan, thận hư đang dùng thuốc lợi niệu, suy thận mạn","suy tim, xo gan, than hu dang dung thuoc loi nieu, suy than man",1,cirrhosis,Xơ gan,disease,hepatic,,,,,,"Suy tim, xơ gan, thận hư đang dùng thuốc lợi niệu, suy thận mạn",unclear,true,medium,not_requested,matched,needs_review,Khớp alias/thuật ngữ bằng rule tất định; bắt buộc duyệt thủ công.,,
condition-mention:5d2cbe12bd3bd611,"Suy tim, xơ gan, thận hư đang dùng thuốc lợi niệu, suy thận mạn","suy tim, xo gan, than hu dang dung thuoc loi nieu, suy than man",1,heart_failure,Suy tim,disease,cardiovascular,,,,,,"Suy tim, xơ gan, thận hư đang dùng thuốc lợi niệu, suy thận mạn",unclear,true,medium,not_requested,matched,needs_review,Khớp alias/thuật ngữ bằng rule tất định; bắt buộc duyệt thủ công.,,
condition-mention:dcd3e0d6f6f1ab2a,"Suy tuần hoàn cấp tính (sốc, trụy mạch)","suy tuan hoan cap tinh soc, truy mach",1,shock,Sốc,clinical_finding,systemic,,acute,,,,"Suy tuần hoàn cấp tính (sốc, trụy mạch)",single,false,medium,not_requested,matched,needs_review,Khớp alias/thuật ngữ bằng rule tất định; bắt buộc duyệt thủ công.,,
condition-mention:0b5103a3e827c85b,Suyễn / Hen,suyen hen,1,asthma,Hen phế quản,disease,respiratory,,,,,,Suyễn / Hen,unclear,true,medium,not_requested,matched,needs_review,Khớp alias/thuật ngữ bằng rule tất định; bắt buộc duyệt thủ công.,,
condition-mention:03f7c16eeee6c3fa,Tắc bàng quang,tac bang quang,1,urinary_obstruction,Tắc nghẽn đường tiết niệu,disease,urologic,,,,,,Tắc bàng quang,single,false,medium,not_requested,matched,needs_review,Khớp alias/thuật ngữ bằng rule tất định; bắt buộc duyệt thủ công.,,
condition-mention:4ad49adf4acfff63,Tắc cổ bàng quang,tac co bang quang,1,urinary_obstruction,Tắc nghẽn đường tiết niệu,disease,urologic,,,,,,Tắc cổ bàng quang,single,false,medium,not_requested,matched,needs_review,Khớp alias/thuật ngữ bằng rule tất định; bắt buộc duyệt thủ công.,,
condition-mention:24e5141a72881947,Tắc động mạch mạn tính thất trái,tac dong mach man tinh that trai,1,,,,,,,,,,,single,false,low,not_requested,unmapped,needs_review,Chưa có rule đủ chắc chắn; giữ nguyên mention để phân loại thủ công.,,
condition-mention:9c75d1ed6768a8f4,Tắc đường dẫn mật,tac duong dan mat,1,biliary_obstruction,Tắc nghẽn đường mật,disease,hepatic,,,,,,Tắc đường dẫn mật,single,false,medium,not_requested,matched,needs_review,Khớp alias/thuật ngữ bằng rule tất định; bắt buộc duyệt thủ công.,,
condition-mention:f1074a88b174e794,Tắc môn vị - tá tràng,tac mon vi ta trang,1,bowel_obstruction,Tắc nghẽn ruột,disease,gastrointestinal,,,,,,Tắc môn vị - tá tràng,single,false,medium,not_requested,matched,needs_review,Khớp alias/thuật ngữ bằng rule tất định; bắt buộc duyệt thủ công.,,
condition-mention:f394dbdfc95623c9,"Tắc nghẽn dẫn truyền nhĩ thất độ 2, độ 3","tac nghen dan truyen nhi that do 2, do 3",1,atrioventricular_block,Blốc nhĩ thất,disease,cardiovascular,,,,,,"Tắc nghẽn dẫn truyền nhĩ thất độ 2, độ 3",unclear,true,medium,not_requested,matched,needs_review,Khớp alias/thuật ngữ bằng rule tất định; bắt buộc duyệt thủ công.,,
condition-mention:26d0ab8f4b69d08a,Tắc nghẽn dòng chảy ra của tâm thất trái (hẹp động mạch chủ cấp cao),tac nghen dong chay ra cua tam that trai hep dong mach chu cap cao,1,aortic_stenosis,Hẹp van động mạch chủ,disease,cardiovascular,,,,,,Tắc nghẽn dòng chảy ra của tâm thất trái (hẹp động mạch chủ cấp cao),unclear,true,medium,not_requested,matched,needs_review,Khớp alias/thuật ngữ bằng rule tất định; bắt buộc duyệt thủ công.,,
condition-mention:26d0ab8f4b69d08a,Tắc nghẽn dòng chảy ra của tâm thất trái (hẹp động mạch chủ cấp cao),tac nghen dong chay ra cua tam that trai hep dong mach chu cap cao,1,left_ventricular_outflow_obstruction,Tắc nghẽn đường ra thất trái,disease,cardiovascular,,,,,,Tắc nghẽn dòng chảy ra của tâm thất trái (hẹp động mạch chủ cấp cao),unclear,true,medium,not_requested,matched,needs_review,Khớp alias/thuật ngữ bằng rule tất định; bắt buộc duyệt thủ công.,,
condition-mention:0a8190e26e7ecbf2,Tắc nghẽn đường ra thất trái (hẹp van động mạch chủ mức độ cao),tac nghen duong ra that trai hep van dong mach chu muc do cao,1,aortic_stenosis,Hẹp van động mạch chủ,disease,cardiovascular,,,,,,Tắc nghẽn đường ra thất trái (hẹp van động mạch chủ mức độ cao),unclear,true,medium,not_requested,matched,needs_review,Khớp alias/thuật ngữ bằng rule tất định; bắt buộc duyệt thủ công.,,
condition-mention:0a8190e26e7ecbf2,Tắc nghẽn đường ra thất trái (hẹp van động mạch chủ mức độ cao),tac nghen duong ra that trai hep van dong mach chu muc do cao,1,left_ventricular_outflow_obstruction,Tắc nghẽn đường ra thất trái,disease,cardiovascular,,,,,,Tắc nghẽn đường ra thất trái (hẹp van động mạch chủ mức độ cao),unclear,true,medium,not_requested,matched,needs_review,Khớp alias/thuật ngữ bằng rule tất định; bắt buộc duyệt thủ công.,,
condition-mention:084e2bc8d634c536,"Tắc nghẽn đường ra thất trái (ví dụ, hẹp động mạch chủ mức độ nặng)","tac nghen duong ra that trai vi du, hep dong mach chu muc do nang",1,aortic_stenosis,Hẹp van động mạch chủ,disease,cardiovascular,,,,,,"Tắc nghẽn đường ra thất trái (ví dụ, hẹp động mạch chủ mức độ nặng)",unclear,true,medium,not_requested,matched,needs_review,Khớp alias/thuật ngữ bằng rule tất định; bắt buộc duyệt thủ công.,,
condition-mention:084e2bc8d634c536,"Tắc nghẽn đường ra thất trái (ví dụ, hẹp động mạch chủ mức độ nặng)","tac nghen duong ra that trai vi du, hep dong mach chu muc do nang",1,left_ventricular_outflow_obstruction,Tắc nghẽn đường ra thất trái,disease,cardiovascular,,,,,,"Tắc nghẽn đường ra thất trái (ví dụ, hẹp động mạch chủ mức độ nặng)",unclear,true,medium,not_requested,matched,needs_review,Khớp alias/thuật ngữ bằng rule tất định; bắt buộc duyệt thủ công.,,
condition-mention:17d09924655e23ff,Tắc nghẽn đường thoát tâm thất trái (bệnh cơ tim phì đại tắc nghẽn và hẹp động mạch chủ nặng),tac nghen duong thoat tam that trai benh co tim phi dai tac nghen va hep dong mach chu nang,1,aortic_stenosis,Hẹp van động mạch chủ,disease,cardiovascular,,,,,,Tắc nghẽn đường thoát tâm thất trái (bệnh cơ tim phì đại tắc nghẽn và hẹp động mạch chủ nặng),and,true,medium,not_requested,matched,needs_review,Khớp alias/thuật ngữ bằng rule tất định; bắt buộc duyệt thủ công.,,
condition-mention:17d09924655e23ff,Tắc nghẽn đường thoát tâm thất trái (bệnh cơ tim phì đại tắc nghẽn và hẹp động mạch chủ nặng),tac nghen duong thoat tam that trai benh co tim phi dai tac nghen va hep dong mach chu nang,1,left_ventricular_outflow_obstruction,Tắc nghẽn đường ra thất trái,disease,cardiovascular,,,,,,Tắc nghẽn đường thoát tâm thất trái (bệnh cơ tim phì đại tắc nghẽn và hẹp động mạch chủ nặng),and,true,medium,not_requested,matched,needs_review,Khớp alias/thuật ngữ bằng rule tất định; bắt buộc duyệt thủ công.,,
condition-mention:17d09924655e23ff,Tắc nghẽn đường thoát tâm thất trái (bệnh cơ tim phì đại tắc nghẽn và hẹp động mạch chủ nặng),tac nghen duong thoat tam that trai benh co tim phi dai tac nghen va hep dong mach chu nang,1,hypertrophic_cardiomyopathy,Bệnh cơ tim phì đại,disease,cardiovascular,,,,,,Tắc nghẽn đường thoát tâm thất trái (bệnh cơ tim phì đại tắc nghẽn và hẹp động mạch chủ nặng),and,true,medium,not_requested,matched,needs_review,Khớp alias/thuật ngữ bằng rule tất định; bắt buộc duyệt thủ công.,,
condition-mention:17d09924655e23ff,Tắc nghẽn đường thoát tâm thất trái (bệnh cơ tim phì đại tắc nghẽn và hẹp động mạch chủ nặng),tac nghen duong thoat tam that trai benh co tim phi dai tac nghen va hep dong mach chu nang,1,muscle_disease,Bệnh cơ,disease,neuromuscular,,,,,,Tắc nghẽn đường thoát tâm thất trái (bệnh cơ tim phì đại tắc nghẽn và hẹp động mạch chủ nặng),and,true,medium,not_requested,matched,needs_review,Khớp alias/thuật ngữ bằng rule tất định; bắt buộc duyệt thủ công.,,
condition-mention:b144eda64a0c9a50,Tắc nghẽn hoặc hẹp ruột,tac nghen hoac hep ruot,1,bowel_obstruction,Tắc nghẽn ruột,disease,gastrointestinal,,,,,,Tắc nghẽn hoặc hẹp ruột,or,true,medium,not_requested,matched,needs_review,Khớp alias/thuật ngữ bằng rule tất định; bắt buộc duyệt thủ công.,,
condition-mention:f0a615793bc26798,Tắc nghẽn ruột,tac nghen ruot,1,bowel_obstruction,Tắc nghẽn ruột,disease,gastrointestinal,,,,,,Tắc nghẽn ruột,single,false,medium,not_requested,matched,needs_review,Khớp alias/thuật ngữ bằng rule tất định; bắt buộc duyệt thủ công.,,
condition-mention:f35af2c7a0a26bac,Tắc ống mật (tắc ống mật chủ hoặc ống túi mật),tac ong mat tac ong mat chu hoac ong tui mat,1,biliary_obstruction,Tắc nghẽn đường mật,disease,hepatic,,,,,,Tắc ống mật (tắc ống mật chủ hoặc ống túi mật),or,true,medium,not_requested,matched,needs_review,Khớp alias/thuật ngữ bằng rule tất định; bắt buộc duyệt thủ công.,,
condition-mention:2082b2a91b8391e8,Tắc ruột cơ học,tac ruot co hoc,1,bowel_obstruction,Tắc nghẽn ruột,disease,gastrointestinal,,,,,,Tắc ruột cơ học,single,false,medium,not_requested,matched,needs_review,Khớp alias/thuật ngữ bằng rule tất định; bắt buộc duyệt thủ công.,,
condition-mention:fccf8d16952d8e98,tắc ruột hoặc đường tiết niệu,tac ruot hoac duong tiet nieu,1,bowel_obstruction,Tắc nghẽn ruột,disease,gastrointestinal,,,,,,tắc ruột hoặc đường tiết niệu,or,true,medium,not_requested,matched,needs_review,Khớp alias/thuật ngữ bằng rule tất định; bắt buộc duyệt thủ công.,,
condition-mention:bc7a7f00891659ac,"Tắc ruột hoặc nghi ngờ tắc ruột, thủng đường tiêu hóa","tac ruot hoac nghi ngo tac ruot, thung duong tieu hoa",1,bowel_obstruction,Tắc nghẽn ruột,disease,gastrointestinal,,,,,,"Tắc ruột hoặc nghi ngờ tắc ruột, thủng đường tiêu hóa",or,true,medium,not_requested,matched,needs_review,Khớp alias/thuật ngữ bằng rule tất định; bắt buộc duyệt thủ công.,,
condition-mention:2d1b4754d009beda,Tắc ruột (nghi ngờ),tac ruot nghi ngo,1,bowel_obstruction,Tắc nghẽn ruột,disease,gastrointestinal,,,,,,Tắc ruột (nghi ngờ),single,false,medium,not_requested,matched,needs_review,Khớp alias/thuật ngữ bằng rule tất định; bắt buộc duyệt thủ công.,,
condition-mention:7cc42d61e275b35a,Tai biến mạch máu não,tai bien mach mau nao,1,stroke,Đột quỵ/tai biến mạch máu não,disease,neurologic,,,,,,Tai biến mạch máu não,single,false,medium,not_requested,matched,needs_review,Khớp alias/thuật ngữ bằng rule tất định; bắt buộc duyệt thủ công.,,
condition-mention:8c8527e87cd0d11c,Tai biến mạch máu não (trừ trường hợp nghẽn mạch ở nơi khác),tai bien mach mau nao tru truong hop nghen mach o noi khac,1,stroke,Đột quỵ/tai biến mạch máu não,disease,neurologic,,,,,,Tai biến mạch máu não (trừ trường hợp nghẽn mạch ở nơi khác),single,false,medium,not_requested,matched,needs_review,Khớp alias/thuật ngữ bằng rule tất định; bắt buộc duyệt thủ công.,,
condition-mention:fc78c9683e58de54,Tâm thần phân liệt,tam than phan liet,1,schizophrenia,Tâm thần phân liệt,disease,psychiatric,,,,,,Tâm thần phân liệt,single,false,medium,not_requested,matched,needs_review,Khớp alias/thuật ngữ bằng rule tất định; bắt buộc duyệt thủ công.,,
condition-mention:b05ce8e12744fbee,Tần số tim lúc nghỉ dưới 70 nhịp/phút trước khi điều trị,tan so tim luc nghi duoi 70 nhip phut truoc khi dieu tri,1,low_resting_heart_rate,Tần số tim lúc nghỉ thấp,clinical_finding,cardiovascular,,,,,,Tần số tim lúc nghỉ dưới 70 nhịp/phút trước khi điều trị,unclear,true,medium,not_requested,matched,needs_review,Khớp alias/thuật ngữ bằng rule tất định; bắt buộc duyệt thủ công.,,
condition-mention:f68c5e1a7dd663c1,Tăng acid uric huyết/bệnh gout,tang acid uric huyet benh gout,1,gout,Bệnh gút,disease,metabolic,,,,,,Tăng acid uric huyết/bệnh gout,unclear,true,medium,not_requested,matched,needs_review,Khớp alias/thuật ngữ bằng rule tất định; bắt buộc duyệt thủ công.,,
condition-mention:f68c5e1a7dd663c1,Tăng acid uric huyết/bệnh gout,tang acid uric huyet benh gout,1,hyperuricemia,Tăng acid uric máu,clinical_finding,metabolic,,,,,,Tăng acid uric huyết/bệnh gout,unclear,true,medium,not_requested,matched,needs_review,Khớp alias/thuật ngữ bằng rule tất định; bắt buộc duyệt thủ công.,,
condition-mention:59e25121f20815f6,Tăng aldosteron máu,tang aldosteron mau,1,primary_hyperaldosteronism,Cường aldosteron nguyên phát,disease,endocrine,,,,,,Tăng aldosteron máu,single,false,medium,not_requested,matched,needs_review,Khớp alias/thuật ngữ bằng rule tất định; bắt buộc duyệt thủ công.,,
condition-mention:2dd06e283187d914,Tăng aldosteron nguyên phát,tang aldosteron nguyen phat,1,primary_hyperaldosteronism,Cường aldosteron nguyên phát,disease,endocrine,,,,,,Tăng aldosteron nguyên phát,single,false,medium,not_requested,matched,needs_review,Khớp alias/thuật ngữ bằng rule tất định; bắt buộc duyệt thủ công.,,
condition-mention:68bb043d6516a278,Tăng aldosterone tiên phát,tang aldosterone tien phat,1,primary_hyperaldosteronism,Cường aldosteron nguyên phát,disease,endocrine,,,,,,Tăng aldosterone tiên phát,single,false,medium,not_requested,matched,needs_review,Khớp alias/thuật ngữ bằng rule tất định; bắt buộc duyệt thủ công.,,
condition-mention:b1846700829c9bcf,tăng áp lực nội sọ,tang ap luc noi so,1,intracranial_hypertension,Tăng áp lực nội sọ,clinical_finding,neurologic,,,,,,tăng áp lực nội sọ,single,false,medium,not_requested,matched,needs_review,Khớp alias/thuật ngữ bằng rule tất định; bắt buộc duyệt thủ công.,,
condition-mention:b242e872b76341ea,"Tăng áp lực nội sọ (sau chấn thương đầu, xuất huyết não)","tang ap luc noi so sau chan thuong dau, xuat huyet nao",1,intracranial_hemorrhage,Xuất huyết nội sọ,disease,neurologic,,,,,,"Tăng áp lực nội sọ (sau chấn thương đầu, xuất huyết não)",unclear,true,medium,not_requested,matched,needs_review,Khớp alias/thuật ngữ bằng rule tất định; bắt buộc duyệt thủ công.,,
condition-mention:b242e872b76341ea,"Tăng áp lực nội sọ (sau chấn thương đầu, xuất huyết não)","tang ap luc noi so sau chan thuong dau, xuat huyet nao",1,intracranial_hypertension,Tăng áp lực nội sọ,clinical_finding,neurologic,,,,,,"Tăng áp lực nội sọ (sau chấn thương đầu, xuất huyết não)",unclear,true,medium,not_requested,matched,needs_review,Khớp alias/thuật ngữ bằng rule tất định; bắt buộc duyệt thủ công.,,
condition-mention:e15fb65eb515e772,tăng áp lực tĩnh mạch cửa / xơ gan,tang ap luc tinh mach cua xo gan,1,cirrhosis,Xơ gan,disease,hepatic,,,,,,tăng áp lực tĩnh mạch cửa / xơ gan,unclear,true,medium,not_requested,matched,needs_review,Khớp alias/thuật ngữ bằng rule tất định; bắt buộc duyệt thủ công.,,
condition-mention:e15fb65eb515e772,tăng áp lực tĩnh mạch cửa / xơ gan,tang ap luc tinh mach cua xo gan,1,portal_hypertension,Tăng áp lực tĩnh mạch cửa,disease,hepatic,,,,,,tăng áp lực tĩnh mạch cửa / xơ gan,unclear,true,medium,not_requested,matched,needs_review,Khớp alias/thuật ngữ bằng rule tất định; bắt buộc duyệt thủ công.,,
condition-mention:9cf25b9c20f754a3,Tăng áp suất dịch kính và có vết thương hở hoặc đục nhân mắt bẩm sinh,tang ap suat dich kinh va co vet thuong ho hoac duc nhan mat bam sinh,1,increased_vitreous_pressure,Tăng áp suất dịch kính,clinical_finding,ophthalmic,,,,,,Tăng áp suất dịch kính và có vết thương hở hoặc đục nhân mắt bẩm sinh,mixed,true,medium,not_requested,matched,needs_review,Khớp alias/thuật ngữ bằng rule tất định; bắt buộc duyệt thủ công.,,
condition-mention:9cf25b9c20f754a3,Tăng áp suất dịch kính và có vết thương hở hoặc đục nhân mắt bẩm sinh,tang ap suat dich kinh va co vet thuong ho hoac duc nhan mat bam sinh,1,open_eye_injury,Vết thương hở ở mắt,clinical_state,ophthalmic,,,,,,Tăng áp suất dịch kính và có vết thương hở hoặc đục nhân mắt bẩm sinh,mixed,true,medium,not_requested,matched,needs_review,Khớp alias/thuật ngữ bằng rule tất định; bắt buộc duyệt thủ công.,,
condition-mention:85216538148f425e,"Tăng áp suất dịch kính, vết thương hở, đục nhân mắt bẩm sinh","tang ap suat dich kinh, vet thuong ho, duc nhan mat bam sinh",1,increased_vitreous_pressure,Tăng áp suất dịch kính,clinical_finding,ophthalmic,,,,,,"Tăng áp suất dịch kính, vết thương hở, đục nhân mắt bẩm sinh",unclear,true,medium,not_requested,matched,needs_review,Khớp alias/thuật ngữ bằng rule tất định; bắt buộc duyệt thủ công.,,
condition-mention:85216538148f425e,"Tăng áp suất dịch kính, vết thương hở, đục nhân mắt bẩm sinh","tang ap suat dich kinh, vet thuong ho, duc nhan mat bam sinh",1,open_eye_injury,Vết thương hở ở mắt,clinical_state,ophthalmic,,,,,,"Tăng áp suất dịch kính, vết thương hở, đục nhân mắt bẩm sinh",unclear,true,medium,not_requested,matched,needs_review,Khớp alias/thuật ngữ bằng rule tất định; bắt buộc duyệt thủ công.,,
condition-mention:0c8bb546747237c8,"Tăng calci huyết và/hoặc calci niệu (u tủy, di căn xương, cường tuyến cận giáp nguyên phát)","tang calci huyet va hoac calci nieu u tuy, di can xuong, cuong tuyen can giap nguyen phat",1,hyperparathyroidism,Cường cận giáp,disease,endocrine,,,,,,"Tăng calci huyết và/hoặc calci niệu (u tủy, di căn xương, cường tuyến cận giáp nguyên phát)",unclear,true,medium,not_requested,matched,needs_review,Khớp alias/thuật ngữ bằng rule tất định; bắt buộc duyệt thủ công.,,
condition-mention:0c8bb546747237c8,"Tăng calci huyết và/hoặc calci niệu (u tủy, di căn xương, cường tuyến cận giáp nguyên phát)","tang calci huyet va hoac calci nieu u tuy, di can xuong, cuong tuyen can giap nguyen phat",1,hypercalcemia,Tăng calci máu,clinical_finding,electrolyte,,,,,,"Tăng calci huyết và/hoặc calci niệu (u tủy, di căn xương, cường tuyến cận giáp nguyên phát)",unclear,true,medium,not_requested,matched,needs_review,Khớp alias/thuật ngữ bằng rule tất định; bắt buộc duyệt thủ công.,,
condition-mention:0c8bb546747237c8,"Tăng calci huyết và/hoặc calci niệu (u tủy, di căn xương, cường tuyến cận giáp nguyên phát)","tang calci huyet va hoac calci nieu u tuy, di can xuong, cuong tuyen can giap nguyen phat",1,multiple_myeloma,Đa u tủy,disease,oncologic,,,,,,"Tăng calci huyết và/hoặc calci niệu (u tủy, di căn xương, cường tuyến cận giáp nguyên phát)",unclear,true,medium,not_requested,matched,needs_review,Khớp alias/thuật ngữ bằng rule tất định; bắt buộc duyệt thủ công.,,
condition-mention:0c8bb546747237c8,"Tăng calci huyết và/hoặc calci niệu (u tủy, di căn xương, cường tuyến cận giáp nguyên phát)","tang calci huyet va hoac calci nieu u tuy, di can xuong, cuong tuyen can giap nguyen phat",1,bone_malignancy,Bệnh xương ác tính,disease,oncologic,,,,,,"Tăng calci huyết và/hoặc calci niệu (u tủy, di căn xương, cường tuyến cận giáp nguyên phát)",unclear,true,medium,not_requested,matched,needs_review,Khớp alias/thuật ngữ bằng rule tất định; bắt buộc duyệt thủ công.,,
condition-mention:9863737125c6dcd5,Tăng calci máu và/hoặc tăng calci niệu,tang calci mau va hoac tang calci nieu,1,hypercalcemia,Tăng calci máu,clinical_finding,electrolyte,,,,,,Tăng calci máu và/hoặc tăng calci niệu,unclear,true,medium,not_requested,matched,needs_review,Khớp alias/thuật ngữ bằng rule tất định; bắt buộc duyệt thủ công.,,
condition-mention:9863737125c6dcd5,Tăng calci máu và/hoặc tăng calci niệu,tang calci mau va hoac tang calci nieu,1,hypercalciuria,Tăng calci niệu,clinical_finding,electrolyte,,,,,,Tăng calci máu và/hoặc tăng calci niệu,unclear,true,medium,not_requested,matched,needs_review,Khớp alias/thuật ngữ bằng rule tất định; bắt buộc duyệt thủ công.,,
condition-mention:97a6335f0c6ed3ce,"Tăng calci máu, tăng năng cận giáp","tang calci mau, tang nang can giap",1,hyperparathyroidism,Cường cận giáp,disease,endocrine,,,,,,"Tăng calci máu, tăng năng cận giáp",unclear,true,medium,not_requested,matched,needs_review,Khớp alias/thuật ngữ bằng rule tất định; bắt buộc duyệt thủ công.,,
condition-mention:97a6335f0c6ed3ce,"Tăng calci máu, tăng năng cận giáp","tang calci mau, tang nang can giap",1,hypercalcemia,Tăng calci máu,clinical_finding,electrolyte,,,,,,"Tăng calci máu, tăng năng cận giáp",unclear,true,medium,not_requested,matched,needs_review,Khớp alias/thuật ngữ bằng rule tất định; bắt buộc duyệt thủ công.,,
condition-mention:ad88815efb5af7c4,Tăng calci niệu nặng,tang calci nieu nang,1,hypercalcemia,Tăng calci máu,clinical_finding,electrolyte,,,,,,Tăng calci niệu nặng,unclear,true,medium,not_requested,matched,needs_review,Khớp alias/thuật ngữ bằng rule tất định; bắt buộc duyệt thủ công.,,
condition-mention:ad88815efb5af7c4,Tăng calci niệu nặng,tang calci nieu nang,1,hypercalciuria,Tăng calci niệu,clinical_finding,electrolyte,,,,,,Tăng calci niệu nặng,unclear,true,medium,not_requested,matched,needs_review,Khớp alias/thuật ngữ bằng rule tất định; bắt buộc duyệt thủ công.,,
condition-mention:0e4a78e550a19f83,tăng canxi huyết,tang canxi huyet,1,hypercalcemia,Tăng calci máu,clinical_finding,electrolyte,,,,,,tăng canxi huyết,single,false,medium,not_requested,matched,needs_review,Khớp alias/thuật ngữ bằng rule tất định; bắt buộc duyệt thủ công.,,
condition-mention:e3f4fbf6fdf8ba33,tăng clo huyết,tang clo huyet,1,hyperchloremia,Tăng clo máu,clinical_finding,electrolyte,,,,,,tăng clo huyết,single,false,medium,not_requested,matched,needs_review,Khớp alias/thuật ngữ bằng rule tất định; bắt buộc duyệt thủ công.,,
condition-mention:d92570b8d266d884,Tăng đường huyết và tăng lactat huyết,tang duong huyet va tang lactat huyet,1,hyperglycemia,Tăng đường huyết,clinical_finding,metabolic,,,,,,Tăng đường huyết và tăng lactat huyết,and,true,medium,not_requested,matched,needs_review,Khớp alias/thuật ngữ bằng rule tất định; bắt buộc duyệt thủ công.,,
condition-mention:a3e9ae94d745295b,Tăng huyết áp bù trừ (như trong trường hợp shunt động tĩnh mạch hoặc hẹp eo động mạch chủ),tang huyet ap bu tru nhu trong truong hop shunt dong tinh mach hoac hep eo dong mach chu,1,hypertension,Tăng huyết áp,disease,cardiovascular,,,,,,Tăng huyết áp bù trừ (như trong trường hợp shunt động tĩnh mạch hoặc hẹp eo động mạch chủ),or,true,medium,not_requested,matched,needs_review,Khớp alias/thuật ngữ bằng rule tất định; bắt buộc duyệt thủ công.,,
condition-mention:11de399df2610b28,Tăng huyết áp cấp tính,tang huyet ap cap tinh,1,hypertension,Tăng huyết áp,disease,cardiovascular,,acute,,,,Tăng huyết áp cấp tính,single,false,medium,not_requested,matched,needs_review,Khớp alias/thuật ngữ bằng rule tất định; bắt buộc duyệt thủ công.,,
condition-mention:9bac7b0a737794a7,tăng huyết áp động mạch,tang huyet ap dong mach,1,hypertension,Tăng huyết áp,disease,cardiovascular,,,,,,tăng huyết áp động mạch,single,false,medium,not_requested,matched,needs_review,Khớp alias/thuật ngữ bằng rule tất định; bắt buộc duyệt thủ công.,,
condition-mention:d4ec7e0b8d0ad8f4,Tăng huyết áp hoặc đau thắt ngực và có suy tim,tang huyet ap hoac dau that nguc va co suy tim,1,heart_failure,Suy tim,disease,cardiovascular,,,,,,Tăng huyết áp hoặc đau thắt ngực và có suy tim,mixed,true,medium,not_requested,matched,needs_review,Khớp alias/thuật ngữ bằng rule tất định; bắt buộc duyệt thủ công.,,
condition-mention:d4ec7e0b8d0ad8f4,Tăng huyết áp hoặc đau thắt ngực và có suy tim,tang huyet ap hoac dau that nguc va co suy tim,1,hypertension,Tăng huyết áp,disease,cardiovascular,,,,,,Tăng huyết áp hoặc đau thắt ngực và có suy tim,mixed,true,medium,not_requested,matched,needs_review,Khớp alias/thuật ngữ bằng rule tất định; bắt buộc duyệt thủ công.,,
condition-mention:d4ec7e0b8d0ad8f4,Tăng huyết áp hoặc đau thắt ngực và có suy tim,tang huyet ap hoac dau that nguc va co suy tim,1,angina,Đau thắt ngực,disease,cardiovascular,,,,,,Tăng huyết áp hoặc đau thắt ngực và có suy tim,mixed,true,medium,not_requested,matched,needs_review,Khớp alias/thuật ngữ bằng rule tất định; bắt buộc duyệt thủ công.,,
condition-mention:a6940d299476c99d,Tăng huyết áp không kiểm soát,tang huyet ap khong kiem soat,1,hypertension,Tăng huyết áp,disease,cardiovascular,,,,,,Tăng huyết áp không kiểm soát,single,false,medium,not_requested,matched,needs_review,Khớp alias/thuật ngữ bằng rule tất định; bắt buộc duyệt thủ công.,,
condition-mention:8a516e6d6bb0db18,"Tăng huyết áp không kiểm soát được, u tế bào ưa crôm, u ung thư, nhiễm độc do tuyến giáp, trầm cảm lưỡng cực, bệnh tâm thần phân liệt, trạng thái lú lẫn cấp tính","tang huyet ap khong kiem soat duoc, u te bao ua crom, u ung thu, nhiem doc do tuyen giap, tram cam luong cuc, benh tam than phan liet, trang thai lu lan cap tinh",1,hypertension,Tăng huyết áp,disease,cardiovascular,,,,,,"Tăng huyết áp không kiểm soát được, u tế bào ưa crôm, u ung thư, nhiễm độc do tuyến giáp, trầm cảm lưỡng cực, bệnh tâm thần phân liệt, trạng thái lú lẫn cấp tính",unclear,true,medium,not_requested,matched,needs_review,Khớp alias/thuật ngữ bằng rule tất định; bắt buộc duyệt thủ công.,,
condition-mention:8a516e6d6bb0db18,"Tăng huyết áp không kiểm soát được, u tế bào ưa crôm, u ung thư, nhiễm độc do tuyến giáp, trầm cảm lưỡng cực, bệnh tâm thần phân liệt, trạng thái lú lẫn cấp tính","tang huyet ap khong kiem soat duoc, u te bao ua crom, u ung thu, nhiem doc do tuyen giap, tram cam luong cuc, benh tam than phan liet, trang thai lu lan cap tinh",1,pheochromocytoma,U tủy thượng thận,disease,endocrine,,,,,,"Tăng huyết áp không kiểm soát được, u tế bào ưa crôm, u ung thư, nhiễm độc do tuyến giáp, trầm cảm lưỡng cực, bệnh tâm thần phân liệt, trạng thái lú lẫn cấp tính",unclear,true,medium,not_requested,matched,needs_review,Khớp alias/thuật ngữ bằng rule tất định; bắt buộc duyệt thủ công.,,
condition-mention:8a516e6d6bb0db18,"Tăng huyết áp không kiểm soát được, u tế bào ưa crôm, u ung thư, nhiễm độc do tuyến giáp, trầm cảm lưỡng cực, bệnh tâm thần phân liệt, trạng thái lú lẫn cấp tính","tang huyet ap khong kiem soat duoc, u te bao ua crom, u ung thu, nhiem doc do tuyen giap, tram cam luong cuc, benh tam than phan liet, trang thai lu lan cap tinh",1,depression,Trầm cảm,disease,psychiatric,,,,,,"Tăng huyết áp không kiểm soát được, u tế bào ưa crôm, u ung thư, nhiễm độc do tuyến giáp, trầm cảm lưỡng cực, bệnh tâm thần phân liệt, trạng thái lú lẫn cấp tính",unclear,true,medium,not_requested,matched,needs_review,Khớp alias/thuật ngữ bằng rule tất định; bắt buộc duyệt thủ công.,,
condition-mention:8a516e6d6bb0db18,"Tăng huyết áp không kiểm soát được, u tế bào ưa crôm, u ung thư, nhiễm độc do tuyến giáp, trầm cảm lưỡng cực, bệnh tâm thần phân liệt, trạng thái lú lẫn cấp tính","tang huyet ap khong kiem soat duoc, u te bao ua crom, u ung thu, nhiem doc do tuyen giap, tram cam luong cuc, benh tam than phan liet, trang thai lu lan cap tinh",1,bipolar_disorder,Rối loạn lưỡng cực,disease,psychiatric,,,,,,"Tăng huyết áp không kiểm soát được, u tế bào ưa crôm, u ung thư, nhiễm độc do tuyến giáp, trầm cảm lưỡng cực, bệnh tâm thần phân liệt, trạng thái lú lẫn cấp tính",unclear,true,medium,not_requested,matched,needs_review,Khớp alias/thuật ngữ bằng rule tất định; bắt buộc duyệt thủ công.,,
condition-mention:8a516e6d6bb0db18,"Tăng huyết áp không kiểm soát được, u tế bào ưa crôm, u ung thư, nhiễm độc do tuyến giáp, trầm cảm lưỡng cực, bệnh tâm thần phân liệt, trạng thái lú lẫn cấp tính","tang huyet ap khong kiem soat duoc, u te bao ua crom, u ung thu, nhiem doc do tuyen giap, tram cam luong cuc, benh tam than phan liet, trang thai lu lan cap tinh",1,schizophrenia,Tâm thần phân liệt,disease,psychiatric,,,,,,"Tăng huyết áp không kiểm soát được, u tế bào ưa crôm, u ung thư, nhiễm độc do tuyến giáp, trầm cảm lưỡng cực, bệnh tâm thần phân liệt, trạng thái lú lẫn cấp tính",unclear,true,medium,not_requested,matched,needs_review,Khớp alias/thuật ngữ bằng rule tất định; bắt buộc duyệt thủ công.,,
condition-mention:4b1a99b6a35699f3,"Tăng huyết áp không kiểm soát, suy tim sung huyết, thiếu máu cục bộ tim, bệnh động mạch ngoại biên và/hoặc bệnh mạch não","tang huyet ap khong kiem soat, suy tim sung huyet, thieu mau cuc bo tim, benh dong mach ngoai bien va hoac benh mach nao",1,heart_failure,Suy tim,disease,cardiovascular,,,,,,"Tăng huyết áp không kiểm soát, suy tim sung huyết, thiếu máu cục bộ tim, bệnh động mạch ngoại biên và/hoặc bệnh mạch não",unclear,true,medium,not_requested,matched,needs_review,Khớp alias/thuật ngữ bằng rule tất định; bắt buộc duyệt thủ công.,,
condition-mention:4b1a99b6a35699f3,"Tăng huyết áp không kiểm soát, suy tim sung huyết, thiếu máu cục bộ tim, bệnh động mạch ngoại biên và/hoặc bệnh mạch não","tang huyet ap khong kiem soat, suy tim sung huyet, thieu mau cuc bo tim, benh dong mach ngoai bien va hoac benh mach nao",1,hypertension,Tăng huyết áp,disease,cardiovascular,,,,,,"Tăng huyết áp không kiểm soát, suy tim sung huyết, thiếu máu cục bộ tim, bệnh động mạch ngoại biên và/hoặc bệnh mạch não",unclear,true,medium,not_requested,matched,needs_review,Khớp alias/thuật ngữ bằng rule tất định; bắt buộc duyệt thủ công.,,
condition-mention:4b1a99b6a35699f3,"Tăng huyết áp không kiểm soát, suy tim sung huyết, thiếu máu cục bộ tim, bệnh động mạch ngoại biên và/hoặc bệnh mạch não","tang huyet ap khong kiem soat, suy tim sung huyet, thieu mau cuc bo tim, benh dong mach ngoai bien va hoac benh mach nao",1,ischemic_heart_disease,Bệnh tim thiếu máu cục bộ,disease,cardiovascular,,,,,,"Tăng huyết áp không kiểm soát, suy tim sung huyết, thiếu máu cục bộ tim, bệnh động mạch ngoại biên và/hoặc bệnh mạch não",unclear,true,medium,not_requested,matched,needs_review,Khớp alias/thuật ngữ bằng rule tất định; bắt buộc duyệt thủ công.,,
condition-mention:4b1a99b6a35699f3,"Tăng huyết áp không kiểm soát, suy tim sung huyết, thiếu máu cục bộ tim, bệnh động mạch ngoại biên và/hoặc bệnh mạch não","tang huyet ap khong kiem soat, suy tim sung huyet, thieu mau cuc bo tim, benh dong mach ngoai bien va hoac benh mach nao",1,peripheral_arterial_disease,Bệnh động mạch ngoại biên,disease,cardiovascular,,,,,,"Tăng huyết áp không kiểm soát, suy tim sung huyết, thiếu máu cục bộ tim, bệnh động mạch ngoại biên và/hoặc bệnh mạch não",unclear,true,medium,not_requested,matched,needs_review,Khớp alias/thuật ngữ bằng rule tất định; bắt buộc duyệt thủ công.,,
condition-mention:bc17048715c067c9,Tăng huyết áp mất kiểm soát,tang huyet ap mat kiem soat,1,hypertension,Tăng huyết áp,disease,cardiovascular,,,,,,Tăng huyết áp mất kiểm soát,single,false,medium,not_requested,matched,needs_review,Khớp alias/thuật ngữ bằng rule tất định; bắt buộc duyệt thủ công.,,
condition-mention:06a547739e4fed51,Tăng huyết áp nặng,tang huyet ap nang,1,hypertension,Tăng huyết áp,disease,cardiovascular,severe,,,,,Tăng huyết áp nặng,single,false,medium,not_requested,matched,needs_review,Khớp alias/thuật ngữ bằng rule tất định; bắt buộc duyệt thủ công.,,
condition-mention:506423063ff06003,Tăng huyết áp nhẹ và vừa / Tụt huyết áp nghiêm trọng,tang huyet ap nhe va vua tut huyet ap nghiem trong,1,hypertension,Tăng huyết áp,disease,cardiovascular,,,,,,Tăng huyết áp nhẹ và vừa / Tụt huyết áp nghiêm trọng,and,true,medium,not_requested,matched,needs_review,Khớp alias/thuật ngữ bằng rule tất định; bắt buộc duyệt thủ công.,,
condition-mention:506423063ff06003,Tăng huyết áp nhẹ và vừa / Tụt huyết áp nghiêm trọng,tang huyet ap nhe va vua tut huyet ap nghiem trong,1,hypotension,Hạ huyết áp,clinical_finding,cardiovascular,,,,,,Tăng huyết áp nhẹ và vừa / Tụt huyết áp nghiêm trọng,and,true,medium,not_requested,matched,needs_review,Khớp alias/thuật ngữ bằng rule tất định; bắt buộc duyệt thủ công.,,
condition-mention:9dc5033633525fce,Tăng huyết áp và / hoặc suy tim sung huyết nhẹ đến trung bình,tang huyet ap va hoac suy tim sung huyet nhe den trung binh,1,heart_failure,Suy tim,disease,cardiovascular,,,,,,Tăng huyết áp và / hoặc suy tim sung huyết nhẹ đến trung bình,mixed,true,medium,not_requested,matched,needs_review,Khớp alias/thuật ngữ bằng rule tất định; bắt buộc duyệt thủ công.,,
condition-mention:9dc5033633525fce,Tăng huyết áp và / hoặc suy tim sung huyết nhẹ đến trung bình,tang huyet ap va hoac suy tim sung huyet nhe den trung binh,1,hypertension,Tăng huyết áp,disease,cardiovascular,,,,,,Tăng huyết áp và / hoặc suy tim sung huyết nhẹ đến trung bình,mixed,true,medium,not_requested,matched,needs_review,Khớp alias/thuật ngữ bằng rule tất định; bắt buộc duyệt thủ công.,,
condition-mention:894d09475fb588da,Tăng huyết áp và/hoặc suy tim sung huyết nhẹ đến vừa,tang huyet ap va hoac suy tim sung huyet nhe den vua,1,heart_failure,Suy tim,disease,cardiovascular,,,,,,Tăng huyết áp và/hoặc suy tim sung huyết nhẹ đến vừa,unclear,true,medium,not_requested,matched,needs_review,Khớp alias/thuật ngữ bằng rule tất định; bắt buộc duyệt thủ công.,,
condition-mention:894d09475fb588da,Tăng huyết áp và/hoặc suy tim sung huyết nhẹ đến vừa,tang huyet ap va hoac suy tim sung huyet nhe den vua,1,hypertension,Tăng huyết áp,disease,cardiovascular,,,,,,Tăng huyết áp và/hoặc suy tim sung huyết nhẹ đến vừa,unclear,true,medium,not_requested,matched,needs_review,Khớp alias/thuật ngữ bằng rule tất định; bắt buộc duyệt thủ công.,,
condition-mention:40ab889418280a9c,"tăng huyết áp, bệnh tim mạch","tang huyet ap, benh tim mach",1,hypertension,Tăng huyết áp,disease,cardiovascular,,,,,,"tăng huyết áp, bệnh tim mạch",unclear,true,medium,not_requested,matched,needs_review,Khớp alias/thuật ngữ bằng rule tất định; bắt buộc duyệt thủ công.,,
condition-mention:a0245b3f96e18a1e,"Tăng huyết áp, suy tim sung huyết, phù ngoại biên hoặc phù phổi, rối loạn chức năng thận, bệnh nhân tiền sản giật","tang huyet ap, suy tim sung huyet, phu ngoai bien hoac phu phoi, roi loan chuc nang than, benh nhan tien san giat",1,renal_impairment,Suy giảm chức năng thận,organ_impairment,renal,,,,,,"Tăng huyết áp, suy tim sung huyết, phù ngoại biên hoặc phù phổi, rối loạn chức năng thận, bệnh nhân tiền sản giật",or,true,medium,not_requested,matched,needs_review,Khớp alias/thuật ngữ bằng rule tất định; bắt buộc duyệt thủ công.,,
condition-mention:a0245b3f96e18a1e,"Tăng huyết áp, suy tim sung huyết, phù ngoại biên hoặc phù phổi, rối loạn chức năng thận, bệnh nhân tiền sản giật","tang huyet ap, suy tim sung huyet, phu ngoai bien hoac phu phoi, roi loan chuc nang than, benh nhan tien san giat",1,heart_failure,Suy tim,disease,cardiovascular,,,,,,"Tăng huyết áp, suy tim sung huyết, phù ngoại biên hoặc phù phổi, rối loạn chức năng thận, bệnh nhân tiền sản giật",or,true,medium,not_requested,matched,needs_review,Khớp alias/thuật ngữ bằng rule tất định; bắt buộc duyệt thủ công.,,
condition-mention:a0245b3f96e18a1e,"Tăng huyết áp, suy tim sung huyết, phù ngoại biên hoặc phù phổi, rối loạn chức năng thận, bệnh nhân tiền sản giật","tang huyet ap, suy tim sung huyet, phu ngoai bien hoac phu phoi, roi loan chuc nang than, benh nhan tien san giat",1,hypertension,Tăng huyết áp,disease,cardiovascular,,,,,,"Tăng huyết áp, suy tim sung huyết, phù ngoại biên hoặc phù phổi, rối loạn chức năng thận, bệnh nhân tiền sản giật",or,true,medium,not_requested,matched,needs_review,Khớp alias/thuật ngữ bằng rule tất định; bắt buộc duyệt thủ công.,,
condition-mention:a0245b3f96e18a1e,"Tăng huyết áp, suy tim sung huyết, phù ngoại biên hoặc phù phổi, rối loạn chức năng thận, bệnh nhân tiền sản giật","tang huyet ap, suy tim sung huyet, phu ngoai bien hoac phu phoi, roi loan chuc nang than, benh nhan tien san giat",1,pulmonary_edema,Phù phổi,clinical_finding,respiratory,,,,,,"Tăng huyết áp, suy tim sung huyết, phù ngoại biên hoặc phù phổi, rối loạn chức năng thận, bệnh nhân tiền sản giật",or,true,medium,not_requested,matched,needs_review,Khớp alias/thuật ngữ bằng rule tất định; bắt buộc duyệt thủ công.,,
condition-mention:a0245b3f96e18a1e,"Tăng huyết áp, suy tim sung huyết, phù ngoại biên hoặc phù phổi, rối loạn chức năng thận, bệnh nhân tiền sản giật","tang huyet ap, suy tim sung huyet, phu ngoai bien hoac phu phoi, roi loan chuc nang than, benh nhan tien san giat",1,edema,Phù,clinical_finding,systemic,,,,,,"Tăng huyết áp, suy tim sung huyết, phù ngoại biên hoặc phù phổi, rối loạn chức năng thận, bệnh nhân tiền sản giật",or,true,medium,not_requested,matched,needs_review,Khớp alias/thuật ngữ bằng rule tất định; bắt buộc duyệt thủ công.,,
condition-mention:a0245b3f96e18a1e,"Tăng huyết áp, suy tim sung huyết, phù ngoại biên hoặc phù phổi, rối loạn chức năng thận, bệnh nhân tiền sản giật","tang huyet ap, suy tim sung huyet, phu ngoai bien hoac phu phoi, roi loan chuc nang than, benh nhan tien san giat",1,preeclampsia,Tiền sản giật,disease,obstetric,,,,,,"Tăng huyết áp, suy tim sung huyết, phù ngoại biên hoặc phù phổi, rối loạn chức năng thận, bệnh nhân tiền sản giật",or,true,medium,not_requested,matched,needs_review,Khớp alias/thuật ngữ bằng rule tất định; bắt buộc duyệt thủ công.,,
condition-mention:ab1df8d0c4e6ab29,"Tăng kali huyết, tăng natri huyết, tăng calci huyết, tăng clo huyết","tang kali huyet, tang natri huyet, tang calci huyet, tang clo huyet",1,hyperkalemia,Tăng kali máu,clinical_finding,electrolyte,,,,,,"Tăng kali huyết, tăng natri huyết, tăng calci huyết, tăng clo huyết",unclear,true,medium,not_requested,matched,needs_review,Khớp alias/thuật ngữ bằng rule tất định; bắt buộc duyệt thủ công.,,
condition-mention:ab1df8d0c4e6ab29,"Tăng kali huyết, tăng natri huyết, tăng calci huyết, tăng clo huyết","tang kali huyet, tang natri huyet, tang calci huyet, tang clo huyet",1,hypernatremia,Tăng natri máu,clinical_finding,electrolyte,,,,,,"Tăng kali huyết, tăng natri huyết, tăng calci huyết, tăng clo huyết",unclear,true,medium,not_requested,matched,needs_review,Khớp alias/thuật ngữ bằng rule tất định; bắt buộc duyệt thủ công.,,
condition-mention:ab1df8d0c4e6ab29,"Tăng kali huyết, tăng natri huyết, tăng calci huyết, tăng clo huyết","tang kali huyet, tang natri huyet, tang calci huyet, tang clo huyet",1,hypercalcemia,Tăng calci máu,clinical_finding,electrolyte,,,,,,"Tăng kali huyết, tăng natri huyết, tăng calci huyết, tăng clo huyết",unclear,true,medium,not_requested,matched,needs_review,Khớp alias/thuật ngữ bằng rule tất định; bắt buộc duyệt thủ công.,,
condition-mention:ab1df8d0c4e6ab29,"Tăng kali huyết, tăng natri huyết, tăng calci huyết, tăng clo huyết","tang kali huyet, tang natri huyet, tang calci huyet, tang clo huyet",1,hyperchloremia,Tăng clo máu,clinical_finding,electrolyte,,,,,,"Tăng kali huyết, tăng natri huyết, tăng calci huyết, tăng clo huyết",unclear,true,medium,not_requested,matched,needs_review,Khớp alias/thuật ngữ bằng rule tất định; bắt buộc duyệt thủ công.,,
condition-mention:4253ec6bfbc5d7af,Tăng kali máu,tang kali mau,1,hyperkalemia,Tăng kali máu,clinical_finding,electrolyte,,,,,,Tăng kali máu,single,false,medium,not_requested,matched,needs_review,Khớp alias/thuật ngữ bằng rule tất định; bắt buộc duyệt thủ công.,,
condition-mention:0b5314b1867e82d9,Tăng kali máu (mức kali máu dưới 5 mmol/lít),tang kali mau muc kali mau duoi 5 mmol lit,1,hyperkalemia,Tăng kali máu,clinical_finding,electrolyte,,,,,,Tăng kali máu (mức kali máu dưới 5 mmol/lít),single,false,medium,not_requested,matched,needs_review,Khớp alias/thuật ngữ bằng rule tất định; bắt buộc duyệt thủ công.,,
condition-mention:ddc9179b75fd94ec,Tăng lượng nước ngoại bào hoặc tăng thể tích tuần hoàn,tang luong nuoc ngoai bao hoac tang the tich tuan hoan,1,fluid_overload,Quá tải dịch,clinical_finding,metabolic,,,,,,Tăng lượng nước ngoại bào hoặc tăng thể tích tuần hoàn,or,true,medium,not_requested,matched,needs_review,Khớp alias/thuật ngữ bằng rule tất định; bắt buộc duyệt thủ công.,,
condition-mention:6358a51d11ca02cc,Tăng năng tuyến giáp / Bệnh lý tuyến giáp,tang nang tuyen giap benh ly tuyen giap,1,hyperthyroidism,Cường giáp,disease,endocrine,,,,,,Tăng năng tuyến giáp / Bệnh lý tuyến giáp,unclear,true,medium,not_requested,matched,needs_review,Khớp alias/thuật ngữ bằng rule tất định; bắt buộc duyệt thủ công.,,
condition-mention:10448bf8828ef9f2,Tăng natri huyết nghiêm trọng hoặc tăng clo huyết nghiêm trọng,tang natri huyet nghiem trong hoac tang clo huyet nghiem trong,1,hypernatremia,Tăng natri máu,clinical_finding,electrolyte,,,,,,Tăng natri huyết nghiêm trọng hoặc tăng clo huyết nghiêm trọng,or,true,medium,not_requested,matched,needs_review,Khớp alias/thuật ngữ bằng rule tất định; bắt buộc duyệt thủ công.,,
condition-mention:10448bf8828ef9f2,Tăng natri huyết nghiêm trọng hoặc tăng clo huyết nghiêm trọng,tang natri huyet nghiem trong hoac tang clo huyet nghiem trong,1,hyperchloremia,Tăng clo máu,clinical_finding,electrolyte,,,,,,Tăng natri huyết nghiêm trọng hoặc tăng clo huyết nghiêm trọng,or,true,medium,not_requested,matched,needs_review,Khớp alias/thuật ngữ bằng rule tất định; bắt buộc duyệt thủ công.,,
condition-mention:3f83c468877ff871,Tăng nhãn áp (glocom),tang nhan ap glocom,1,glaucoma,Glôcôm/tăng nhãn áp,disease,ophthalmic,,,,,,Tăng nhãn áp (glocom),single,false,medium,not_requested,matched,needs_review,Khớp alias/thuật ngữ bằng rule tất định; bắt buộc duyệt thủ công.,,
condition-mention:bdfc6cdff558f501,tăng nhãn áp (Glocom) góc hẹp,tang nhan ap glocom goc hep,1,angle_closure_glaucoma,Glôcôm góc đóng/góc hẹp,disease,ophthalmic,,,,,,tăng nhãn áp (Glocom) góc hẹp,single,false,medium,not_requested,matched,needs_review,Khớp alias/thuật ngữ bằng rule tất định; bắt buộc duyệt thủ công.,,
condition-mention:607de036d4c85e64,Tăng nhãn áp góc hẹp không được điều trị,tang nhan ap goc hep khong duoc dieu tri,1,angle_closure_glaucoma,Glôcôm góc đóng/góc hẹp,disease,ophthalmic,,,,,,Tăng nhãn áp góc hẹp không được điều trị,single,false,medium,not_requested,matched,needs_review,Khớp alias/thuật ngữ bằng rule tất định; bắt buộc duyệt thủ công.,,
condition-mention:938f4cf0004f7010,"tăng nhãn áp góc hẹp, phì đại tuyến tiền liệt hoặc tắc nghẽn cổ bàng quang","tang nhan ap goc hep, phi dai tuyen tien liet hoac tac nghen co bang quang",1,benign_prostatic_hyperplasia,Phì đại lành tính tuyến tiền liệt,disease,urologic,,,,,,"tăng nhãn áp góc hẹp, phì đại tuyến tiền liệt hoặc tắc nghẽn cổ bàng quang",or,true,medium,not_requested,matched,needs_review,Khớp alias/thuật ngữ bằng rule tất định; bắt buộc duyệt thủ công.,,
condition-mention:938f4cf0004f7010,"tăng nhãn áp góc hẹp, phì đại tuyến tiền liệt hoặc tắc nghẽn cổ bàng quang","tang nhan ap goc hep, phi dai tuyen tien liet hoac tac nghen co bang quang",1,angle_closure_glaucoma,Glôcôm góc đóng/góc hẹp,disease,ophthalmic,,,,,,"tăng nhãn áp góc hẹp, phì đại tuyến tiền liệt hoặc tắc nghẽn cổ bàng quang",or,true,medium,not_requested,matched,needs_review,Khớp alias/thuật ngữ bằng rule tất định; bắt buộc duyệt thủ công.,,
condition-mention:5b0189b57571897c,"Tăng nhãn áp, bệnh glaucom","tang nhan ap, benh glaucom",1,glaucoma,Glôcôm/tăng nhãn áp,disease,ophthalmic,,,,,,"Tăng nhãn áp, bệnh glaucom",unclear,true,medium,not_requested,matched,needs_review,Khớp alias/thuật ngữ bằng rule tất định; bắt buộc duyệt thủ công.,,
condition-mention:51d85a9400dd674c,tăng tiết vasopressin không thẩm thấu (SIADH),tang tiet vasopressin khong tham thau siadh,1,siadh,Hội chứng tiết ADH không thích hợp,disease,endocrine,,,,,,tăng tiết vasopressin không thẩm thấu (SIADH),single,false,medium,not_requested,matched,needs_review,Khớp alias/thuật ngữ bằng rule tất định; bắt buộc duyệt thủ công.,,
condition-mention:e4c9b49811394c41,Tăng trương lực hệ phó giao cảm,tang truong luc he pho giao cam,1,vagotonia,Tăng trương lực phó giao cảm,clinical_finding,neurologic,,,,,,Tăng trương lực hệ phó giao cảm,single,false,medium,not_requested,matched,needs_review,Khớp alias/thuật ngữ bằng rule tất định; bắt buộc duyệt thủ công.,,
condition-mention:38e982bdb0e8698a,Tăng trương lực thần kinh đối giao cảm,tang truong luc than kinh doi giao cam,1,vagotonia,Tăng trương lực phó giao cảm,clinical_finding,neurologic,,,,,,Tăng trương lực thần kinh đối giao cảm,single,false,medium,not_requested,matched,needs_review,Khớp alias/thuật ngữ bằng rule tất định; bắt buộc duyệt thủ công.,,
condition-mention:33fc355a16966d28,"Teo da, loét da, trứng cá thông thường","teo da, loet da, trung ca thong thuong",1,generalized_skin_disorder,Tổn thương da lan tỏa,disease,dermatologic,,,,,,"Teo da, loét da, trứng cá thông thường",unclear,true,medium,not_requested,matched,needs_review,Khớp alias/thuật ngữ bằng rule tất định; bắt buộc duyệt thủ công.,,
condition-mention:e988d3417b61a40f,Thai kỳ từ tháng thứ 6,thai ky tu thang thu 6,1,pregnancy,Mang thai,special_condition,special,,,,,,Thai kỳ từ tháng thứ 6,single,false,medium,not_requested,matched,needs_review,Khớp alias/thuật ngữ bằng rule tất định; bắt buộc duyệt thủ công.,,
condition-mention:7645aeec20888cf2,thẩm tách máu bị tăng huyết áp ác tính và giảm thể tích máu,tham tach mau bi tang huyet ap ac tinh va giam the tich mau,1,dialysis,Đang điều trị thay thế thận/lọc máu,procedure_state,renal,,,,,,thẩm tách máu bị tăng huyết áp ác tính và giảm thể tích máu,and,true,medium,not_requested,matched,needs_review,Khớp alias/thuật ngữ bằng rule tất định; bắt buộc duyệt thủ công.,,
condition-mention:7645aeec20888cf2,thẩm tách máu bị tăng huyết áp ác tính và giảm thể tích máu,tham tach mau bi tang huyet ap ac tinh va giam the tich mau,1,hypertension,Tăng huyết áp,disease,cardiovascular,,,,,,thẩm tách máu bị tăng huyết áp ác tính và giảm thể tích máu,and,true,medium,not_requested,matched,needs_review,Khớp alias/thuật ngữ bằng rule tất định; bắt buộc duyệt thủ công.,,
condition-mention:7645aeec20888cf2,thẩm tách máu bị tăng huyết áp ác tính và giảm thể tích máu,tham tach mau bi tang huyet ap ac tinh va giam the tich mau,1,hypovolemia,Giảm thể tích tuần hoàn,clinical_finding,metabolic,,,,,,thẩm tách máu bị tăng huyết áp ác tính và giảm thể tích máu,and,true,medium,not_requested,matched,needs_review,Khớp alias/thuật ngữ bằng rule tất định; bắt buộc duyệt thủ công.,,
condition-mention:531a6e097e7126cd,Thẩm tách máu kèm tăng huyết áp ác tính và giảm thể tích tuần hoàn,tham tach mau kem tang huyet ap ac tinh va giam the tich tuan hoan,1,dialysis,Đang điều trị thay thế thận/lọc máu,procedure_state,renal,,,,,,Thẩm tách máu kèm tăng huyết áp ác tính và giảm thể tích tuần hoàn,and,true,medium,not_requested,matched,needs_review,Khớp alias/thuật ngữ bằng rule tất định; bắt buộc duyệt thủ công.,,
condition-mention:531a6e097e7126cd,Thẩm tách máu kèm tăng huyết áp ác tính và giảm thể tích tuần hoàn,tham tach mau kem tang huyet ap ac tinh va giam the tich tuan hoan,1,hypertension,Tăng huyết áp,disease,cardiovascular,,,,,,Thẩm tách máu kèm tăng huyết áp ác tính và giảm thể tích tuần hoàn,and,true,medium,not_requested,matched,needs_review,Khớp alias/thuật ngữ bằng rule tất định; bắt buộc duyệt thủ công.,,
condition-mention:531a6e097e7126cd,Thẩm tách máu kèm tăng huyết áp ác tính và giảm thể tích tuần hoàn,tham tach mau kem tang huyet ap ac tinh va giam the tich tuan hoan,1,hypovolemia,Giảm thể tích tuần hoàn,clinical_finding,metabolic,,,,,,Thẩm tách máu kèm tăng huyết áp ác tính và giảm thể tích tuần hoàn,and,true,medium,not_requested,matched,needs_review,Khớp alias/thuật ngữ bằng rule tất định; bắt buộc duyệt thủ công.,,
condition-mention:09ca1b3e69b10944,Thể tạng dễ bị xuất huyết,the tang de bi xuat huyet,1,active_bleeding,Đang xuất huyết,clinical_finding,hematologic,,,,,,Thể tạng dễ bị xuất huyết,single,false,medium,not_requested,matched,needs_review,Khớp alias/thuật ngữ bằng rule tất định; bắt buộc duyệt thủ công.,,
condition-mention:ea9c51e03d599238,"Thiếu enzym glucose-6-phosphat dehydrogenase, thiếu máu, bệnh tim và phổi","thieu enzym glucose 6 phosphat dehydrogenase, thieu mau, benh tim va phoi",1,cardiovascular_disease,Bệnh tim mạch,disease,cardiovascular,,,,,,"Thiếu enzym glucose-6-phosphat dehydrogenase, thiếu máu, bệnh tim và phổi",and,true,medium,not_requested,matched,needs_review,Khớp alias/thuật ngữ bằng rule tất định; bắt buộc duyệt thủ công.,,
condition-mention:ea9c51e03d599238,"Thiếu enzym glucose-6-phosphat dehydrogenase, thiếu máu, bệnh tim và phổi","thieu enzym glucose 6 phosphat dehydrogenase, thieu mau, benh tim va phoi",1,g6pd_deficiency,Thiếu men G6PD,disease,hematologic,,,,,,"Thiếu enzym glucose-6-phosphat dehydrogenase, thiếu máu, bệnh tim và phổi",and,true,medium,not_requested,matched,needs_review,Khớp alias/thuật ngữ bằng rule tất định; bắt buộc duyệt thủ công.,,
condition-mention:ea9c51e03d599238,"Thiếu enzym glucose-6-phosphat dehydrogenase, thiếu máu, bệnh tim và phổi","thieu enzym glucose 6 phosphat dehydrogenase, thieu mau, benh tim va phoi",1,anemia,Thiếu máu,disease,hematologic,,,,,,"Thiếu enzym glucose-6-phosphat dehydrogenase, thiếu máu, bệnh tim và phổi",and,true,medium,not_requested,matched,needs_review,Khớp alias/thuật ngữ bằng rule tất định; bắt buộc duyệt thủ công.,,
condition-mention:a76041c61bfb4aa5,Thiếu G6PD (glucose-6-phosphate dehydrogenase),thieu g6pd glucose 6 phosphate dehydrogenase,1,g6pd_deficiency,Thiếu men G6PD,disease,hematologic,,,,,,Thiếu G6PD (glucose-6-phosphate dehydrogenase),single,false,medium,not_requested,matched,needs_review,Khớp alias/thuật ngữ bằng rule tất định; bắt buộc duyệt thủ công.,,
condition-mention:dfe034d9ff429b40,Thiếu glucose-6-phosphate dehydrogenase,thieu glucose 6 phosphate dehydrogenase,1,g6pd_deficiency,Thiếu men G6PD,disease,hematologic,,,,,,Thiếu glucose-6-phosphate dehydrogenase,single,false,medium,not_requested,matched,needs_review,Khớp alias/thuật ngữ bằng rule tất định; bắt buộc duyệt thủ công.,,
condition-mention:345d9dc35699b49b,Thiếu hụt G-6-PD,thieu hut g 6 pd,1,g6pd_deficiency,Thiếu men G6PD,disease,hematologic,,,,,,Thiếu hụt G-6-PD,single,false,medium,not_requested,matched,needs_review,Khớp alias/thuật ngữ bằng rule tất định; bắt buộc duyệt thủ công.,,
condition-mention:4f296a7b7543d8c3,"Thiếu hụt G6PD, thiếu máu tán huyết","thieu hut g6pd, thieu mau tan huyet",1,g6pd_deficiency,Thiếu men G6PD,disease,hematologic,,,,,,"Thiếu hụt G6PD, thiếu máu tán huyết",unclear,true,medium,not_requested,matched,needs_review,Khớp alias/thuật ngữ bằng rule tất định; bắt buộc duyệt thủ công.,,
condition-mention:4f296a7b7543d8c3,"Thiếu hụt G6PD, thiếu máu tán huyết","thieu hut g6pd, thieu mau tan huyet",1,anemia,Thiếu máu,disease,hematologic,,,,,,"Thiếu hụt G6PD, thiếu máu tán huyết",unclear,true,medium,not_requested,matched,needs_review,Khớp alias/thuật ngữ bằng rule tất định; bắt buộc duyệt thủ công.,,
condition-mention:fe57a77e76f02a8a,Thiếu hụt glucose - 6 - phosphat dehydrogenase,thieu hut glucose 6 phosphat dehydrogenase,1,g6pd_deficiency,Thiếu men G6PD,disease,hematologic,,,,,,Thiếu hụt glucose - 6 - phosphat dehydrogenase,single,false,medium,not_requested,matched,needs_review,Khớp alias/thuật ngữ bằng rule tất định; bắt buộc duyệt thủ công.,,
condition-mention:25dcb7749e06d9f0,Thiếu hụt glucose-6-phosphat dehydrogenase (G6PD),thieu hut glucose 6 phosphat dehydrogenase g6pd,1,g6pd_deficiency,Thiếu men G6PD,disease,hematologic,,,,,,Thiếu hụt glucose-6-phosphat dehydrogenase (G6PD),single,false,medium,not_requested,matched,needs_review,Khớp alias/thuật ngữ bằng rule tất định; bắt buộc duyệt thủ công.,,
condition-mention:0702f2a044535d7f,Thiếu máu cơ tim hoặc thiếu máu não,thieu mau co tim hoac thieu mau nao,1,ischemia,Thiếu máu cục bộ,clinical_finding,cardiovascular,,,,,,Thiếu máu cơ tim hoặc thiếu máu não,or,true,medium,not_requested,matched,needs_review,Khớp alias/thuật ngữ bằng rule tất định; bắt buộc duyệt thủ công.,,
condition-mention:6d1bf2557eec691c,Thiếu máu cục bộ,thieu mau cuc bo,1,ischemia,Thiếu máu cục bộ,clinical_finding,cardiovascular,,,,,,Thiếu máu cục bộ,single,false,medium,not_requested,matched,needs_review,Khớp alias/thuật ngữ bằng rule tất định; bắt buộc duyệt thủ công.,,
condition-mention:e95402aea4c2ca8b,Thiếu máu do suy tủy,thieu mau do suy tuy,1,bone_marrow_suppression,Suy tủy/rối loạn tạo máu,disease,hematologic,,,,,,Thiếu máu do suy tủy,unclear,true,medium,not_requested,matched,needs_review,Khớp alias/thuật ngữ bằng rule tất định; bắt buộc duyệt thủ công.,,
condition-mention:e95402aea4c2ca8b,Thiếu máu do suy tủy,thieu mau do suy tuy,1,anemia,Thiếu máu,disease,hematologic,,,,,,Thiếu máu do suy tủy,unclear,true,medium,not_requested,matched,needs_review,Khớp alias/thuật ngữ bằng rule tất định; bắt buộc duyệt thủ công.,,
condition-mention:7e7e9cc96931c206,Thiếu máu đường ruột,thieu mau duong ruot,1,intestinal_ischemia,Thiếu máu ruột,disease,cardiovascular,,,,,,Thiếu máu đường ruột,single,false,medium,not_requested,matched,needs_review,Khớp alias/thuật ngữ bằng rule tất định; bắt buộc duyệt thủ công.,,
condition-mention:fb0174c4ffb025ce,Thiếu máu không do thiếu sắt,thieu mau khong do thieu sat,1,anemia,Thiếu máu,disease,hematologic,,,,,,Thiếu máu không do thiếu sắt,single,false,medium,not_requested,matched,needs_review,Khớp alias/thuật ngữ bằng rule tất định; bắt buộc duyệt thủ công.,,
condition-mention:9dd13b9a9fc53f24,Thiếu máu nặng,thieu mau nang,1,anemia,Thiếu máu,disease,hematologic,severe,,,,,Thiếu máu nặng,single,false,medium,not_requested,matched,needs_review,Khớp alias/thuật ngữ bằng rule tất định; bắt buộc duyệt thủ công.,,
condition-mention:125a51704eaddfce,Thiếu máu nguyên hồng cầu khổng lồ do thiếu acid folic,thieu mau nguyen hong cau khong lo do thieu acid folic,1,anemia,Thiếu máu,disease,hematologic,,,,,,Thiếu máu nguyên hồng cầu khổng lồ do thiếu acid folic,single,false,medium,not_requested,matched,needs_review,Khớp alias/thuật ngữ bằng rule tất định; bắt buộc duyệt thủ công.,,
condition-mention:d3729f2f599ba907,Thiếu máu trầm trọng,thieu mau tram trong,1,anemia,Thiếu máu,disease,hematologic,severe,,,,,Thiếu máu trầm trọng,single,false,medium,not_requested,matched,needs_review,Khớp alias/thuật ngữ bằng rule tất định; bắt buộc duyệt thủ công.,,
condition-mention:14ab2e07280d35ff,Thiếu máu từ trước,thieu mau tu truoc,1,anemia,Thiếu máu,disease,hematologic,,,,,,Thiếu máu từ trước,single,false,medium,not_requested,matched,needs_review,Khớp alias/thuật ngữ bằng rule tất định; bắt buộc duyệt thủ công.,,
condition-mention:6a69a79ec6fbe502,Thiếu men glucose-6-phosphat-dehydrogenase,thieu men glucose 6 phosphat dehydrogenase,1,g6pd_deficiency,Thiếu men G6PD,disease,hematologic,,,,,,Thiếu men glucose-6-phosphat-dehydrogenase,single,false,medium,not_requested,matched,needs_review,Khớp alias/thuật ngữ bằng rule tất định; bắt buộc duyệt thủ công.,,
condition-mention:7e832763e96e5077,"Thiếu men Lapp lactase, galactose máu hoặc hội chứng kém hấp thu glucose/galactose","thieu men lapp lactase, galactose mau hoac hoi chung kem hap thu glucose galactose",1,glucose_galactose_malabsorption,Kém hấp thu glucose-galactose,disease,metabolic,,,,,,"Thiếu men Lapp lactase, galactose máu hoặc hội chứng kém hấp thu glucose/galactose",or,true,medium,not_requested,matched,needs_review,Khớp alias/thuật ngữ bằng rule tất định; bắt buộc duyệt thủ công.,,
condition-mention:7e832763e96e5077,"Thiếu men Lapp lactase, galactose máu hoặc hội chứng kém hấp thu glucose/galactose","thieu men lapp lactase, galactose mau hoac hoi chung kem hap thu glucose galactose",1,lactase_deficiency,Thiếu hụt lactase,disease,metabolic,,,,,,"Thiếu men Lapp lactase, galactose máu hoặc hội chứng kém hấp thu glucose/galactose",or,true,medium,not_requested,matched,needs_review,Khớp alias/thuật ngữ bằng rule tất định; bắt buộc duyệt thủ công.,,
condition-mention:96ab6621fb9d4995,Thiểu năng gan,thieu nang gan,1,hepatic_impairment,Suy giảm chức năng gan,organ_impairment,hepatic,,,,,,Thiểu năng gan,single,false,medium,not_requested,matched,needs_review,Khớp alias/thuật ngữ bằng rule tất định; bắt buộc duyệt thủ công.,,
condition-mention:9b265d82e524f39d,Thiểu năng tuyến cận giáp,thieu nang tuyen can giap,1,hypoparathyroidism,Suy cận giáp,disease,endocrine,,,,,,Thiểu năng tuyến cận giáp,single,false,medium,not_requested,matched,needs_review,Khớp alias/thuật ngữ bằng rule tất định; bắt buộc duyệt thủ công.,,
condition-mention:f4bb5a5b51d365c9,Thiểu năng tuyến giáp,thieu nang tuyen giap,1,hypothyroidism,Suy giáp,disease,endocrine,,,,,,Thiểu năng tuyến giáp,single,false,medium,not_requested,matched,needs_review,Khớp alias/thuật ngữ bằng rule tất định; bắt buộc duyệt thủ công.,,
condition-mention:7f47f4ebbbad66c5,Thiểu năng tuyến giáp không được kiểm soát,thieu nang tuyen giap khong duoc kiem soat,1,hypothyroidism,Suy giáp,disease,endocrine,,,,,,Thiểu năng tuyến giáp không được kiểm soát,single,false,medium,not_requested,matched,needs_review,Khớp alias/thuật ngữ bằng rule tất định; bắt buộc duyệt thủ công.,,
condition-mention:57ca363bac7dbb55,Thiếu niệu hoặc vô niệu sau khi làm test với Mannitol,thieu nieu hoac vo nieu sau khi lam test voi mannitol,1,anuria,Vô niệu,clinical_finding,renal,,,,,,Thiếu niệu hoặc vô niệu sau khi làm test với Mannitol,or,true,medium,not_requested,matched,needs_review,Khớp alias/thuật ngữ bằng rule tất định; bắt buộc duyệt thủ công.,,
condition-mention:57ca363bac7dbb55,Thiếu niệu hoặc vô niệu sau khi làm test với Mannitol,thieu nieu hoac vo nieu sau khi lam test voi mannitol,1,oliguria,Thiểu niệu,clinical_finding,renal,,,,,,Thiếu niệu hoặc vô niệu sau khi làm test với Mannitol,or,true,medium,not_requested,matched,needs_review,Khớp alias/thuật ngữ bằng rule tất định; bắt buộc duyệt thủ công.,,
condition-mention:d4130d8e9fb91955,thiếu oxy máu động mạch do thiếu máu nặng (bao gồm cả các dạng thiếu hụt G6PD gây ra),thieu oxy mau dong mach do thieu mau nang bao gom ca cac dang thieu hut g6pd gay ra,1,hypoxemia,Thiếu oxy máu,clinical_finding,respiratory,,,,,,thiếu oxy máu động mạch do thiếu máu nặng (bao gồm cả các dạng thiếu hụt G6PD gây ra),unclear,true,medium,not_requested,matched,needs_review,Khớp alias/thuật ngữ bằng rule tất định; bắt buộc duyệt thủ công.,,
condition-mention:d4130d8e9fb91955,thiếu oxy máu động mạch do thiếu máu nặng (bao gồm cả các dạng thiếu hụt G6PD gây ra),thieu oxy mau dong mach do thieu mau nang bao gom ca cac dang thieu hut g6pd gay ra,1,g6pd_deficiency,Thiếu men G6PD,disease,hematologic,,,,,,thiếu oxy máu động mạch do thiếu máu nặng (bao gồm cả các dạng thiếu hụt G6PD gây ra),unclear,true,medium,not_requested,matched,needs_review,Khớp alias/thuật ngữ bằng rule tất định; bắt buộc duyệt thủ công.,,
condition-mention:d4130d8e9fb91955,thiếu oxy máu động mạch do thiếu máu nặng (bao gồm cả các dạng thiếu hụt G6PD gây ra),thieu oxy mau dong mach do thieu mau nang bao gom ca cac dang thieu hut g6pd gay ra,1,anemia,Thiếu máu,disease,hematologic,,,,,,thiếu oxy máu động mạch do thiếu máu nặng (bao gồm cả các dạng thiếu hụt G6PD gây ra),unclear,true,medium,not_requested,matched,needs_review,Khớp alias/thuật ngữ bằng rule tất định; bắt buộc duyệt thủ công.,,
condition-mention:7aa0a6105069a106,Thiếu oxy nặng hoặc tăng CO₂ trong máu,thieu oxy nang hoac tang co₂ trong mau,1,hypoxia_hypercapnia,Thiếu oxy hoặc tăng CO₂ máu,clinical_finding,respiratory,severe,,,,,Thiếu oxy nặng hoặc tăng CO₂ trong máu,or,true,medium,not_requested,matched,needs_review,Khớp alias/thuật ngữ bằng rule tất định; bắt buộc duyệt thủ công.,,
condition-mention:8095c382b7d3e8ac,Thiếu oxygen máu nặng,thieu oxygen mau nang,1,hypoxemia,Thiếu oxy máu,clinical_finding,respiratory,severe,,,,,Thiếu oxygen máu nặng,single,false,medium,not_requested,matched,needs_review,Khớp alias/thuật ngữ bằng rule tất định; bắt buộc duyệt thủ công.,,
condition-mention:4b653eb195440a29,"Thiếu thể tích máu, áp huyết tâm thu thấp, phù phổi cấp tính, hoặc nhồi máu cơ tim cấp bị suy thất trái cấp và áp suất đưa máu về tim thấp","thieu the tich mau, ap huyet tam thu thap, phu phoi cap tinh, hoac nhoi mau co tim cap bi suy that trai cap va ap suat dua mau ve tim thap",1,myocardial_infarction,Nhồi máu cơ tim,disease,cardiovascular,,,,,,"Thiếu thể tích máu, áp huyết tâm thu thấp, phù phổi cấp tính, hoặc nhồi máu cơ tim cấp bị suy thất trái cấp và áp suất đưa máu về tim thấp",mixed,true,medium,not_requested,matched,needs_review,Khớp alias/thuật ngữ bằng rule tất định; bắt buộc duyệt thủ công.,,
condition-mention:4b653eb195440a29,"Thiếu thể tích máu, áp huyết tâm thu thấp, phù phổi cấp tính, hoặc nhồi máu cơ tim cấp bị suy thất trái cấp và áp suất đưa máu về tim thấp","thieu the tich mau, ap huyet tam thu thap, phu phoi cap tinh, hoac nhoi mau co tim cap bi suy that trai cap va ap suat dua mau ve tim thap",1,left_ventricular_dysfunction,Rối loạn chức năng thất trái,disease,cardiovascular,,,,,,"Thiếu thể tích máu, áp huyết tâm thu thấp, phù phổi cấp tính, hoặc nhồi máu cơ tim cấp bị suy thất trái cấp và áp suất đưa máu về tim thấp",mixed,true,medium,not_requested,matched,needs_review,Khớp alias/thuật ngữ bằng rule tất định; bắt buộc duyệt thủ công.,,
condition-mention:4b653eb195440a29,"Thiếu thể tích máu, áp huyết tâm thu thấp, phù phổi cấp tính, hoặc nhồi máu cơ tim cấp bị suy thất trái cấp và áp suất đưa máu về tim thấp","thieu the tich mau, ap huyet tam thu thap, phu phoi cap tinh, hoac nhoi mau co tim cap bi suy that trai cap va ap suat dua mau ve tim thap",1,pulmonary_edema,Phù phổi,clinical_finding,respiratory,,,,,,"Thiếu thể tích máu, áp huyết tâm thu thấp, phù phổi cấp tính, hoặc nhồi máu cơ tim cấp bị suy thất trái cấp và áp suất đưa máu về tim thấp",mixed,true,medium,not_requested,matched,needs_review,Khớp alias/thuật ngữ bằng rule tất định; bắt buộc duyệt thủ công.,,
condition-mention:4b653eb195440a29,"Thiếu thể tích máu, áp huyết tâm thu thấp, phù phổi cấp tính, hoặc nhồi máu cơ tim cấp bị suy thất trái cấp và áp suất đưa máu về tim thấp","thieu the tich mau, ap huyet tam thu thap, phu phoi cap tinh, hoac nhoi mau co tim cap bi suy that trai cap va ap suat dua mau ve tim thap",1,hypovolemia,Giảm thể tích tuần hoàn,clinical_finding,metabolic,,,,,,"Thiếu thể tích máu, áp huyết tâm thu thấp, phù phổi cấp tính, hoặc nhồi máu cơ tim cấp bị suy thất trái cấp và áp suất đưa máu về tim thấp",mixed,true,medium,not_requested,matched,needs_review,Khớp alias/thuật ngữ bằng rule tất định; bắt buộc duyệt thủ công.,,
condition-mention:4b653eb195440a29,"Thiếu thể tích máu, áp huyết tâm thu thấp, phù phổi cấp tính, hoặc nhồi máu cơ tim cấp bị suy thất trái cấp và áp suất đưa máu về tim thấp","thieu the tich mau, ap huyet tam thu thap, phu phoi cap tinh, hoac nhoi mau co tim cap bi suy that trai cap va ap suat dua mau ve tim thap",1,edema,Phù,clinical_finding,systemic,,,,,,"Thiếu thể tích máu, áp huyết tâm thu thấp, phù phổi cấp tính, hoặc nhồi máu cơ tim cấp bị suy thất trái cấp và áp suất đưa máu về tim thấp",mixed,true,medium,not_requested,matched,needs_review,Khớp alias/thuật ngữ bằng rule tất định; bắt buộc duyệt thủ công.,,
condition-mention:c2cdbce8da16f3a5,Thoát vị (dễ bị bệnh lý do tăng áp lực ổ bụng),thoat vi de bi benh ly do tang ap luc o bung,1,hernia,Thoát vị,disease,gastrointestinal,,,,,,Thoát vị (dễ bị bệnh lý do tăng áp lực ổ bụng),single,false,medium,not_requested,matched,needs_review,Khớp alias/thuật ngữ bằng rule tất định; bắt buộc duyệt thủ công.,,
condition-mention:1fe1df82ba8eda33,Thừa vitamin D,thua vitamin d,1,hypervitaminosis_d,Thừa vitamin D,clinical_finding,metabolic,,,,,,Thừa vitamin D,single,false,medium,not_requested,matched,needs_review,Khớp alias/thuật ngữ bằng rule tất định; bắt buộc duyệt thủ công.,,
condition-mention:3149883e9f61f8dd,"Thực quản bị chèn ép, dạ dày chậm tiêu, tắc ruột, hẹp môn vị","thuc quan bi chen ep, da day cham tieu, tac ruot, hep mon vi",1,bowel_obstruction,Tắc nghẽn ruột,disease,gastrointestinal,,,,,,"Thực quản bị chèn ép, dạ dày chậm tiêu, tắc ruột, hẹp môn vị",unclear,true,medium,not_requested,matched,needs_review,Khớp alias/thuật ngữ bằng rule tất định; bắt buộc duyệt thủ công.,,
condition-mention:3149883e9f61f8dd,"Thực quản bị chèn ép, dạ dày chậm tiêu, tắc ruột, hẹp môn vị","thuc quan bi chen ep, da day cham tieu, tac ruot, hep mon vi",1,pyloric_stenosis,Hẹp môn vị,disease,gastrointestinal,,,,,,"Thực quản bị chèn ép, dạ dày chậm tiêu, tắc ruột, hẹp môn vị",unclear,true,medium,not_requested,matched,needs_review,Khớp alias/thuật ngữ bằng rule tất định; bắt buộc duyệt thủ công.,,
condition-mention:9c0eddc12a663329,Thủy đậu hay cảm cúm (ở trẻ em và thiếu niên),thuy dau hay cam cum o tre em va thieu nien,1,varicella,Thủy đậu,disease,infectious,,,,,,Thủy đậu hay cảm cúm (ở trẻ em và thiếu niên),and,true,medium,not_requested,matched,needs_review,Khớp alias/thuật ngữ bằng rule tất định; bắt buộc duyệt thủ công.,,
condition-mention:61f8735288fbaa9f,Tiền hôn mê do đái tháo đường,tien hon me do dai thao duong,1,diabetes_mellitus,Đái tháo đường,disease,endocrine,,,,,,Tiền hôn mê do đái tháo đường,unclear,true,medium,not_requested,matched,needs_review,Khớp alias/thuật ngữ bằng rule tất định; bắt buộc duyệt thủ công.,,
condition-mention:61f8735288fbaa9f,Tiền hôn mê do đái tháo đường,tien hon me do dai thao duong,1,coma,Hôn mê,clinical_finding,neurologic,,,,,,Tiền hôn mê do đái tháo đường,unclear,true,medium,not_requested,matched,needs_review,Khớp alias/thuật ngữ bằng rule tất định; bắt buộc duyệt thủ công.,,
condition-mention:019a3148c15f00b4,Tiền sản giật hoặc sản giật,tien san giat hoac san giat,1,preeclampsia,Tiền sản giật,disease,obstetric,,,,,,Tiền sản giật hoặc sản giật,or,true,medium,not_requested,matched,needs_review,Khớp alias/thuật ngữ bằng rule tất định; bắt buộc duyệt thủ công.,,
condition-mention:019a3148c15f00b4,Tiền sản giật hoặc sản giật,tien san giat hoac san giat,1,eclampsia,Sản giật,disease,obstetric,,,,,,Tiền sản giật hoặc sản giật,or,true,medium,not_requested,matched,needs_review,Khớp alias/thuật ngữ bằng rule tất định; bắt buộc duyệt thủ công.,,
condition-mention:5c56f3b69556e3fa,Tiền sản giật và sản giật sau sinh,tien san giat va san giat sau sinh,1,preeclampsia,Tiền sản giật,disease,obstetric,,,,,,Tiền sản giật và sản giật sau sinh,and,true,medium,not_requested,matched,needs_review,Khớp alias/thuật ngữ bằng rule tất định; bắt buộc duyệt thủ công.,,
condition-mention:5c56f3b69556e3fa,Tiền sản giật và sản giật sau sinh,tien san giat va san giat sau sinh,1,eclampsia,Sản giật,disease,obstetric,,,,,,Tiền sản giật và sản giật sau sinh,and,true,medium,not_requested,matched,needs_review,Khớp alias/thuật ngữ bằng rule tất định; bắt buộc duyệt thủ công.,,
condition-mention:bcb746ddccd71607,Tiền sử bản thân hoặc tiền sử gia đình mắc bệnh cơ di truyền,tien su ban than hoac tien su gia dinh mac benh co di truyen,1,muscle_disease,Bệnh cơ,disease,neuromuscular,,,,,,Tiền sử bản thân hoặc tiền sử gia đình mắc bệnh cơ di truyền,or,true,medium,not_requested,matched,needs_review,Khớp alias/thuật ngữ bằng rule tất định; bắt buộc duyệt thủ công.,,
condition-mention:c64e99ac4a5b9bb2,Tiền sử bệnh gan hoặc nghiện rượu,tien su benh gan hoac nghien ruou,1,liver_disease,Bệnh gan,disease,hepatic,,,,,,Tiền sử bệnh gan hoặc nghiện rượu,or,true,medium,not_requested,matched,needs_review,Khớp alias/thuật ngữ bằng rule tất định; bắt buộc duyệt thủ công.,,
condition-mention:b513c3479b182b1a,Tiền sử bệnh gan hoặc rối loạn chức năng gan từ trước; bệnh Parkinson; trầm cảm tâm thần; rối loạn chuyển hóa porphyrin; xơ vữa động mạch não,tien su benh gan hoac roi loan chuc nang gan tu truoc; benh parkinson; tram cam tam than; roi loan chuyen hoa porphyrin; xo vua dong mach nao,1,hepatic_impairment,Suy giảm chức năng gan,organ_impairment,hepatic,,,,,,Tiền sử bệnh gan hoặc rối loạn chức năng gan từ trước; bệnh Parkinson; trầm cảm tâm thần; rối loạn chuyển hóa porphyrin; xơ vữa động mạch não,or,true,medium,not_requested,matched,needs_review,Khớp alias/thuật ngữ bằng rule tất định; bắt buộc duyệt thủ công.,,
condition-mention:b513c3479b182b1a,Tiền sử bệnh gan hoặc rối loạn chức năng gan từ trước; bệnh Parkinson; trầm cảm tâm thần; rối loạn chuyển hóa porphyrin; xơ vữa động mạch não,tien su benh gan hoac roi loan chuc nang gan tu truoc; benh parkinson; tram cam tam than; roi loan chuyen hoa porphyrin; xo vua dong mach nao,1,atherosclerosis,Xơ vữa động mạch,disease,cardiovascular,,,,,,Tiền sử bệnh gan hoặc rối loạn chức năng gan từ trước; bệnh Parkinson; trầm cảm tâm thần; rối loạn chuyển hóa porphyrin; xơ vữa động mạch não,or,true,medium,not_requested,matched,needs_review,Khớp alias/thuật ngữ bằng rule tất định; bắt buộc duyệt thủ công.,,
condition-mention:b513c3479b182b1a,Tiền sử bệnh gan hoặc rối loạn chức năng gan từ trước; bệnh Parkinson; trầm cảm tâm thần; rối loạn chuyển hóa porphyrin; xơ vữa động mạch não,tien su benh gan hoac roi loan chuc nang gan tu truoc; benh parkinson; tram cam tam than; roi loan chuyen hoa porphyrin; xo vua dong mach nao,1,porphyria,Rối loạn chuyển hóa porphyrin,disease,metabolic,,,,,,Tiền sử bệnh gan hoặc rối loạn chức năng gan từ trước; bệnh Parkinson; trầm cảm tâm thần; rối loạn chuyển hóa porphyrin; xơ vữa động mạch não,or,true,medium,not_requested,matched,needs_review,Khớp alias/thuật ngữ bằng rule tất định; bắt buộc duyệt thủ công.,,
condition-mention:b513c3479b182b1a,Tiền sử bệnh gan hoặc rối loạn chức năng gan từ trước; bệnh Parkinson; trầm cảm tâm thần; rối loạn chuyển hóa porphyrin; xơ vữa động mạch não,tien su benh gan hoac roi loan chuc nang gan tu truoc; benh parkinson; tram cam tam than; roi loan chuyen hoa porphyrin; xo vua dong mach nao,1,parkinson_disease,Bệnh Parkinson,disease,neurologic,,,,,,Tiền sử bệnh gan hoặc rối loạn chức năng gan từ trước; bệnh Parkinson; trầm cảm tâm thần; rối loạn chuyển hóa porphyrin; xơ vữa động mạch não,or,true,medium,not_requested,matched,needs_review,Khớp alias/thuật ngữ bằng rule tất định; bắt buộc duyệt thủ công.,,
condition-mention:b513c3479b182b1a,Tiền sử bệnh gan hoặc rối loạn chức năng gan từ trước; bệnh Parkinson; trầm cảm tâm thần; rối loạn chuyển hóa porphyrin; xơ vữa động mạch não,tien su benh gan hoac roi loan chuc nang gan tu truoc; benh parkinson; tram cam tam than; roi loan chuyen hoa porphyrin; xo vua dong mach nao,1,depression,Trầm cảm,disease,psychiatric,,,,,,Tiền sử bệnh gan hoặc rối loạn chức năng gan từ trước; bệnh Parkinson; trầm cảm tâm thần; rối loạn chuyển hóa porphyrin; xơ vữa động mạch não,or,true,medium,not_requested,matched,needs_review,Khớp alias/thuật ngữ bằng rule tất định; bắt buộc duyệt thủ công.,,
condition-mention:728115aac30cf214,Tiền sử bệnh gan hoặc uống rượu nhiều,tien su benh gan hoac uong ruou nhieu,1,liver_disease,Bệnh gan,disease,hepatic,,,,,,Tiền sử bệnh gan hoặc uống rượu nhiều,or,true,medium,not_requested,matched,needs_review,Khớp alias/thuật ngữ bằng rule tất định; bắt buộc duyệt thủ công.,,
condition-mention:7d05769ae4db0700,Tiền sử bệnh gan và/hoặc uống nhiều rượu,tien su benh gan va hoac uong nhieu ruou,1,liver_disease,Bệnh gan,disease,hepatic,,,,,,Tiền sử bệnh gan và/hoặc uống nhiều rượu,unclear,true,medium,not_requested,matched,needs_review,Khớp alias/thuật ngữ bằng rule tất định; bắt buộc duyệt thủ công.,,
condition-mention:1c6f9850bb41ea17,"Tiền sử bệnh lý đường tiêu hoá, đặc biệt là viêm đại tràng","tien su benh ly duong tieu hoa, dac biet la viem dai trang",1,colitis,Viêm đại tràng,disease,gastrointestinal,,,,,,"Tiền sử bệnh lý đường tiêu hoá, đặc biệt là viêm đại tràng",unclear,true,medium,not_requested,matched,needs_review,Khớp alias/thuật ngữ bằng rule tất định; bắt buộc duyệt thủ công.,,
condition-mention:ad91d0ab8d32ef30,"Tiền sử bệnh lý đường tiêu hóa, đặc biệt viêm đại tràng","tien su benh ly duong tieu hoa, dac biet viem dai trang",1,colitis,Viêm đại tràng,disease,gastrointestinal,,,,,,"Tiền sử bệnh lý đường tiêu hóa, đặc biệt viêm đại tràng",unclear,true,medium,not_requested,matched,needs_review,Khớp alias/thuật ngữ bằng rule tất định; bắt buộc duyệt thủ công.,,
condition-mention:13ad1bd7962d2999,Tiền sử bệnh ở gân cơ do một fluoroquinolon,tien su benh o gan co do mot fluoroquinolon,1,tendon_disorder,Bệnh lý gân,disease,musculoskeletal,,,,,,Tiền sử bệnh ở gân cơ do một fluoroquinolon,single,false,medium,not_requested,matched,needs_review,Khớp alias/thuật ngữ bằng rule tất định; bắt buộc duyệt thủ công.,,
condition-mention:64731eab1ff8ea7a,Tiền sử bệnh tim,tien su benh tim,1,cardiovascular_disease,Bệnh tim mạch,disease,cardiovascular,,,,,,Tiền sử bệnh tim,single,false,medium,not_requested,matched,needs_review,Khớp alias/thuật ngữ bằng rule tất định; bắt buộc duyệt thủ công.,,
condition-mention:b9a776eb408ce0eb,Tiền sử bệnh vẩy nến,tien su benh vay nen,1,psoriasis,Vảy nến,disease,dermatologic,,,,,,Tiền sử bệnh vẩy nến,single,false,medium,not_requested,matched,needs_review,Khớp alias/thuật ngữ bằng rule tất định; bắt buộc duyệt thủ công.,,
condition-mention:7b8935c6fdbb1de5,Tiền sử bị bệnh cơ do sử dụng statin hoặc fibrat trước đó,tien su bi benh co do su dung statin hoac fibrat truoc do,1,muscle_disease,Bệnh cơ,disease,neuromuscular,,,,,,Tiền sử bị bệnh cơ do sử dụng statin hoặc fibrat trước đó,or,true,medium,not_requested,matched,needs_review,Khớp alias/thuật ngữ bằng rule tất định; bắt buộc duyệt thủ công.,,
condition-mention:b2000753234e4f18,Tiền sử bị co giật,tien su bi co giat,1,epilepsy,Động kinh/co giật,disease,neurologic,,,,,,Tiền sử bị co giật,single,false,medium,not_requested,matched,needs_review,Khớp alias/thuật ngữ bằng rule tất định; bắt buộc duyệt thủ công.,,
condition-mention:b1bf8343c2a107e0,Tiền sử chảy máu hoặc thủng đường tiêu hóa liên quan đến NSAIDs,tien su chay mau hoac thung duong tieu hoa lien quan den nsaids,1,active_bleeding,Đang xuất huyết,clinical_finding,hematologic,,,,,,Tiền sử chảy máu hoặc thủng đường tiêu hóa liên quan đến NSAIDs,or,true,medium,not_requested,matched,needs_review,Khớp alias/thuật ngữ bằng rule tất định; bắt buộc duyệt thủ công.,,
condition-mention:a02ce0e7f2bc64a6,Tiền sử co giật,tien su co giat,1,epilepsy,Động kinh/co giật,disease,neurologic,,,,,,Tiền sử co giật,single,false,medium,not_requested,matched,needs_review,Khớp alias/thuật ngữ bằng rule tất định; bắt buộc duyệt thủ công.,,
condition-mention:f9b1ef57dc7aa080,"Tiền sử co giật, động kinh","tien su co giat, dong kinh",1,epilepsy,Động kinh/co giật,disease,neurologic,,,,,,"Tiền sử co giật, động kinh",unclear,true,medium,not_requested,matched,needs_review,Khớp alias/thuật ngữ bằng rule tất định; bắt buộc duyệt thủ công.,,
condition-mention:c1ce6a8c4860dcdd,Tiền sử co thắt phế quản và hen phế quản,tien su co that phe quan va hen phe quan,1,asthma,Hen phế quản,disease,respiratory,,,,,,Tiền sử co thắt phế quản và hen phế quản,and,true,medium,not_requested,matched,needs_review,Khớp alias/thuật ngữ bằng rule tất định; bắt buộc duyệt thủ công.,,
condition-mention:c1ce6a8c4860dcdd,Tiền sử co thắt phế quản và hen phế quản,tien su co that phe quan va hen phe quan,1,bronchospasm,Co thắt phế quản,clinical_finding,respiratory,,,,,,Tiền sử co thắt phế quản và hen phế quản,and,true,medium,not_requested,matched,needs_review,Khớp alias/thuật ngữ bằng rule tất định; bắt buộc duyệt thủ công.,,
condition-mention:5b5da541d74bc57c,Tiền sử dị ứng penicillin hoặc các beta-lactam khác,tien su di ung penicillin hoac cac beta lactam khac,1,drug_allergy,Dị ứng thuốc,disease,immune,,,,,,Tiền sử dị ứng penicillin hoặc các beta-lactam khác,or,true,medium,not_requested,matched,needs_review,Khớp alias/thuật ngữ bằng rule tất định; bắt buộc duyệt thủ công.,,
condition-mention:63c3d2201435b303,Tiền sử đột quỵ (bao gồm cả cơn thiếu máu thoáng qua),tien su dot quy bao gom ca con thieu mau thoang qua,1,stroke,Đột quỵ/tai biến mạch máu não,disease,neurologic,,,,,,Tiền sử đột quỵ (bao gồm cả cơn thiếu máu thoáng qua),unclear,true,medium,not_requested,matched,needs_review,Khớp alias/thuật ngữ bằng rule tất định; bắt buộc duyệt thủ công.,,
condition-mention:63c3d2201435b303,Tiền sử đột quỵ (bao gồm cả cơn thiếu máu thoáng qua),tien su dot quy bao gom ca con thieu mau thoang qua,1,anemia,Thiếu máu,disease,hematologic,,,,,,Tiền sử đột quỵ (bao gồm cả cơn thiếu máu thoáng qua),unclear,true,medium,not_requested,matched,needs_review,Khớp alias/thuật ngữ bằng rule tất định; bắt buộc duyệt thủ công.,,
condition-mention:aa9b356ff3299c01,tiền sử đột quỵ do xuất huyết não (do vỡ các mạch máu não),tien su dot quy do xuat huyet nao do vo cac mach mau nao,1,stroke,Đột quỵ/tai biến mạch máu não,disease,neurologic,,,,,,tiền sử đột quỵ do xuất huyết não (do vỡ các mạch máu não),unclear,true,medium,not_requested,matched,needs_review,Khớp alias/thuật ngữ bằng rule tất định; bắt buộc duyệt thủ công.,,
condition-mention:aa9b356ff3299c01,tiền sử đột quỵ do xuất huyết não (do vỡ các mạch máu não),tien su dot quy do xuat huyet nao do vo cac mach mau nao,1,intracranial_hemorrhage,Xuất huyết nội sọ,disease,neurologic,,,,,,tiền sử đột quỵ do xuất huyết não (do vỡ các mạch máu não),unclear,true,medium,not_requested,matched,needs_review,Khớp alias/thuật ngữ bằng rule tất định; bắt buộc duyệt thủ công.,,
condition-mention:bed8837295b5a0db,Tiền sử giảm bạch cầu hạt,tien su giam bach cau hat,1,agranulocytosis,Giảm bạch cầu hạt,clinical_finding,hematologic,,,,,,Tiền sử giảm bạch cầu hạt,single,false,medium,not_requested,matched,needs_review,Khớp alias/thuật ngữ bằng rule tất định; bắt buộc duyệt thủ công.,,
condition-mention:44635fb452e03083,Tiền sử hạ huyết áp tư thế,tien su ha huyet ap tu the,1,hypotension,Hạ huyết áp,clinical_finding,cardiovascular,,,,,,Tiền sử hạ huyết áp tư thế,single,false,medium,not_requested,matched,needs_review,Khớp alias/thuật ngữ bằng rule tất định; bắt buộc duyệt thủ công.,,
condition-mention:e8509db50d86fdc3,Tiền sử hen,tien su hen,1,asthma,Hen phế quản,disease,respiratory,,,,,,Tiền sử hen,single,false,medium,not_requested,matched,needs_review,Khớp alias/thuật ngữ bằng rule tất định; bắt buộc duyệt thủ công.,,
condition-mention:0f3d8879e2ef8d86,"Tiền sử hen gây ra bởi ketoprofen, acid acetylsalicylic hoặc các thuốc kháng viêm không steroid khác (NSAID)","tien su hen gay ra boi ketoprofen, acid acetylsalicylic hoac cac thuoc khang viem khong steroid khac nsaid",1,asthma,Hen phế quản,disease,respiratory,,,,,,"Tiền sử hen gây ra bởi ketoprofen, acid acetylsalicylic hoặc các thuốc kháng viêm không steroid khác (NSAID)",or,true,medium,not_requested,matched,needs_review,Khớp alias/thuật ngữ bằng rule tất định; bắt buộc duyệt thủ công.,,
condition-mention:146f5ea1633cf412,Tiền sử loét dạ dày hoặc đang có vết loét đường tiêu hóa,tien su loet da day hoac dang co vet loet duong tieu hoa,1,peptic_ulcer,Loét dạ dày–tá tràng,disease,gastrointestinal,,,,,,Tiền sử loét dạ dày hoặc đang có vết loét đường tiêu hóa,or,true,medium,not_requested,matched,needs_review,Khớp alias/thuật ngữ bằng rule tất định; bắt buộc duyệt thủ công.,,
condition-mention:ae2df1563ed6c90d,Tiền sử mắc bệnh đường tiêu hóa (đặc biệt là viêm đại tràng),tien su mac benh duong tieu hoa dac biet la viem dai trang,1,colitis,Viêm đại tràng,disease,gastrointestinal,,,,,,Tiền sử mắc bệnh đường tiêu hóa (đặc biệt là viêm đại tràng),single,false,medium,not_requested,matched,needs_review,Khớp alias/thuật ngữ bằng rule tất định; bắt buộc duyệt thủ công.,,
condition-mention:0c3294690911b801,Tiền sử mắc bệnh huyết khối,tien su mac benh huyet khoi,1,thrombosis,Huyết khối,disease,hematologic,,,,,,Tiền sử mắc bệnh huyết khối,single,false,medium,not_requested,matched,needs_review,Khớp alias/thuật ngữ bằng rule tất định; bắt buộc duyệt thủ công.,,
condition-mention:185c4909b42d00ae,Tiền sử nhồi máu cơ tim,tien su nhoi mau co tim,1,myocardial_infarction,Nhồi máu cơ tim,disease,cardiovascular,,,,,,Tiền sử nhồi máu cơ tim,single,false,medium,not_requested,matched,needs_review,Khớp alias/thuật ngữ bằng rule tất định; bắt buộc duyệt thủ công.,,
condition-mention:d944dc12cd91bfbc,"Tiền sử nhồi máu cơ tim, những người có nút nhĩ còn lại, hoặc loạn nhịp thất","tien su nhoi mau co tim, nhung nguoi co nut nhi con lai, hoac loan nhip that",1,myocardial_infarction,Nhồi máu cơ tim,disease,cardiovascular,,,,,,"Tiền sử nhồi máu cơ tim, những người có nút nhĩ còn lại, hoặc loạn nhịp thất",or,true,medium,not_requested,matched,needs_review,Khớp alias/thuật ngữ bằng rule tất định; bắt buộc duyệt thủ công.,,
condition-mention:d944dc12cd91bfbc,"Tiền sử nhồi máu cơ tim, những người có nút nhĩ còn lại, hoặc loạn nhịp thất","tien su nhoi mau co tim, nhung nguoi co nut nhi con lai, hoac loan nhip that",1,arrhythmia,Rối loạn nhịp tim,disease,cardiovascular,,,,,,"Tiền sử nhồi máu cơ tim, những người có nút nhĩ còn lại, hoặc loạn nhịp thất",or,true,medium,not_requested,matched,needs_review,Khớp alias/thuật ngữ bằng rule tất định; bắt buộc duyệt thủ công.,,
condition-mention:1b224c6698783a0b,"Tiền sử nhồi máu cơ tim, nút nhĩ còn lại, hoặc loạn nhịp thất","tien su nhoi mau co tim, nut nhi con lai, hoac loan nhip that",1,myocardial_infarction,Nhồi máu cơ tim,disease,cardiovascular,,,,,,"Tiền sử nhồi máu cơ tim, nút nhĩ còn lại, hoặc loạn nhịp thất",or,true,medium,not_requested,matched,needs_review,Khớp alias/thuật ngữ bằng rule tất định; bắt buộc duyệt thủ công.,,
condition-mention:1b224c6698783a0b,"Tiền sử nhồi máu cơ tim, nút nhĩ còn lại, hoặc loạn nhịp thất","tien su nhoi mau co tim, nut nhi con lai, hoac loan nhip that",1,arrhythmia,Rối loạn nhịp tim,disease,cardiovascular,,,,,,"Tiền sử nhồi máu cơ tim, nút nhĩ còn lại, hoặc loạn nhịp thất",or,true,medium,not_requested,matched,needs_review,Khớp alias/thuật ngữ bằng rule tất định; bắt buộc duyệt thủ công.,,
condition-mention:fb3dc7cd2ef78c4a,Tiền sử phản ứng phụ nghiêm trọng với thuốc đối kháng calci,tien su phan ung phu nghiem trong voi thuoc doi khang calci,1,edema,Phù,clinical_finding,systemic,severe,,,,,Tiền sử phản ứng phụ nghiêm trọng với thuốc đối kháng calci,single,false,medium,not_requested,matched,needs_review,Khớp alias/thuật ngữ bằng rule tất định; bắt buộc duyệt thủ công.,,
condition-mention:8195a6917a5df654,Tiền sử phù mạch,tien su phu mach,1,angioedema,Phù mạch,disease,immune,,,,,,Tiền sử phù mạch,unclear,true,medium,not_requested,matched,needs_review,Khớp alias/thuật ngữ bằng rule tất định; bắt buộc duyệt thủ công.,,
condition-mention:8195a6917a5df654,Tiền sử phù mạch,tien su phu mach,1,edema,Phù,clinical_finding,systemic,,,,,,Tiền sử phù mạch,unclear,true,medium,not_requested,matched,needs_review,Khớp alias/thuật ngữ bằng rule tất định; bắt buộc duyệt thủ công.,,
condition-mention:b0dd9db34e84c0df,Tiền sử phù mạch liên quan đến điều trị bằng các thuốc ức chế ACE trước đó / Phù mạch di truyền hoặc vô căn,tien su phu mach lien quan den dieu tri bang cac thuoc uc che ace truoc do phu mach di truyen hoac vo can,1,angioedema,Phù mạch,disease,immune,,,,,,Tiền sử phù mạch liên quan đến điều trị bằng các thuốc ức chế ACE trước đó / Phù mạch di truyền hoặc vô căn,or,true,medium,not_requested,matched,needs_review,Khớp alias/thuật ngữ bằng rule tất định; bắt buộc duyệt thủ công.,,
condition-mention:b0dd9db34e84c0df,Tiền sử phù mạch liên quan đến điều trị bằng các thuốc ức chế ACE trước đó / Phù mạch di truyền hoặc vô căn,tien su phu mach lien quan den dieu tri bang cac thuoc uc che ace truoc do phu mach di truyen hoac vo can,1,edema,Phù,clinical_finding,systemic,,,,,,Tiền sử phù mạch liên quan đến điều trị bằng các thuốc ức chế ACE trước đó / Phù mạch di truyền hoặc vô căn,or,true,medium,not_requested,matched,needs_review,Khớp alias/thuật ngữ bằng rule tất định; bắt buộc duyệt thủ công.,,
condition-mention:d455caccc0881b9e,Tiền sử rối loạn chức năng gan hoặc suy gan,tien su roi loan chuc nang gan hoac suy gan,1,hepatic_impairment,Suy giảm chức năng gan,organ_impairment,hepatic,,,,,,Tiền sử rối loạn chức năng gan hoặc suy gan,or,true,medium,not_requested,matched,needs_review,Khớp alias/thuật ngữ bằng rule tất định; bắt buộc duyệt thủ công.,,
condition-mention:8b8c7b8b59718e9d,tiền sử rối loạn tạng máu,tien su roi loan tang mau,1,blood_disorder,Bệnh lý về máu,disease,hematologic,,,,,,tiền sử rối loạn tạng máu,single,false,medium,not_requested,matched,needs_review,Khớp alias/thuật ngữ bằng rule tất định; bắt buộc duyệt thủ công.,,
condition-mention:92597145b70910c3,Tiền sử táo bón nặng,tien su tao bon nang,1,constipation,Táo bón,clinical_finding,gastrointestinal,severe,,,,,Tiền sử táo bón nặng,single,false,medium,not_requested,matched,needs_review,Khớp alias/thuật ngữ bằng rule tất định; bắt buộc duyệt thủ công.,,
condition-mention:5fa2b0ccab419a4f,"Tiền sử u melanin ác tính, không chẩn đoán hoặc bệnh của u melanin","tien su u melanin ac tinh, khong chan doan hoac benh cua u melanin",1,melanoma,Ung thư hắc tố,disease,oncologic,,,,,,"Tiền sử u melanin ác tính, không chẩn đoán hoặc bệnh của u melanin",or,true,medium,not_requested,matched,needs_review,Khớp alias/thuật ngữ bằng rule tất định; bắt buộc duyệt thủ công.,,
condition-mention:0d8694c60a4e0948,Tiền sử vàng da/rối loạn chức năng gan do dùng amoxicilin và kali clavulanat,tien su vang da roi loan chuc nang gan do dung amoxicilin va kali clavulanat,1,hepatic_impairment,Suy giảm chức năng gan,organ_impairment,hepatic,,,,,,Tiền sử vàng da/rối loạn chức năng gan do dùng amoxicilin và kali clavulanat,and,true,medium,not_requested,matched,needs_review,Khớp alias/thuật ngữ bằng rule tất định; bắt buộc duyệt thủ công.,,
condition-mention:4786467fef4ca5f3,Tiền sử viêm tụy,tien su viem tuy,1,pancreatitis,Viêm tụy,disease,gastrointestinal,,,,,,Tiền sử viêm tụy,single,false,medium,not_requested,matched,needs_review,Khớp alias/thuật ngữ bằng rule tất định; bắt buộc duyệt thủ công.,,
condition-mention:a7e3063c152c075a,Tiền sử xuất huyết nội sọ,tien su xuat huyet noi so,1,intracranial_hemorrhage,Xuất huyết nội sọ,disease,neurologic,,,,,,Tiền sử xuất huyết nội sọ,single,false,medium,not_requested,matched,needs_review,Khớp alias/thuật ngữ bằng rule tất định; bắt buộc duyệt thủ công.,,
condition-mention:d06b7ccef8314c67,Tiền sử xuất huyết tiêu hóa hoặc thủng đường tiêu hóa liên quan đến NSAID,tien su xuat huyet tieu hoa hoac thung duong tieu hoa lien quan den nsaid,1,gastrointestinal_bleeding,Xuất huyết tiêu hóa,clinical_finding,gastrointestinal,,,,,,Tiền sử xuất huyết tiêu hóa hoặc thủng đường tiêu hóa liên quan đến NSAID,or,true,medium,not_requested,matched,needs_review,Khớp alias/thuật ngữ bằng rule tất định; bắt buộc duyệt thủ công.,,
condition-mention:3750e0dbadc03fd5,Tiêu chảy,tieu chay,1,diarrhea,Tiêu chảy,clinical_finding,gastrointestinal,,,,,,Tiêu chảy,single,false,medium,not_requested,matched,needs_review,Khớp alias/thuật ngữ bằng rule tất định; bắt buộc duyệt thủ công.,,
condition-mention:a0c3ed0d033ffc19,Tiểu đường hoặc suy thận,tieu duong hoac suy than,1,renal_impairment,Suy giảm chức năng thận,organ_impairment,renal,,,,,,Tiểu đường hoặc suy thận,or,true,medium,not_requested,matched,needs_review,Khớp alias/thuật ngữ bằng rule tất định; bắt buộc duyệt thủ công.,,
condition-mention:a0c3ed0d033ffc19,Tiểu đường hoặc suy thận,tieu duong hoac suy than,1,diabetes_mellitus,Đái tháo đường,disease,endocrine,,,,,,Tiểu đường hoặc suy thận,or,true,medium,not_requested,matched,needs_review,Khớp alias/thuật ngữ bằng rule tất định; bắt buộc duyệt thủ công.,,
condition-mention:100c3c6b8cba13c2,Tiểu đường hôn mê và tiền hôn mê,tieu duong hon me va tien hon me,1,diabetes_mellitus,Đái tháo đường,disease,endocrine,,,,,,Tiểu đường hôn mê và tiền hôn mê,and,true,medium,not_requested,matched,needs_review,Khớp alias/thuật ngữ bằng rule tất định; bắt buộc duyệt thủ công.,,
condition-mention:100c3c6b8cba13c2,Tiểu đường hôn mê và tiền hôn mê,tieu duong hon me va tien hon me,1,coma,Hôn mê,clinical_finding,neurologic,,,,,,Tiểu đường hôn mê và tiền hôn mê,and,true,medium,not_requested,matched,needs_review,Khớp alias/thuật ngữ bằng rule tất định; bắt buộc duyệt thủ công.,,
condition-mention:057706f972ba2bc4,"Tiểu đường không được kiểm soát đầy đủ, mới bị nhồi máu cơ tim, rối loạn tim mạch thực thể trầm trọng, cường giáp, u tủy thượng thận, glôcôm góc hẹp, phì đại tiền liệt tuyến, u cổ bàng quang","tieu duong khong duoc kiem soat day du, moi bi nhoi mau co tim, roi loan tim mach thuc the tram trong, cuong giap, u tuy thuong than, glocom goc hep, phi dai tien liet tuyen, u co bang quang",1,benign_prostatic_hyperplasia,Phì đại lành tính tuyến tiền liệt,disease,urologic,,,,,,"Tiểu đường không được kiểm soát đầy đủ, mới bị nhồi máu cơ tim, rối loạn tim mạch thực thể trầm trọng, cường giáp, u tủy thượng thận, glôcôm góc hẹp, phì đại tiền liệt tuyến, u cổ bàng quang",unclear,true,medium,not_requested,matched,needs_review,Khớp alias/thuật ngữ bằng rule tất định; bắt buộc duyệt thủ công.,,
condition-mention:057706f972ba2bc4,"Tiểu đường không được kiểm soát đầy đủ, mới bị nhồi máu cơ tim, rối loạn tim mạch thực thể trầm trọng, cường giáp, u tủy thượng thận, glôcôm góc hẹp, phì đại tiền liệt tuyến, u cổ bàng quang","tieu duong khong duoc kiem soat day du, moi bi nhoi mau co tim, roi loan tim mach thuc the tram trong, cuong giap, u tuy thuong than, glocom goc hep, phi dai tien liet tuyen, u co bang quang",1,myocardial_infarction,Nhồi máu cơ tim,disease,cardiovascular,,,,,,"Tiểu đường không được kiểm soát đầy đủ, mới bị nhồi máu cơ tim, rối loạn tim mạch thực thể trầm trọng, cường giáp, u tủy thượng thận, glôcôm góc hẹp, phì đại tiền liệt tuyến, u cổ bàng quang",unclear,true,medium,not_requested,matched,needs_review,Khớp alias/thuật ngữ bằng rule tất định; bắt buộc duyệt thủ công.,,
condition-mention:057706f972ba2bc4,"Tiểu đường không được kiểm soát đầy đủ, mới bị nhồi máu cơ tim, rối loạn tim mạch thực thể trầm trọng, cường giáp, u tủy thượng thận, glôcôm góc hẹp, phì đại tiền liệt tuyến, u cổ bàng quang","tieu duong khong duoc kiem soat day du, moi bi nhoi mau co tim, roi loan tim mach thuc the tram trong, cuong giap, u tuy thuong than, glocom goc hep, phi dai tien liet tuyen, u co bang quang",1,diabetes_mellitus,Đái tháo đường,disease,endocrine,,,,,,"Tiểu đường không được kiểm soát đầy đủ, mới bị nhồi máu cơ tim, rối loạn tim mạch thực thể trầm trọng, cường giáp, u tủy thượng thận, glôcôm góc hẹp, phì đại tiền liệt tuyến, u cổ bàng quang",unclear,true,medium,not_requested,matched,needs_review,Khớp alias/thuật ngữ bằng rule tất định; bắt buộc duyệt thủ công.,,
condition-mention:057706f972ba2bc4,"Tiểu đường không được kiểm soát đầy đủ, mới bị nhồi máu cơ tim, rối loạn tim mạch thực thể trầm trọng, cường giáp, u tủy thượng thận, glôcôm góc hẹp, phì đại tiền liệt tuyến, u cổ bàng quang","tieu duong khong duoc kiem soat day du, moi bi nhoi mau co tim, roi loan tim mach thuc the tram trong, cuong giap, u tuy thuong than, glocom goc hep, phi dai tien liet tuyen, u co bang quang",1,hyperthyroidism,Cường giáp,disease,endocrine,,,,,,"Tiểu đường không được kiểm soát đầy đủ, mới bị nhồi máu cơ tim, rối loạn tim mạch thực thể trầm trọng, cường giáp, u tủy thượng thận, glôcôm góc hẹp, phì đại tiền liệt tuyến, u cổ bàng quang",unclear,true,medium,not_requested,matched,needs_review,Khớp alias/thuật ngữ bằng rule tất định; bắt buộc duyệt thủ công.,,
condition-mention:057706f972ba2bc4,"Tiểu đường không được kiểm soát đầy đủ, mới bị nhồi máu cơ tim, rối loạn tim mạch thực thể trầm trọng, cường giáp, u tủy thượng thận, glôcôm góc hẹp, phì đại tiền liệt tuyến, u cổ bàng quang","tieu duong khong duoc kiem soat day du, moi bi nhoi mau co tim, roi loan tim mach thuc the tram trong, cuong giap, u tuy thuong than, glocom goc hep, phi dai tien liet tuyen, u co bang quang",1,pheochromocytoma,U tủy thượng thận,disease,endocrine,,,,,,"Tiểu đường không được kiểm soát đầy đủ, mới bị nhồi máu cơ tim, rối loạn tim mạch thực thể trầm trọng, cường giáp, u tủy thượng thận, glôcôm góc hẹp, phì đại tiền liệt tuyến, u cổ bàng quang",unclear,true,medium,not_requested,matched,needs_review,Khớp alias/thuật ngữ bằng rule tất định; bắt buộc duyệt thủ công.,,
condition-mention:057706f972ba2bc4,"Tiểu đường không được kiểm soát đầy đủ, mới bị nhồi máu cơ tim, rối loạn tim mạch thực thể trầm trọng, cường giáp, u tủy thượng thận, glôcôm góc hẹp, phì đại tiền liệt tuyến, u cổ bàng quang","tieu duong khong duoc kiem soat day du, moi bi nhoi mau co tim, roi loan tim mach thuc the tram trong, cuong giap, u tuy thuong than, glocom goc hep, phi dai tien liet tuyen, u co bang quang",1,angle_closure_glaucoma,Glôcôm góc đóng/góc hẹp,disease,ophthalmic,,,,,,"Tiểu đường không được kiểm soát đầy đủ, mới bị nhồi máu cơ tim, rối loạn tim mạch thực thể trầm trọng, cường giáp, u tủy thượng thận, glôcôm góc hẹp, phì đại tiền liệt tuyến, u cổ bàng quang",unclear,true,medium,not_requested,matched,needs_review,Khớp alias/thuật ngữ bằng rule tất định; bắt buộc duyệt thủ công.,,
condition-mention:057706f972ba2bc4,"Tiểu đường không được kiểm soát đầy đủ, mới bị nhồi máu cơ tim, rối loạn tim mạch thực thể trầm trọng, cường giáp, u tủy thượng thận, glôcôm góc hẹp, phì đại tiền liệt tuyến, u cổ bàng quang","tieu duong khong duoc kiem soat day du, moi bi nhoi mau co tim, roi loan tim mach thuc the tram trong, cuong giap, u tuy thuong than, glocom goc hep, phi dai tien liet tuyen, u co bang quang",1,multiple_myeloma,Đa u tủy,disease,oncologic,,,,,,"Tiểu đường không được kiểm soát đầy đủ, mới bị nhồi máu cơ tim, rối loạn tim mạch thực thể trầm trọng, cường giáp, u tủy thượng thận, glôcôm góc hẹp, phì đại tiền liệt tuyến, u cổ bàng quang",unclear,true,medium,not_requested,matched,needs_review,Khớp alias/thuật ngữ bằng rule tất định; bắt buộc duyệt thủ công.,,
condition-mention:63caa4b24ac48cc0,Tiểu đường không lệ thuộc insulin biến chứng nhiễm ceton và acid nặng,tieu duong khong le thuoc insulin bien chung nhiem ceton va acid nang,1,type_2_diabetes,Đái tháo đường típ 2,disease,endocrine,severe,,,,,Tiểu đường không lệ thuộc insulin biến chứng nhiễm ceton và acid nặng,and,true,medium,not_requested,matched,needs_review,Khớp alias/thuật ngữ bằng rule tất định; bắt buộc duyệt thủ công.,,
condition-mention:2e0755f28dc39689,Tim đập nhanh,tim dap nhanh,1,tachycardia,Nhịp tim nhanh,clinical_finding,cardiovascular,,,,,,Tim đập nhanh,single,false,medium,not_requested,matched,needs_review,Khớp alias/thuật ngữ bằng rule tất định; bắt buộc duyệt thủ công.,,
condition-mention:682c5a495da8969a,"Tình trạng động kinh hoặc động kinh cơn lớn, hoặc người động kinh với tần xuất động kinh tăng lên","tinh trang dong kinh hoac dong kinh con lon, hoac nguoi dong kinh voi tan xuat dong kinh tang len",1,epilepsy,Động kinh/co giật,disease,neurologic,,,,,,"Tình trạng động kinh hoặc động kinh cơn lớn, hoặc người động kinh với tần xuất động kinh tăng lên",or,true,medium,not_requested,matched,needs_review,Khớp alias/thuật ngữ bằng rule tất định; bắt buộc duyệt thủ công.,,
condition-mention:58e08370d77f1f6e,"Tình trạng liên quan tới tăng calci máu (cường cận giáp, đa u tủy xương, bệnh u hạt (sarcoidosis) hoặc ung thư biểu mô di căn)","tinh trang lien quan toi tang calci mau cuong can giap, da u tuy xuong, benh u hat sarcoidosis hoac ung thu bieu mo di can",1,hyperparathyroidism,Cường cận giáp,disease,endocrine,,,,,,"Tình trạng liên quan tới tăng calci máu (cường cận giáp, đa u tủy xương, bệnh u hạt (sarcoidosis) hoặc ung thư biểu mô di căn)",or,true,medium,not_requested,matched,needs_review,Khớp alias/thuật ngữ bằng rule tất định; bắt buộc duyệt thủ công.,,
condition-mention:58e08370d77f1f6e,"Tình trạng liên quan tới tăng calci máu (cường cận giáp, đa u tủy xương, bệnh u hạt (sarcoidosis) hoặc ung thư biểu mô di căn)","tinh trang lien quan toi tang calci mau cuong can giap, da u tuy xuong, benh u hat sarcoidosis hoac ung thu bieu mo di can",1,hypercalcemia,Tăng calci máu,clinical_finding,electrolyte,,,,,,"Tình trạng liên quan tới tăng calci máu (cường cận giáp, đa u tủy xương, bệnh u hạt (sarcoidosis) hoặc ung thư biểu mô di căn)",or,true,medium,not_requested,matched,needs_review,Khớp alias/thuật ngữ bằng rule tất định; bắt buộc duyệt thủ công.,,
condition-mention:58e08370d77f1f6e,"Tình trạng liên quan tới tăng calci máu (cường cận giáp, đa u tủy xương, bệnh u hạt (sarcoidosis) hoặc ung thư biểu mô di căn)","tinh trang lien quan toi tang calci mau cuong can giap, da u tuy xuong, benh u hat sarcoidosis hoac ung thu bieu mo di can",1,sarcoidosis,Bệnh sarcoidosis,disease,immune,,,,,,"Tình trạng liên quan tới tăng calci máu (cường cận giáp, đa u tủy xương, bệnh u hạt (sarcoidosis) hoặc ung thư biểu mô di căn)",or,true,medium,not_requested,matched,needs_review,Khớp alias/thuật ngữ bằng rule tất định; bắt buộc duyệt thủ công.,,
condition-mention:58e08370d77f1f6e,"Tình trạng liên quan tới tăng calci máu (cường cận giáp, đa u tủy xương, bệnh u hạt (sarcoidosis) hoặc ung thư biểu mô di căn)","tinh trang lien quan toi tang calci mau cuong can giap, da u tuy xuong, benh u hat sarcoidosis hoac ung thu bieu mo di can",1,multiple_myeloma,Đa u tủy,disease,oncologic,,,,,,"Tình trạng liên quan tới tăng calci máu (cường cận giáp, đa u tủy xương, bệnh u hạt (sarcoidosis) hoặc ung thư biểu mô di căn)",or,true,medium,not_requested,matched,needs_review,Khớp alias/thuật ngữ bằng rule tất định; bắt buộc duyệt thủ công.,,
condition-mention:649bfa4853b5b4cd,Tình trạng ống mật tắc nghẽn cơ học,tinh trang ong mat tac nghen co hoc,1,biliary_obstruction,Tắc nghẽn đường mật,disease,hepatic,,,,,,Tình trạng ống mật tắc nghẽn cơ học,single,false,medium,not_requested,matched,needs_review,Khớp alias/thuật ngữ bằng rule tất định; bắt buộc duyệt thủ công.,,
condition-mention:eeb7c14c03f10467,"Tình trạng tan máu, phù toàn thân có nguồn gốc tim, thận và rối loạn nhịp tim","tinh trang tan mau, phu toan than co nguon goc tim, than va roi loan nhip tim",1,arrhythmia,Rối loạn nhịp tim,disease,cardiovascular,,,,,,"Tình trạng tan máu, phù toàn thân có nguồn gốc tim, thận và rối loạn nhịp tim",and,true,medium,not_requested,matched,needs_review,Khớp alias/thuật ngữ bằng rule tất định; bắt buộc duyệt thủ công.,,
condition-mention:eeb7c14c03f10467,"Tình trạng tan máu, phù toàn thân có nguồn gốc tim, thận và rối loạn nhịp tim","tinh trang tan mau, phu toan than co nguon goc tim, than va roi loan nhip tim",1,edema,Phù,clinical_finding,systemic,,,,,,"Tình trạng tan máu, phù toàn thân có nguồn gốc tim, thận và rối loạn nhịp tim",and,true,medium,not_requested,matched,needs_review,Khớp alias/thuật ngữ bằng rule tất định; bắt buộc duyệt thủ công.,,
condition-mention:5715c28e1967e053,To đại tràng do suy giảm trương lực,to dai trang do suy giam truong luc,1,megacolon,Phình đại tràng,disease,gastrointestinal,,,,,,To đại tràng do suy giảm trương lực,single,false,medium,not_requested,matched,needs_review,Khớp alias/thuật ngữ bằng rule tất định; bắt buộc duyệt thủ công.,,
condition-mention:c3576b803a623667,Toan chuyển hóa cấp tính hoặc mãn tính,toan chuyen hoa cap tinh hoac man tinh,1,metabolic_acidosis,Nhiễm toan chuyển hóa,clinical_finding,metabolic,,acute,,,,Toan chuyển hóa cấp tính hoặc mãn tính,or,true,medium,not_requested,matched,needs_review,Khớp alias/thuật ngữ bằng rule tất định; bắt buộc duyệt thủ công.,,
condition-mention:5ee7016829c9bae5,Toan huyết nặng,toan huyet nang,1,metabolic_acidosis,Nhiễm toan chuyển hóa,clinical_finding,metabolic,severe,,,,,Toan huyết nặng,single,false,medium,not_requested,matched,needs_review,Khớp alias/thuật ngữ bằng rule tất định; bắt buộc duyệt thủ công.,,
condition-mention:108b57b1714c5312,Tổn thương chức năng gan / Suy gan nặng,ton thuong chuc nang gan suy gan nang,1,hepatic_impairment,Suy giảm chức năng gan,organ_impairment,hepatic,severe,,,,,Tổn thương chức năng gan / Suy gan nặng,unclear,true,medium,not_requested,matched,needs_review,Khớp alias/thuật ngữ bằng rule tất định; bắt buộc duyệt thủ công.,,
condition-mention:9b6ab37e9d982676,Tổn thương chức năng thận / Suy thận nặng,ton thuong chuc nang than suy than nang,1,renal_impairment,Suy giảm chức năng thận,organ_impairment,renal,severe,,,,,Tổn thương chức năng thận / Suy thận nặng,unclear,true,medium,not_requested,matched,needs_review,Khớp alias/thuật ngữ bằng rule tất định; bắt buộc duyệt thủ công.,,
condition-mention:55f3f634824742ee,Tổn thương da nghi ngờ không được chẩn đoán hoặc có tiền sử ung thư sắc tố,ton thuong da nghi ngo khong duoc chan doan hoac co tien su ung thu sac to,1,melanoma,Ung thư hắc tố,disease,oncologic,,,,,,Tổn thương da nghi ngờ không được chẩn đoán hoặc có tiền sử ung thư sắc tố,or,true,medium,not_requested,matched,needs_review,Khớp alias/thuật ngữ bằng rule tất định; bắt buộc duyệt thủ công.,,
condition-mention:6e8afeca31c3a82d,tổn thương gan nặng hoặc bệnh não gan,ton thuong gan nang hoac benh nao gan,1,hepatic_encephalopathy,Bệnh não gan,disease,hepatic,,,,,,tổn thương gan nặng hoặc bệnh não gan,or,true,medium,not_requested,matched,needs_review,Khớp alias/thuật ngữ bằng rule tất định; bắt buộc duyệt thủ công.,,
condition-mention:6e8afeca31c3a82d,tổn thương gan nặng hoặc bệnh não gan,ton thuong gan nang hoac benh nao gan,1,hepatic_impairment,Suy giảm chức năng gan,organ_impairment,hepatic,,,,,,tổn thương gan nặng hoặc bệnh não gan,or,true,medium,not_requested,matched,needs_review,Khớp alias/thuật ngữ bằng rule tất định; bắt buộc duyệt thủ công.,,
condition-mention:6f90fd99b7fce4a8,"Tổn thương não, động kinh","ton thuong nao, dong kinh",1,epilepsy,Động kinh/co giật,disease,neurologic,,,,,,"Tổn thương não, động kinh",unclear,true,medium,not_requested,matched,needs_review,Khớp alias/thuật ngữ bằng rule tất định; bắt buộc duyệt thủ công.,,
condition-mention:64d0b2bdd771ec9d,Tổn thương nhu mô gan,ton thuong nhu mo gan,1,hepatic_impairment,Suy giảm chức năng gan,organ_impairment,hepatic,,,,,,Tổn thương nhu mô gan,single,false,medium,not_requested,matched,needs_review,Khớp alias/thuật ngữ bằng rule tất định; bắt buộc duyệt thủ công.,,
condition-mention:40fc78513f7d7b2d,"Tổn thương ở da do virus (như herpes hay varicella), nấm hay nhiễm trùng ngoài da do vi khuẩn, nhiễm ký sinh trùng, biểu hiện ngoài da của bệnh lao, viêm da quanh miệng, teo da, chứng dãn tĩnh mạch da, bệnh vảy cá, trứng cá, trứng cá đỏ, các vết loét và vết thương","ton thuong o da do virus nhu herpes hay varicella , nam hay nhiem trung ngoai da do vi khuan, nhiem ky sinh trung, bieu hien ngoai da cua benh lao, viem da quanh mieng, teo da, chung dan tinh mach da, benh vay ca, trung ca, trung ca do, cac vet loet va vet thuong",1,tuberculosis,Bệnh lao,disease,infectious,,,,,,"Tổn thương ở da do virus (như herpes hay varicella), nấm hay nhiễm trùng ngoài da do vi khuẩn, nhiễm ký sinh trùng, biểu hiện ngoài da của bệnh lao, viêm da quanh miệng, teo da, chứng dãn tĩnh mạch da, bệnh vảy cá, trứng cá, trứng cá đỏ, các vết loét và vết thương",and,true,medium,not_requested,matched,needs_review,Khớp alias/thuật ngữ bằng rule tất định; bắt buộc duyệt thủ công.,,
condition-mention:40fc78513f7d7b2d,"Tổn thương ở da do virus (như herpes hay varicella), nấm hay nhiễm trùng ngoài da do vi khuẩn, nhiễm ký sinh trùng, biểu hiện ngoài da của bệnh lao, viêm da quanh miệng, teo da, chứng dãn tĩnh mạch da, bệnh vảy cá, trứng cá, trứng cá đỏ, các vết loét và vết thương","ton thuong o da do virus nhu herpes hay varicella , nam hay nhiem trung ngoai da do vi khuan, nhiem ky sinh trung, bieu hien ngoai da cua benh lao, viem da quanh mieng, teo da, chung dan tinh mach da, benh vay ca, trung ca, trung ca do, cac vet loet va vet thuong",1,acne_rosacea,Trứng cá đỏ,disease,dermatologic,,,,,,"Tổn thương ở da do virus (như herpes hay varicella), nấm hay nhiễm trùng ngoài da do vi khuẩn, nhiễm ký sinh trùng, biểu hiện ngoài da của bệnh lao, viêm da quanh miệng, teo da, chứng dãn tĩnh mạch da, bệnh vảy cá, trứng cá, trứng cá đỏ, các vết loét và vết thương",and,true,medium,not_requested,matched,needs_review,Khớp alias/thuật ngữ bằng rule tất định; bắt buộc duyệt thủ công.,,
condition-mention:ad7963463ac03d38,Tổn thương thận,ton thuong than,1,renal_impairment,Suy giảm chức năng thận,organ_impairment,renal,,,,,,Tổn thương thận,single,false,medium,not_requested,matched,needs_review,Khớp alias/thuật ngữ bằng rule tất định; bắt buộc duyệt thủ công.,,
condition-mention:3ab8c7d81d1a20c9,Tổn thương thận / Clcr < 20 ml/phút,ton thuong than clcr < phut,1,renal_impairment,Suy giảm chức năng thận,organ_impairment,renal,,,,,Clcr < 20 ml/phút,Tổn thương thận / Clcr < 20 ml/phút,unclear,true,medium,not_requested,matched,needs_review,Khớp alias/thuật ngữ bằng rule tất định; bắt buộc duyệt thủ công.,,
condition-mention:0cbbb53f08b85451,"Tổn thương, chấn thương và phẫu thuật ở thần kinh trung ương, ở mắt và ở tai","ton thuong, chan thuong va phau thuat o than kinh trung uong, o mat va o tai",1,central_nervous_system_injury,Tổn thương hệ thần kinh trung ương,clinical_state,neurologic,,,,,,"Tổn thương, chấn thương và phẫu thuật ở thần kinh trung ương, ở mắt và ở tai",and,true,medium,not_requested,matched,needs_review,Khớp alias/thuật ngữ bằng rule tất định; bắt buộc duyệt thủ công.,,
condition-mention:141ac5b5e59a2504,Trầm cảm hoặc có tiền sử phụ thuộc thuốc,tram cam hoac co tien su phu thuoc thuoc,1,depression,Trầm cảm,disease,psychiatric,,,,,,Trầm cảm hoặc có tiền sử phụ thuộc thuốc,or,true,medium,not_requested,matched,needs_review,Khớp alias/thuật ngữ bằng rule tất định; bắt buộc duyệt thủ công.,,
condition-mention:141ac5b5e59a2504,Trầm cảm hoặc có tiền sử phụ thuộc thuốc,tram cam hoac co tien su phu thuoc thuoc,1,edema,Phù,clinical_finding,systemic,,,,,,Trầm cảm hoặc có tiền sử phụ thuộc thuốc,or,true,medium,not_requested,matched,needs_review,Khớp alias/thuật ngữ bằng rule tất định; bắt buộc duyệt thủ công.,,
condition-mention:6e13a401c6448330,Trầm cảm hoặc lo âu kết hợp với trầm cảm,tram cam hoac lo au ket hop voi tram cam,1,depression,Trầm cảm,disease,psychiatric,,,,,,Trầm cảm hoặc lo âu kết hợp với trầm cảm,or,true,medium,not_requested,matched,needs_review,Khớp alias/thuật ngữ bằng rule tất định; bắt buộc duyệt thủ công.,,
condition-mention:6e13a401c6448330,Trầm cảm hoặc lo âu kết hợp với trầm cảm,tram cam hoac lo au ket hop voi tram cam,1,anxiety_fear_state,Lo âu/ám ảnh/sợ hãi,disease,psychiatric,,,,,,Trầm cảm hoặc lo âu kết hợp với trầm cảm,or,true,medium,not_requested,matched,needs_review,Khớp alias/thuật ngữ bằng rule tất định; bắt buộc duyệt thủ công.,,
condition-mention:1b0d97385e8de4dd,Trầm cảm lưỡng cực,tram cam luong cuc,1,depression,Trầm cảm,disease,psychiatric,,,,,,Trầm cảm lưỡng cực,unclear,true,medium,not_requested,matched,needs_review,Khớp alias/thuật ngữ bằng rule tất định; bắt buộc duyệt thủ công.,,
condition-mention:1b0d97385e8de4dd,Trầm cảm lưỡng cực,tram cam luong cuc,1,bipolar_disorder,Rối loạn lưỡng cực,disease,psychiatric,,,,,,Trầm cảm lưỡng cực,unclear,true,medium,not_requested,matched,needs_review,Khớp alias/thuật ngữ bằng rule tất định; bắt buộc duyệt thủ công.,,
condition-mention:1b8ca4acae4e4515,Tràn bàng quang hoặc vô niệu,tran bang quang hoac vo nieu,1,anuria,Vô niệu,clinical_finding,renal,,,,,,Tràn bàng quang hoặc vô niệu,or,true,medium,not_requested,matched,needs_review,Khớp alias/thuật ngữ bằng rule tất định; bắt buộc duyệt thủ công.,,
condition-mention:1433bc1e94be1a89,"tràn khí màng phổi, kén khí, tràn khí trung thất","tran khi mang phoi, ken khi, tran khi trung that",1,pneumothorax,Tràn khí màng phổi,disease,respiratory,,,,,,"tràn khí màng phổi, kén khí, tràn khí trung thất",unclear,true,medium,not_requested,matched,needs_review,Khớp alias/thuật ngữ bằng rule tất định; bắt buộc duyệt thủ công.,,
condition-mention:2adf62c639b4e5a1,Trạng thái ám ảnh hoặc sợ hãi,trang thai am anh hoac so hai,1,anxiety_fear_state,Lo âu/ám ảnh/sợ hãi,disease,psychiatric,,,,,,Trạng thái ám ảnh hoặc sợ hãi,or,true,medium,not_requested,matched,needs_review,Khớp alias/thuật ngữ bằng rule tất định; bắt buộc duyệt thủ công.,,
condition-mention:4a5d304b237f94bb,"Trạng thái tiền hôn mê hoặc hôn mê đái tháo đường, nhiễm toan ceton do đái tháo đường","trang thai tien hon me hoac hon me dai thao duong, nhiem toan ceton do dai thao duong",1,diabetic_ketoacidosis,Nhiễm toan ceton do đái tháo đường,disease,endocrine,,,,,,"Trạng thái tiền hôn mê hoặc hôn mê đái tháo đường, nhiễm toan ceton do đái tháo đường",or,true,medium,not_requested,matched,needs_review,Khớp alias/thuật ngữ bằng rule tất định; bắt buộc duyệt thủ công.,,
condition-mention:4a5d304b237f94bb,"Trạng thái tiền hôn mê hoặc hôn mê đái tháo đường, nhiễm toan ceton do đái tháo đường","trang thai tien hon me hoac hon me dai thao duong, nhiem toan ceton do dai thao duong",1,coma,Hôn mê,clinical_finding,neurologic,,,,,,"Trạng thái tiền hôn mê hoặc hôn mê đái tháo đường, nhiễm toan ceton do đái tháo đường",or,true,medium,not_requested,matched,needs_review,Khớp alias/thuật ngữ bằng rule tất định; bắt buộc duyệt thủ công.,,
condition-mention:ec1cfd5ad6c9fecf,Trẻ em suy thận vừa và nặng,tre em suy than vua va nang,1,renal_impairment,Suy giảm chức năng thận,organ_impairment,renal,severe,,,,,Trẻ em suy thận vừa và nặng,and,true,medium,not_requested,matched,needs_review,Khớp alias/thuật ngữ bằng rule tất định; bắt buộc duyệt thủ công.,,
condition-mention:9c11af158edcee54,Trẻ nhỏ (đặc biệt ở trẻ mất nước và suy thận),tre nho dac biet o tre mat nuoc va suy than,1,renal_impairment,Suy giảm chức năng thận,organ_impairment,renal,,,,,,Trẻ nhỏ (đặc biệt ở trẻ mất nước và suy thận),and,true,medium,not_requested,matched,needs_review,Khớp alias/thuật ngữ bằng rule tất định; bắt buộc duyệt thủ công.,,
condition-mention:9c11af158edcee54,Trẻ nhỏ (đặc biệt ở trẻ mất nước và suy thận),tre nho dac biet o tre mat nuoc va suy than,1,dehydration,Mất nước,clinical_finding,metabolic,,,,,,Trẻ nhỏ (đặc biệt ở trẻ mất nước và suy thận),and,true,medium,not_requested,matched,needs_review,Khớp alias/thuật ngữ bằng rule tất định; bắt buộc duyệt thủ công.,,
condition-mention:a94b9e1b1fce0a56,Trẻ sơ sinh bị giảm khả năng vận động của ruột (sau khi phẫu thuật hoặc do thuốc gây ra),tre so sinh bi giam kha nang van dong cua ruot sau khi phau thuat hoac do thuoc gay ra,1,intestinal_hypomotility,Giảm nhu động ruột,clinical_finding,gastrointestinal,,,,,,Trẻ sơ sinh bị giảm khả năng vận động của ruột (sau khi phẫu thuật hoặc do thuốc gây ra),or,true,medium,not_requested,matched,needs_review,Khớp alias/thuật ngữ bằng rule tất định; bắt buộc duyệt thủ công.,,
condition-mention:1c2082ea02afc512,Triệu chứng ngộ độc giáp trạng,trieu chung ngo doc giap trang,1,thyrotoxicosis,Nhiễm độc giáp,disease,endocrine,,,,,,Triệu chứng ngộ độc giáp trạng,single,false,medium,not_requested,matched,needs_review,Khớp alias/thuật ngữ bằng rule tất định; bắt buộc duyệt thủ công.,,
condition-mention:91d096cd1e0bd962,Tụt huyết áp,tut huyet ap,1,hypotension,Hạ huyết áp,clinical_finding,cardiovascular,,,,,,Tụt huyết áp,single,false,medium,not_requested,matched,needs_review,Khớp alias/thuật ngữ bằng rule tất định; bắt buộc duyệt thủ công.,,
condition-mention:550bf611de0cbf83,U ác tính tiêu xương,u ac tinh tieu xuong,1,bone_malignancy,Bệnh xương ác tính,disease,oncologic,,,,,,U ác tính tiêu xương,single,false,medium,not_requested,matched,needs_review,Khớp alias/thuật ngữ bằng rule tất định; bắt buộc duyệt thủ công.,,
condition-mention:4fa4652629d02552,U carcinoid,u carcinoid,1,carcinoid_tumor,U carcinoid,disease,oncologic,,,,,,U carcinoid,single,false,medium,not_requested,matched,needs_review,Khớp alias/thuật ngữ bằng rule tất định; bắt buộc duyệt thủ công.,,
condition-mention:04182d0e98270276,U hạt,u hat,1,granulomatous_disease,Bệnh u hạt,disease,immune,,,,,,U hạt,single,false,medium,not_requested,matched,needs_review,Khớp alias/thuật ngữ bằng rule tất định; bắt buộc duyệt thủ công.,,
condition-mention:cb07963b2165690e,"Ứ mật và rối loạn tắc nghẽn mật, suy gan nặng","u mat va roi loan tac nghen mat, suy gan nang",1,cholestasis,Ứ mật,disease,hepatic,,,,,,"Ứ mật và rối loạn tắc nghẽn mật, suy gan nặng",and,true,medium,not_requested,matched,needs_review,Khớp alias/thuật ngữ bằng rule tất định; bắt buộc duyệt thủ công.,,
condition-mention:cb07963b2165690e,"Ứ mật và rối loạn tắc nghẽn mật, suy gan nặng","u mat va roi loan tac nghen mat, suy gan nang",1,biliary_obstruction,Tắc nghẽn đường mật,disease,hepatic,,,,,,"Ứ mật và rối loạn tắc nghẽn mật, suy gan nặng",and,true,medium,not_requested,matched,needs_review,Khớp alias/thuật ngữ bằng rule tất định; bắt buộc duyệt thủ công.,,
condition-mention:cb07963b2165690e,"Ứ mật và rối loạn tắc nghẽn mật, suy gan nặng","u mat va roi loan tac nghen mat, suy gan nang",1,hepatic_impairment,Suy giảm chức năng gan,organ_impairment,hepatic,,,,,,"Ứ mật và rối loạn tắc nghẽn mật, suy gan nặng",and,true,medium,not_requested,matched,needs_review,Khớp alias/thuật ngữ bằng rule tất định; bắt buộc duyệt thủ công.,,
condition-mention:2c5ade90eed28a7a,Ứ nước,u nuoc,1,fluid_overload,Quá tải dịch,clinical_finding,metabolic,,,,,,Ứ nước,single,false,medium,not_requested,matched,needs_review,Khớp alias/thuật ngữ bằng rule tất định; bắt buộc duyệt thủ công.,,
condition-mention:e954b0c271887988,"Ứ nước hoặc phù nề, cao huyết áp","u nuoc hoac phu ne, cao huyet ap",1,hypertension,Tăng huyết áp,disease,cardiovascular,,,,,,"Ứ nước hoặc phù nề, cao huyết áp",or,true,medium,not_requested,matched,needs_review,Khớp alias/thuật ngữ bằng rule tất định; bắt buộc duyệt thủ công.,,
condition-mention:e954b0c271887988,"Ứ nước hoặc phù nề, cao huyết áp","u nuoc hoac phu ne, cao huyet ap",1,fluid_overload,Quá tải dịch,clinical_finding,metabolic,,,,,,"Ứ nước hoặc phù nề, cao huyết áp",or,true,medium,not_requested,matched,needs_review,Khớp alias/thuật ngữ bằng rule tất định; bắt buộc duyệt thủ công.,,
condition-mention:e954b0c271887988,"Ứ nước hoặc phù nề, cao huyết áp","u nuoc hoac phu ne, cao huyet ap",1,edema,Phù,clinical_finding,systemic,,,,,,"Ứ nước hoặc phù nề, cao huyết áp",or,true,medium,not_requested,matched,needs_review,Khớp alias/thuật ngữ bằng rule tất định; bắt buộc duyệt thủ công.,,
condition-mention:d85be9026cfba20e,U tế bào ưa crom / U tủy thượng thận,u te bao ua crom u tuy thuong than,1,pheochromocytoma,U tủy thượng thận,disease,endocrine,,,,,,U tế bào ưa crom / U tủy thượng thận,unclear,true,medium,not_requested,matched,needs_review,Khớp alias/thuật ngữ bằng rule tất định; bắt buộc duyệt thủ công.,,
condition-mention:d85be9026cfba20e,U tế bào ưa crom / U tủy thượng thận,u te bao ua crom u tuy thuong than,1,multiple_myeloma,Đa u tủy,disease,oncologic,,,,,,U tế bào ưa crom / U tủy thượng thận,unclear,true,medium,not_requested,matched,needs_review,Khớp alias/thuật ngữ bằng rule tất định; bắt buộc duyệt thủ công.,,
condition-mention:de47905a5eddc13e,U tủy thượng thận chưa được điều trị,u tuy thuong than chua duoc dieu tri,1,pheochromocytoma,U tủy thượng thận,disease,endocrine,,,,,,U tủy thượng thận chưa được điều trị,unclear,true,medium,not_requested,matched,needs_review,Khớp alias/thuật ngữ bằng rule tất định; bắt buộc duyệt thủ công.,,
condition-mention:de47905a5eddc13e,U tủy thượng thận chưa được điều trị,u tuy thuong than chua duoc dieu tri,1,multiple_myeloma,Đa u tủy,disease,oncologic,,,,,,U tủy thượng thận chưa được điều trị,unclear,true,medium,not_requested,matched,needs_review,Khớp alias/thuật ngữ bằng rule tất định; bắt buộc duyệt thủ công.,,
condition-mention:b3fcccec823d3e62,u tủy thượng thận hoặc nghi ngờ u tủy thượng thận,u tuy thuong than hoac nghi ngo u tuy thuong than,1,pheochromocytoma,U tủy thượng thận,disease,endocrine,,,,,,u tủy thượng thận hoặc nghi ngờ u tủy thượng thận,or,true,medium,not_requested,matched,needs_review,Khớp alias/thuật ngữ bằng rule tất định; bắt buộc duyệt thủ công.,,
condition-mention:b3fcccec823d3e62,u tủy thượng thận hoặc nghi ngờ u tủy thượng thận,u tuy thuong than hoac nghi ngo u tuy thuong than,1,multiple_myeloma,Đa u tủy,disease,oncologic,,,,,,u tủy thượng thận hoặc nghi ngờ u tủy thượng thận,or,true,medium,not_requested,matched,needs_review,Khớp alias/thuật ngữ bằng rule tất định; bắt buộc duyệt thủ công.,,
condition-mention:4f36244819f0067e,U tủy thượng thận không điều trị,u tuy thuong than khong dieu tri,1,pheochromocytoma,U tủy thượng thận,disease,endocrine,,,,,,U tủy thượng thận không điều trị,unclear,true,medium,not_requested,matched,needs_review,Khớp alias/thuật ngữ bằng rule tất định; bắt buộc duyệt thủ công.,,
condition-mention:4f36244819f0067e,U tủy thượng thận không điều trị,u tuy thuong than khong dieu tri,1,multiple_myeloma,Đa u tủy,disease,oncologic,,,,,,U tủy thượng thận không điều trị,unclear,true,medium,not_requested,matched,needs_review,Khớp alias/thuật ngữ bằng rule tất định; bắt buộc duyệt thủ công.,,
condition-mention:9e66b8ff9191b4f8,U tủy thượng thận không được điều trị,u tuy thuong than khong duoc dieu tri,1,pheochromocytoma,U tủy thượng thận,disease,endocrine,,,,,,U tủy thượng thận không được điều trị,unclear,true,medium,not_requested,matched,needs_review,Khớp alias/thuật ngữ bằng rule tất định; bắt buộc duyệt thủ công.,,
condition-mention:9e66b8ff9191b4f8,U tủy thượng thận không được điều trị,u tuy thuong than khong duoc dieu tri,1,multiple_myeloma,Đa u tủy,disease,oncologic,,,,,,U tủy thượng thận không được điều trị,unclear,true,medium,not_requested,matched,needs_review,Khớp alias/thuật ngữ bằng rule tất định; bắt buộc duyệt thủ công.,,
condition-mention:290f7b429f9d2c64,U tủy thượng thận và rối loạn porphyrin cấp tính,u tuy thuong than va roi loan porphyrin cap tinh,1,pheochromocytoma,U tủy thượng thận,disease,endocrine,,,,,,U tủy thượng thận và rối loạn porphyrin cấp tính,and,true,medium,not_requested,matched,needs_review,Khớp alias/thuật ngữ bằng rule tất định; bắt buộc duyệt thủ công.,,
condition-mention:290f7b429f9d2c64,U tủy thượng thận và rối loạn porphyrin cấp tính,u tuy thuong than va roi loan porphyrin cap tinh,1,porphyria,Rối loạn chuyển hóa porphyrin,disease,metabolic,,,,,,U tủy thượng thận và rối loạn porphyrin cấp tính,and,true,medium,not_requested,matched,needs_review,Khớp alias/thuật ngữ bằng rule tất định; bắt buộc duyệt thủ công.,,
condition-mention:290f7b429f9d2c64,U tủy thượng thận và rối loạn porphyrin cấp tính,u tuy thuong than va roi loan porphyrin cap tinh,1,multiple_myeloma,Đa u tủy,disease,oncologic,,,,,,U tủy thượng thận và rối loạn porphyrin cấp tính,and,true,medium,not_requested,matched,needs_review,Khớp alias/thuật ngữ bằng rule tất định; bắt buộc duyệt thủ công.,,
condition-mention:f6f2f6e1a1bc0ecb,U tủy xương ác tính,u tuy xuong ac tinh,1,multiple_myeloma,Đa u tủy,disease,oncologic,,,,,,U tủy xương ác tính,single,false,medium,not_requested,matched,needs_review,Khớp alias/thuật ngữ bằng rule tất định; bắt buộc duyệt thủ công.,,
condition-mention:333a87dbffaf103b,"U tủy, di căn xương hoặc bệnh xương ác tính khác","u tuy, di can xuong hoac benh xuong ac tinh khac",1,multiple_myeloma,Đa u tủy,disease,oncologic,,,,,,"U tủy, di căn xương hoặc bệnh xương ác tính khác",or,true,medium,not_requested,matched,needs_review,Khớp alias/thuật ngữ bằng rule tất định; bắt buộc duyệt thủ công.,,
condition-mention:333a87dbffaf103b,"U tủy, di căn xương hoặc bệnh xương ác tính khác","u tuy, di can xuong hoac benh xuong ac tinh khac",1,bone_malignancy,Bệnh xương ác tính,disease,oncologic,,,,,,"U tủy, di căn xương hoặc bệnh xương ác tính khác",or,true,medium,not_requested,matched,needs_review,Khớp alias/thuật ngữ bằng rule tất định; bắt buộc duyệt thủ công.,,
condition-mention:4f1819fe80d22342,u tuyến thượng thận,u tuyen thuong than,1,adrenal_tumor,U tuyến thượng thận,disease,endocrine,,,,,,u tuyến thượng thận,single,false,medium,not_requested,matched,needs_review,Khớp alias/thuật ngữ bằng rule tất định; bắt buộc duyệt thủ công.,,
condition-mention:8946ce9670fa47a4,"Ức chế hệ thần kinh trung ương nặng, hôn mê, bệnh nặng ở gan hoặc tim","uc che he than kinh trung uong nang, hon me, benh nang o gan hoac tim",1,nervous_system_disease,Bệnh hệ thần kinh,disease,neurologic,,,,,,"Ức chế hệ thần kinh trung ương nặng, hôn mê, bệnh nặng ở gan hoặc tim",or,true,medium,not_requested,matched,needs_review,Khớp alias/thuật ngữ bằng rule tất định; bắt buộc duyệt thủ công.,,
condition-mention:8946ce9670fa47a4,"Ức chế hệ thần kinh trung ương nặng, hôn mê, bệnh nặng ở gan hoặc tim","uc che he than kinh trung uong nang, hon me, benh nang o gan hoac tim",1,coma,Hôn mê,clinical_finding,neurologic,,,,,,"Ức chế hệ thần kinh trung ương nặng, hôn mê, bệnh nặng ở gan hoặc tim",or,true,medium,not_requested,matched,needs_review,Khớp alias/thuật ngữ bằng rule tất định; bắt buộc duyệt thủ công.,,
condition-mention:20ac6093841f8906,Ung thư hắc tố ác tính / Tổn thương da nghi ngờ không được chẩn đoán / Tiền sử ung thư hắc tố,ung thu hac to ac tinh ton thuong da nghi ngo khong duoc chan doan tien su ung thu hac to,1,melanoma,Ung thư hắc tố,disease,oncologic,,,,,,Ung thư hắc tố ác tính / Tổn thương da nghi ngờ không được chẩn đoán / Tiền sử ung thư hắc tố,unclear,true,medium,not_requested,matched,needs_review,Khớp alias/thuật ngữ bằng rule tất định; bắt buộc duyệt thủ công.,,
condition-mention:54c6a3aef35ef7cf,Ung thư phụ thuộc prolactin như u tuyến yên tiết prolactin và ung thư vú,ung thu phu thuoc prolactin nhu u tuyen yen tiet prolactin va ung thu vu,1,edema,Phù,clinical_finding,systemic,,,,,,Ung thư phụ thuộc prolactin như u tuyến yên tiết prolactin và ung thư vú,and,true,medium,not_requested,matched,needs_review,Khớp alias/thuật ngữ bằng rule tất định; bắt buộc duyệt thủ công.,,
condition-mention:54c6a3aef35ef7cf,Ung thư phụ thuộc prolactin như u tuyến yên tiết prolactin và ung thư vú,ung thu phu thuoc prolactin nhu u tuyen yen tiet prolactin va ung thu vu,1,breast_cancer,Ung thư vú,disease,oncologic,,,,,,Ung thư phụ thuộc prolactin như u tuyến yên tiết prolactin và ung thư vú,and,true,medium,not_requested,matched,needs_review,Khớp alias/thuật ngữ bằng rule tất định; bắt buộc duyệt thủ công.,,
condition-mention:5a7cc6dc747494d8,Vấn đề di truyền hiếm gặp về hấp thu fructose,van de di truyen hiem gap ve hap thu fructose,1,hereditary_fructose_intolerance,Không dung nạp fructose di truyền,disease,metabolic,,,,,,Vấn đề di truyền hiếm gặp về hấp thu fructose,single,false,medium,not_requested,matched,needs_review,Khớp alias/thuật ngữ bằng rule tất định; bắt buộc duyệt thủ công.,,
condition-mention:2f9db8d081a8d069,"Vấn đề di truyền hiếm gặp về không dung nạp fructose, kém hấp thu glucose-galactose hoặc thiếu hụt sucrose - isomaltose","van de di truyen hiem gap ve khong dung nap fructose, kem hap thu glucose galactose hoac thieu hut sucrose isomaltose",1,hereditary_fructose_intolerance,Không dung nạp fructose di truyền,disease,metabolic,,,,,,"Vấn đề di truyền hiếm gặp về không dung nạp fructose, kém hấp thu glucose-galactose hoặc thiếu hụt sucrose - isomaltose",or,true,medium,not_requested,matched,needs_review,Khớp alias/thuật ngữ bằng rule tất định; bắt buộc duyệt thủ công.,,
condition-mention:2f9db8d081a8d069,"Vấn đề di truyền hiếm gặp về không dung nạp fructose, kém hấp thu glucose-galactose hoặc thiếu hụt sucrose - isomaltose","van de di truyen hiem gap ve khong dung nap fructose, kem hap thu glucose galactose hoac thieu hut sucrose isomaltose",1,glucose_galactose_malabsorption,Kém hấp thu glucose-galactose,disease,metabolic,,,,,,"Vấn đề di truyền hiếm gặp về không dung nạp fructose, kém hấp thu glucose-galactose hoặc thiếu hụt sucrose - isomaltose",or,true,medium,not_requested,matched,needs_review,Khớp alias/thuật ngữ bằng rule tất định; bắt buộc duyệt thủ công.,,
condition-mention:0f12845df0f74d17,Vấn đề về gan,van de ve gan,1,liver_disease,Bệnh gan,disease,hepatic,,,,,,Vấn đề về gan,single,false,medium,not_requested,matched,needs_review,Khớp alias/thuật ngữ bằng rule tất định; bắt buộc duyệt thủ công.,,
condition-mention:58c4e649b5066608,Vảy nến,vay nen,1,psoriasis,Vảy nến,disease,dermatologic,,,,,,Vảy nến,single,false,medium,not_requested,matched,needs_review,Khớp alias/thuật ngữ bằng rule tất định; bắt buộc duyệt thủ công.,,
condition-mention:88080de31b7063be,"Vết loét dễ chảy máu, loét dạ dày và u ác tính","vet loet de chay mau, loet da day va u ac tinh",1,peptic_ulcer,Loét dạ dày–tá tràng,disease,gastrointestinal,,,,,,"Vết loét dễ chảy máu, loét dạ dày và u ác tính",and,true,medium,not_requested,matched,needs_review,Khớp alias/thuật ngữ bằng rule tất định; bắt buộc duyệt thủ công.,,
condition-mention:88080de31b7063be,"Vết loét dễ chảy máu, loét dạ dày và u ác tính","vet loet de chay mau, loet da day va u ac tinh",1,active_bleeding,Đang xuất huyết,clinical_finding,hematologic,,,,,,"Vết loét dễ chảy máu, loét dạ dày và u ác tính",and,true,medium,not_requested,matched,needs_review,Khớp alias/thuật ngữ bằng rule tất định; bắt buộc duyệt thủ công.,,
condition-mention:88080de31b7063be,"Vết loét dễ chảy máu, loét dạ dày và u ác tính","vet loet de chay mau, loet da day va u ac tinh",1,malignancy,Bệnh ác tính,disease,oncologic,,,,,,"Vết loét dễ chảy máu, loét dạ dày và u ác tính",and,true,medium,not_requested,matched,needs_review,Khớp alias/thuật ngữ bằng rule tất định; bắt buộc duyệt thủ công.,,
condition-mention:292805f0f326c9ca,Viêm đại tràng,viem dai trang,1,colitis,Viêm đại tràng,disease,gastrointestinal,,,,,,Viêm đại tràng,single,false,medium,not_requested,matched,needs_review,Khớp alias/thuật ngữ bằng rule tất định; bắt buộc duyệt thủ công.,,
condition-mention:02d2c019941212f8,Viêm đại tràng giả mạc liên quan đến việc dùng kháng sinh phổ rộng,viem dai trang gia mac lien quan den viec dung khang sinh pho rong,1,colitis,Viêm đại tràng,disease,gastrointestinal,,,,,,Viêm đại tràng giả mạc liên quan đến việc dùng kháng sinh phổ rộng,single,false,medium,not_requested,matched,needs_review,Khớp alias/thuật ngữ bằng rule tất định; bắt buộc duyệt thủ công.,,
condition-mention:1e93213f2397c64b,viêm loét dạ dày - tá tràng,viem loet da day ta trang,1,peptic_ulcer,Loét dạ dày–tá tràng,disease,gastrointestinal,,,,,,viêm loét dạ dày - tá tràng,single,false,medium,not_requested,matched,needs_review,Khớp alias/thuật ngữ bằng rule tất định; bắt buộc duyệt thủ công.,,
condition-mention:f97a33f59e72cd65,Viêm loét dạ dày tá tràng hay có tiền sử loét dạ dày tá tràng,viem loet da day ta trang hay co tien su loet da day ta trang,1,peptic_ulcer,Loét dạ dày–tá tràng,disease,gastrointestinal,,,,,,Viêm loét dạ dày tá tràng hay có tiền sử loét dạ dày tá tràng,single,false,medium,not_requested,matched,needs_review,Khớp alias/thuật ngữ bằng rule tất định; bắt buộc duyệt thủ công.,,
condition-mention:abcab5fdb70be0e1,Viêm loét đại tràng cấp,viem loet dai trang cap,1,ulcerative_colitis,Viêm loét đại tràng,disease,gastrointestinal,,acute,,,,Viêm loét đại tràng cấp,single,false,medium,not_requested,matched,needs_review,Khớp alias/thuật ngữ bằng rule tất định; bắt buộc duyệt thủ công.,,
condition-mention:d909a324e5ec2f11,"Viêm loét đại tràng, bệnh Crohn","viem loet dai trang, benh crohn",1,ulcerative_colitis,Viêm loét đại tràng,disease,gastrointestinal,,,,,,"Viêm loét đại tràng, bệnh Crohn",unclear,true,medium,not_requested,matched,needs_review,Khớp alias/thuật ngữ bằng rule tất định; bắt buộc duyệt thủ công.,,
condition-mention:d909a324e5ec2f11,"Viêm loét đại tràng, bệnh Crohn","viem loet dai trang, benh crohn",1,crohn_disease,Bệnh Crohn,disease,gastrointestinal,,,,,,"Viêm loét đại tràng, bệnh Crohn",unclear,true,medium,not_requested,matched,needs_review,Khớp alias/thuật ngữ bằng rule tất định; bắt buộc duyệt thủ công.,,
condition-mention:b4b881c8e8267535,Viêm màng não do vi khuẩn,viem mang nao do vi khuan,1,meningitis,Viêm màng não,disease,infectious,,,,,,Viêm màng não do vi khuẩn,single,false,medium,not_requested,matched,needs_review,Khớp alias/thuật ngữ bằng rule tất định; bắt buộc duyệt thủ công.,,
condition-mention:5437277f1f5812bb,Viêm màng não nhiễm khuẩn,viem mang nao nhiem khuan,1,meningitis,Viêm màng não,disease,infectious,,,,,,Viêm màng não nhiễm khuẩn,single,false,medium,not_requested,matched,needs_review,Khớp alias/thuật ngữ bằng rule tất định; bắt buộc duyệt thủ công.,,
condition-mention:def413181d34c260,Viêm màng ngoài tim co thắt,viem mang ngoai tim co that,1,pericarditis,Viêm màng ngoài tim,disease,cardiovascular,,,,,,Viêm màng ngoài tim co thắt,single,false,medium,not_requested,matched,needs_review,Khớp alias/thuật ngữ bằng rule tất định; bắt buộc duyệt thủ công.,,
condition-mention:be5719f099c59f8e,"Viêm miệng, loét khoang miệng và loét đường tiêu hóa hoạt động","viem mieng, loet khoang mieng va loet duong tieu hoa hoat dong",1,peptic_ulcer,Loét dạ dày–tá tràng,disease,gastrointestinal,,,,,,"Viêm miệng, loét khoang miệng và loét đường tiêu hóa hoạt động",and,true,medium,not_requested,matched,needs_review,Khớp alias/thuật ngữ bằng rule tất định; bắt buộc duyệt thủ công.,,
condition-mention:98373a896be16f52,"Viêm mũi dị ứng, hen phế quản, nổi mề đay sau khi dùng aspirin","viem mui di ung, hen phe quan, noi me day sau khi dung aspirin",1,asthma,Hen phế quản,disease,respiratory,,,,,,"Viêm mũi dị ứng, hen phế quản, nổi mề đay sau khi dùng aspirin",unclear,true,medium,not_requested,matched,needs_review,Khớp alias/thuật ngữ bằng rule tất định; bắt buộc duyệt thủ công.,,
condition-mention:98373a896be16f52,"Viêm mũi dị ứng, hen phế quản, nổi mề đay sau khi dùng aspirin","viem mui di ung, hen phe quan, noi me day sau khi dung aspirin",1,urticaria,Mày đay,disease,immune,,,,,,"Viêm mũi dị ứng, hen phế quản, nổi mề đay sau khi dùng aspirin",unclear,true,medium,not_requested,matched,needs_review,Khớp alias/thuật ngữ bằng rule tất định; bắt buộc duyệt thủ công.,,
condition-mention:98373a896be16f52,"Viêm mũi dị ứng, hen phế quản, nổi mề đay sau khi dùng aspirin","viem mui di ung, hen phe quan, noi me day sau khi dung aspirin",1,allergic_rhinitis,Viêm mũi dị ứng,disease,immune,,,,,,"Viêm mũi dị ứng, hen phế quản, nổi mề đay sau khi dùng aspirin",unclear,true,medium,not_requested,matched,needs_review,Khớp alias/thuật ngữ bằng rule tất định; bắt buộc duyệt thủ công.,,
condition-mention:01ccba87e764c981,Viêm mũi khô,viem mui kho,1,dry_rhinitis,Viêm mũi khô/teo,disease,respiratory,,,,,,Viêm mũi khô,single,false,medium,not_requested,matched,needs_review,Khớp alias/thuật ngữ bằng rule tất định; bắt buộc duyệt thủ công.,,
condition-mention:45f9b62f56e7ae00,viêm mũi khô hoặc viêm mũi teo,viem mui kho hoac viem mui teo,1,dry_rhinitis,Viêm mũi khô/teo,disease,respiratory,,,,,,viêm mũi khô hoặc viêm mũi teo,or,true,medium,not_requested,matched,needs_review,Khớp alias/thuật ngữ bằng rule tất định; bắt buộc duyệt thủ công.,,
condition-mention:0368373ccee0debe,"Viêm nhiễm đường ruột, đặc biệt kết hợp với loét","viem nhiem duong ruot, dac biet ket hop voi loet",1,enteritis,Viêm ruột,disease,gastrointestinal,,,,,,"Viêm nhiễm đường ruột, đặc biệt kết hợp với loét",unclear,true,medium,not_requested,matched,needs_review,Khớp alias/thuật ngữ bằng rule tất định; bắt buộc duyệt thủ công.,,
condition-mention:4a890c8e1d7f140f,"Viêm nhiễm đường ruột, kết hợp với loét","viem nhiem duong ruot, ket hop voi loet",1,enteritis,Viêm ruột,disease,gastrointestinal,,,,,,"Viêm nhiễm đường ruột, kết hợp với loét",unclear,true,medium,not_requested,matched,needs_review,Khớp alias/thuật ngữ bằng rule tất định; bắt buộc duyệt thủ công.,,
condition-mention:59f54f0db9295d6c,Viêm quanh mồm miệng và trứng cá đỏ,viem quanh mom mieng va trung ca do,1,perioral_dermatitis,Viêm da quanh miệng,disease,dermatologic,,,,,,Viêm quanh mồm miệng và trứng cá đỏ,and,true,medium,not_requested,matched,needs_review,Khớp alias/thuật ngữ bằng rule tất định; bắt buộc duyệt thủ công.,,
condition-mention:59f54f0db9295d6c,Viêm quanh mồm miệng và trứng cá đỏ,viem quanh mom mieng va trung ca do,1,acne_rosacea,Trứng cá đỏ,disease,dermatologic,,,,,,Viêm quanh mồm miệng và trứng cá đỏ,and,true,medium,not_requested,matched,needs_review,Khớp alias/thuật ngữ bằng rule tất định; bắt buộc duyệt thủ công.,,
condition-mention:8c3c1df801e2aee3,Viêm ruột,viem ruot,1,enteritis,Viêm ruột,disease,gastrointestinal,,,,,,Viêm ruột,single,false,medium,not_requested,matched,needs_review,Khớp alias/thuật ngữ bằng rule tất định; bắt buộc duyệt thủ công.,,
condition-mention:1b492c9dc7ea46f3,"Viêm ruột do vi trùng xâm lấn bao gồm Salmonella, Shigella và Campylobacter","viem ruot do vi trung xam lan bao gom salmonella, shigella va campylobacter",1,enteritis,Viêm ruột,disease,gastrointestinal,,,,,,"Viêm ruột do vi trùng xâm lấn bao gồm Salmonella, Shigella và Campylobacter",and,true,medium,not_requested,matched,needs_review,Khớp alias/thuật ngữ bằng rule tất định; bắt buộc duyệt thủ công.,,
condition-mention:3b8cd0a8904d04db,Viêm ruột thừa,viem ruot thua,1,enteritis,Viêm ruột,disease,gastrointestinal,,,,,,Viêm ruột thừa,unclear,true,medium,not_requested,matched,needs_review,Khớp alias/thuật ngữ bằng rule tất định; bắt buộc duyệt thủ công.,,
condition-mention:3b8cd0a8904d04db,Viêm ruột thừa,viem ruot thua,1,appendicitis,Viêm ruột thừa,disease,gastrointestinal,,,,,,Viêm ruột thừa,unclear,true,medium,not_requested,matched,needs_review,Khớp alias/thuật ngữ bằng rule tất định; bắt buộc duyệt thủ công.,,
condition-mention:ed772adf105178b0,"Viêm ruột, loét dạ dày, tắc ruột, các rối loạn hấp thu hoặc tiêu hóa","viem ruot, loet da day, tac ruot, cac roi loan hap thu hoac tieu hoa",1,peptic_ulcer,Loét dạ dày–tá tràng,disease,gastrointestinal,,,,,,"Viêm ruột, loét dạ dày, tắc ruột, các rối loạn hấp thu hoặc tiêu hóa",or,true,medium,not_requested,matched,needs_review,Khớp alias/thuật ngữ bằng rule tất định; bắt buộc duyệt thủ công.,,
condition-mention:ed772adf105178b0,"Viêm ruột, loét dạ dày, tắc ruột, các rối loạn hấp thu hoặc tiêu hóa","viem ruot, loet da day, tac ruot, cac roi loan hap thu hoac tieu hoa",1,bowel_obstruction,Tắc nghẽn ruột,disease,gastrointestinal,,,,,,"Viêm ruột, loét dạ dày, tắc ruột, các rối loạn hấp thu hoặc tiêu hóa",or,true,medium,not_requested,matched,needs_review,Khớp alias/thuật ngữ bằng rule tất định; bắt buộc duyệt thủ công.,,
condition-mention:ed772adf105178b0,"Viêm ruột, loét dạ dày, tắc ruột, các rối loạn hấp thu hoặc tiêu hóa","viem ruot, loet da day, tac ruot, cac roi loan hap thu hoac tieu hoa",1,enteritis,Viêm ruột,disease,gastrointestinal,,,,,,"Viêm ruột, loét dạ dày, tắc ruột, các rối loạn hấp thu hoặc tiêu hóa",or,true,medium,not_requested,matched,needs_review,Khớp alias/thuật ngữ bằng rule tất định; bắt buộc duyệt thủ công.,,
condition-mention:da66034dd6e0e2f7,Viêm trực tràng,viem truc trang,1,proctitis,Viêm trực tràng,disease,gastrointestinal,,,,,,Viêm trực tràng,single,false,medium,not_requested,matched,needs_review,Khớp alias/thuật ngữ bằng rule tất định; bắt buộc duyệt thủ công.,,
condition-mention:659721a29cce654f,Viêm trực tràng hoặc chảy máu trực tràng,viem truc trang hoac chay mau truc trang,1,gastrointestinal_bleeding,Xuất huyết tiêu hóa,clinical_finding,gastrointestinal,,,,,,Viêm trực tràng hoặc chảy máu trực tràng,or,true,medium,not_requested,matched,needs_review,Khớp alias/thuật ngữ bằng rule tất định; bắt buộc duyệt thủ công.,,
condition-mention:659721a29cce654f,Viêm trực tràng hoặc chảy máu trực tràng,viem truc trang hoac chay mau truc trang,1,proctitis,Viêm trực tràng,disease,gastrointestinal,,,,,,Viêm trực tràng hoặc chảy máu trực tràng,or,true,medium,not_requested,matched,needs_review,Khớp alias/thuật ngữ bằng rule tất định; bắt buộc duyệt thủ công.,,
condition-mention:765fff5be4a0f9c7,Viêm túi mật hoặc đường mật cấp tính,viem tui mat hoac duong mat cap tinh,1,gallbladder_disease,Bệnh túi mật,disease,hepatic,,acute,,,,Viêm túi mật hoặc đường mật cấp tính,or,true,medium,not_requested,matched,needs_review,Khớp alias/thuật ngữ bằng rule tất định; bắt buộc duyệt thủ công.,,
condition-mention:db5f7ad13c284af6,Viêm tụy cấp hoặc mãn tính trừ viêm tụy cấp do tăng triglycerid huyết nặng,viem tuy cap hoac man tinh tru viem tuy cap do tang triglycerid huyet nang,1,pancreatitis,Viêm tụy,disease,gastrointestinal,severe,acute,,,,Viêm tụy cấp hoặc mãn tính trừ viêm tụy cấp do tăng triglycerid huyết nặng,or,true,medium,not_requested,matched,needs_review,Khớp alias/thuật ngữ bằng rule tất định; bắt buộc duyệt thủ công.,,
condition-mention:bdaf52b62646cd68,Viêm tụy cấp tính hoặc mãn tính,viem tuy cap tinh hoac man tinh,1,pancreatitis,Viêm tụy,disease,gastrointestinal,,acute,,,,Viêm tụy cấp tính hoặc mãn tính,or,true,medium,not_requested,matched,needs_review,Khớp alias/thuật ngữ bằng rule tất định; bắt buộc duyệt thủ công.,,
condition-mention:0a42b9a2f3673a4a,Viêm võng mạc,viem vong mac,1,retinal_disease,Bệnh võng mạc,disease,ophthalmic,,,,,,Viêm võng mạc,single,false,medium,not_requested,matched,needs_review,Khớp alias/thuật ngữ bằng rule tất định; bắt buộc duyệt thủ công.,,
condition-mention:89fa445950038bff,Viêm xương khớp / viêm khớp,viem xuong khop viem khop,1,arthritis,Viêm khớp,disease,musculoskeletal,,,,,,Viêm xương khớp / viêm khớp,unclear,true,medium,not_requested,matched,needs_review,Khớp alias/thuật ngữ bằng rule tất định; bắt buộc duyệt thủ công.,,
condition-mention:dc11a343686a80e0,Vô niệu (Không thể đi tiểu),vo nieu khong the di tieu,1,anuria,Vô niệu,clinical_finding,renal,,,,,,Vô niệu (Không thể đi tiểu),single,false,medium,not_requested,matched,needs_review,Khớp alias/thuật ngữ bằng rule tất định; bắt buộc duyệt thủ công.,,
condition-mention:673b958e8ac3ac27,Vô niệu tại thận hoặc sau thận,vo nieu tai than hoac sau than,1,anuria,Vô niệu,clinical_finding,renal,,,,,,Vô niệu tại thận hoặc sau thận,or,true,medium,not_requested,matched,needs_review,Khớp alias/thuật ngữ bằng rule tất định; bắt buộc duyệt thủ công.,,
condition-mention:528ba498e7dd57d4,Vô sinh (tiền sử gia đình bị thuyên tắc tĩnh mạch vô căn hoặc có đột biến gen),vo sinh tien su gia dinh bi thuyen tac tinh mach vo can hoac co dot bien gen,1,thrombosis,Huyết khối,disease,hematologic,,,,,,Vô sinh (tiền sử gia đình bị thuyên tắc tĩnh mạch vô căn hoặc có đột biến gen),or,true,medium,not_requested,matched,needs_review,Khớp alias/thuật ngữ bằng rule tất định; bắt buộc duyệt thủ công.,,
condition-mention:90746c8d62e06cb7,Xơ cứng động mạch,xo cung dong mach,1,atherosclerosis,Xơ vữa động mạch,disease,cardiovascular,,,,,,Xơ cứng động mạch,single,false,medium,not_requested,matched,needs_review,Khớp alias/thuật ngữ bằng rule tất định; bắt buộc duyệt thủ công.,,
condition-mention:21949a8efcc23d96,Xơ gan mất bù,xo gan mat bu,1,cirrhosis,Xơ gan,disease,hepatic,,,,,,Xơ gan mất bù,single,false,medium,not_requested,matched,needs_review,Khớp alias/thuật ngữ bằng rule tất định; bắt buộc duyệt thủ công.,,
condition-mention:723520ed7d998e7b,xơ gan nặng,xo gan nang,1,cirrhosis,Xơ gan,disease,hepatic,severe,,,,,xơ gan nặng,single,false,medium,not_requested,matched,needs_review,Khớp alias/thuật ngữ bằng rule tất định; bắt buộc duyệt thủ công.,,
condition-mention:770bae3df92b428e,"Xơ gan, suy tim nặng, suy gan nặng","xo gan, suy tim nang, suy gan nang",1,cirrhosis,Xơ gan,disease,hepatic,,,,,,"Xơ gan, suy tim nặng, suy gan nặng",unclear,true,medium,not_requested,matched,needs_review,Khớp alias/thuật ngữ bằng rule tất định; bắt buộc duyệt thủ công.,,
condition-mention:770bae3df92b428e,"Xơ gan, suy tim nặng, suy gan nặng","xo gan, suy tim nang, suy gan nang",1,hepatic_impairment,Suy giảm chức năng gan,organ_impairment,hepatic,,,,,,"Xơ gan, suy tim nặng, suy gan nặng",unclear,true,medium,not_requested,matched,needs_review,Khớp alias/thuật ngữ bằng rule tất định; bắt buộc duyệt thủ công.,,
condition-mention:770bae3df92b428e,"Xơ gan, suy tim nặng, suy gan nặng","xo gan, suy tim nang, suy gan nang",1,heart_failure,Suy tim,disease,cardiovascular,,,,,,"Xơ gan, suy tim nặng, suy gan nặng",unclear,true,medium,not_requested,matched,needs_review,Khớp alias/thuật ngữ bằng rule tất định; bắt buộc duyệt thủ công.,,
condition-mention:8e8b205b16b06347,"Xơ gan, suy tim xung huyết, bệnh lý ở thận","xo gan, suy tim xung huyet, benh ly o than",1,cirrhosis,Xơ gan,disease,hepatic,,,,,,"Xơ gan, suy tim xung huyết, bệnh lý ở thận",unclear,true,medium,not_requested,matched,needs_review,Khớp alias/thuật ngữ bằng rule tất định; bắt buộc duyệt thủ công.,,
condition-mention:8e8b205b16b06347,"Xơ gan, suy tim xung huyết, bệnh lý ở thận","xo gan, suy tim xung huyet, benh ly o than",1,heart_failure,Suy tim,disease,cardiovascular,,,,,,"Xơ gan, suy tim xung huyết, bệnh lý ở thận",unclear,true,medium,not_requested,matched,needs_review,Khớp alias/thuật ngữ bằng rule tất định; bắt buộc duyệt thủ công.,,
condition-mention:30738ec11b26ed22,"xơ vữa động mạch, suy tuần hoàn não hoặc suy động mạch vành","xo vua dong mach, suy tuan hoan nao hoac suy dong mach vanh",1,cerebrovascular_disease,Bệnh mạch máu não,disease,neurologic,,,,,,"xơ vữa động mạch, suy tuần hoàn não hoặc suy động mạch vành",or,true,medium,not_requested,matched,needs_review,Khớp alias/thuật ngữ bằng rule tất định; bắt buộc duyệt thủ công.,,
condition-mention:30738ec11b26ed22,"xơ vữa động mạch, suy tuần hoàn não hoặc suy động mạch vành","xo vua dong mach, suy tuan hoan nao hoac suy dong mach vanh",1,atherosclerosis,Xơ vữa động mạch,disease,cardiovascular,,,,,,"xơ vữa động mạch, suy tuần hoàn não hoặc suy động mạch vành",or,true,medium,not_requested,matched,needs_review,Khớp alias/thuật ngữ bằng rule tất định; bắt buộc duyệt thủ công.,,
condition-mention:1ebf3deb69b97e24,Xuất huyết bệnh lý đang hoạt động (loét dạ dày-tá tràng hoặc xuất huyết nội sọ),xuat huyet benh ly dang hoat dong loet da day ta trang hoac xuat huyet noi so,1,intracranial_hemorrhage,Xuất huyết nội sọ,disease,neurologic,,,,,,Xuất huyết bệnh lý đang hoạt động (loét dạ dày-tá tràng hoặc xuất huyết nội sọ),or,true,medium,not_requested,matched,needs_review,Khớp alias/thuật ngữ bằng rule tất định; bắt buộc duyệt thủ công.,,
condition-mention:1ebf3deb69b97e24,Xuất huyết bệnh lý đang hoạt động (loét dạ dày-tá tràng hoặc xuất huyết nội sọ),xuat huyet benh ly dang hoat dong loet da day ta trang hoac xuat huyet noi so,1,peptic_ulcer,Loét dạ dày–tá tràng,disease,gastrointestinal,,,,,,Xuất huyết bệnh lý đang hoạt động (loét dạ dày-tá tràng hoặc xuất huyết nội sọ),or,true,medium,not_requested,matched,needs_review,Khớp alias/thuật ngữ bằng rule tất định; bắt buộc duyệt thủ công.,,
condition-mention:d900bef4b4bb8259,Xuất huyết não,xuat huyet nao,1,intracranial_hemorrhage,Xuất huyết nội sọ,disease,neurologic,,,,,,Xuất huyết não,single,false,medium,not_requested,matched,needs_review,Khớp alias/thuật ngữ bằng rule tất định; bắt buộc duyệt thủ công.,,
condition-mention:9fbe55eae63589ca,Xuất huyết não hoặc xuất huyết nội sọ,xuat huyet nao hoac xuat huyet noi so,1,intracranial_hemorrhage,Xuất huyết nội sọ,disease,neurologic,,,,,,Xuất huyết não hoặc xuất huyết nội sọ,or,true,medium,not_requested,matched,needs_review,Khớp alias/thuật ngữ bằng rule tất định; bắt buộc duyệt thủ công.,,
condition-mention:bd10ac7853a2de10,"Xuất huyết nghiêm trọng, loét đường tiêu hóa, rối loạn đông máu, tiền sử tai biến mạch máu não","xuat huyet nghiem trong, loet duong tieu hoa, roi loan dong mau, tien su tai bien mach mau nao",1,stroke,Đột quỵ/tai biến mạch máu não,disease,neurologic,,,,,,"Xuất huyết nghiêm trọng, loét đường tiêu hóa, rối loạn đông máu, tiền sử tai biến mạch máu não",unclear,true,medium,not_requested,matched,needs_review,Khớp alias/thuật ngữ bằng rule tất định; bắt buộc duyệt thủ công.,,
condition-mention:bd10ac7853a2de10,"Xuất huyết nghiêm trọng, loét đường tiêu hóa, rối loạn đông máu, tiền sử tai biến mạch máu não","xuat huyet nghiem trong, loet duong tieu hoa, roi loan dong mau, tien su tai bien mach mau nao",1,peptic_ulcer,Loét dạ dày–tá tràng,disease,gastrointestinal,,,,,,"Xuất huyết nghiêm trọng, loét đường tiêu hóa, rối loạn đông máu, tiền sử tai biến mạch máu não",unclear,true,medium,not_requested,matched,needs_review,Khớp alias/thuật ngữ bằng rule tất định; bắt buộc duyệt thủ công.,,
condition-mention:bd10ac7853a2de10,"Xuất huyết nghiêm trọng, loét đường tiêu hóa, rối loạn đông máu, tiền sử tai biến mạch máu não","xuat huyet nghiem trong, loet duong tieu hoa, roi loan dong mau, tien su tai bien mach mau nao",1,active_bleeding,Đang xuất huyết,clinical_finding,hematologic,,,,,,"Xuất huyết nghiêm trọng, loét đường tiêu hóa, rối loạn đông máu, tiền sử tai biến mạch máu não",unclear,true,medium,not_requested,matched,needs_review,Khớp alias/thuật ngữ bằng rule tất định; bắt buộc duyệt thủ công.,,
condition-mention:bd10ac7853a2de10,"Xuất huyết nghiêm trọng, loét đường tiêu hóa, rối loạn đông máu, tiền sử tai biến mạch máu não","xuat huyet nghiem trong, loet duong tieu hoa, roi loan dong mau, tien su tai bien mach mau nao",1,bleeding_disorder,Rối loạn chảy máu/đông máu,disease,hematologic,,,,,,"Xuất huyết nghiêm trọng, loét đường tiêu hóa, rối loạn đông máu, tiền sử tai biến mạch máu não",unclear,true,medium,not_requested,matched,needs_review,Khớp alias/thuật ngữ bằng rule tất định; bắt buộc duyệt thủ công.,,
condition-mention:bbc35c1ecc004527,Xuất huyết tiền phòng tự phát,xuat huyet tien phong tu phat,1,active_bleeding,Đang xuất huyết,clinical_finding,hematologic,,,,,,Xuất huyết tiền phòng tự phát,single,false,medium,not_requested,matched,needs_review,Khớp alias/thuật ngữ bằng rule tất định; bắt buộc duyệt thủ công.,,
condition-mention:3a4550e1d53ef5a4,"Xuất huyết tiêu hóa, có dị vật hoặc thủng đường tiêu hóa","xuat huyet tieu hoa, co di vat hoac thung duong tieu hoa",1,gastrointestinal_bleeding,Xuất huyết tiêu hóa,clinical_finding,gastrointestinal,,,,,,"Xuất huyết tiêu hóa, có dị vật hoặc thủng đường tiêu hóa",or,true,medium,not_requested,matched,needs_review,Khớp alias/thuật ngữ bằng rule tất định; bắt buộc duyệt thủ công.,,
condition-mention:f9b9f9c9e4f59d86,Xuất huyết võng mạc,xuat huyet vong mac,1,active_bleeding,Đang xuất huyết,clinical_finding,hematologic,,,,,,Xuất huyết võng mạc,unclear,true,medium,not_requested,matched,needs_review,Khớp alias/thuật ngữ bằng rule tất định; bắt buộc duyệt thủ công.,,
condition-mention:f9b9f9c9e4f59d86,Xuất huyết võng mạc,xuat huyet vong mac,1,retinal_disease,Bệnh võng mạc,disease,ophthalmic,,,,,,Xuất huyết võng mạc,unclear,true,medium,not_requested,matched,needs_review,Khớp alias/thuật ngữ bằng rule tất định; bắt buộc duyệt thủ công.,,
