Biet duoc,Hoat chat - Ham luong,Dang bao che,Duong dung,Hang san xuat,Thuoc co trong DM,% Thanh toan,Gioi han chi dinh,Thuoc can hoi chan (TT20),Ghi chu vien uong dac biet,Cap nhat moi,Link HDSD 1,Link 2,Ngay cap nhat,Address
SaVi Acarbose 50 mg [Acarbose],Acarbose,,,,,,,,,,https://drive.google.com/file/d/1zeM4uSTKOGNfMvw0JSQJ-v01fl6_GPMu/view?usp=drive_link,,‣,S
Savi Acarbose 100 [100mg],Acarbose,viên nén,Uống,Công ty cổ phần dược phẩm Savi,Nhà thuốc & Bệnh viện,,,,,Yes,https://drive.google.com/file/d/1hZpsMykb02umrOXIE20M9SLeQ6B0fLoF/view?usp=drive_link,,‣,S
Vitamin 3B [125 Mg + 125 Mg + 125 Mcg],Vitamin B1 + B6 + B12,,,Nhà máy HDPHARMA EU-Công ty cổ phần dược VTYT Hải Dương,,,,,,,https://drive.google.com/file/d/1oB91GehdqRUPFbFaWDNWhLV05ovhPtrQ/view?usp=drive_link,,‣,V
Cavinton 10 Mg/2 Ml,Vinpocetin,,,Gedeon Richter Plc.,,,Quỹ bảo hiểm y tế thanh toán trong điều trị triệu chứng thần kinh của chứng sa sút trí tuệ do nguyên nhân mạch.,,,,https://drive.google.com/file/d/1IpKCsjuFZ9IvFgllm24h18HveqGsPG_w/view?usp=drive_link,,‣,C
Grandaxin [Tofisopam 50mg],Tofisopam: 50mg,viên nén,Uống,Egis Pharmaceuticals Private Limited Company,Bệnh viện,,,,,Yes,https://drive.google.com/file/d/1wYPuQGt3b0ITI1PNPm6Q7Gkqw_cqHFzP/view?usp=sharing,,‣,G
"Viticalat 1,6g [Ticarcillin + Acid Clavulanic]",Ticarcillin + acid clavulanic,,,CTCP dược phẩm VCP,,,"Quỹ BHYT thanh toán tại Bệnh viện hạng đặc biệt, hạng I, II; bệnh viện chuyên khoa lao và bệnh phổi.",,,,https://drive.google.com/file/d/1ZUYnyoFNv8_wVS2UNILB1TJ23FGH9Twz/view?usp=drive_link,,‣,V
Sucralfat DWP 1000mg,Sucralfat,,,Công ty cổ phần dược phẩm Wealphar,,,,,,,https://drive.google.com/file/d/1qFdRkedCSwAcI2eDGNhfDn3o3YPzc3ct/view?usp=drive_link,,‣,S
Tot'hema,"Sắt gluconat + mangan gluconat + đồng glucon: 50mg (sắt) + 1,33 mg (mangan) + 0,7mg (đồng)",dung dịch,Uống,Innothera Chouzy,Nhà thuốc & Bệnh viện,,,,,Yes,https://drive.google.com/file/d/1rKufHQSBCHIGSKfyinhO09zn_SmcF-fW/view?usp=drive_link,https://drive.google.com/file/d/1tkiJZ9ma0ODMCGN8TaGviSM9YLpKiMS8/view?usp=sharing,‣,T
"Salbutamol Renaudin 5mg/5ml (0,1%)",Salbutamol (sulfat),,,Laboratoire  Renaudin,,,,,,,https://drive.google.com/file/d/1vv_Ewx1oii5TBtT4c2tjB6WN7Am3-FUg/view?usp=drive_link,,‣,S
Calci Clorid 500mg/ 5ml,Calci clorid,,,Công ty CPDP Minh Dân,Nhà thuốc & Bệnh viện,,,,,Yes,https://drive.google.com/file/d/1UQwY5mkIAK6-CgRQYrqC0MqELI-BZNkP/view?usp=drive_link,,‣,C
Ideos [Calci Carbonat + Vitamin D3 1250mg + 400IU],Calci carbonat + vitamin D3: 1250mg + 400IU,viên nhai,Uống,Innothera Chouzy,Nhà thuốc & Bệnh viện,,,,,Yes,https://drive.google.com/file/d/1lv4gJ1qpnFM7D1mF8B608Vew7aLB6YK7/view?usp=sharing,,‣,I
Bromhexin Actavis 8mg,Bromhexin,,,Balkanpharma - Razgrad AD,,,,,,,https://drive.google.com/file/d/1mfRnvwOzgr6WpPaY8EOD0b6olv-w1slE/view?usp=drive_link,,‣,B
Corneil-5 [Bisoprolol Fumarat 5mg],Bisoprolol fumarate,,,Công ty Cổ phần Dược phẩm Đạt Vi Phú,,,,,,,https://drive.google.com/file/d/1YYMYXEqUfYkytZ4cKLaD-U4fgHusixVU/view?usp=drive_link,,‣,C
Concor 5mg,Bisoprolol,,,Merck Healthcare KGaA; CSĐG: P&G Health Austria GmbH & Co. OG,Bệnh viện,,,,,Yes,https://drive.google.com/file/d/1NTZnt4AyCrLD284NvmT6ebHvRB9EW0hM/view?usp=drive_link,,‣,C
Auclanityl 875/125mg [Amoxicilin + Acid Clavulanic],Amoxicilin + Acid Clavulanic,,,Công ty cổ phần dược phẩm Tipharco,,,,,,,https://drive.google.com/file/d/107PXII3oEZS2WolNzYrrzW4Z5dPlZUif/view?usp=drive_link,,‣,A
"Amitriptylin 10, 25, 50 mg",Amitriptylin (hydroclorid),,,Công ty cổ phần dược phẩm Danapha,,,,,,,https://drive.google.com/file/d/1oSHqqAdMogfc-NNOgMQr9fMCdG3NsmL1/view?usp=drive_link,,‣,A
Drenoxol [Ambroxol 30mg/ 10mL],Ambroxol,,,"Laboratórios Vitória, S.A",,,,,,,https://drive.google.com/file/d/1n1pDoxwpwDNZVmqoHl3jbzD51uhhvqYP/view?usp=drive_link,,‣,D
Amxolstad,Ambroxol,,,Công ty TNHH Liên doanh Stellapharm - Chi nhánh 1,,,,,,,https://drive.google.com/file/d/1KLzYxCwMym-rTve23XXwCjrIoHGISYSQ/view?usp=drive_link,,‣,A
"Boganic [85mg + 64mg + 6,4mg]","Actiso,Rau đắng đất, Bìm bìm",,,Traphaco CNC,,,,,,,https://drive.google.com/file/d/1PsD-K_zk8GPV5b6FE1QZ2mtyDjmminHV/view?usp=drive_link,,‣,B
Acyclovir Stella 800 Mg,Aciclovir,,,Công ty TNHH Liên doanh Stellapharm - Chi nhánh 1,,,,,,,https://drive.google.com/file/d/1LnusMP8ZM_mJuIReeakGr2iNTJu1tdDZ/view?usp=drive_link,,‣,A
Tanganil 500mg/5ml,Acetyl leucin: 500mg/5ml,dung dịch,tiêm/ truyền tĩnh mạch,Pierre Fabre,Nhà thuốc & Bệnh viện,,,,,Yes,https://drive.google.com/file/d/1a-imaThMNuhyTxTIAJldQ5sFX-rh7xyn/view?usp=drive_link,https://drive.google.com/file/d/1NUko3AvwYCof8Swi14B1ciEtcKhTULYV/view?usp=sharing,‣,T
Acarbose Friulchem,Acarbose: 100mg,Viên nén,Uống,"Famar Italia, S.p.A",Bệnh viện,,,,,Yes,https://drive.google.com/file/d/1SwR7tzPp_WH3zGMRG2cENPpq0PkhT6OK/view?usp=sharing,,‣,A
Lumigan,"Bimatoprost 0,3mg/ml",Dung dịch,Nhỏ mắt,Allergan Pharmaceuticals ireland,Bệnh viện,,,,,Yes,https://drive.google.com/file/d/1z9YQxG0cyFfLZcmlLhxysLEDMPEssvEz/view?usp=sharing,,‣,L
Lactated Ringer's,"Ringer lactat: (3g+1,55g+0,15g+0,1g)/500ml",Dung dịch,Tiêm/truyền,BioPharm,Bệnh viện,,Quỹ BHYT thanh toán: Ringer lactat; Ringer acetat; Ringerfundin.,,,Yes,https://drive.google.com/file/d/1uBxaYgWZtu2X1uUMGws9iRJOFJVjeses/view?usp=sharing,,‣,L
SUNPRANZA,Esomeprazol,,,,,,"Quỹ BHYT thanh toán theo chỉ định trong tờ hướng dẫn sử dụng thuốc kèm theo hồ sơ đăng ký thuốc đã được cấp phép hoặc hướng dẫn chẩn đoán và điều trị của Bộ Y tế hoặc chỉ định dự phòng loét dạ dày tá tràng, xuất huyết tiêu hóa tại dạ dày, tá tràng do stress ở bệnh nhân hồi sức tích cực.",,,,https://drive.google.com/file/d/1HmFeciw1dojg0iD2hI5a21Zv9QkrOmth/view?usp=drive_link,,‣,S
Quibay,Piracetam,Dung dịch tiêm,Tiêm/truyền,HBM Pharma s.r.o,Bệnh viện,,Quỹ BHYT thanh toán trong điều trị giật rung cơ có nguồn gốc vỏ não.,,,Yes,https://drive.google.com/file/d/1rQrmsI6pH4JacpAn16sJ5UTLIA5dyNdg/view?usp=drive_link,,‣,Q
Pdsolone-40mg,Methyl prednisolon,,,,,,"Đối với phòng khám đa khoa và trạm y tế xã, Quỹ BHYT thanh toán điều trị cấp cứu phản vệ.",,,,https://drive.google.com/file/d/1kh54AqHkhaZBmsuyTG7U63Cw8DxdQfEV/view?usp=drive_link,,‣,P
PANTOCID IV,Pantoprazol,,,,,,"Quỹ BHYT thanh toán theo chỉ định trong tờ hướng dẫn sử dụng thuốc kèm theo hồ sơ đăng ký thuốc đã được cấp phép hoặc hướng dẫn chẩn đoán và điều trị của Bộ Y tế hoặc chỉ định dự phòng loét dạ dày tá tràng, xuất huyết tiêu hóa tại dạ dày, tá tràng do stress ở bệnh nhân hồi sức tích cực",,,,https://drive.google.com/file/d/1CLkMaviADX6uQ3ZwNdQE-w0-JEPxHrxY/view?usp=drive_link,,‣,P
Lilonton Injection 3000mg/15ml,Piracetam,,,,,,Quỹ BHYT thanh toán trong điều trị giật rung cơ có nguồn gốc vỏ não.,,,,https://drive.google.com/file/d/1Cc6R5qKS12hf0GwPKcXovSuytGp7zvj5/view?usp=drive_link,,‣,L
Trabogan [Actisô 600mg],Actisô,,,CTCP dược VTYT Hải Dương,,,,,,,https://drive.google.com/file/d/1uiher8O4suYZkkdoFW9yuZOsd4fDmohv/view?usp=drive_link,,‣,T
SaViLeucin 500mg,Acetyl leucin,,,CTCP dược phẩm SaVi,,,,,,,https://docs.google.com/document/d/1AwzY_DzSrAJBNMV6ctLTCFaUDDHeNhOS/edit?usp=sharing&ouid=117534694973414002745&rtpof=true&sd=true,,‣,S
Vanconex (Vancomycin Hydrochloride for Injection USP 1g/Vial),Vancomycin,,,,,,"Quỹ BHYT thanh toán tại Bệnh viện hạng đặc biệt, hạng I, II, bệnh viện chuyên khoa lao và bệnh phổi.",,,,https://drive.google.com/file/d/1XvODBsPV3T1GLYFktmp-Yu7MiLGD75g1/view?usp=sharing,,‣,V
INSUNOVA - N (NPH),"Insulin người tác dụng trung bình, trung gian",,,,,,,,,,https://drive.google.com/file/d/1KL0Wso3oDBbQRtTpUFOFR687dckMvEWp/view?usp=sharing,,‣,I
Natrixam 1.5mg/5mg,"Amlodipin + indapamid: 1,5mg; 5mg",Viên nén giải phóng kiểm soát,Uống,"Les Laboratoires Servier Industrie, Pháp",Nhà thuốc & Bệnh viện,,,,Không được nhai/bẻ/nghiền viên thuốc,Yes,https://drive.google.com/file/d/1I9swVDmubKKjXB7H3y61YD2sQoMc6uAf/view?usp=drive_link,https://drive.google.com/file/d/1TX--9t49vAngNVW9_CGEnuVqIxK26LF_/view?usp=sharing,‣,N
Meconeuro,"Mecobalamin: 0,5mg/ml",dung dịch tiêm,Tiêm/truyền,Novell Pharmaceutical laboratories,Bệnh viện,,"Quỹ BHYT thanh toán điều trị thiếu máu hồng cầu khổng lồ, bệnh lý thần kinh ngoại biên do thiếu vitamin B12.",,,Yes,https://drive.google.com/file/d/12QMQoanUoA442DyO32Pykm8o4rbWSOF8/view?usp=sharing,,‣,M
Sarariz Cap.,Flunarizin,,,,,,Quỹ BHYT thanh toán điều trị dự phòng cơn đau nửa đầu trong trường hợp các biện pháp điều trị khác không có hiệu quả hoặc kém dung nạp.,,,,https://drive.google.com/file/d/1tel-W4hgnyZzI-RNdj35Se-FTaaZmOSI/view?usp=drive_link,,‣,S
Pantin 40,Pantoprazol,,,,,,"Quỹ BHYT thanh toán theo chỉ định trong tờ hướng dẫn sử dụng thuốc kèm theo hồ sơ đăng ký thuốc đã được cấp phép hoặc hướng dẫn chẩn đoán và điều trị của Bộ Y tế hoặc chỉ định dự phòng loét dạ dày tá tràng, xuất huyết tiêu hóa tại dạ dày, tá tràng do stress ở bệnh nhân hồi sức tích cực.",,,,https://drive.google.com/file/d/1onOIiwTLtlSA-da0YKDvmYYW1u8ZelT8/view?usp=drive_link,,‣,P
Danapha-Rabe,Rabeprazol 10mg,,,,,,"Quỹ BHYT thanh toán theo chỉ định trong tờ hướng dẫn sử dụng thuốc kèm theo hồ sơ đăng ký thuốc đã được cấp phép hoặc hướng dẫn chẩn đoán và điều trị của Bộ Y tế hoặc chỉ định dự phòng loét dạ dày tá tràng, xuất huyết tiêu hóa tại dạ dày, tá tràng do stress ở bệnh nhân hồi sức tích cực.",,,,https://drive.google.com/file/d/1YK1Q5N8FjsXKV8rEQjPZ3lcmKytaas3N/view?usp=sharing,,,
Cavinton,Vinpocetin,Viên nén,Uống,Gedeon Richter,Nhà thuốc & Bệnh viện,,Quỹ BHYT thanh toán trong điều trị triệu chứng thần kinh của chứng sa sút trí tuệ do nguyên nhân mạch.,,,Yes,https://drive.google.com/file/d/1rLlZeKy_3BZAaQ5ckQXDfVN5DoW6hibk/view?usp=sharing,,‣,C
Cepemid 1g,Imipenem + cilastatin*,,,,,,"Quỹ BHYT thanh toán tại Bệnh viện hạng đặc biệt, hạng I, II; bệnh viện chuyên khoa lao và bệnh phổi.",Cần hội chẩn,,,https://drive.google.com/file/d/1nNU1ZQ7m45n8bNFAnpgxw-WaspFOnzni/view?usp=drive_link,,‣,C
Nerazzu-plus,Losartan + hydroclorothiazid: 100mg +25mg,,Uống,Davi Pharm,Bệnh viện,,,,,Yes,https://drive.google.com/file/d/191bavi3TPzo4ythIsTq5QnOexJtkasZd/view?usp=drive_link,,‣,N
Neo-Tergynan,Metronidazol + neomycin + nystatin: 500mg + 65.000UI + 100.000UI,Viên nén,Đặt âm đạo,Sophartex,Bệnh viện,,,,,Yes,https://drive.google.com/file/d/1UwiDQWH173KeQkQe5TLDFxTTVIqflHmH/view?usp=drive_link,,‣,N
Tardyferon B9,"Sắt sulfat + acid folic: 0,35mg + 50mg (154,53mg)",Viên nén giải phóng kéo dài,Uống,"Pierre Fabre Medicament production, Pháp",Bệnh viện,,,,Không được nhai/bẻ/nghiền viên thuốc,Yes,https://drive.google.com/file/d/1wVj7mWO_MIA_HdfmkmrzsubjmznDv81w/view?usp=drive_link,,‣,T
Neo-Endusix,Tenoxicam: 20mg,Bột đông khô pha tiêm,Tiêm/truyền,Anpharm,Bệnh viện,,,,,Yes,https://drive.google.com/file/d/1akXcfuFn6TqQeH8NnZjemILwHm0ij-Vv/view?usp=drive_link,,‣,N
Nebivolol 5mg,Nebivolol: 5mg,,Uống,CT CP DP KHÁNH HOÀ,Bệnh viện,,,,,Yes,https://drive.google.com/file/d/1zHT6aM9FCQCF7IC7aSOO5lBqkgPy9fbX/view?usp=drive_link,,‣,N
NDP-Saxa 5,Saxagliptin: 5 mg,viên nén bao phim,Uống,,Bệnh viện,,,,,Yes,https://drive.google.com/file/d/1_DrzBl3ylSwNrSHg0nvmN0E4kfoiigVe/view?usp=drive_link,,‣,N
"Natri clorid 0,45%","Natri clorid: 0,45g/100ml x 500ml",Dung dịch tiêm truyền,Tiêm/truyền,Công Ty Cổ Phần Kỹ Thuật Dược Bình Đình,Bệnh viện,,,,,Yes,https://drive.google.com/file/d/13PFZZ6tmxxwo-imoV95OFJg0HmMzXNmR/view?usp=drive_link,,‣,N
Naptogast 20,Pantoprazol: 20mg,Viên nang cứng chứa pellet bao tan trong ruột,Uống,"Công ty cổ phần dược phẩm Reliv, Việt Nam",Bệnh viện,,"Quỹ BHYT thanh toán theo chỉ định trong tờ hướng dẫn sử dụng thuốc kèm theo hồ sơ đăng ký thuốc đã được cấp phép hoặc hướng dẫn chẩn đoán và điều trị của Bộ Y tế hoặc chỉ định dự phòng loét dạ dày tá tràng, xuất huyết tiêu hóa tại dạ dày, tá tràng do stress ở bệnh nhân hồi sức tích cực.",,Không được nhai/bẻ/nghiền viên thuốc,Yes,https://drive.google.com/file/d/1CH0HKMEsbYFgaK04vhfV5HptNcSg86em/view?usp=drive_link,,‣,N
"Naphazolin 0,05% Danapha","Naphazolin: 2,5mg/5ml",Dung dịch,Nhỏ mũi,CTCP DP DANAPHA,Bệnh viện,,,,,Yes,https://drive.google.com/file/d/1J6WYthOAEzQP5PIkroWSPrPdiqv8V9WN/view?usp=drive_link,,‣,N
Nanokine 4000 IU,Erythropoietin: 4000IU/ 1ml,"Tiêm, Dung dịch tiêm",Tiêm/truyền,Nanosen,Bệnh viện,,,,,Yes,https://drive.google.com/file/d/1Tpey7entA1etEKTQKrvi6kcFg0oAETw2/view?usp=drive_link,,‣,N
Nalordia,Quetiapin: 100mg,,Uống,orion ration,Bệnh viện,,,,,Yes,https://drive.google.com/file/d/1jcA5-sae34jeReqo03z_nEB9kxu-dy4b/view?usp=drive_link,,‣,N
Acyclovir Stella 800mg,Aciclovir: 800mg,Viên nén,Uống,Stella Pharm,Bệnh viện,,,,,Yes,https://drive.google.com/file/d/1LnusMP8ZM_mJuIReeakGr2iNTJu1tdDZ/view?usp=sharing,,‣,A
Lidocain- BFS 200mg,Lidocain hydroclodrid: 200mg/10ml,Dung dịch tiêm truyền,Tiêm/truyền,CPC 1 HN,Bệnh viện,,,,,Yes,https://drive.google.com/file/d/1BNIQ402ujWWT-J5WaxQGlfT4JPgjoqMJ/view?usp=drive_link,,‣,L
Lidocain,"Lidocain hydroclodrid: Lidocaine 3,8g","Phun mù bơm vào niêm mạc, Thuốc phun mù",Dùng ngoài,Egis Pharmaceutical,Bệnh viện,,,,,Yes,https://drive.google.com/file/d/1T2HQnTHvFddw_m55Y-27n9St4WMAqYdB/view?usp=drive_link,,‣,L
Erafiq 5/80,Amlodipin + valsartan: 5mg + 80mg,Viên nén bao phim,Uống,DermaPharm,Bệnh viện,,,,,Yes,https://drive.google.com/file/d/1s0RPXdNQUp0egtoTsPac5RJkCHdUnxBI/view?usp=drive_link,,‣,E
Ephedrine Aguettant 30mg/10ml,Ephedrin: 30mg/10ml,dung dịchh,tiêm/ truyền tĩnh mạch,Laboratoire AGUETTANT,Bệnh viện,,,,,Yes,https://drive.google.com/file/d/1NMxYTnj1wQm4C2k-Du8MIVeOUBA1LdCg/view?usp=sharing,,‣,E
SaviProlol Plus HCT 2.5/6.25,"Bisoprolol + hydroclorothiazid: 2,5mg+6,25mg",Viên nén,Uống,Savipharm,Bệnh viện,,,,,Yes,https://drive.google.com/file/d/1Tzg6bd_NMzD8RMvu4d2Ikt33u8qipYA3/view?usp=drive_link,,‣,S
Glipeform 500/5,Glibenclamid + metformin: 5mg + 500mg,Viên nén bao phim,Uống,pymepharco,Bệnh viện,,,,,Yes,https://drive.google.com/file/d/1r5kKd6Gd5xa-OpA9jMl1CJs6qDi1ReFp/view?usp=drive_link,,‣,G
Sita-Met tablets 50/500,Sitagliptin + metformin: 50mg + 500mg,Viên nén,Uống,MG-SUN PHARM,Bệnh viện,,,,,Yes,https://drive.google.com/file/d/1B7NQJ0zGWdQsgPHehIfrC9PqFGaC_AEc/view?usp=drive_link,,‣,S
SIMVOFIX 10/20 MG,Simvastatin + ezetimibe: 10mg +20mg,Viên nén,Uống,MG-SUN PHARM,Bệnh viện,,,,,Yes,https://drive.google.com/file/d/1JHkTLLMCyEw4vGJMHeHQI7dxXXCvLbDT/view?usp=drive_link,,‣,S
Simvastatin,Simvastatin: 10mg,Viên nén,Uống,CTCP DƯỢC PHẨM OPV,Bệnh viện,,,,,Yes,https://drive.google.com/file/d/12TW7lOr4SRjakOUOAYwJqHb6n78lLtph/view?usp=drive_link,,‣,S
Silverzinc 50,Kẽm gluconat: 50mg,Viên nén,Uống,CTCP DƯỢC PHẨM OPV,Bệnh viện,,,,,Yes,https://drive.google.com/file/d/1E8rfcOMPq3S3N8PQgG7z0terZ9yoqjbI/view?usp=drive_link,,‣,S
Schaaf,Doxazosin: 2 mg,Viên nén,Uống,DAVIPHARM,Bệnh viện,,,,,Yes,https://drive.google.com/file/d/1BiduazXs1IOef5RMHHhj61EZUER1J_yG/view?usp=drive_link,,‣,S
Savxiga 10,Dapagliflozin: 10mg,Viên nén,Uống,SAVIPHARM,Bệnh viện,Quỹ BHYT thanh toán 70%.,Quỹ BHYT thanh toán 70%.,,,Yes,https://drive.google.com/file/d/1A6mNuwPVfYDtfzu30cXZZaALyubFujjw/view?usp=drive_link,,‣,S
SavNopain 250,Naproxen: 250mg,Viên nén,Uống,SAVIPHARM,Bệnh viện,,,,,Yes,https://drive.google.com/file/d/1vQTrCaOJoChmDTzDmfGyekubbKvdrw5q/view?usp=drive_link,,‣,S
Savjenta 5,Linagliptin: 5mg,Viên nén,Uống,SAVIPHARM,Bệnh viện,,,,,Yes,https://drive.google.com/file/d/1-ci1oHBy3kLuPLhA9rPhAsXtM2YWAsKN/view?usp=drive_link,,‣,S
SaViDimin,Diosmin + hesperidin: 450mg + 50mg,Viên nén,Uống,SAVIPHARM,Bệnh viện,,,,,Yes,https://drive.google.com/file/d/1Xt0XcnFUlqlrRw27dB_6yRj_SfenWfU_/view?usp=drive_link,,‣,S
SaVi Valsartan Plus HCT 80/12.5,"Valsartan + hydroclorothiazid: 80mg+12,5mg",Viên nén,Uống,savipharm,Bệnh viện,,,,,Yes,https://drive.google.com/file/d/1v2C8vxaKH3KjmnzAIMdBpDXovlECPJIf/view?usp=drive_link,,‣,S
Savi Valsartan 80,Valsartan: 80mg,Viên nén,Uống,savipharm,Bệnh viện,,,,,Yes,https://drive.google.com/file/d/1OHvccWGlVSQoHkBrfiQJmIDfSPD23cN-/view?usp=drive_link,,‣,S
SaVi Valsartan 160,Valsartan: 160mg,viên nén,Uống,savipharm,Bệnh viện,,,,,Yes,https://drive.google.com/file/d/1XB_YMGUJTv8fSu0R9ilgDHLZEQQyQ86o/view?usp=drive_link,,‣,S
SaVi Rosuvastatin 10,Rosuvastatin: 10mg,viên nén,Uống,savipharm,Bệnh viện,,,,,Yes,https://drive.google.com/file/d/1VXVsaUzkkvHMZfCF8TQMwOh7iI2czw6L/view?usp=drive_link,,‣,S
SaVi Pantoprazole 40,Pantoprazol: 40mg,Viên nén bao phim tan trong ruột,Uống,"Công ty CPDP SaVi, Việt Nam",Bệnh viện,,"Quỹ BHYT thanh toán theo chỉ định trong tờ hướng dẫn sử dụng thuốc kèm theo hồ sơ đăng ký thuốc đã được cấp phép hoặc hướng dẫn chẩn đoán và điều trị của Bộ Y tế hoặc chỉ định dự phòng loét dạ dày tá tràng, xuất huyết tiêu hóa tại dạ dày, tá tràng do stress ở bệnh nhân hồi sức tích cực.",,Không được nhai/bẻ/nghiền viên thuốc,Yes,https://drive.google.com/file/d/1SECpP3yzRloFlX5HEdcyNHQHOr-uWEJa/view?usp=drive_link,,‣,S
SaVi Betahistine 16,Betahistin : 16mg,viên nén,Uống,Savipharm,Bệnh viện,,,,,Yes,https://drive.google.com/file/d/1co1t8NDMOueyJuchaWvem_d_cxFb6WMJ/view?usp=drive_link,,‣,S
SaVi Albendazol 200,Albendazol: 200 mg,viên nén,Uống,savi pharma,Bệnh viện,,,,,Yes,https://drive.google.com/file/d/1UL_jZopszkmfSjAp9XY2316XduiwvXY-/view?usp=drive_link,,‣,S
SaVi Lisinopril 5,Lisinopril: 5mg,,Uống,Savi pharm,Bệnh viện,,,,,Yes,https://drive.google.com/file/d/1oNvAv31L1aQVsqES4-4gAtH33ks4wSqi/view?usp=drive_link,,‣,S
Rianam,Acid amin*: Mỗi 200ml dung dịch chứa: LIsoleucin 1840mg; LLeucin 1890mg; LLysin acetat 790mg; L-Methionin 88mg; L-Phenylalanin 60mg; L-Threonin 428mg; LTryptophan 140mg; L-Valin 1780mg; LAlanin 1680mg; LArginin 3074mg; LAspartic acid 40mg; L-Histidin 620mg; LProlin 1060mg; LSerin 520mg; LTyrosin 80mg; Glycin 1080mg,Dung dịch,Tiêm/truyền,CT TNHH Dược Phẩm Allomed,Bệnh viện,,,,,Yes,https://drive.google.com/file/d/1WULo2KSdQMMwIzZjXXqSHnCc2y_TreZn/view?usp=drive_link,,‣,R
RESIDRON,Risedronat 35mg,Viên nén bao phim,Uống,MEGA LIFESCIENCES,Bệnh viện,,,,,Yes,https://drive.google.com/file/d/1Tx3ueweU0FoG6IqTgUsKle0cjQS2eGhy/view?usp=drive_link,,‣,R
Sitagliptin 100,Sitagliptin: 100mg,viên nén,Uống,khánh hòa,Bệnh viện,,,,,Yes,https://drive.google.com/file/d/1iyShWMtubVOdQsgu3vO5DCo6etPyRBD7/view?usp=drive_link,,‣,S
SaVi Gemfibrozil 600,Gemfibrozil: 600mg,viên nén bao phim,Uống,Savi pharma,Bệnh viện,,,,,Yes,https://drive.google.com/file/d/1hOun4hWRpHh7D3TDBZrd2NvlpEjwKkCy/view?usp=drive_link,,‣,S
Sitagliptin 50mg,Sitagliptin: 50mg,viên nén,Uống,boston,Bệnh viện,,,,,Yes,https://drive.google.com/file/d/1ZmesrYVaNpEor97Mf2MLOYKdc_SAb06n/view?usp=drive_link,,‣,S
Ridolip 10,Ezetimibe: 10mg,Viên nén,Uống,Hasan,Bệnh viện,,,,,Yes,https://drive.google.com/file/d/1YEAYTT9S7mnGyGG3erU0MPq3czPCRPbO/view?usp=drive_link,,‣,R
Repaglinide Tablets 0.5mg; Repaglinide Tablets 2mg,Repaglinid,viên nén,Uống,USV Private Limited,Bệnh viện,,,,,Yes,https://drive.google.com/file/d/1T6uDy0VWe8Pv1tdXMkwTe27zja1VatnJ/view?usp=drive_link,,‣,R
Sitaglo 100,Sitagliptin: 100mg,Viên nén,Uống,Atrapharma,Bệnh viện,,,,,Yes,https://drive.google.com/file/d/1_gC1LrX2sqd2_yFETAY0OY3cuHJdUdiH/view?usp=drive_link,,‣,S
RIOSART HCT 80+12.5MG,Valsartan + hydroclorothiazid: 80 + 12.5mg,Viên nén,Uống,Rabaxy,Bệnh viện,,,,,Yes,https://drive.google.com/file/d/1YV24A0Imoxs340eKJ0WKsvrHA4AGQT9I/view?usp=drive_link,,‣,R
Refresh Tears,Natri carboxymethylcellulose (natri CMC): 75mg/15ml,Dung dịch nhỏ mắt,Nhỏ mắt,"ALLERGAN SALES, LLC",Bệnh viện,,,,,Yes,https://drive.google.com/file/d/1TRXAFSUuFieIc4FYAuAq6oeFDPGGg-ej/view?usp=drive_link,,‣,R
Mylenfa II,Magnesi hydroxyd + nhôm hydroxyd + simethicon: 200mg + 200mg + 20mg,Viên nhai,Uống,CT CP Đồng Nai,Bệnh viện,,,,,Yes,https://drive.google.com/file/d/1efAPdfrIhwNKb5YeNPdPfq_0GAd8RhrP/view?usp=drive_link,,‣,M
Rocuronium-BFS,Rocuronium bromid: 50mg/5ml,Dung dịch,Tiêm/truyền,BFS_CPC1 HN,Bệnh viện,,,,,Yes,https://drive.google.com/file/d/1_nU_28uC_paEpc1MnPTiwsU9nNYGrDvz/view?usp=drive_link,,‣,R
Ravastel-5,Rosuvastatin 5mg,Viên nén bao phim,Uống,DAVIPHARM,Bệnh viện,,,,,Yes,https://drive.google.com/file/d/1F1VEU9dQZL5AQ9Mv-4wsLriohWZz1P_U/view?usp=drive_link,,‣,R
Mydrin-P,Tropicamide + phenylephrine hydroclorid: 50mg/10ml + 50mg/10ml,Dung dịch nhỏ mắt,Nhỏ mắt,Santen Pharma,Bệnh viện,,,,,Yes,https://drive.google.com/file/d/1VEBEDGsQxMP8Zr3Dqy_tjFFN8gnvNdFV/view?usp=drive_link,,‣,Santen Pharma
Rabeprazole sodium 20mg,Rabeprazol 20mg,Bột đông khô pha tiêm,tiêm/ truyền tĩnh mạch,IMEXPHARM,Bệnh viện,,"Quỹ BHYT thanh toán theo chỉ định trong tờ hướng dẫn sử dụng thuốc kèm theo hồ sơ đăng ký thuốc đã được cấp phép hoặc hướng dẫn chẩn đoán và điều trị của Bộ Y tế hoặc chỉ định dự phòng loét dạ dày tá tràng, xuất huyết tiêu hóa tại dạ dày, tá tràng do stress ở bệnh nhân hồi sức tích cực.",,,Yes,https://drive.google.com/file/d/18CBOwHMOEr75LVRP4HJCmxq1cWopL97J/view?usp=drive_link,,‣,R
Mycemol,Paracetamol + methocarbamol: 500mg + 400mg,,Uống,Mryer BCP,Bệnh viện,,,,,Yes,https://drive.google.com/file/d/1Dfrw79sjMKBO7KC6AWZyjQWvI3_UuRkW/view?usp=drive_link,,‣,M
Rabeprazol 20mg,Rabeprazol 20mg,Viên nén bao phim tan trong ruột,Uống,"Công ty cổ phần Dược phẩm Khánh Hòa, Việt Nam",Bệnh viện,,"Quỹ BHYT thanh toán theo chỉ định trong tờ hướng dẫn sử dụng thuốc kèm theo hồ sơ đăng ký thuốc đã được cấp phép hoặc hướng dẫn chẩn đoán và điều trị của Bộ Y tế hoặc chỉ định dự phòng loét dạ dày tá tràng, xuất huyết tiêu hóa tại dạ dày, tá tràng do stress ở bệnh nhân hồi sức tích cực.",,Không được nhai/bẻ/nghiền viên thuốc,Yes,https://drive.google.com/file/d/18CBOwHMOEr75LVRP4HJCmxq1cWopL97J/view?usp=drive_link,,‣,
Mupricon Ointment,"Mupirocin: 0,1g/5g x 5g",thuốc mỡ,Dùng ngoài,Indchemie Health Specialities,Bệnh viện,,,,,Yes,https://drive.google.com/file/d/1H6f3rZ13-8qWIbe1f03Z5x4L4fB2R-F1/view?usp=drive_link,,‣,M
ROTINVAST 20,Rosuvastatin: 20mg,Viên nén,Uống,Agimexpharm,Bệnh viện,,,,,Yes,https://drive.google.com/file/d/1awzHLxsPCtCRA4lqMNgSX31qlu6Ud31W/view?usp=drive_link,,‣,R
Sitamac 100,Sitagliptin: 100mg,viên nén,Uống,macleods,Bệnh viện,,,,,Yes,https://drive.google.com/file/d/1JaHuBdIopRmxUmpB1idOQwuuikC3Uy3O/view?usp=drive_link,,‣,S
Mucome spray,Xylometazolin: 10mg/10ml,Dung dịch khí dung,hít,,Bệnh viện,,,,,Yes,https://drive.google.com/file/d/1Fo7XYZ2NSmo8HAvCNlkq2Fn7DQ5uH2Fr/view?usp=drive_link,,‣,CPC1 HN
Moxilen 500mg,Amoxicilin 500mg,Viên nang cứng,Uống,Medochemie,Bệnh viện,,,,,Yes,https://drive.google.com/file/d/1ODf_6ddXtQNpmdAjal82RndIb3dlxu-u/view?usp=drive_link,,‣,M
Premilin 75mg,Pregabalin: 75mg,Viên nang cứng,Uống,SaviPharm,Bệnh viện,,,,,Yes,https://drive.google.com/file/d/1ZZ8FIVRBr6WbwQAFGOH9AAhrEocNLbY9/view?usp=drive_link,,‣,P
Mocramide 50mg,Vildagliptin: 50mg,,Uống,Medochemie,Nhà thuốc & Bệnh viện,,,,,Yes,https://drive.google.com/file/d/1ry50s6Ds4ojz5cc9DmsafaNUnHsDJ8ut/view?usp=drive_link,,‣,M
Mivifort 1000/50,Vildagliptin + metformin: 50mg + 1000mg,Viên nén bao phim,Uống,CT TNHH LD Hansan,Bệnh viện,,,,,Yes,https://drive.google.com/file/d/102e6kmEbtKaDsrq_QMd5YGw2hMvx1N_W/view?usp=drive_link,,‣,M
Mitarpin 15,Mirtazapin: 15 mg,Viên nén phân tán trong miệng,Uống,Boston Pharma,Bệnh viện,,,,,Yes,https://drive.google.com/file/d/1yBYhDg0Z3ZahPTOMProIRLceBwVdjB1r/view?usp=drive_link,,‣,M
Polhumin Mix-2,"Insulin người trộn, hỗn hợp: 100IU/mlx3ml",Hỗn dịch,tiêm/ truyền tĩnh mạch,Polfa,Bệnh viện,,,,,Yes,https://drive.google.com/file/d/1lM2ddQtmOSfURD7Nb-IocWR1vP_W8j3R/view?usp=drive_link,,‣,P
SaVi Albendazol 200,,,,,,,,,,,,,,
Plendil Plus,"Felodipin + metoprolol tartrat: Felodipine 5mg; Metoprolol succinat 47,5mg (tương đương với Metoprolol tartrate 50mg hoặc metoprolol 39mg)",Viên nén phóng thích,Uống,"AstraZeneca AB, Thụy Điển",Bệnh viện,,,,Không được nhai/bẻ/nghiền viên thuốc,Yes,https://drive.google.com/file/d/1RV2yteiFdTsdjJoilBkNjEC0HhcKnYd0/view?usp=drive_link,,‣,P
Salzol,Salbutamol sulfat: 4mg,VIÊN NÉN,Uống,WINDLAS BIOTECH,Bệnh viện,,,,,Yes,https://drive.google.com/file/d/1cKnRoPSqT8L56zTyGLF75EY8h_kYMLbF/view?usp=drive_link,,‣,S
"Midapezon 1g/0,5g","Cefoperazon + sulbactam: 1 g + 0,5g","Tiêm, Thuốc bột pha tiêm",Tiêm/truyền,CT CP DP Minh Dân,Bệnh viện,,,,,Yes,https://drive.google.com/file/d/1WEQL98ZePWGXFq6XCJwRV4wOiCheSX1o/view?usp=drive_link,,‣,M
Piroxicam,Piroxicam: 20mg,Viên nang,Uống,CT CP Dược Phẩm Khánh Hòa,Bệnh viện,,,,,Yes,https://drive.google.com/file/d/1q7fxAg5bW79m1X-oMKDVR6GNXTqU8bBd/view?usp=drive_link,,‣,P
Midantin 875/125,Amoxicilin + acid clavulanic: 875mg + 125mg,,Uống,CT CP DP Minh Dân,Bệnh viện,,,,,Yes,https://drive.google.com/file/d/1tzuBxP_BrJL2UPKE2cvTtrMaL-8vSTxJ/view?usp=drive_link,,‣,M
Sitamibe-M 50/1000,Sitagliptin + metformin: 50mg + 1000mg,VIÊN NÉN,Uống,"HASAN-DERMAPHARM JONT VENTURE CO,LTD",Bệnh viện,,,,,Yes,https://drive.google.com/file/d/1fdfC68viLPQwgyXrFwvVZpDVeHsJQgXE/view?usp=drive_link,,‣,S
Pyzacar 50 mg,Losartan 50mg,Viên nén bao phim,Uống,CTCP PYMEPHARCO,Bệnh viện,,,,,Yes,https://drive.google.com/file/d/1ZfUuuLxoRrTrslxF9d9Wi5180Milhe8P/view?usp=drive_link,,‣,P
Sitomet 50/850,Sitagliptin + metformin: 50mg + 850mg,VIÊN NÉN,Uống,BOSTON,Bệnh viện,,,,,Yes,https://drive.google.com/file/d/113W2IdTCSHV06YNh08HX12934NcZ4URo/view?usp=drive_link,,‣,S
Mibetel HCT,"Telmisartan + hydroclorothiazid: 40mg + 12,5mg",,Uống,CT TNHH LD Hansan,Bệnh viện,,,,,Yes,https://drive.google.com/file/d/1cjZbENe7QSBNO-Z-wdHegmQdAIRnu9GI/view?usp=drive_link,,‣,M
Skiran 50mg,Sitagliptin: 50mg,viên nén,Uống,medochemie,Bệnh viện,,,,,Yes,https://drive.google.com/file/d/1_OOlEUB08VyCHEkaDmo_kQnZB1sETpst/view?usp=drive_link,,‣,S
Perisamlor 5 mg/5 mg,Perindopril + amlodipin: 5mg + 5mg,Viên nén,Uống,DRP Inter,Bệnh viện,,,,,Yes,https://drive.google.com/file/d/177C1oCRgxfw1eh4UoGCpBhKC6cnXGLxf/view?usp=drive_link,,‣,P
"Sodium chloride 0,9%","Natri clorid: 0,9% x 500ml",DUNG DỊCH TIÊM,Tiêm/truyền,OTSUKA,Bệnh viện,,,,,Yes,https://drive.google.com/file/d/1W7GRo9BRnreOMyIJeaAQrSPsjwa-CXj_/view?usp=drive_link,,‣,S
Mibetel AM 40/5,Amlodipin + telmisartan: 5mg + 40mg,,Uống,Hasan,Bệnh viện,,,,,Yes,https://drive.google.com/file/d/1cjZbENe7QSBNO-Z-wdHegmQdAIRnu9GI/view?usp=drive_link,,‣,M
Perglim 3,Glimepirid: 3mg,Viên nén,Uống,Iventia Heathcare,Bệnh viện,,,,,Yes,https://drive.google.com/file/d/1C7PEbXTfdpM_R92I0ycC6CgcfG19AFrK/view?usp=drive_link,,‣,P
Somazina 500mg,Citicolin: 500mg/ 4ml,dung dịch tiêm,Tiêm/truyền,"FERRER ỈTERNACIONAL,S.A",Bệnh viện,Quỹ BHYT thanh toán 50%,Quỹ BHYT thanh toán 50% trong các trường hợp:- Đột quỵ cấp tính;- Sau chấn thương sọ não;- Sau phẫu thuật chấn thương sọ não;- Sau phẫu thuật thần kinh sọ não.,,,Yes,https://drive.google.com/file/d/1IduqTzYnvS7LVREbyZNeANfVc69VRTDK/view?usp=drive_link,,‣,S
Pepta-bisman,Bismuth : 525mg/15ml,Hỗn dịch,Uống,Hasan,Bệnh viện,,,,,Yes,https://drive.google.com/file/d/1MwPvlN7yaZ1lvbIdnHrX7JWUD5oApUbw/view?usp=drive_link,,‣,P
Sorbitol 3%,Sorbitol: 3%/5lit,dung dịch rửa,rửa nội soi,Vĩnh phúc,Bệnh viện,,,,,Yes,https://drive.google.com/file/d/1Mp4mnnpcRijdiBw-9LuCabM3a67XXzmu/view?usp=drive_link,,‣,S
Glucose 10%,Glucose: 10% x 500ml,Dung dịch tiêm truyền tĩnh mạch,tiêm/ truyền tĩnh mạch,Công ty cổ phần IVC,Bệnh viện,,,,,Yes,https://drive.google.com/file/d/1RezMirZdhOWiQ9JK68GT1RNUu3m_1ntC/view?usp=drive_link,,‣,G
Spiriva Respimat,"Tiotropium: 0,0025mg/nhát xịt",dung dịch hít,hít,boehringer ingelheim,Bệnh viện,,,,,Yes,https://drive.google.com/file/d/1-mPx6jXV9zREr4VqwU50FQSw0GOugben/view?usp=drive_link,,‣,S
Paringold Injection,Heparin (natri): 25.000IU/5ml,dung dịch tiêm,Tiêm/truyền,JW Pharmaceuticals,Bệnh viện,,,,,Yes,https://drive.google.com/file/d/1LcV1w7tHSbPvNofXWjZjhkd04gVmaHKF/view?usp=drive_link,,‣,L
Stadfovir 25,Tenofovir (TDF): 25mg,viên nén,Uống,,Bệnh viện,,,,,Yes,,,‣,
Tabarex-160,Valsartan: 160mg,Viên nén bao phim,Uống,Davipharm,Bệnh viện,,,,,Yes,https://drive.google.com/file/d/1a4izeFR9MItegKS0ruy8dRWQeYrxgnzs/view?usp=drive_link,,‣,T
Mibelet,Nebivolol: 5mg,,Uống,CTY TNHH LIÊN DOANH HASAN - DERMAPHARM,Bệnh viện,,,,,Yes,https://drive.google.com/file/d/1RmRotQ_vI1vFfAI7Km_iKV3SxO2F6SjH/view?usp=sharing,,‣,M
Stadlacil 2,Lacidipin: 2 mg,VIÊN NÉN,Uống,LD STELLAPHARM,Bệnh viện,,,,,Yes,https://drive.google.com/file/d/1SYZkR2irZKptyNhoGSsSzKHcGoZ3INLx/view?usp=drive_link,,‣,S
Stamlo-T,Amlodipin + telmisartan: 40mg; 5mg,viên nén,Uống,dr.reddy”s laboratories .ltd,Bệnh viện,,,,,Yes,https://drive.google.com/file/d/1jBeqXd_C95E0892Uak3dPcQOzKXttjKX/view?usp=drive_link,,‣,S
Paravina 1 g,"Paracetamol (acetaminophen: 1g/6,7ml",Dung dịch đậm đặc để pha,Tiêm/truyền,Cty CP Dược Phẩm Vĩnh Phúc,Bệnh viện,,,,,Yes,https://drive.google.com/file/d/1mhX801OAA3neEPazimdEAnA5Rrt-_m6S/view?usp=drive_link,,‣,P
Stilaren,Vildagliptin + metformin: 50mg + 850mg,VIÊN NÉN,Uống,DRPinter,Bệnh viện,,,,,Yes,https://drive.google.com/file/d/1AxaOPx8pNPapZbMlJUyiccCZCpTnuYuE/view?usp=drive_link,,‣,S
Meyerfibrat NT 145,Fenofibrat : 145 mg,viên nén bao phim,Uống,Công ty liên doanh Meyer BPC,Bệnh viện,,,,,Yes,https://drive.google.com/file/d/1H4GPdpcUauwKFNK1k3lr-2v0Fhkpoa3B/view?usp=sharing,,‣,M
Stogurad,Sulpirid 50MG,VIÊN NANG,Uống,DAVIPHARM,Bệnh viện,,,,,Yes,https://drive.google.com/file/d/1uMbKzjvuuKOF2ZniRvOJlWJpVOKbJ8CM/view?usp=drive_link,,‣,S
Parabamol 400/325,Paracetamol + methocarbamol: 400mg + 325mg,Viên nén bao phim,Uống,HD Pharma Eu,Bệnh viện,,,,,Yes,https://drive.google.com/file/d/1rWfA8ff61MJ_w4s-pxbf9HDi_RBbx7Fj/view?usp=drive_link,,‣,P
Systane Ultra,Cloxacilin: 1g,dung dịch pha tiêm,Tiêm/truyền,polfa,Bệnh viện,,,,,Yes,https://drive.google.com/file/d/169VApFBaQfHKLTMCL36sb59ditaTSiSp/view?usp=drive_link,,‣,S
Panfor SR-500,Metformin: 500mg,Viên nén phóng thích,Uống,"Inventia Healthcare Limited, India",Bệnh viện,,,,Không được nhai/bẻ/nghiền viên thuốc,Yes,https://drive.google.com/file/d/1GUCezgFA46Sl69aFGxxas6PKQBCJkxkM/view?usp=drive_link,,‣,P
Metsav 750 XR,Metformin: 750mg,Viên nén phóng thích kéo dài,Uống,"Công ty CPDP SaVi, Việt Nam",Bệnh viện,,,,Không được nhai/bẻ/nghiền viên thuốc,Yes,https://drive.google.com/file/d/1ByOZQVHSufJcGLEmiq8R22_IHnGzKlRm/view?usp=sharing,,‣,M
Panadol Viên Sủi,Paracetamol (acetaminophen: 500mg,Viên sủi,Uống,GlaxoSmithKline,Bệnh viện,,,,,Yes,https://drive.google.com/file/d/1Lv8v3msN1SCcNsyqmg9VXJrWIJp7MFqA/view?usp=drive_link,,‣,
Panactol,Paracetamol (acetaminophen: 500mg,Viên nén,Uống,CT CP Dược Phẩm Khánh Hòa,Bệnh viện,,,,,Yes,https://drive.google.com/file/d/19nyYhp3ZbK3v4WLqpaTNggRBlIPMbdiU/view?usp=drive_link,,‣,P
"Metronidazole 0,5g/100ml",Metronidazol: 500 mg/100ml,Dung dịch tiêm truyền tĩnh mạch,Tiêm/truyền,Feresenius Kabi,Bệnh viện,,,,,Yes,https://drive.google.com/file/d/1MtSFHCbV2TI6ZXqKyyYlEkVSwpkq_hHs/view?usp=sharing,,‣,M
Pacephene,Paracetamol (acetaminophen: 500mg/50ml,Dung dịch,Tiêm/truyền,Công ty TNHH SX Dược phẩm NANOGEN Lâm Đồng,Bệnh viện,,,,,Yes,https://drive.google.com/file/d/1NuOtLcXVY5ptvp2Idr-HCItBW28o-86Q/view?usp=drive_link,,‣,P
Kozemix,"Perindopril + indapamid: 8mg +2,5mg",viên nén,Uống,CTCP Dược Phẩm trung ương 2,Bệnh viện,,,,,Yes,https://drive.google.com/file/d/1PBqS37z4gcKyEH1EFtfFeKl8LJfkhIsR/view?usp=drive_link,,‣,K
Metronidazol 250,Metronidazol 250,,Uống,CT CP DP Minh Dân,Bệnh viện,,,,,Yes,https://drive.google.com/file/d/17V73blHD0MXylrDoiD-nNNFA7vnp9Ydw/view?usp=sharing,,‣,M
Metronidazol,Metronidazol: 250mg,,Uống,CT CP DP Khánh Hoà,Bệnh viện,,,,,Yes,https://drive.google.com/file/d/1EIBA6e1e7CeBtFgJ51Sq2eDQZcdyE6bh/view?usp=sharing,,‣,M
Melanov-M,Gliclazid + metformin: 80mg + 500mg,Viên nén,Uống,Micro labs limited,Bệnh viện,,,,,Yes,https://drive.google.com/file/d/1lFNCfB54Llv5zoHkFoWXM4Y8UDQ4GFg9/view?usp=sharing,,‣,M
Megazon,Quetiapin: 50mg,Viên nén giải phóng kéo dài,Uống,"Pharmathen International S.A., Hy Lạp",Bệnh viện,,,,Không được nhai/bẻ/nghiền viên thuốc,Yes,https://drive.google.com/file/d/10x9IackbIpyFdl_uF-GbYg-payRi2a7e/view?usp=sharing,,‣,M
Lovarem tablets,Lovastatin: 20mg,Viên nén bao phim,Uống,Remedical,Bệnh viện,,,,,Yes,https://drive.google.com/file/d/1Cc6kmZV4fkKFxDhkPiYhsWYAlN7Y_LVk/view?usp=drive_link,,‣,L
Lorytec 10,Loratadin: 10mg,Viên nén,Uống,Aegis,Bệnh viện,,,,,Yes,https://drive.google.com/file/d/17iXKEoNEOkM2_k81WSN7Nw0cfOZ958cj/view?usp=drive_link,,‣,L
Lorista HD,Losartan + hydroclorothiazid: 100mg + 25mg,Viên nén bao phim,Uống,"KRKA,d,d.,Novo Mesto",Bệnh viện,,,,,Yes,https://drive.google.com/file/d/1IiG9XYrJ-Vgv-JiEuDuUhWBWFBSYowqb/view?usp=drive_link,,‣,L
Lusfatop,"Phloroglucinol hydrat + trimethyl phloroglucino: (40mg + 0,04mg)/4ml",Dung dịch tiêm,Tiêm/truyền,DELPHARM TOURS,Bệnh viện,,,,,Yes,https://drive.google.com/file/d/1BWoIl7eGqSCek0wp-2MITdQReGHCZxlL/view?usp=drive_link,,‣,L
Medaxetine 250mg,Cefuroxim 250mg,Viên nén bao phim,Uống,Medochemei LTL-Factory C,Bệnh viện,,,,,Yes,https://drive.google.com/file/d/1BXNsJ6P7B-n2URgi8B2uUu4DhcuvnqWG/view?usp=sharing,,‣,M
Ofloxacin 200mg/100ml,Ofloxacin: 200mg/100ml,DUNG DỊCH,Tiêm/truyền,IMEXPHARM,Bệnh viện,,,,,Yes,https://drive.google.com/file/d/15b5Lp770tQuypq6mBeE1iSIx0s6tiB0p/view?usp=sharing,,‣,O
Ofloxacin 200mg/100ml,Ofloxacin: 200mg/100ml,,,,,,,,,,https://drive.google.com/file/d/15b5Lp770tQuypq6mBeE1iSIx0s6tiB0p/view?usp=sharing,,,
Noradrenalin,Nor-epinephrin (Nor- adrenalin): 4mg/4ml,dung dịch,Tiêm dưới da,CPDP Vĩnh Phúc,Bệnh viện,,,,,Yes,https://drive.google.com/file/d/1jHcqjLZ6Z_G_seVdo8hGn_Ksjca8kSz-/view?usp=sharing,,‣,N
Nivalin 5mg tablets,Galantamin: 5mg,VIÊN NÉN,Uống,Sopharma AD.,Bệnh viện,,Quỹ BHYT thanh toán điều trị chứng sa sút trí tuệ từ nhẹ đến trung bình trong bệnh Alzheimer.,,,Yes,https://drive.google.com/file/d/1szuo9fbpKGCsF1K2ve0b7w2Y43OXedC_/view?usp=sharing,,‣,N
Nicomen Tablets 5mg,Nicorandil: 5mg,viên nén,Uống,STANDARD,Bệnh viện,,,,,Yes,https://drive.google.com/file/d/1fF7ghJmk6yquWdrwY_OncS69ASblZxVe/view?usp=sharing,,‣,N
Lobetasol,"Clotrimazol + betamethason: 100mg + 6,4mg",Kem bôi,Dùng ngoài,CT CP Dược & Vật tư y tế Bình Thuận,Bệnh viện,,,,,Yes,https://drive.google.com/file/d/1V53LSjHmTasS_6HxwtYCTZbq-bYAp6f_/view?usp=drive_link,,‣,L
Mecefix-B.E 250 mg,Cefixim 250mg,Viên nang cứng,Uống,merap,Bệnh viện,,,,,Yes,https://drive.google.com/file/d/161wYtazNPNeSgfzy7-SASed6eWIpVVJb/view?usp=sharing,,‣,M
Nanokine 2000 IU,Erythropoietin: 2000 IU/ 1ml,dung dịch,Tiêm dưới da,NANOGEN,Bệnh viện,,,,,Yes,https://drive.google.com/file/d/1vXOzSziLkQzS1VujreuCu7BVkkUscudI/view?usp=sharing,,‣,N
Lisiplus HCT 10/12.5,"Lisinopril + hydroclorothiazid: 10mg + 12,5mg",Viên nén,Uống,CT TNHH LD Stellapharm LD-chi nhánh 2,Bệnh viện,,,,,Yes,https://drive.google.com/file/d/1b3KSk-rZcFUdnCdDjXjLAgjNKpR4PrHL/view?usp=drive_link,,‣,L
Lipotatin 20mg,Atorvastatin: 20mg,Viên nén bao phim,Uống,CT TNHH 1 thành viên Dược phẩm và sinh học y tế,Bệnh viện,,,,,Yes,https://drive.google.com/file/d/1Br7NpYbttHyjBNDOQz6DjL9zP7o8EXLn/view?usp=drive_link,,‣,L
Lipodex,Ciprofibrat: 100 mg,Viên nén,Uống,Nam Hà Pharmaceuticals,Bệnh viện,,,,,Yes,https://drive.google.com/file/d/1pKUWbofdLl7npIJb6RTsX05pGeXGCaDR/view?usp=drive_link,,‣,L
MEBAAL 1500,Mecobalamin: 1500mcg,Viên nén bao phim,Uống,WINDLAS BIOTECH LIMITED,Bệnh viện,,"Quỹ BHYT thanh toán điều trị thiếu máu hồng cầu khổng lồ, bệnh lý thần kinh ngoại biên do thiếu vitamin B12.",,,Yes,https://drive.google.com/file/d/1T61z3ATICOLMcbZlR-z9BW7hkh_sdv5K/view?usp=drive_link,,‣,M
Nafloxin Eye Drops Solution 0.3% w/v,"Ciprofloxacin: 0,3%; 5ml",DUNG DỊCH,Nhỏ mắt,TÂM ĐAN,Bệnh viện,,,,,Yes,https://drive.google.com/file/d/1v43qguKSjyhIsf0QszZnONqMvyqJzVYB/view?usp=sharing,,‣,N
Linezolid Kabi,Linezolid*: (2mg/ml) x 300ml,Dung dịch,tiêm/ truyền tĩnh mạch,Pharmaceuticals works Polpharma,Bệnh viện,,,Cần hội chẩn,,Yes,https://drive.google.com/file/d/1kwvNKVxh04zqwkgkJBzO-6HbC8JaNYEs/view?usp=drive_link,,‣,L
Mariprax,"Pramipexol: 0,18 mg",Viên nén,Uống,Pharmathen S.A,Bệnh viện,,,,,Yes,https://drive.google.com/file/d/1vjP-z3xSKLvyM7Q79jA6wIFrm6yAuuLF/view?usp=sharing,,‣,M
Linezolid 600mg/300ml,Linezolid*: 600mg/300ml,dung dịch,Tiêm/truyền,Cty CP Trung Ương 1-Pharbaco,Bệnh viện,,,Cần hội chẩn,,Yes,https://drive.google.com/file/d/1l9xVnxy0xmCy6l9Zv2Z9pZyhgJMUd2RT/view?usp=drive_link,,‣,L
Lilonton injection 1000mg/5ml,Piracetam: 4g/20 ml,Dung dịch,Tiêm/truyền,Siu Guan Chem,Bệnh viện,,Quỹ BHYT thanh toán trong điều trị giật rung cơ có nguồn gốc vỏ não.,,,Yes,https://drive.google.com/file/d/1Fpk3P8oxF-PCv_tHkhbR101J0Al4f8qL/view?usp=drive_link,,‣,L
Mannitol,,,,,,,,,,,,,,
Lifecita 400,Piracetam: 400mg,Viên nén bao phim,Uống,CTCP Dược Phẩm Trung Ương 1- Pharbaco,Bệnh viện,,,,,Yes,https://drive.google.com/file/d/10cA0ZSt3us3enGeBTeEDSzhpaaRx4JwR/view?usp=drive_link,,‣,L
Magpotas 300/380,Paracetamol + methocarbamol: 300mg; 380mg,Viên nén,Uống,CT CPDP An Thiên,Bệnh viện,,,,,Yes,https://drive.google.com/file/d/18B_JKEr0uWVBBS2pC4IzGTYg3LkPrmDs/view?usp=sharing,,‣,
Lidocain 40mg/ 2ml,Lidocain hydroclodrid: 40mg/2ml,Dung dịch,Tiêm/truyền,Công ty CP Dược Phẩm Minh Dân,Bệnh viện,,,,,Yes,https://drive.google.com/file/d/1Iemyy28DFAi9WSdB3jgE-gRDG3OrYFhj/view?usp=drive_link,,‣,L
Magnesi-BFS 15%,Magnesi sulfat: 750mg/5ml (dạng heptahydrat),dung dịch tiêm truyền,Tiêm/truyền,CPC1 HN,Bệnh viện,,,,,Yes,https://drive.google.com/file/d/1EQP539NUEQFS80g0YY_nbUUz8ZUOxC5Z/view?usp=sharing,,‣,M
Levosulpirid 50,Levosulpirid: 50mg,Viên nén,Uống,Công ty CP Dược Phẩm Khánh Hòa,Bệnh viện,,,,,Yes,https://drive.google.com/file/d/1Mq7EiAlj7q5L8yM_3RZUA4YATGGv5nHh/view?usp=drive_link,,‣,L
Levogolds,Levofloxacin: 750mg/150ml,Dung dịch,tiêm/ truyền tĩnh mạch,ACS Dobfar info,Bệnh viện,,,,,Yes,https://drive.google.com/file/d/12vvG4F-Fe9M0xdHIVlJ8wQihFGobyGpt/view?usp=drive_link,,‣,L
Levofloxacin 750mg/150ml,Levofloxacin: 750mg/150ml,Dung dịch,Tiêm/truyền,Cty CP Dược Phẩm Imexpharm,Bệnh viện,,,,,Yes,https://drive.google.com/file/d/1VyDVV3mvaQsf3FIPDU2KDgiAEZvLRyTa/view?usp=drive_link,,‣,L
Levocin,Levobupivacain: 50mg/10ml,Dung dịch,Tiêm/truyền,Công ty CP Dược Phẩm Vĩnh Phúc,Bệnh viện,,,,,Yes,https://drive.google.com/file/d/1xjJA0Kc3_W11Mvbghc1deHwJUayL0lvg/view?usp=drive_link,,‣,L
Leolen Forte,Cytidin-5monophosphat disodium + uridin: 5mg + 3mg,Viên nang cứng,Uống,Cty CP Dược Phẩm OPC,Bệnh viện,,Quỹ BHYT thanh toán điều trị tổn thương thần kinh ngoại biên.,,,Yes,https://drive.google.com/file/d/1PGNwhTRMiFJcwnWUrzJJm2h3ROcQHZKJ/view?usp=drive_link,,‣,L
Aerius 5mg,Desloratadin 5mg,,Uống,,Nhà thuốc,,,,,Yes,https://drive.google.com/file/d/1jWHmrytX18FYlpTD2OFLS33HpZVvplFB/view?usp=sharing,,‣,A
Pradaxa 75mg,Dabigatran 75MG,VIÊN NANG CỨNG,Uống,BOEHRINGER,Bệnh viện,,,,,Yes,https://drive.google.com/file/d/1QrSGIOsAgmu1XmV_SWi5YFMBqoqXzs9Y/view?usp=drive_link,,‣,P
Pradaxa 110mg,Dabigatran 110mg,VIÊN NANG,Uống,BOEHRINGER,Bệnh viện,,,,,Yes,https://drive.google.com/file/d/1QrSGIOsAgmu1XmV_SWi5YFMBqoqXzs9Y/view?usp=drive_link,,‣,P
Morihepamin 200ml; Morihepamin 500ml,Acid amin*,,Tiêm/truyền,AY PHARMACEUTICALS  CO,Bệnh viện,,,Cần hội chẩn,,Yes,https://drive.google.com/file/d/1WIEa7i3jTAILbcBxszryAB5saSRMkPew/view?usp=drive_link,,‣,
Pulmicort Respules,Budesonid: 1mg/2ml,hỗn dịch,hít,Astrazeneca,Bệnh viện,,,,,Yes,https://drive.google.com/file/d/1vWNRNo3YkciuW4w_TLYVy9pjj9sN5iBw/view?usp=sharing,,‣,P
Pataday,"Olopatadin hydroclorid: 0,002",,Nhỏ mắt,ALCON LBORATORIES,Bệnh viện,,,,,Yes,https://drive.google.com/file/d/1qdk0wmjqTEWD_9JmIP8mFLbWevYe2_Hu/view?usp=drive_link,,‣,P
Rocephin 1g I.V,Ceftriaxon: 1g,bột pha,Tiêm/truyền,F.Hofmann - La Roche,Bệnh viện,,,,,Yes,https://drive.google.com/file/d/1lOj-KlZV4n9AhiTOvmgYLYw4aubOSVTL/view?usp=sharing,,‣,R
Rupafin,Rupatadine: 10mg,viên nén,Uống,"J.Uriach Y Compania, S.A",Bệnh viện,,,,,Yes,https://drive.google.com/file/d/1SdU0H6jSCt8YeQf1Va5XRG44uAJtEoD3/view?usp=drive_link,,‣,R
No-Spa 40mg/2ml,Drotaverin clohydrat: 40mg/2 ml,dung dịch tiêm,Tiêm/truyền,chinoin pharmaceutical and chemical works private Co.Ltd,Bệnh viện,,,,,Yes,https://drive.google.com/file/d/1DRVKNYh778C0dOXo0OJ2Hl6V1DZzOf6K/view?usp=drive_link,,‣,N
Sanlein 0.3,Natri hydrocarbonat (natri bicarbonat): 15mg/5ml,DUNG DỊCH,Nhỏ mắt,SANTEN,Bệnh viện,,,,,Yes,https://drive.google.com/file/d/1Kh731V2OOhUXk51_s_Qw11pKXvGD51xt/view?usp=drive_link,,‣,S
Sanlein Mini 0.1,"Natri hydrocarbonat (natri bicarbonat): 0,4mg/0,4ml",dung dịch,Nhỏ mắt,SANTEN PHARMACEUTICAL,Bệnh viện,,,,,Yes,https://drive.google.com/file/d/1I2UwLfci_iH36C2QD_XlYox-A38_U8Or/view?usp=drive_link,,‣,S
Glucovance 500mg/5mg,Glibenclamid + metformin: 500mg/5mg,viên nén,Uống,,Bệnh viện,,,,,,,,‣,G
Sevorane,Sevorane,dung dịch,hít,,Bệnh viện,,,,,Yes,,,‣,S
Glucophage,Metformin 1000mg,Viên nén bao phim bẻ được,Uống,MERCK SANTE S.A.S,Bệnh viện,,,,,Yes,https://drive.google.com/file/d/1j9EwyJDE4GYgV6AeFVQJndUPnk8iD1k_/view?usp=sharing,,‣,G
Lipofundin MCT/LCT 20%,Nhũ dịch lipid: 20% x 100 ml,Nhũ tương,Tiêm/truyền,B.Braun,Bệnh viện,,,,,Yes,https://drive.google.com/file/d/1lhASj2pj8NgG88lZEqDmXfby6BWsECpS/view?usp=sharing,,‣,L
Lipofundin MCT/LCT 10%,Nhũ dịch lipid: 10% x 500 ml,Nhũ tương,Tiêm/truyền,B.Braun,Bệnh viện,,,,,Yes,https://drive.google.com/file/d/1FK-KmYsM9pXfubzs2w0s5TBa3_e5T_iq/view?usp=drive_link,,‣,L
Komboglyze XR,Saxagliptin + metformin: 5mg; 1000mg,,Uống,Astra Zeneca,Bệnh viện,,,,,Yes,https://drive.google.com/file/d/1mFxkkTm6i_k1NSSpJ7RfT3o8Qyj9B3l1/view?usp=drive_link,,‣,k
Ofloxacin 200mg/40mL,,,,,,,,,,,,,,
,,,,,,,,,,,https://drive.google.com/file/d/1K4C9aNHzSbGwFMBwddBjuAvR-58BZXSx/view?usp=sharing,,,
Telmisartan,Telmisartan: 40mg,Viên nén,Nhỏ mắt,KHÁNH HÒA,Bệnh viện,,,,,Yes,https://drive.google.com/file/d/1WqIyfZV7UmQimRpdV80aus7kHq4U0Y8H/view?usp=sharing,,‣,T
Ketorolac Danapha,ketorolac: 30mg/ml,dung dịch tiêm,Tiêm/truyền,Danapha,Bệnh viện,,,,,Yes,https://drive.google.com/file/d/1Gomk7EePdQKvHuNLr0x-N6qFwWwniqh8/view?usp=sharing,,‣,K
SaViLeucin,Acetyl leucin 500mg,Viên nén,Uống,Công ty CP Dược phẩm SAVI,Bệnh viện,,,,,Yes,https://drive.google.com/file/d/1K4C9aNHzSbGwFMBwddBjuAvR-58BZXSx/view?usp=sharing,,‣,S
Telmisartan,Telmisartan: 40mg,Viên nén,Uống,KHÁNH HÒA,Bệnh viện,,,,,Yes,https://drive.google.com/file/d/1WqIyfZV7UmQimRpdV80aus7kHq4U0Y8H/view?usp=sharing,,‣,T
Rabeprazol 20mg,Rabeprazol: 20mg,,Uống,,Bệnh viện,,"Quỹ BHYT thanh toán theo chỉ định trong tờ hướng dẫn sử dụng thuốc kèm theo hồ sơ đăng ký thuốc đã được cấp phép hoặc hướng dẫn chẩn đoán và điều trị của Bộ Y tế hoặc chỉ định dự phòng loét dạ dày tá tràng, xuất huyết tiêu hóa tại dạ dày, tá tràng do stress ở bệnh nhân hồi sức tích cực.",,,Yes,,,‣,
Lantus,"Insulin analog tác dụng chậm, kéo dài (Glargine, Detemir, Degludec): 100 đơn vị/ml (1000 đơn vị/lọ 10ml)",dung dịch tiêm,Tiêm dưới da,Sanofi aventis,Bệnh viện,,,,,Yes,https://drive.google.com/file/d/1K4C9aNHzSbGwFMBwddBjuAvR-58BZXSx/view?usp=sharing,,‣,L
Macrina,Silymarin: 200mg,viên nang cứng,Uống,CT CPSXDL TRUNG ƯƠNG 28,Bệnh viện,,,,,Yes,https://drive.google.com/file/d/1toVNF-QmQy9ouED8QwOXGZeapeNusI7i/view?usp=sharing,,‣,M
Telorssa 100mg/5mg film-coated tablets,Amlodipin + losartan: 100mg + 5mg,Viên nén bao phim,Uống,KRKA,Bệnh viện,,,,Không được nhai/bẻ/nghiền viên thuốc,Yes,https://drive.google.com/file/d/1HfSpKeb2mbb9YxCYOPF829Zc8jDYNZbC/view?usp=sharing,,‣,T
Ketoproxin 50mg,Ketoprofen: 50mg,Viên nén bao phim,Uống,HELCOR,Bệnh viện,,,,,Yes,https://drive.google.com/file/d/1SHDdiY37SFsfGEn4vyYCPMmMXP2jMxrt/view?usp=sharing,,‣,K
Tenamyd-ceftriaxone 2000,Ceftriaxon: 2g,thuốc bột,Tiêm/truyền,Tenamyd,Bệnh viện,,,,,Yes,https://drive.google.com/file/d/1oeYGFK_EwvGe3jeFfH1tkdFoR__XZV9a/view?usp=sharing,,‣,T
Tenofovir,Tenofovir (TDF): 300mg,Viên nén bao phim,Uống,CPDP Khánh Hòa,Bệnh viện,,,,Không được nhai/bẻ/nghiền viên thuốc,Yes,https://drive.google.com/file/d/1kJvA1QVt3aXEKU4qkxO5mQ-F-5spkYOu/view?usp=sharing,,‣,T
THcomet - GP2,Glimepirid + metformin: 2mg + 500mg,Viên nén bao phim giải phóng kéo dài,Uống,"Công ty Cổ phần Dược phẩm Trung ương I - Pharbaco, Việt Nam",Bệnh viện,,,,Không được nhai/bẻ/nghiền viên thuốc,Yes,,,‣,T
Kedrialb 200g/l,"Albumin: 200g/l, 50ml",,Tiêm/truyền,Kedrion,Bệnh viện,,,,,Yes,https://drive.google.com/file/d/1NT-MCkem5ltQygWk4h7uaeOzMR1f1Xlk/view?usp=sharing,,‣,K
Thuốc mỡ Potamus,Tacrolimus: 5mg/5g,thuốc mỡ,Dùng ngoài,MTV 120 Armephaco,Bệnh viện,,,,,Yes,https://drive.google.com/file/d/1d8Te7Y2FzUvb9kQoRznuA7-KxHSjOCTK/view?usp=sharing,,‣,T
Kavosnor Forte,Atorvastatin + ezetimibe: 20mg + 10mg,Viên nén bao phim,Uống,CT CPDP Khánh Hoà,Bệnh viện,,,,,Yes,https://drive.google.com/file/d/1YN7o8-zYdV9WGyIGxF6Dw8Lo9Dme-Hwj/view?usp=sharing,,‣,K
Thyroberg 100,Levothyroxin (muối natri): 100mcg,viên nén,Uống,STERIL-GENE LIFE SCIENCES,Bệnh viện,,,,,Yes,https://drive.google.com/file/d/10vhqn5U2a2mBywZ03eZxdX-i6ZTE46uB/view?usp=sharing,,‣,T
Kapredin,Methyl prednisolon: 16mg,,Uống,CT CPDP Khánh Hoà,Bệnh viện,,,,,Yes,https://drive.google.com/file/d/12Wfm_-dM2bnI-nFw-gK0ZIJTUvXIY56x/view?usp=sharing,,‣,K
Tica-5A 60mg,Ticagrelor: 60mg,viên nén bao phim,Uống,ELOGE FRANCE,Bệnh viện,Quỹ BHYT thanh toán 70%.,,,Không được nhai/bẻ/nghiền viên thuốc,Yes,https://drive.google.com/file/d/1JFjnoskTPkdX44dwNnuAmvV9dCSqNGPQ/view?usp=sharing,,‣,T
Corsidic H,Fusidic acid + hydrocortison,,,CÔNG TY TNHH DƯỢC PHẨM SHINPOONG DAEWOO,Bệnh viện,,,,,Yes,https://drive.google.com/file/d/11zmGaZ2xiC79CNUzA7PJn-7CUSsFIA7v/view?usp=drive_link,,‣,
Kamelox ODT 7.5,"Meloxicam: 7,5mg",Viên nén phân tán trong miệng,Uống,CT CPDP Khánh Hoà,Bệnh viện,,,,,Yes,https://drive.google.com/file/d/1keyd09ax8ezOFu1tmj031ABHEUybixEP/view?usp=sharing,,‣,K
Tilcotil,Tenoxicam: 20mg,Viên nén bao phim,Uống,"F.Hoffmann-La Roche., Ltd.",Bệnh viện,,,,Không được nhai/bẻ/nghiền viên thuốc,Yes,https://drive.google.com/file/d/1pgealPESn0a2K-ySbiy37QW-VehyZeCX/view?usp=sharing,,‣,T
Cozaar 50mg,Losartan: 50mg,,Uống,,Bệnh viện,,,,,Yes,https://drive.google.com/file/d/13QkJ__Pkrk88pdO6VQnmmHLVPnJV4miR/view?usp=sharing,https://drive.google.com/file/d/13QkJ__Pkrk88pdO6VQnmmHLVPnJV4miR/view?usp=sharing,‣,
Cordamil 40mg,Verapamil hydroclorid: 40mg,,,S.C. AC HELCOR S.R.L.,Bệnh viện,,,,,Yes,https://drive.google.com/file/d/13FWLyotb2IjyOT8awcf6o_quXLuUpvpF/view?usp=drive_link,,‣,
Lacikez 4mg,Lacidipin: 4mg,Viên nén bao phim,Uống,Biopharm,Bệnh viện,,,,,Yes,https://drive.google.com/file/d/1Akmr0v39Mgrv6quz7K388a8WYUOl-dQw/view?usp=sharing,,‣,L
Tobrex,Tobramycin : 3mg/ml,dung dịch,Nhỏ mắt,Alcon,Nhà thuốc & Bệnh viện,,,,,Yes,https://drive.google.com/file/d/1Ef3II_qZZL27YyBnxYDljNimlHxwrwf2/view?usp=drive_link,,‣,T
Kamelox 15,Meloxicam 15mg,Viên nén,Uống,CT CPDP Khánh Hoà,Bệnh viện,,,,,Yes,https://drive.google.com/file/d/1IQkKAE90IXndVA0GHeZl5QxfT8nWkd67/view?usp=sharing,,‣,K
"Tonios-0,5","Entecavir: 0,5mg",viên nén bao phim,Uống,DAVI PHARM,Bệnh viện,,,,Không được nhai/bẻ/nghiền viên thuốc,Yes,https://drive.google.com/file/d/1CT6zqnUVQAqLZBQDHAQdJvvnWuM4vkNR/view?usp=sharing,,‣,T
"Cratsuca Suspension ""Standard”",Sucralfat: 1g/10ml,,Uống,STANDARD CHEM & PHARM,Bệnh viện,,,,,Yes,https://drive.google.com/file/d/1kNf2_V4aurfH7kfaAzVpUsns0A3I8xER/view?usp=drive_link,,‣,
Comiaryl 2mg/500mg,Glimepirid + metformin,,,CONG TY TNHH HASAN,Bệnh viện,,,,,Yes,https://drive.google.com/file/d/1uhyJqfb9e6Yp_o0A1Yr7AS6KQd03PpgB/view?usp=drive_link,,‣,
Topamax,Topiramat: 50mg,Viên nén bao phim,Uống,CILAG AG,Bệnh viện,,,,Không được nhai/bẻ/nghiền viên thuốc,Yes,https://drive.google.com/file/d/1GKHYT6-YKzbGupAUpTCuLigDnow4sFBT/view?usp=drive_link,,‣,T
Gyoryg,Acarbose: 50mg,Viên nén,Uống,DaviPharm,Bệnh viện,,,,,Yes,https://drive.google.com/file/d/1vSUL-S85dcRl7DHuZNPQQtNwfzG9ozdN/view?usp=sharing,,‣,G
Azopt,Brinzolamid 10mg/ml,Hỗn dịch nhỏ mắt,Nhỏ mắt,ALCON RESEARCH,Bệnh viện,,,,,Yes,https://drive.google.com/file/d/1TMVajV_HqVXtn0uvgGbocFmDxSsvQGY0/view?usp=drive_link,,‣,A
Combiwave SF 125,Salmeterol + fluticason propionat,,,,Bệnh viện,,,,,Yes,https://drive.google.com/file/d/1EJgL8LDjEXtfvCMWsuq7saS82IcoXx95/view?usp=drive_link,,‣,
Crodnix,Rupatadine: 10 mg,,Uống,PHONG PHÚ,Bệnh viện,,,,,Yes,https://drive.google.com/file/d/1ijuAgPysCakpZ4k_WshnJaomGtGdFoi4/view?usp=drive_link,,‣,
Avarus,N-acetylcystein 600mg,Viên nang cứng,Uống,CTCP Dược ENLIE,Bệnh viện,,,,,Yes,https://drive.google.com/file/d/1Wp0rzDtii6lpP73zqJpGzx2a9n7v3dEP/view?usp=drive_link,,‣,A
Guarente-8,Candesartan: 8mg,Viên nén,Uống,Davipharm,Bệnh viện,,,,,Yes,https://drive.google.com/file/d/1P-CrW0qxNAefP3iClAFn8FjNEZ68j_ic/view?usp=sharing,,‣,G
Autifan 40,Fluvastatin 40mg,Viên nang cứng,Uống,CTCP Dược Phẩm An Thiên,Bệnh viện,,,,,Yes,https://drive.google.com/file/d/1yL0lNu9HUF9mHhUK0ut1ugIpji-IqohH/view?usp=drive_link,,‣,A
Cruzz-35,Risedronat: 35mg,,Uống,DAVIPHARMA,Bệnh viện,,,,,Yes,https://drive.google.com/file/d/19sFESf24M6Bo8R_0s8YpY_iPRbL18VjH/view?usp=drive_link,,‣,
Kagasdine,Omeprazol: 20mg,Viên nang cứng,Uống,CT CPDP Khánh Hoà,Bệnh viện,,"Quỹ BHYT thanh toán theo chỉ định trong tờ hướng dẫn sử dụng thuốc kèm theo hồ sơ đăng ký thuốc đã được cấp phép hoặc hướng dẫn chẩn đoán và điều trị của Bộ Y tế hoặc chỉ định dự phòng loét dạ dày tá tràng, xuất huyết tiêu hóa tại dạ dày, tá tràng do stress ở bệnh nhân hồi sức tích cực.",,,Yes,https://drive.google.com/file/d/1xkp1lVGI7EMQFAzR8NLhfQhjY815spJ9/view?usp=sharing,,‣,K
Combigan,Brimonidin tartrat + timolol,Dung dịch nhỏ mắt,Nhỏ mắt,Allergan Pharmaceuticals Ireland,Bệnh viện,,,,,Yes,https://drive.google.com/file/d/1FeHK_SWHT_1mDisQ_mbLw8v3G9f75CeT/view?usp=drive_link,,‣,C
IVABRADINE TABLETS 7.5MG,"Ivabradin: 7,5 mg",Viên nén bao phim,Uống,CADILA HEALTHCARE LTD,Bệnh viện,,,,,Yes,https://drive.google.com/file/d/1Sva6IGL8t3KsG0Rwt3JbPt94y_elSwnf/view?usp=sharing,,‣,I
Gourcuff-5,Alfuzosin: 5 mg,Viên nén bao phim,Uống,Davipharm,Bệnh viện,,,,,Yes,https://drive.google.com/file/d/1UoPuiDZE0Iq8SfsC3ZifZd6A13c80YrX/view?usp=sharing,,‣,G
Itamecardi 10,Nicardipin: 10mg/10ml,dung dịch tiêm,Tiêm/truyền,MELAC PHARMA,Bệnh viện,,,,,Yes,https://drive.google.com/file/d/1NTzN_tkDFSXvDJvXeopngBmuLzP3WOEP/view?usp=sharing,,‣,I
Tributel,Trimebutin maleat: 200mg,VIÊN NÉN BAO PHIM,Uống,DAVIPHARM,Bệnh viện,,,,Không được nhai/bẻ/nghiền viên thuốc,Yes,https://drive.google.com/file/d/16zO87nKPgPU2aM7_ZPVKna4Qz-eA5Adr/view?usp=sharing,,‣,T
Aubtin 7.5,"Ivabradin 7,5mg",Viên nén bao phim,Uống,CTCP Dươc Phẩm Me Di Sun,Bệnh viện,,,,,Yes,https://drive.google.com/file/d/1GODHVNphGfAmugl8jtgAScyWRqPFEusL/view?usp=drive_link,,‣,A
Gon sa Ezeti-10,Ezetimibe: 10mg,viên nén,Uống,Davipharm,Bệnh viện,,,,,Yes,https://drive.google.com/file/d/1ulINNkjmey0eDgRAs2DjextnCebifYOP/view?usp=sharing,,‣,G
Kacetam 800mg,Piracetam 800mg,Viên nén bao phim,Uống,CT CPDP Khánh Hoà,Bệnh viện,,,,,Yes,https://drive.google.com/file/d/1Nm4a4BQAw1hjBJkw1C9sNq3ka1DvHrO0/view?usp=sharing,,‣,K
Colistin 2 MIU,Colistin*,,,CTCP DƯỢC PHẨM IMEXPHARM,Bệnh viện,,,,,Yes,https://drive.google.com/file/d/1WUCB2K47C29wvyCD4UbPVOqCYYThz1_A/view?usp=drive_link,,‣,
Atorvastatin 20,Atorvastatin 20mg,Viên nén,Uống,CTCP Dược Phẩm Khánh Hòa,Bệnh viện,,,,,Yes,https://drive.google.com/file/d/1DUtYbNnmxA12ubZQJLLzJClaSBp_Z3O1/view?usp=drive_link,,‣,A
Trichopol,Metronidazol: 500mg/100ml,Dung dịch tiêm/ truyền,tiêm/ truyền tĩnh mạch,Pharmaceutical Works Polpharma S.A.,Bệnh viện,,,,,Yes,https://drive.google.com/file/d/1OFjFt61rvbYOhP7jl44FcDllIf21oknO/view?usp=sharing,,‣,T
Isoday 20,Isosorbid (dinitrat hoặc mononitrat): 20mg,viên nén,Uống,MILAN LABORATORIES,Bệnh viện,,,,,Yes,https://drive.google.com/file/d/1Vci0qc6WiyD7I5w0pY6BDYLXzSTig7Mt/view?usp=sharing,,‣,I
Atithios inj,Hyoscin butylbromid: 20mg/1ml,Dung dịch tiêm,Tiêm/truyền,Công ty CP Dược Phẩm An Thiên,Bệnh viện,,,,,Yes,https://drive.google.com/file/d/1Hz1iha7OOm_vBiFcnO5JKPqGZ4xjTQ91/view?usp=drive_link,,‣,A
Trolimax,"Tacrolimus: 1,5mg/5g",thuốc mỡ,Dùng ngoài,Merap,Bệnh viện,,,,,Yes,https://drive.google.com/file/d/16KZovJUVy87xxq1lqogbHeZU-2Lve3lf/view?usp=sharing,,‣,T
Jardiance 25mg,Empagliflozin: 25mg,Viên nén bao phim,Uống,Boehringer Ingelhim Pharma GmbH & Co KG,Bệnh viện,Quỹ BHYT thanh toán 70%.,,,,Yes,https://drive.google.com/file/d/1k62kqpYTGReTPqDGwbPhSZGBAqbzvNJ0/view?usp=drive_link,,‣,J
"IRBEZYD H 150/12,5","Irbesartan + hydroclorothiazid: 150mg; 12,5mg",Viên nén,Uống,CADILA HEALTHCARE LIMITED,Bệnh viện,,,,,Yes,https://drive.google.com/file/d/1UDky3VQ2FR5yOMwgzy1mJ62fS4M_yBzP/view?usp=sharing,,‣,I
Asentra 50mg,Sitagliptin 50mg,Viên nén bao phim,Uống,"KRKA, D.D, NOVO MESTO",Bệnh viện,,,,,Yes,https://drive.google.com/file/d/1im8ZqE52vqQMTw3_8ZE2rVhVZiNfPe8o/view?usp=drive_link,,‣,A
Glucose 5% Kabi,Glucose 5%,Dung dịch,Tiêm/truyền,Presenius Kabi,Bệnh viện,,,,,Yes,https://drive.google.com/file/d/16Ig_Kjezg3AOuJzUNRMDtK3Ix4ZR84Ir/view?usp=drive_link,,‣,G
Tyrosur Gel,Tyrothricin: 5mg/ 5g,gel,Dùng ngoài,ENGELHARD ARZNEMITTEL GMBH & CO.KG,Bệnh viện,,,,,Yes,https://drive.google.com/file/d/1SCdqqSs9W0tKUWEqsVd5T2eLlSWPrWM_/view?usp=sharinghttps://drive.google.com/file/d/1SCdqqSs9W0tKUWEqsVd5T2eLlSWPrWM_/view?usp=sharing,,‣,T
"Colisodi 1,0 MIU",Colistin*,,,CTCP AN THIÊN,Bệnh viện,,,,,Yes,https://drive.google.com/file/d/1a4p7piaXJWwAZbMqPsHIdQwwRupGM8f5/view?usp=drive_link,,‣,
Colchicin 1mg,Colchicin,,,,Bệnh viện,,,,,Yes,https://drive.google.com/file/d/1F0m9LMTLjb0c6XrjbVwx2B4zqjLQPjPs/view?usp=drive_link,,‣,
Apidra Solostar,"Insulin analog tác dụng nhanh, ngắn ( Aspart, Lispro,Glulisine) 300 đơn vị/3ml",Dung dịch tiêm trong bút tiêm nạp sẵn,Tiêm/truyền,SANOFI - AVENTIS,Bệnh viện,,,,,Yes,https://drive.google.com/file/d/1KnoWlekHrQlwh3GRV2r4SJtiz56-SJK6/view?usp=drive_link,,‣,A
Vacodomtium 20 caps,Domperidon: 20mg,viên nang cứng,Uống,Vacopharm,Bệnh viện,,,,,Yes,https://drive.google.com/file/d/1cfp9KMJ92LEgmrRQLYKMm8eyH-d-Yz95/view?usp=sharing,,‣,v
Anvo-Amiodarone 200mg Tablets,Amiodaron hydroclorid  200 mg,Viên nén,Uống,RIVOPHARM SA,Bệnh viện,,,,,Yes,https://drive.google.com/file/d/1ZC0moa6BGHjhpNT0q5s773Nd6AmKZORx/view?usp=drive_link,,‣,A
Glucose 20%,Glucose: 50g/250ml,dung dịch tiêm truyền tĩnh mạch,Tiêm/truyền,Cty CP Presenius Kabi Việt Nam,Bệnh viện,,,,,Yes,https://drive.google.com/file/d/1GsL_xpIUtaTsBbYMrwrx2xwkph-E53va/view?usp=sharing,,‣,G
Imodium,Loperamid: 2mg,viên nang,Uống,"LUSOMEDICAMENTA SOCIEDADE TECNICA FAMACEUTICA, S.A",Bệnh viện,,,,,Yes,https://drive.google.com/file/d/1wXM8yo-nMWqoz_Dlirjxttvey1FJRIXJ/view?usp=sharing,,‣,I
Anaropin,Ropivacain hydroclorid 5mg/ml,Dung dịch tiêm,Tiêm/truyền,AstraZeneca AB,Bệnh viện,,,,,Yes,https://drive.google.com/file/d/1fnj6-Fj2sh5uLn2iFIlHF9bFGLWZW5Jh/view?usp=drive_link,,‣,A
Amtesius,Bromhexin hydroclorid 4mg,Thuốc cốm pha hỗn dịch,Uống,Công ty CP Hóa Dược Việt Nam,Bệnh viện,,,,,Yes,https://drive.google.com/file/d/1lKEoWcEfdCQVEkIlZsrIXC9kSHVH_Jvd/view?usp=drive_link,,‣,A
Humalog Mix 75/25 Kwikpen,"Insulin analog tác dụng nhanh, ngắn(Aspart, Lispro, Glulisine): 300U (tương đương 10,5mg)/3ml",Hỗn dịch,Tiêm/truyền,Lilly France,Bệnh viện,,,,,Yes,https://drive.google.com/file/d/1OlYJ_-5AKIrdcG2nmB6Kg_wEbXkjLKeH/view?usp=drive_link,,‣,H
Cobimet XR 1000,Metformin,Viên nén phóng thích kéo dài,Uống,"Công ty cổ phần dược phẩm Reliv, Việt Nam",Bệnh viện,,,,Không được nhai/bẻ/nghiền viên thuốc,Yes,https://drive.google.com/file/d/1whVTLjByGcuo2dFiKSJycptKzpIhSDrw/view?usp=drive_link,,‣,C
Bupitroy heavy,"Bupivacain hydroclorid: 21,12mg (20mg/4ml)",,Tiêm/truyền,TROIKKA PHAMARCEUTICALS,Bệnh viện,,,,,Yes,https://drive.google.com/file/d/19vD5AR2hbAk0c-09o-M1pWCCl2DA0Vrn/view?usp=drive_link,,‣,
Amoxicilin/Acid clavulanic 500/125,Amoxicilin + acid clavulanic  500mg + 125mg,Viên nén bao phim,Uống,Công ty CP Dược Phẩm Minh Dân,Bệnh viện,,,,,Yes,https://drive.google.com/file/d/1hFDTss4YTf5uoANmklBWCVCdZOwDJXKu/view?usp=drive_link,,‣,A
Vasitimb 10mg/20mg Tablets,Simvastatin + ezetimibe: 10mg + 20mg,viên nén,Uống,Slovenia,Bệnh viện,,,,,Yes,https://drive.google.com/file/d/1QJHWgojbBR_phfHoimI4nsZQkq-rl_lj/view?usp=sharing,,‣,v
Imatig,Tigecyclin: 50mg,bột đông khô,Tiêm/truyền,Immacule Liffesciences PVT.LTD,Bệnh viện,,"Quỹ BHYT thanh toán khi phác đồ sử dụng kháng sinh ban đầu không có hiệu quả trong nhiễm khuẩn ổ bụng, nhiễm khuẩn da, mô mềm biến chứng.",,,Yes,https://drive.google.com/file/d/1mG9b861lBpIjnu_e9H5kdKzg6XE47IGz/view?usp=sharing,,‣,I
Bridotyl,Hydroxy cloroquin: 200mg,,Uống,ENLINE,Bệnh viện,,,,,Yes,https://drive.google.com/file/d/1ic0FehEaph4ATCyyJL-BTJdsOxt-B69y/view?usp=drive_link,,‣,
Vasotrate-30 OD,Isosorbid (dinitrat hoặc mononitrat): 30mg,Viên nén phóng thích kéo dài,Uống,"Torrent Pharm., Ltd - ẤN ĐỘ",Bệnh viện,,,,Không được nhai/bẻ/nghiền viên thuốc,Yes,https://drive.google.com/file/d/1J1dXtjElnYKazZYVen8WwdN3XUfGRLrN/view?usp=sharing,,‣,V
Glucosamin,Glucosamin: 250mg,Viên nang cứng,Uống,Cty CP Dược Phẩm Khánh Hoà,Bệnh viện,,Quỹ BHYT thanh toán điều trị thoái hóa khớp gối mức độ nhẹ và trung bình.,,,Yes,https://drive.google.com/file/d/1kZWbp3uwIFbUzlVvlf5Wc3OXQhO46Tua/view?usp=sharing,,‣,G
Humalog Kwikpen,"Insulin analog tác dụng nhanh, ngắn ( Aspart, Lispro,Glulisine): 300U (tương đương 10,5mg)/3ml",Dung dịch tiêm,Tiêm/truyền,Eli Lilly Italia,Bệnh viện,,,,,Yes,https://drive.google.com/file/d/1LE9qb88G3c5Ff9sBmOChyPZn5fUSbv1H/view?usp=sharing,,‣,H
Amlessa 4mg/10mg Tablets,"Perindopril + amlodipin: Perindopril tert-butylamine (tương đương với perindopril 3,34mg) 4mg+ Amlodipine (dưới dạng amlodipine besilate) 10mg",Viên nén,Uống,"KRKA, D.D, NOVO MESTO",Bệnh viện,,,,,Yes,https://drive.google.com/file/d/1se7w1cCsbKUSD91aOj5nm58saGFPvosA/view?usp=sharing,,‣,A
GliVT 5,Glipizid: 5mg,viên nén,Uống,Cty TNHH DRP Inter,Bệnh viện,,,,,Yes,https://drive.google.com/file/d/1yZUskg28tDTKKFA98RYhiC93OxmrsvKr/view?usp=sharing,,‣,G
Amitriptylin 25mg,Amitriptylin hydroclorid: 25mg,Viên nén bao phim,Uống,Công ty CP Dược DANAPHA,Bệnh viện,,,,,Yes,https://drive.google.com/file/d/1SYKP_SOj4o3lTtGSpwx6x15IUSfF1pZl/view?usp=drive_link,,‣,A
CoAprovel,"Irbesartan + hydroclorothiazid: 150 mg + 12,5 mg",Viên nén bao phim,Uống,SANNOFI WINTHROP INDUSTRUE,Bệnh viện,,,,,Yes,https://drive.google.com/file/d/1wpdsr_DcX610hkYl0bsL88A6UGRPt-nv/view?usp=drive_link,,‣,C
Bosrelor 90,Ticagrelor: 90mg,,Uống,BOSTON PHARMA,Bệnh viện,Quỹ BHYT thanh toán 70%.,Quỹ BHYT thanh toán 70%.,,,Yes,https://drive.google.com/file/d/1E8jhHe_Dxq26elDhDmkzEZ1V1eGI5jGp/view?usp=drive_link,,‣,
Aminoplasmal B.Braun 10% E,Acid amin* 10% x 500ml,Dung dịch truyền tĩnh mạch,Tiêm/truyền,B. Braun Medical Industries Sdn.Bhd,Bệnh viện,,,Cần hội chẩn,,Yes,https://drive.google.com/file/d/1MVjFczshHPXex7PnWbKtT7lRw2aWSUie/view?usp=drive_link,,‣,A
GliVT 10,Glipizid: 10mg,viên nén,Uống,Cty TNHH DRP Inter,Bệnh viện,,,,,Yes,https://drive.google.com/file/d/15SjOyfdTytcA-4d0BZLlkcOfI08MAeGU/view?usp=sharing,,‣,G
Clopidogrel/Aspirin Teva 75mg/100mg,Acetylsalicylic acid + clopidogrel: 75mg + 100mg,,,,Bệnh viện,,,,,Yes,https://drive.google.com/file/d/1rtGKqfoMet0YwYie1c46XiigPmBvJoHu/view?usp=drive_link,,‣,
Hemetrex,"Methotrexat: 2,5mg",,Uống,CT TNHH SDP HERA,Bệnh viện,,,,,Yes,https://drive.google.com/file/d/13FJCXbQY04-hJu4LOka8n6DNbC93rdSC/view?usp=sharing,,‣,H
Bluecan Forte 16mg,Candesartan: 16mg,,Uống,Bluepharma,Bệnh viện,,,,,Yes,https://drive.google.com/file/d/1etZpv8_E_ue3EzmzLek1e8ltZqOgnT_a/view?usp=drive_link,,‣,
Aminic,Acid amin*: 10% x 200 ml,Dung dịch tiêm truyền tĩnh mạch,Tiêm/truyền,AY PHARMACEUTICALS CO. LTD,Bệnh viện,,,Cần hội chẩn,,Yes,https://drive.google.com/file/d/1zH9E9nJNt9cyyrH4-7qjJFmtAlSh-DWx/view?usp=drive_link,,‣,A
Glimsure 1,Glimepirid: 1mg,Viên nén,Uống,Cty TNHH Dược Phẩm HQ,Bệnh viện,,,,,Yes,https://drive.google.com/file/d/1-u8RNWJJjc0HePI7T5Idbsz4fVolLtsF/view?usp=sharing,,‣,G
Vcard-Am 80 + 5,Amlodipin + Valsartan : 5mg + 80 mg,viên nén bao phim,Uống,"ELPEN PHARMACEUTICAL CO,INC",Bệnh viện,,,,Không được nhai/bẻ/nghiền viên thuốc,Yes,https://drive.google.com/file/d/1J1dXtjElnYKazZYVen8WwdN3XUfGRLrN/view?usp=sharing,,‣,v
Bonasol Once Weekly 70mg Oral Solution,Alendronat: 70mg/100ml,,Uống,PINEWOOD LABORATORIES,Bệnh viện,,"Quỹ BHYT thanh toán điều trị loãng xương, sử dụng tại Bệnh viện Lão khoa Trung ương và khoa cơ xương khớp của bệnh viện hạng đặc biệt, hạng I.",,,Yes,https://drive.google.com/file/d/1nENr2IxZQtR6yCIfAb7II2quinr6C5_J/view?usp=drive_link,,‣,
Claminat 1000mg/100mg,Amoxicilin + acid clavulanic,,,CTCP DƯỢC PHẨM IMEXPHARM,Bệnh viện,,,,,Yes,https://drive.google.com/file/d/10T2IGQI7AWFCQyxWJiqfGhsaVPlfV0z5/view?usp=drive_link,,‣,
Dexmedetomidine Invagen,Dexmedetomidin: 100mcg/ml x 2ml,dung dịch đậm đặc pha dung dịch truyền,Tiêm/truyền,pharmIdea SIA,Bệnh viện,,,,,Yes,https://drive.google.com/file/d/121oeaFneOVYWeU35pgUQOdN_b4rjb7Sb/view?usp=drive_link,,‣,D
Bixebra 5 mg,Ivabradin: 5mg,,Uống,KRKA,Bệnh viện,,,,,Yes,https://drive.google.com/file/d/13NwSQ1jIjrXyCCDDDP1WHmOh0PeU1wdj/view?usp=drive_link,,‣,
Amfortgel,"Magnesi hydroxyd + nhôm hydroxyd: 336,6mg (440mg)/10ml; 390mg/10ml",Hỗn dịch uống,Uống,Công ty CP tập đoàn MERAP,Bệnh viện,,,,,Yes,https://drive.google.com/file/d/1IKdsIeVazhDIyssJqcMTI-DQyej-EUx3/view?usp=drive_link,,‣,A
Diaprid 2,Glimepirid: 2mg,Viên nén,Uống,PYMEPHARCO,Bệnh viện,,,,,Yes,https://drive.google.com/file/d/181305HwFNJZMryipbcYkslUchO6F8wg_/view?usp=drive_link,,‣,D
Bivitanpo 100,Losartan: 100mg,,Uống,CPDP RELIV,Bệnh viện,,,,,Yes,https://drive.google.com/file/d/1tX6DqjicwMcJxXiL7FOoBeDONfx_8hUm/view?usp=drive_link,,‣,
"Claminat 1,2g",Amoxicilin + acid clavulanic,,,CTCP DƯỢC PHẨM IMEXPHARM,Bệnh viện,,,,,Yes,https://drive.google.com/file/d/11oQ1-9KGtcnWEWkkfzjW8V_yNhWPIYRz/view?usp=drive_link,,‣,
Vikonon,Venlafaxin: 75mg,viên nang giải phóng kéo dài,Uống,"Pharmathen International SA, Hy lạp",Bệnh viện,,,,Không được nhai/bẻ/nghiền viên thuốc,Yes,https://drive.google.com/file/d/1wXki2Uh7dNodcOUue8ng0_3XQboOI4GY/view?usp=sharing,,‣,V
Amebismo,Bismuth subsalicylat 525mg,Hỗn dịch uống,Uống,Công ty CP Dược Phẩm CPV,Bệnh viện,,,,,Yes,https://drive.google.com/file/d/1bheG1g6-lnCL5gEEOQ3GzrtiCLlPOAxw/view?usp=drive_link,,‣,A
Vincerol 4mg,Acenocoumarol: 4mg,viên nén,Uống,CPDP Vĩnh Phúc,Bệnh viện,,,,,Yes,https://drive.google.com/file/d/1wOJmC6tBb54K-3gDUSTnJKAs_cfkPydU/view?usp=sharing,,‣,v
Ama-Power,"Ampicilin + sulbactam: 1g + 0,5g",Bột pha tiêm,Tiêm/truyền,S.C Antibiotice S.A,Bệnh viện,,,,,Yes,https://drive.google.com/file/d/18G7YN3ZtZg5cG2mza_XlHCL5y7LZF2tP/view?usp=drive_link,,‣,A
HCQ,Hydroxy cloroquin: 200mg,Viên nén bao phim,Uống,Cadila healthcare,Bệnh viện,,,,,Yes,https://drive.google.com/file/d/1o2DLsJC97MoqvdP-M37rJAe7pu_aUmi6/view?usp=sharing,,‣,H
Gensler,Ramipril: 5mg,Viên nén,Uống,DAIVIPHARM,Bệnh viện,,,,,Yes,https://drive.google.com/file/d/17A-ez_O4sU7SBdgtd_11PbsCYuatBzm-/view?usp=sharing,,‣,G
Vinceryl 5mg/5ml,,,Tiêm/truyền,,,,,,,,https://drive.google.com/file/d/16OEnX4bV7rRIb5_sR-on_8nVXAIaGkbZ/view?usp=sharing,,,
Citicolin 500 mg/2ml,Citicolin,,,CTCP DƯỢC DANAPHA,Bệnh viện,,,,,Yes,https://drive.google.com/file/d/1TLSWJaP_ZUeJN-sKH_sHxbLYUkJ1ierx/view?usp=drive_link,,‣,
Diflazon 150mg,Fluconazol: 150mg,Viên nang cứng,Uống,"KRKA,d,d NOVO MESTOO",Bệnh viện,,,,,Yes,https://drive.google.com/file/d/1lufsVUmz4-cu31wxd6dJBRlgoA5UnGtO/view?usp=sharing,,‣,D
Alsiful S.R. Tablets 10mg,Alfuzosin: 10mg,Viên nén phóng thích kéo dài,Uống,STANDARD CHEM. & PHARM,Bệnh viện,,,,Không được nhai/bẻ/nghiền viên thuốc,Yes,https://drive.google.com/file/d/1js_fEKpDKMs7lDoCg_ILI17ZEJfXFNGd/view?usp=drive_link,,‣,A
Vinocerate,Choline alfoscerat: 1g/4ml,dung dịch tiêm,Tiêm/truyền,CPDP Vĩnh Phúc,Bệnh viện,Quỹ BHYT thanh toán 50%,Quỹ BHYT thanh toán 50% trong các trường hợp:- Đột quỵ cấp tính;- Sau chấn thương sọ não;- Sau phẫu thuật chấn thương sọ não;- Sau phẫu thuật thần kinh sọ não.,,,Yes,https://drive.google.com/file/d/1j1JMltv22wwlaz_ioLdhTUZKkpz2Zto7/view?usp=sharing,,‣,v
Biviminal 2g,Ceftizoxim: 2g,,Tiêm/truyền,PHARBACO,Bệnh viện,,,,,Yes,https://drive.google.com/file/d/1plD7ZsHAuJq7dpIPahftOkFHKd8SyQgz/view?usp=drive_link,,‣,
Dobutamin - BFS,Dobutamin: 250mg/5ml,Dung dịch đậm đặc để tiêm truyền tĩnh mạch,Tiêm/truyền,CPC1 HN,Bệnh viện,,,,,Yes,https://drive.google.com/file/d/1edJZFHJ94P556Swohs-w0M3SguM-w5oX/view?usp=drive_link,,‣,D
Haemostop,Tranexamic acid : 250mg/5ml,dung dịch tiêm,Tiêm/truyền,NOVELL,Bệnh viện,,,,,Yes,https://drive.google.com/file/d/1RYvhAnk0h2Anyde11lzT5IiXcV8Y66Wv/view?usp=sharing,,‣,H
Ciprofloxacin Polpharma,Ciprofloxacin,,,,Bệnh viện,,,,,Yes,https://drive.google.com/file/d/15TKQaoez2pE6RcRO_YCPLIXzSP4fZqEL/view?usp=drive_link,,‣,
Dolotin 20 mg,Lovastatin: 20mg,Viên nén,Uống,DOMESCO,Bệnh viện,,,,,Yes,https://drive.google.com/file/d/11HzeyLFZXxW7nitY9fCqexE3ISjBLawN/view?usp=drive_link,,‣,D
Bivelox I.V 500mg/100ml,Levofloxacin: 5mg/ml,,Tiêm/truyền,BIDIPHAR,Bệnh viện,,,,,Yes,https://drive.google.com/file/d/1CN4sN2o2ugiItQ3WqKvGpJpnTngD4aBs/view?usp=drive_link,,‣,
Domuvar,,,,,,,,,,,,,,
Alanboss XL 10,Alfuzosin: 10mg,Viên nén phóng thích kéo dài,Uống,Công ty TNHH HASAN - DEMAPHARM,Bệnh viện,,,,Không được nhai/bẻ/nghiền viên thuốc,Yes,https://drive.google.com/file/d/1eUjjJk2bzCrnu8MnvvLDtCOPqLYSh7Qf/view?usp=drive_link,,‣,A
Hadusartan 16,Candesartan: 16mg,Viên nén,Uống,DANAPHA,Bệnh viện,,,,,Yes,https://drive.google.com/file/d/1RYvhAnk0h2Anyde11lzT5IiXcV8Y66Wv/view?usp=sharing,,‣,H
Vinphaton,Vinpocetin: 10mg/2ml,dung dịch tiêm,Tiêm/truyền,CPDP Vĩnh Phúc,Bệnh viện,,Quỹ BHYT thanh toán trong điều trị triệu chứng thần kinh của chứng sa sút trí tuệ do nguyên nhân mạch.,,,Yes,https://drive.google.com/file/d/1Sr06EcEFfYlkRAnDQ8XcdSY0RcuBWu1V/view?usp=sharing,,‣,v
Bisoprolol Stella 10 mg,Bisoprolol: 10mg,,Uống,STADA - VIET NAM,Bệnh viện,,,,,Yes,https://drive.google.com/file/d/1D6STYZS57gYzZ4ZeyydG41f9Mto0uJX1/view?usp=drive_link,,‣,
Cinnarizin Pharma,Cinnarizin,,,CT TNHH DUOC PHAM DO HA,Bệnh viện,,,,,Yes,https://drive.google.com/file/d/1lg7JCmJZoIvUWD_iUWX7ogRmcxVVawr9/view?usp=drive_link,,‣,
Vinstigmin,"Neostigmin metylsulfat (bromid): 0,5mg/ml",dung dịch tiêm,Tiêm/truyền,CPDP Vĩnh Phúc,Bệnh viện,,,,,Yes,https://drive.google.com/file/d/1Hg602XpthS2eEHeSR0iFcVBHLvy6Ku8J/view?usp=sharing,,‣,V
Dopegyt,Methyldopa anhydrous 250mg,viên nén,Uống,EGIS PHARMACEUTICALS,Bệnh viện,,,,,Yes,https://drive.google.com/file/d/1WwV0ErMnz5j2Ma9g6FVSs-I2lwA1liy-/view?usp=drive_link,,‣,D
Chalme,Magnesi hydroxyd + nhôm hydroxyd,,,CT TNHH ĐẠT VI PHÚ,Bệnh viện,,,,,Yes,https://drive.google.com/file/d/1PMyA4cHtikFQgGXe3wZxO1WpI3UY2fSS/view?usp=drive_link,,‣,
Gadoteric Bidiphar,"Gadoteric acid: 2793,2mg tương đương 5mmol/10ml",Dung dịch tiêm,Tiêm/truyền,Cty CP Dược - Trang thiết bị y tế Bình Định (Bidiphar),Bệnh viện,,,,,Yes,https://drive.google.com/file/d/1yHtoGyL-UkkFPhGY_Y-xTDEXN8BuDQcc/view?usp=sharing,,‣,G
EZENSIMVA 10/10,Simvastatin + ezetimibe: 10mg + 10mg,,Uống,Agimexpharm,Bệnh viện,,,,,Yes,https://drive.google.com/file/d/1jPmWDR_0ayyILKPUp7DkWtDupFg4zeQP/view?usp=drive_link,,‣,E
Dutasteride Teva 0.5mg,"Dutasterid: 0,5mg",viên nang mềm,Uống,teva pharmaceutical,Bệnh viện,,,,,Yes,https://drive.google.com/file/d/1FnAr3hzxm94_zCiUHePSwV6qSdhkq8BH/view?usp=drive_link,,‣,
Bisoplus HCT 5/12.5,"Bisoprolol + hydroclorothiazid: 5mg + 12,5mg",,Uống,Stella Pharm,Bệnh viện,,,,,Yes,https://drive.google.com/file/d/1ThkwoZlCzSjAJ8d-dFqqI7Ya9TEG4aaW/view?usp=drive_link,,‣,
Vinxium,Esomeprazol: 40mg,bột đông khô pha tiêm,Tiêm/truyền,CPDP Vĩnh Phúc,Bệnh viện,,"Quỹ BHYT thanh toán theo chỉ định trong tờ hướng dẫn sử dụng thuốc kèm theo hồ sơ đăng ký thuốc đã được cấp phép hoặc hướng dẫn chẩn đoán và điều trị của Bộ Y tế hoặc chỉ định dự phòng loét dạ dày tá tràng, xuất huyết tiêu hóa tại dạ dày, tá tràng do stress ở bệnh nhân hồi sức tích cực.",,,Yes,https://drive.google.com/file/d/1eK-EMoCOHusPYjZBWjIjd0IC_Z9wab6a/view?usp=sharing,,‣,v
AGIROVASTIN 10,Rosuvastatin 10mg,Viên nén bao phim,Uống,Công ty CPDP AGIMEXPHARM,Bệnh viện,,,,,Yes,https://drive.google.com/file/d/1rHBxDUiMw13eXMO0mWbhQlDkthy1Wqef/view?usp=drive_link,,‣,A
"Dutasteride-5A FARMA 0,5mg","Dutasterid: 0,5mg",viên nén bao phim,Uống,ELOGE FRANCE,Bệnh viện,,,,,Yes,https://drive.google.com/file/d/1NQYu9_DGHYD09lwz1runO6lS5kcM3X0k/view?usp=drive_link,,‣,D
Fumagate,Magnesi hydroxyd + nhôm hydroxyd + simethicon: 800mg + 400mg (Nhôm oxyd) + 80mg,Dung dịch/hỗn dịch/nhũ dịch uống,Uống,Cty CP Dược Phẩm Phương Đông,Bệnh viện,,,,,Yes,https://drive.google.com/file/d/1I-6EkIdxtZh9BDdsj0Y7OWr4BDTlhZ7G/view?usp=drive_link,,‣,F
Etoricoxib Teva 90mg,Etoricoxib: 90mg,Viên nén bao phim,Uống,TEVA Pharmaceutical Works Private Limited Company,Bệnh viện,,,,,Yes,https://drive.google.com/file/d/1cpAaNIgDyGXQGdAFc3TvPr9Q9Zi28ncm/view?usp=drive_link,,‣,E
Bismuth subcitrate,Bismuth : 120mg,,Uống,BOSTON PHARMA,Bệnh viện,,,,,Yes,https://drive.google.com/file/d/10qKmbGiBuKbasa28jepu7NXWoVDMvfro/view?usp=drive_link,,‣,
Vitamin 3B,Vitamin B1 + B6 + B12: 125 mg + 125mg +125mcg,viên nén bao phiim,Uống,vật tư y tế Hải Dương,Bệnh viện,,,,Không được nhai/bẻ/nghiền viên thuốc,Yes,https://drive.google.com/file/d/1fPvKSQcUq6XaX9cHqvH8fZV8G93sbFum/view?usp=sharing,,‣,V
Agi-Bromhexine 16,Bromhexin hydroclorid: 16mg,Viên nang cứng,Uống,Cônt ty CPDP AGIMEXPHARM,Bệnh viện,,,,,Yes,https://drive.google.com/file/d/1-BhtvNO9ey4G-J7v5oWgi9gspp3lgiGO/view?usp=drive_link,,‣,A
Adsepain-New Cơ Xương Max,Methocarbamol 400mg; Paracetamol 500mg,Viên nén bao phim,Uống,Éloge France,Bệnh viện,,,,,Yes,https://drive.google.com/file/d/1vN_LSia9X5h6_hFISCxE2C6wYOmiclr-/view?usp=drive_link,,‣,A
Vitamin B1,Vitamin B1: 100mg/1ml,dung dịch tiêm,Tiêm/truyền,CPDP Vĩnh Phúc,Bệnh viện,,,,,Yes,https://drive.google.com/file/d/1Kw5N4_BTANqu-GM_wGOLw5OOGnhB3Wjh/view?usp=sharing,,‣,v
FOXIMCZ - 1000,Cefoxitin: 1g,Bột pha tiêm,Tiêm/truyền,Zeiss Pharma,Bệnh viện,,,,,Yes,https://drive.google.com/file/d/1SNYHciaB1nebaTqxqTrstKvqIMd2eI1Y/view?usp=drive_link,,‣,F
Aescinat natri 10 mg,Aescin: 10 mg,Bột đông khô pha tiêm,Tiêm/truyền,Công ty CPDP IMEXPHARM,Bệnh viện,,,,,Yes,https://drive.google.com/file/d/1mTjaj5l0pqme3_GQwDWbXZ6luF2ZMgFf/view?usp=drive_link,,‣,A
Etirabol 80/12.5,"Telmisartan + hydroclorothiazid: 80mg; 12,5mg",,Uống,Evertogen life sciences limited,Bệnh viện,,,,,Yes,https://drive.google.com/file/d/19xI9mXvE31ztHxiBx9DaQ37XBfXmn0Oh/view?usp=drive_link,,‣,E
Forsancort Tablet,Hydrocortison: 10mg,Viên nén,Uống,Cty CP Dược Medipharco,Bệnh viện,,,,,Yes,https://drive.google.com/file/d/1QFG32Vg7w_NooyDsu2P320h-p55RSHAh/view?usp=drive_link,,‣,F
Vitol,"Natri hyaluronat: 0,18% (w/v) - Lọ 12ml",dung dịch nhỏ mắt,Nhỏ mắt,Merap,Bệnh viện,,,,,Yes,https://drive.google.com/file/d/1eJopbZcb6_jSoVQW_rISR_kj8RO4SC0_/view?usp=sharing,,‣,V
Cetachit 1g,Ceftazidim,,,CTCP Trung ương Dược,Bệnh viện,,,,,Yes,https://drive.google.com/file/d/1Tc27ppqg1Ohr0a4bzt_OzNnK4CFjxjpB/view?usp=drive_link,,‣,
Bismuth,Bismuth : 120 mg (dạng oxyd),,Uống,AGIMEXPHARM,Bệnh viện,,,,,Yes,https://drive.google.com/file/d/1_Z6hqjhXTiiJeCDg961RfzhytlZDqwha/view?usp=drive_link,,‣,
Voriole 200,Voriconazol: 200mg,viên nén bao phim,Uống,Laboratories Limited,Bệnh viện,,Quỹ BHYT thanh toán 50% trong điều trị:- Nhiễm Asperillus nấm xâm lấn;- Nhiễm Candida huyết trên bệnh nhân không giảm bạch cầu;- Nhiễm nấm Candida xâm lấn nặng kháng fluconazol;- Điều trị nhiễm nấm nặng gây ra bởi Scedosporium spp. và Fusarium spp. cho những bệnh nhân không đáp ứng các điều trị khác.,,Không được nhai/bẻ/nghiền viên thuốc,Yes,https://drive.google.com/file/d/1LDFdls_0pbh0hWzpBAcU6mx5SAEPaXBN/view?usp=sharing,,‣,v
Celecoxib,Celecoxib,,,,Bệnh viện,,,,,Yes,https://drive.google.com/file/d/1deJpzELDlrRlOIxc3GUhREKR41xenBgj/view?usp=drive_link,,‣,
"Biocemet tab 500mg/62,5mg","Amoxicilin + acid clavulanic: 500mg + 62,5mg",,Uống,Imexpharm,Nhà thuốc,,,,,Yes,https://drive.google.com/file/d/16nbG8oP5hzieYO-ugWLE_JcmGn9VIerT/view?usp=drive_link,,‣,
Deslora,Desloratadin: 5 mg,viên nén bao phim,Uống,PYMEPHARCO,Bệnh viện,,,,,Yes,https://drive.google.com/file/d/164VEBPYNSNYEPHNgZGb3RYeRYJdFqB6c/view?usp=drive_link,,‣,D
Etomidate-Lipuro,Etomidat: 20mg/10ml,Nhũ tương tiêm,Tiêm/truyền,B.Braun Melsungen AG,Bệnh viện,,,,,Yes,https://drive.google.com/file/d/1Wq4UcEh6_IjjJRKYK_UY5hgf7UUhpsVF/view?usp=drive_link,,‣,E
Fordamet 1g,cefoperazon: 1g,Bột pha tiêm,Tiêm/truyền,Cty TNHH MEDOCHEMIE (Viễn Đông),Bệnh viện,,,,,Yes,https://drive.google.com/file/d/1EnZqXd5lrlnhNkOXixJ-TxwPLdmDp71z/view?usp=drive_link,,‣,F
Bimesta,"Imipenem + cilastatin*: 0,5g + 0,5g",,Tiêm/truyền,Pharbaco,,,,Cần hội chẩn,,Yes,https://drive.google.com/file/d/1LqKyvDJmEoh1gXYV-M-lwT2F5uxFpbBy/view?usp=drive_link,,‣,
VT-Amlopril 4mg/10mg,Perindopril + amlodipin: 4mg + 10mg,viên nén,Uống,USV Private Limited,Bệnh viện,,,,,Yes,https://drive.google.com/file/d/1pdGtGqZqnaxIH9GTxVSVfKbVgrrE_Xs3/view?usp=sharing,,‣,v
Acupan,Nefopam hydroclorid: 20mg/2ml,Dung dịch tiêm,Tiêm/truyền,DELPHARM TOURS,Bệnh viện,,,,,Yes,https://drive.google.com/file/d/1SbNNIGPTPgji3KckArOkyNZ9dn12SZ1s/view?usp=drive_link,,‣,
Derimucin,"Mupirocin: 0,1g/5g",thuốc bôi mỡ,Dùng ngoài,TRUNG ƯƠNG 2,Bệnh viện,,,,,Yes,https://drive.google.com/file/d/13ZsCTsRXxlVeBLTK_Dpxya8i1-bjSdxJ/view?usp=drive_link,,‣,D
Bifitacine,Terbinafin (hydroclorid): 250 mg,,Uống,SHINE PHARMA,Bệnh viện,,,,,Yes,https://drive.google.com/file/d/1KXpaVteEr4WdT6RhztfMztp14zIqMWQx/view?usp=drive_link,,‣,
VT-Amlopril 8mg/5mg,Perindopril + amlodipin: 8mg +5mg,viên nén,Uống,USV Private Limited,Bệnh viện,,,,,Yes,https://drive.google.com/file/d/1u1SeME_HWS7OGLNjI8G-MlZ1IYW8IyZm/view?usp=sharing,,‣,v
BFS-Tranexamic 500mg/10ml,Tranexamic aci: 500mg/10ml,,Tiêm/truyền,CPC1 HN,Bệnh viện,,,,,Yes,https://drive.google.com/file/d/1N69gJDyqailzwlajGsUNnJ6XDQGVlcLm/view?usp=drive_link,,‣,
Ceftriaxon TFI 2g,Ceftriaxon,,,Công ty cổ phần Trust Farma Quốc Tế,Bệnh viện,,,,,Yes,https://drive.google.com/file/d/1TiKOk4it9DRYj9OFQkGweRqAhayoGYBg/view?usp=drive_link,,‣,
Erylik,"Tretinoin + erythromycin: 4% + 0,025%",Gel bôi ngoài,Dùng ngoài,Laboratolres CHEMINEAU,Bệnh viện,,,,,Yes,https://drive.google.com/file/d/1X0aJBQ9nvZcTrJbxTDtQI2EeA4Xe8DUM/view?usp=drive_link,,‣,E
Acular,"Ketorolac: 0,005",Dung dịch nhỏ mắt,Nhỏ mắt,ALIERGAN PHARMACEUTICALS IRELAND,Bệnh viện,,,,,Yes,https://drive.google.com/file/d/1HKn5U8SBa0TiN1j0lhlxzY_XRf-K7_Ti/view?usp=drive_link,,‣,A
VUPU,Sắt sulfat + acid folic: 200mg +0.4 mg,Viên nén bao phim,Uống,CTCP Dược phẩm TV. PHARM,Bệnh viện,,,,,Yes,https://drive.google.com/file/d/1wXoChf93PMLHJ7BxhMJ2BcvdhYQYAkvR/view?usp=sharing,,‣,V
Wolske,Ebastin: 10mg,viên nén bao phim,Uống,DAVIPHARM,Bệnh viện,,,,Không được nhai/bẻ/nghiền viên thuốc,Yes,https://drive.google.com/file/d/17v64KwpXz3G_bUrQWe_2yiZoE_ePsJ2C/view?usp=drive_link,,‣,w
Fluvastatin CAP DWP 20mg,Fluvastatin: 20mg,Viên nang cứng,Uống,Cty CP Dược Phẩm Wealpharm,Bệnh viện,,,,,Yes,https://drive.google.com/file/d/1cTjs_b9VTDyLUjgfOgEkvhv_fLLK7VHS/view?usp=drive_link,,‣,F
"Actelsar HCT 40mg/12,5mg","Telmisartan + hydroclorothiazid: 40mg + 12,5mg",Viên nén,Uống,ACTAVIS LTD,Bệnh viện,,,,,Yes,https://drive.google.com/file/d/1EWzGRT7XOfJsAAje4BFzpKpWM_xHNm3f/view?usp=drive_link,,‣,A
Cefoxitin 1000,Cefoxitin,,,,Bệnh viện,,,,,Yes,https://drive.google.com/file/d/1IPilXabITG_MRw8sZadoMfWdW7QcV5Cu/view?usp=drive_link,,‣,
Wosulin 30/70,"Insulin người trộn, hỗn hợp: 100IU/ml",dụng dịch tiêm,Tiêm/truyền,"Wockhardt Life Sciences., Ltd - ẤN ĐỘ",Bệnh viện,,,,,Yes,https://drive.google.com/file/d/1dm0XDrARiWi5D3ybLVc106jGafFPTyXg/view?usp=sharing,,‣,W
Xamiol,"Calcipotriol + betamethason dipropionat: 50mcg/g + 0,5mg/g",gel,Dùng ngoài,Leo Laboratories Limited,Bệnh viện,,,,,Yes,https://drive.google.com/file/d/1fPgciQuBqqMJ4Sj0szVDXaWlTcosdAQb/view?usp=drive_link,,‣,X
BFS-Neostigmine 0.25,"Neostigmin metylsulfat (bromid): 0,25 mg/ml",,Tiêm/truyền,CPC1 HN,Bệnh viện,,,,,Yes,https://drive.google.com/file/d/1eGTSUrRZ9keoz339NgzqIgVVSvLA5ShG/view?usp=drive_link,,‣,
Dembele-HCTZ,Valsartan + hydroclorothiazid: 25mg; 160mg,Viên nén bao phim,Uống,DaviPharma,Bệnh viện,,,,,Yes,https://drive.google.com/file/d/1lB4stoxKbYIqG0dyYnmGQCpo9RimIQk-/view?usp=drive_link,,‣,D
Cefotiam 2g,Cefotiam,,,,Bệnh viện,,,,,Yes,https://drive.google.com/file/d/1bZYTPBMvpQCSs9JjBwufk1lC7s6xDEZd/view?usp=drive_link,,‣,
Actelno,Amlodipin + Valsartan : 10mg + 160mg,Viên nén bao phim,Uống,Công ty TNHH DRP INTER,Bệnh viện,,,,,Yes,https://drive.google.com/file/d/1Pksuo3FDZykF1aUt9WEc5Uet_u7y4EcV/view?usp=drive_link,,‣,A
BFS-Naloxone,"Naloxon hydroclorid: 0,4mg/ml",,Tiêm/truyền,CPC1 HN,Bệnh viện,,,,,Yes,https://drive.google.com/file/d/1a-8v2bPUnKkzb8_Ec67bi4fg7wpB-hea/view?usp=drive_link,,‣,
Xatral XL 10mg,Alfuzosin: 10mg,viên nén phóng thích kéo dài,Uống,"Sanofi Winthrop Industrie, Pháp",Bệnh viện,,,,Không được nhai/bẻ/nghiền viên thuốc,Yes,https://drive.google.com/file/d/1Utoa2sVlVNLL4TH7-7XQb16hDXEXXxuC/view?usp=drive_link,,‣,
Decebal 50,Pregabalin: 50mg,viên nang cứng,Uống,Atlantic Pharma,Bệnh viện,,,,,Yes,https://drive.google.com/file/d/1QE-mwWLVn3CUhW8DbqQp7F1ZFL54pN6X/view?usp=drive_link,,‣,D
Cefopefast-S 3000,Cefoperazon + sulbactam,,,,Bệnh viện,,,,,Yes,https://drive.google.com/file/d/1_DCo_Sa0RT9ovaPDovT51irunIf_-GCb/view?usp=drive_link,,‣,
"BFS-Nabica 8,4%",Natri hyaluronat: 840 mg/ 10 ml,,Tiêm/truyền,CPC1 HN,Bệnh viện,,,,,Yes,https://drive.google.com/file/d/1iZnWMNYLA1x-wxlgSR7e1TcrwWkHfine/view?usp=drive_link,,‣,
Aciste 3 MIU,Colistin*: 3.000.000IU,Thuốc bột pha tiêm,Tiêm/truyền,DPTW I -,Bệnh viện,,,Cần hội chẩn,,Yes,https://drive.google.com/file/d/1Q_xbJBtnAGuJEAZYcAkjjSUHl_ElXzzV/view?usp=sharing,,‣,A
Xonatrix forte,Fexofenadin: 180mg,viên nén bao phim,Uống,DAVI,Bệnh viện,,,,Không được nhai/bẻ/nghiền viên thuốc,Yes,https://drive.google.com/file/d/1f45a6dYyvXAYDABFLJ8BbOEqBkoKfzd6/view?usp=sharing,,‣,
BFS-Mecobal,"Mecobalamin: 0,5mg/ml",,Tiêm/truyền,CPC1 HN,Bệnh viện,,"Quỹ BHYT thanh toán điều trị thiếu máu hồng cầu khổng lồ, bệnh lý thần kinh ngoại biên do thiếu vitamin B12.",,,Yes,https://drive.google.com/file/d/1Hqyv7lTQr4tza4-YDE9MsnkS8RffjXWU/view?usp=drive_link,,‣,
Xylocaine Jelly,"Lidocain hydroclodrid: 0,02",gel,Dùng ngoài,,Bệnh viện,,,,,Yes,https://drive.google.com/file/d/1xJPRx1C5lnkILFa6nrEYtH_qBsnG_hJM/view?usp=drive_link,,‣,x
Firstlexin 500,Cefalexin: 500 mg,Viên nang cứng,Uống,Cty CP Dược Phẩm Trung ương 1-Pharbaco,Bệnh viện,,,,,Yes,https://drive.google.com/file/d/1heyJ6sNt7TTan-RiXCcbV5nxrvqTfFX3/view?usp=drive_link,,‣,F
Acido Tranexamico Bioindustria L.I.M,Tranexamic acid : 500mg,Dung dịch tiêm tĩnh mạch hoặc uống,Tiêm/truyền,BIOINDUSTRIA L.I.M,Bệnh viện,,,,,Yes,https://drive.google.com/file/d/1KllpbFRMFhCp0u5nJksM-K-p82fUJFXo/view?usp=drive_link,,‣,A
Bfavits 10/40,Simvastatin + Ezetimibe: 40mg + 10mg,,Uống,DSG,Bệnh viện,,,,,Yes,https://drive.google.com/file/d/1b0R8XgIYviGmkbSHDCT1FE1JDkpqvmd-/view?usp=drive_link,,‣,
Zapnex-5,Olanzapin: 5mg,Viên nén bao phim,Uống,DAVI,Bệnh viện,,,,Không được nhai/bẻ/nghiền viên thuốc,Yes,https://drive.google.com/file/d/1iivQ9a6z2vQgfXipU4P8qxJRyXRFut8E/view?usp=sharing,,‣,z
Aciclovir 800mg,Aciclovir : 800mg,Viên nén,Uống,KHAPHARCO PHARMA,Bệnh viện,,,,,Yes,https://drive.google.com/file/d/17nq2apvtqrfzIDn34u3-AH_vZSgkwuZG/view?usp=drive_link,,‣,
DCL-Dapagliflozin 10mg,Dapagliflozin: 10mg,Viên nén bao phim,Uống,CỬU LONG,Bệnh viện,Quỹ BHYT thanh toán 70%.,Quỹ BHYT thanh toán 70%.,,,Yes,https://drive.google.com/file/d/1n29pGsmyp4a0-UPOY2B-gm0fC20A5AcK/view?usp=drive_link,,‣,D
Cebest,Cefpodoxim,,,,Bệnh viện,,,,,Yes,https://drive.google.com/file/d/1WW3WlXa-Q9ljuVif42b2KwtoKwtAkAjx/view?usp=drive_link,,,
Acheron 500mg/2ml,Amikacin : 500mg/2ml,Dung dịch tiêm,Tiêm/truyền,Công ty CPDP An Thiên,Bệnh viện,,,,,Yes,https://drive.google.com/file/d/1DlZs3iCEHVXQDZ9JqQT14-myS7qt7vwY/view?usp=drive_link,,‣,A
CCL Valam 10/160 Tablet,Amlodipin + Valsartan,,,,Bệnh viện,,,,,Yes,https://drive.google.com/file/d/1XKgbFpknQGw7uNPcKUHgCB5FBaUtkST1/view?usp=sharing,,‣,
Enap HL 20mg/12.5mg,"Enalapril + hydrochlorothiazid: 20mg + 12,5mg",Viên nén,Uống,"KRKA,d. d., Novo mesto",Bệnh viện,,,,,Yes,https://drive.google.com/file/d/1XenqseSNINDWLw6LooROl2hJQcIxaat6/view?usp=drive_link,,‣,E
BETAMAKS 50MG TABLETS,Sulpirid: 50mg,,Uống,Joint stock company grindexs,Bệnh viện,,,,,Yes,https://drive.google.com/file/d/134oZiy8_dRs3U64TCYITVPLv8LsUMvlE/view?usp=drive_link,,‣,
Fenidel,Piroxicam: 20mg/1ml,Dung dịch tiêm,Tiêm/truyền,Cty CP Dược phẩm Vĩnh Phúc,Bệnh viện,,,,,Yes,https://drive.google.com/file/d/1OPvKwa0ITDFGWCMxpr3VkF1ZQCzQolAH/view?usp=drive_link,,‣,F
Dareq,Desloratadin: 5 mg,Viên nén bao phim,Uống,iberfat industrin Farmaceutiea .S.A,Bệnh viện,,,,,Yes,https://drive.google.com/file/d/1aZndL6Mqt7YjKAMn8wsWYGAQ4s_h6t6q/view?usp=drive_link,,‣,D
Zensonid,Budesonid: 500mcg/2ml,hỗn dịch dùng cho khí dung,hít,Dược phẩm CPC1 Hà Nội,Bệnh viện,,,,,Yes,https://drive.google.com/file/d/1UR9o8jp5C_gb_wPWgFfChiXUneT6yedj/view?usp=sharing,,‣,z
BETAHISTIN 8 A.T,Betahistin : 8mg,,Uống,AN THIÊN,Bệnh viện,,,,,Yes,https://drive.google.com/file/d/13ZE5VTeIMuM6ppqSK9qESDiyTkJdEqxO/view?usp=drive_link,,‣,
Carmotop 25 mg- Carmotop 50 mg,Metoprolol,,,,Bệnh viện,,,,,Yes,https://drive.google.com/file/d/17mGHuk_JGIb72yo9DT-CpQcRdKmzY624/view?usp=drive_link,https://drive.google.com/file/d/1StSld4jXm0cImHnS8zUoSpz8U-j3iB23/view?usp=drive_link,‣,
ZIMAXAPC 500,Azithromycin: 500mg,Viên nén bao phim,Uống,Ampharco U.S.A,Bệnh viện,,,,Không được nhai/bẻ/nghiền viên thuốc,Yes,https://drive.google.com/file/d/13HtCMD24Zqn-AK92XZIfNlHZEXKwpaHT/view?usp=sharing,,‣,z
Emla,Lidocain+ prilocain: Mỗi tuýp 5g kem chứa: Lidocain 125mg; Prilocain 125mg,Kem bôi ngoài da,Dùng ngoài,Recipharm Karlskoga AB,Bệnh viện,,,,,Yes,https://drive.google.com/file/d/1sElGKtd7-aJZE1It7oI7P34KOjrO2ATV/view?usp=drive_link,,‣,E
Carbidopa/Levodopa tablets 10/100 mg,Levodopa + carbidopa,,,,Bệnh viện,,,,,Yes,https://drive.google.com/file/d/1k5fo63CGQqNrC_5EpHP54bqGanyQle8Q/view?usp=drive_link,,‣,
A.T Urea 20%,UREA: 4g/20g,Kem bôi da,Dùng ngoài,Công ty CPDP An Thiên,Bệnh viện,,,,,Yes,https://drive.google.com/file/d/11y8Ay2TNUJoBbmWzqvJ3MqPGTZLHYdMQ/view?usp=drive_link,,‣,A
A.T Salbutamol inj,"Salbutamol sulfat: 0,5mg;1ml",Dung dịch tiêm,Tiêm/truyền,Công ty CPDP An Thiên,Bệnh viện,,,,,Yes,https://drive.google.com/file/d/1wNMsnMrOA2hYW41fbn6Rk7EX-H1ms8Tp/view?usp=drive_link,,‣,A
Zoamco - A,"Atorvastatin 10mg, Amlodipine5mg",viên nén bao phim,Uống,PYMEPHARCO,Bệnh viện,,,,Không được nhai/bẻ/nghiền viên thuốc,Yes,https://drive.google.com/file/d/1ya_GxzstEsSPXhR4RCjI5_EAbfUC4DNj/view?usp=sharing,,‣,z
Fenbrat 200M,Fenofibrat : 200mg,viên nang cứng,Uống,CTy CP Dược phẩm và sinh học y tế (Mebiphar),Bệnh viện,,,,,Yes,https://drive.google.com/file/d/19drOEiINbAWvTZGWfAYnfmarosw4IiNB/view?usp=drive_link,,‣,F
Carbamazepin 200 mg,Carbamazepin,,,CTCP DUOC DANAPHA,Bệnh viện,,,,,Yes,https://drive.google.com/file/d/1gA_japSOZ-AOAaYvtEsqcaaCV3hkBt7B/view?usp=drive_link,,‣,
BASAGLAR,"Insulin analog tác dụng chậm, kéo dài (Glargine, Detemir, Degludec): 300U/3ml",,Tiêm/truyền,Lilly France,Nhà thuốc,,,,,Yes,https://drive.google.com/file/d/1p8loMGu6MlOjJ6vaPdFihT8ZTUORqAtC/view?usp=drive_link,,‣,
Fegra 180,Fexofenadin: 180mg,Viên nén bao phim,Uống,CT CP Pymepharco,Bệnh viện,,,,,Yes,https://drive.google.com/file/d/19yERk7Oxkk5miuJ_00WW6n7pKd7lzTse/view?usp=drive_link,,‣,F
A.T Rosuvastatin 20,Rosuvastatin: 20mg,Viên nén bao phim,Uống,Công ty CPDP An Thiên,Bệnh viện,,,,,Yes,https://drive.google.com/file/d/1yNNDrXp4fSUV5JYZgrUYcKzDaHE26_d5/view?usp=drive_link,,‣,A
Ecoxia 30,Etoricoxib: 30mg,Viên nén bao phim,Uống,CT TNHH LD STELLAPHARM - Chi nhánh 1,Bệnh viện,,,,,Yes,https://drive.google.com/file/d/1ktoroQSskv0vXLK1GVeQLs5L0j-oEPP_/view?usp=drive_link,,‣,E
A.T Noradrenaline 1mg/ml,Nor-epinephrin (Nor- adrenalin): 1mg/ml,Dung dịch đâm đặc để pha tiêm truyền,Tiêm/truyền,Công ty CPDP An Thiên,Nhà thuốc & Bệnh viện,,,,,Yes,https://drive.google.com/file/d/1mC_XfdRWhWWEUo6FM0dsgSin2Xf6qewy/view?usp=drive_link,https://drive.google.com/file/d/1mC_XfdRWhWWEUo6FM0dsgSin2Xf6qewy/view?usp=sharing,‣,A
Bacsulfo 1g/1g,Cefoperazon + sulbactam: 1g + 1g,,Tiêm/truyền,IMEXPHARM,Bệnh viện,,,,,Yes,https://drive.google.com/file/d/15ZFSm-ESaleRsgsY5DWAlsz8JXfa91Qv/view?usp=drive_link,,‣,
Dabilet,Nebivolol 5mg,Viên nén,Uống,DANAPHA,Bệnh viện,,,,,Yes,https://drive.google.com/file/d/1Sc840yyXuOrklidIj3uNYehM3QlU0znx/view?usp=drive_link,,‣,D
A.T Ketoconazole 2%,Ketoconazol: 2% (kl/kl); 5g,Kem bôi da,Dùng ngoài,Công ty CPDP An,Bệnh viện,,,,,Yes,https://drive.google.com/file/d/1U8oysy-So_iA4KYg0ASflrdnM2UdOc9Q/view?usp=drive_link,,‣,A
Fefasdin 120,Fexofenadin: 120mg,Viên nén bao phim,Uống,CT CP Dược Phẩm Khánh Hòa,Bệnh viện,,,,,Yes,https://drive.google.com/file/d/1Qnxo3-zQY4ZAis2-FItoTzye40wF57Wl/view?usp=drive_link,,‣,F
Ebitac 25,Enalapril + hydrochlorothiazid: 10 mg + 25mg,Viên nén,Uống,"Farmak JSC.,74 Frunze str., Kyiv, 04080, Ukraine.",Bệnh viện,,,,,Yes,https://drive.google.com/file/d/1rynghGInV_qVjtCqCSZFCdy67W04GaJ3/view?usp=drive_link,,‣,E
Caldihasan,Calci carbonat + vitamin D3,,Uống,CONG TY TNHH HASAN,Bệnh viện,,,,,Yes,https://drive.google.com/file/d/1V64cyWzMIX_i4viMl4SJPqD3LOih6Wew/view?usp=drive_link,,‣,
BACI-SUBTI,Bacillus subtilis: >= 10^8 CFU/500mg,,Uống,MTV VÀ SINH PHẨM NHA TRANG,Bệnh viện,,,,,Yes,https://drive.google.com/file/d/1MgI0KrNFjqBJOKX2tyGNMc9Ni9pEH-RA/view?usp=drive_link,,‣,
D-Cure 25.000 IU,Vitamin D3,,Uống,SMB TECHNOLOGY S.A.,Bệnh viện,,,,,Yes,https://drive.google.com/file/d/1U90pmB8D6dCmZbuJkcvVD5FPGlhMNqoe/view?usp=drive_link,,‣,D
Ebarsun,Ivermectin: 6 mg,viên nén,Uống,CT CPTM DP QUANG,Bệnh viện,,,,,No,https://drive.google.com/file/d/17RlR0qHWD2g7U9beFiTg8X9Px7MZ3F1F/view?usp=drive_link,,‣,E
Famogast,Famotidin 40mg,Viên nén bao phim,Uống,Pharmaceutical works POLPHARMA S.A,Bệnh viện,,,,,Yes,https://drive.google.com/file/d/1BiTpgeeKS_OWJedphI0nmk9Lm0HAYyWB/view?usp=drive_link,,‣,F
3B-Medi,Vitamin B1: 125mg                                                                     Vitamin B6: 125mg                                                                      Vitamin B12: 250mcg,Viên nang mềm,Uống,Công mty CPDP Me Di Sun,Bệnh viện,,,,,Yes,https://drive.google.com/file/d/1Zuario4ToFZy7OGWbtozdrzkGAqgXuR5/view?usp=drive_link,,‣,B
"Crestor 5mg, 10mg, 20mg","Rusovastatin 5mg, 10mg, 20mg",,Uống,Astra Zeneca,Nhà thuốc,,,,,Yes,https://drive.google.com/file/d/1Z47vfkp-7QDLXrUJxELrbus9JURTb-BT/view?usp=sharing,,,
Cravit,Levofloxacin 25mg/5ml,Dung dịch nhỏ mắt,Nhỏ mắt,"Santen Pharmaceutical Co., Ltd",Nhà thuốc,,,,,Yes,https://drive.google.com/file/d/1oTVORAMQ3F_onqzR_Ki1JvPyx1-g1EkE/view?usp=sharing,,‣,C
Piascledine,Cao toàn phần không xà phòng hóa quả bơ và dầu đậu nành 300mg,viên nang cứng,Uống,LABORATOIRES EXPANSCIENCE,Nhà thuốc,,,,,Yes,https://drive.google.com/file/d/1_6dhlvjXT-ZZgzqlVxx2ZH7JMNlqs2zL/view?usp=sharing,,‣,P
Sifrol,"Pramipexole dihydrochloride monohydrate 0,375mg",viên nén phóng thích chậm,Uống,BOEHRINGER,Nhà thuốc,,,,Không được nhai/bẻ/nghiền viên thuốc,Yes,https://drive.google.com/file/d/1rCH3TfEMAh6jfzhLJ5XPm1XLGUSGTny1/view?usp=sharing,,‣,S
Meyernota,Piracetam 800mg,,Uống,CT LD MEYER - BPC,Nhà thuốc,,,,,Yes,https://drive.google.com/file/d/1FJEps4m0HU4l9vy6WuhLV4hCg11_Rcyc/view?usp=drive_link,,,M
Perglim M-2,Glimepiride + Metformine Hydrochloride,Viên nén phóng thích chậm,Uống,INVENTIA HEALTHCARE,Nhà thuốc,,,,Không được nhai/bẻ/nghiền viên thuốc,Yes,https://drive.google.com/file/d/1B4z8tGnF8AAHk-qxLy9NhDbYA8W4h-W2/view?usp=drive_link,,‣,P
Soliqua Solostar,Insulin glargine 100 đơn vị/ml; Lixisenatide,bút tiêm,Tiêm/truyền,Sanofi-Aventis,Nhà thuốc,,,,,Yes,https://drive.google.com/file/d/1owmTgJmPVESD2cUnXyMBxQ2yEKN8YF4H/view?usp=sharing,,‣,S
Colchicine,Colchicin 1mg,Viên nén,Uống,DaviPharm,Nhà thuốc,,,,,Yes,https://drive.google.com/file/d/1fCxs9IR7N_iWzzJxn2-Nt_hoXMQDDez1/view?usp=drive_link,,‣,C
SOTRETRAN 10mg,Isotretinoin 10mg,viên nang,Uống,,Nhà thuốc,,,,,Yes,https://drive.google.com/file/d/10hnY1xcggAdF2GeWnbEdECCE_IoXBoa3/view?usp=drive_link,,‣,S
Clarithromycin Stella 500mg,Clarithromycin 500mg,Viên nén,Uống,CT TNHH LD Stellapharm,Nhà thuốc,,,,,Yes,https://drive.google.com/file/d/1k9fmzu33A2Btn14fWQGcAlFc1FIwzK9B/view?usp=sharing,,‣,C
Mesogold 500,Cefprozil 500mg,,Uống,CT CPDP TW 2,Nhà thuốc,,,,,Yes,https://drive.google.com/file/d/1j-G8ygMylnzOS1LBaceSxaer_9Op6Ipp/view?usp=drive_link,,,M
Sucrafil Suspension,Sucralfate 1000mg,hỗn dịch uống,Uống,FOURRTS (INDIA),Nhà thuốc,,,,,Yes,https://drive.google.com/file/d/1Yl1bsJgyS8I84pjmnzQEjnd9bChi8UsD/view?usp=sharing,,‣,S
Clabact 250,Clarithromycin 250 mg,,Uống,CT CP Dược Hậu Giang,Nhà thuốc,,,,,Yes,https://drive.google.com/file/d/1YegWOzYBqTwk6PbLTmgHEU3pIGI2Na0q/view?usp=sharing,,‣,C
Duchat,"Mỗi ml chứa: Alpha tocopheryl acetate 1mg; Calci (dưới dạng calci lactat pentahydrat 66,66mg) 8,67mg; Cholecalciferol 1µg (mcg); Dexpanthenol 0,67mg; Lysine hydrochloride 20mg; Nicotinamide 1,33mg; Pyridoxine hydrochloride 0,4mg; Riboflavin sodium phosphate 0,23mg; Thiamine hydrochloride 0,2mg",dung dịch uống,Uống,Công ty CPDP CPC1 Hà Nội,Nhà thuốc,,,,,Yes,https://drive.google.com/file/d/1xLrsWwaGmvbdtp-hMZoLOuKLXuKQefoo/view?usp=sharing,,‣,D
Cifga,Ciprofloxacin 500mg,Viên nén bao phim,Uống,DGH Pharma,Nhà thuốc,,,,,Yes,https://drive.google.com/file/d/1LdsL_7tjzFKnttqj9p1wi-jn8BBA6pVu/view?usp=sharing,,‣,C
Sumam,Sumatriptan 50mg,viên nén bao phim,Uống,PHARMACEUTICAL,Nhà thuốc,,,,,Yes,https://drive.google.com/file/d/1xfS3--3RrTRkqFkecR7Xjqc1xJ1DgHXQ/view?usp=sharing,,‣,S
Gluthion 1200,Glutathion 1200mg,,Tiêm/truyền,MEDLAC PHARMA ITALY,Nhà thuốc,,,,,Yes,https://drive.google.com/file/d/16TxZWAH75lylqTYu4uJ8WuqBVqdcatPu/view?usp=drive_link,,‣,
Auvit-B50,Pyridoxin hydroclorid 50mg; Thiamin mononitrat 250mg,,Uống,MEYER-BPC,Nhà thuốc,,,,Không được nhai/bẻ/nghiền viên thuốc,Yes,https://drive.google.com/file/d/1iVsE8k5b0VqwU593ncNMQVKy_b6dCB33/view?usp=sharing,,‣,A
Cardioton,"Ubidecarenon 30mg, D-alpha-Tocopherol 6,71",viên nang mềm,Uống,Lipa Pharmaceuticals Ltd,Nhà thuốc,,,,,Yes,https://drive.google.com/file/d/1w1XhFoTLqytm1qwfUj_bFNcj7pYCRtk5/view?usp=sharing,,‣,C
HYALGAN,Natri hyaluronate 20mg/2ml,Dung dịch tiêm trong khớp,Tiêm/truyền,Fidia Farmaceutici,Nhà thuốc & Bệnh viện,,,,,Yes,https://drive.google.com/file/d/1fBBf5qdSXYtjY2efk-jBtbYPHk1zLkiI/view?usp=sharing,,‣,H
Branchamine,"L-Methionin320.3mg,L-Histidin hydroclorid monohydrat216.2mgL-Tryptophan72.9mg, L-Valine233mg, L-Threonin145.7mg, L-Phenylalanine320.3mgL-Lysin HCL291mgL-Isoleucine203.9mg, L-Leucin320.3mg",Thuốc cốm,Uống,CT CPD ENLIE,Nhà thuốc,,,,,Yes,https://drive.google.com/file/d/1WS1o1cSBAzuxOPdBhAFALl4sxw4yCcx_/view?usp=sharing,,,B
Atsotine Soft Capsule,Cholin alfoscerat 400mg,,Uống,"KOREA PRIME PHARM.CO.,LTD",Nhà thuốc,,,,,Yes,https://drive.google.com/file/d/1ZFNsntRmPEub6-x-X7zu1EomknWykD57/view?usp=drive_link,,‣,A
Gikorcen,"Cao khô lá bạch quả (tương đương 28,8mg ginkgoflavon glycosid toàn phần) 120mg",Viên nang mềm,Uống,KOREA PRIME PHARM,Nhà thuốc & Bệnh viện,,"Quỹ BHYT thanh toán điều trị đau do viêm động mạch (đau thắt khi đi); rối loạn thị giác (bệnh võng mạc do tiểu đường); tai mũi họng (chóng mặt, ù tai, giảm thính lực), rối loạn tuần hoàn thần kinh cảm giác do thiếu máu cục bộ; hội chứng Raynaud.",,,Yes,https://drive.google.com/file/d/1PQvFKMlYYY4HM_DuR44j2vHHAd-vID7X/view?usp=sharing,,‣,G
Tanakan,Ginkgo biloba extract 40mg,Viên nén bao phim,Uống,BEAUFOUR,Nhà thuốc,,,,,Yes,https://drive.google.com/file/d/16Bv1Remwibbye7yPW4CJgepkQBpyM2-X/view?usp=drive_link,,‣,T
Calvin Plus,"Calci 600mg, Magnesi 40mg, Cholecalciferol 200IU,…",Viên nén bao phim,Uống,"BIOLAB CO., LTD",Nhà thuốc,,,,,Yes,https://drive.google.com/file/d/1HLhVVWSEv-LDwznDEYo1lanngna5l0Vh/view?usp=sharing,,‣,C
Fortrans,"Macrogol 4000: 64 g; Anhydrous sodium sulfate: 5,7 g; Sodium bicarbonate: 1,68 g; Sodium chloride: 1,46 g; Potassium chloride: 0,75 g.",,Uống,,Nhà thuốc,,,,,Yes,https://drive.google.com/file/d/1xYn4LZmGHD8-38PDEBzw2KU8yU5ZN2gU/view?usp=drive_link,,‣,
Datviron,Benfotiamin 150mg,Viên nén bao đường,Uống,CTCP Dược ENLIE,Nhà thuốc,,,,,Yes,https://drive.google.com/file/d/1AEDOZm47AO6yCtlOeVdam3nkKrMw28X4/view?usp=drive_link,,‣,D
Thyrozol 5mg,Thiamazol 5MG,Viên nén bao phim,Uống,"Merck KGaA,",Nhà thuốc & Bệnh viện,,,,Không được nhai/bẻ/nghiền viên thuốc,Yes,https://drive.google.com/file/d/1b4hkGh36raYohWBYLYKEssECvYIZcQgG/view?usp=sharing,,‣,T
Gimtafort,Hydrocortison,,Uống,Dược ENLINE,Nhà thuốc,,,,,Yes,https://drive.google.com/file/d/1RheJ4cN8_MYDpITmSI-SZuQzFP0ohHGl/view?usp=drive_link,,‣,
Bromtab 40 tablet,Febuxostat 40mg,,Uống,The ACME Laboratories Ltd,Nhà thuốc,,,,,Yes,https://drive.google.com/file/d/1QU5iwQh3xliCKyeTUsXDWGkrXLlPhlVW/view?usp=drive_link,,‣,B
AlphaDHG,Alpha chymotrypsin: 21 microkatal,,Uống,Hậu Giang,Nhà thuốc,,"Quỹ BHYT thanh toán trong điều trị phù nề sau phẫu thuật, chấn thương, bỏng.",,,No,https://drive.google.com/file/d/1yl-Hm_onqQHBX_71EOpZPsp65aDCEotx/view?usp=sharing,,‣,A
Batonat,L-Ornithine-L-Aspartate        400mg,,Uống,Công ty TNHH Phil Inter pharma,Nhà thuốc,,,,,Yes,https://drive.google.com/file/d/1xVHt6DKK917xQ8QQwtzFrEKS2GinI7iZ/view?usp=sharing,,,B
Zitromax,Azithromycin 500mg,,Uống,Haupt Pharma Latina S.R.L,Nhà thuốc,,,,,Yes,https://drive.google.com/file/d/1ROAHmeYhMO7Z9tVM8rI1x_0Vvz1g24bA/view?usp=sharing,,‣,Z
FLOEZY,"Tamsulosin hydrochloride 0,4mg",Viên nén phóng thích kéo dài,Uống,"Synthon Hispania, SL, Spain",Nhà thuốc & Bệnh viện,,,,Không được nhai/bẻ/nghiền viên thuốc,Yes,https://drive.google.com/file/d/1V02UMNeP1HeOlEAFJVizocMyWQkOYOA8/view?usp=sharing,,‣,
A.T Silymarin 117 mg,Silymarin 117 mg,,Uống,An Thiên,Nhà thuốc,,,,,Yes,https://drive.google.com/file/d/1atQVWE8NuLd9xZMmglYc8J0g1-cjUF4y/view?usp=sharing,,‣,A
Fleet enema,"Monobasic Sodium Phosphat, Dibasic Sodium Phosphat",Dung dịch thụt trực tràng,Thụt hậu môn,C.B.Fleet Company Inc,Nhà thuốc & Bệnh viện,,,,,Yes,https://drive.google.com/file/d/1oSnPlPSw2uEdM5V1KMYqnjSbhK_Ru90n/view?usp=drive_link,,‣,F
Ladyformin,Đồng sulfat khan 40 mg; Natri fluorid 40 mg,viên sủi,Dùng ngoài,USP,Nhà thuốc,,,,,Yes,https://drive.google.com/file/d/1yKD370_BhIBAmZXi4atGppk7C-O8BF_k/view?usp=drive_link,,‣,L
Ganasef 3000,L-ornithin L-aspartat,,Uống,Hansa - Dermapharm,Nhà thuốc,,,,,Yes,https://drive.google.com/file/d/1N0sm11P9NbGjkVqWL3P7cCMMs4_R7NrS/view?usp=sharing,,‣,G
Fefolic DWP 100 mg/350 mcg,"Sắt 100mg; Acid folic 0,35mg",,Uống,,Nhà thuốc,,,,,Yes,https://drive.google.com/file/d/10_3g65rygD6WWHqDdExwOOKr2z3JLONb/view?usp=sharing,,‣,
A.T Glutathione 600 inj,Glutathion: 600mg,Bột đông khô pha tiêm,Tiêm/truyền,Công ty CPDP An Thiên,Nhà thuốc & Bệnh viện,Quỹ BHYT thanh toán 50%,"Quỹ BHYT thanh toán cho bệnh nhân sau xạ trị, bệnh nhân điều trị ung thư bằng cisplatin hoặc carboplatin; thanh toán 50%.",,,Yes,https://drive.google.com/file/d/12gdrbZp3pygk1Ta2fdyJUKWW35bjY4wm/view?usp=drive_link,,‣,A
Betadine Gargle and Mouthwash,Povidon-Iod 1%,,súc họng súc miệng,Mundipharma Pharma Pharmaceuticals Ltd,Nhà thuốc,,,,,Yes,https://drive.google.com/file/d/1VwVGh76VRo8q4VcEzkW9iidLkDLlkc9n/view?usp=drive_link,,,p
Cavinton,Vinpocetin 5mg,,Uống,Gedeon Richter Plc,Nhà thuốc,,,,,Yes,https://drive.google.com/file/d/1w1XhFoTLqytm1qwfUj_bFNcj7pYCRtk5/view?usp=sharing,,‣,C
Scanneuron,"Vitamin B1 100mg, Vitamin B6 200mg, Vitamin B12 200mcg",Viên nén bao phim,Uống,CT TNHH LD Stellapharm - chi nhánh 1,Nhà thuốc & Bệnh viện,,,,,Yes,https://drive.google.com/file/d/1sLDbJHTEHwqhBkPdI3vCbhgc0WAsCogr/view?usp=sharing,,‣,S
Pracetam 800,Piracetam 800mg,,Uống,Công Ty TNHH LD Stellapharm - Chi nhánh 1,Nhà thuốc,,,,,Yes,https://drive.google.com/file/d/1QhwGtMW1_qPa8kyt2hVtOU74xgWzA7OG/view?usp=sharing,,,P
Batimed,"Thiamin hydroclorid 250mg, Pyridoxin hydroclorid 35mg",Viên nén bao phim,Uống,CTLD Meyer - BPC,Nhà thuốc,,,,,Yes,https://drive.google.com/file/d/1VXnDIGpJxsoShmvmZydLrKVAyNNKVTE1/view?usp=sharing,,‣,B
Gintecin injection,"Cao Ginkgo biloba 17,5mg/5ml",,Tiêm/truyền,SIU GUAN CHEM,Nhà thuốc,,,,,Yes,https://drive.google.com/file/d/1RheJ4cN8_MYDpITmSI-SZuQzFP0ohHGl/view?usp=drive_link,,‣,
Trimoxtal 500/500,"Amoxicilin 500mg,  Sulbactam 500mg",,Uống,Minh Hải,,,,,,Yes,https://drive.google.com/file/d/1ySOB4tjPQ7WnI5Lq8jjInGaJJG7fcVCn/view?usp=sharing,,‣,T
Ulcogen 800mg,Piracetam 800mg,,Uống,CT CP DP CPC1,Nhà thuốc,,,,,Yes,https://drive.google.com/file/d/195EdUM4toraSBEOfmvAlhvJuRsPmNsV3/view?usp=sharing,,,U
Epalrest,Epalrest,viên nén bao phim,Uống,Công ty CPDP Sao Kim,Nhà thuốc,,,,,Yes,https://drive.google.com/file/d/1k4x7SMfwRbG2ftRbwFSVp2Dj5qi4C2wu/view?usp=drive_link,,‣,E
Hepasyzin,"Cao Cardus marianus (tương đương 140 mg Silymarin, 60 mg Silybin) 200 mg; Thiamin nitrate 4mg; Pyridoxin hydrochlorid 4mg; Nicotinamide 12mg; Calcium pantothenate 8mg; Cyanocobalamin 1,2 mcg",,Uống,,Nhà thuốc,,,,,Yes,https://drive.google.com/file/d/1P-XOiENbbVoc2spRgrguT6FcBLM4fTdE/view?usp=sharing,,‣,
No-Spa forte,Drotaverine hydrochloride 80mg,viên nén,Uống,CHINOIN,Nhà thuốc & Bệnh viện,,,,,Yes,https://drive.google.com/file/d/1okYmZdTbvtfNncGBYbfPavVwI7fmCDQg/view?usp=drive_link,,‣,N
Boncium,Calcium 500mg ; Colecalciferol (Vitamin D3) 250IU,,Uống,,Nhà thuốc,,,,,Yes,https://drive.google.com/file/d/1SkB-2x6nXKW7s7SzZDjockClYDuzb2am/view?usp=drive_link,,,B
Phlorofon ODT,Phloroglucinol dihydrate 80mg,Viên nén phân tán trong miệng,Uống,Công ty TNHH sinh dược phẩm HERA,Nhà thuốc,,,,,Yes,https://drive.google.com/file/d/19jX9x7sOFkCZ4s1HV1pp3cyZlaXbSXVM/view?usp=drive_link,,,P
Stadovas 5 CAP,Amlodipine,,Uống,Stellapharm,,,,,,Yes,https://drive.google.com/file/d/1u6408qbKIa2tdqJoLTzAmab0uvFr98K3/view?usp=sharing,,‣,S
Motilium-M,Domperidone maleate 10mg,viên nén bao phim,Uống,OLIC,Nhà thuốc,,,,,Yes,https://drive.google.com/file/d/1kkWq_HdtCQaILzcwCZMiRxhX_v9Ck0z4/view?usp=sharing,,‣,M
Daivonex,Calcipotriol,Thuốc mỡ,Dùng ngoài,,Nhà thuốc,,,,,Yes,https://drive.google.com/file/d/1_w2fHQ64-CLkay97B-2zzjmdyf2H8TSL/view?usp=drive_link,,‣,D
Otrivin,Xylometazoline hydrochloride 0.5 mg/ml,,Nhỏ mũi,Haleon CH SARL,Nhà thuốc,,,,,Yes,https://drive.google.com/file/d/1tSD3Ib0RVa4MV8cyXEYgBI9Ak6s4ctRZ/view?usp=sharing,,‣,O
Pelethrocin,Diosmin 500mg,viên nén bao phim,Uống,Medisun,Nhà thuốc & Bệnh viện,,,,,Yes,https://drive.google.com/file/d/1glxXIXvEd0xUcJ1JtHfaZSQeVEs2UItX/view?usp=drive_link,,‣,p
Yumangel F,"Almagat  1,5g/15ml",,Uống,YUHAN CORPORATION,,,,,,Yes,https://drive.google.com/file/d/1lTQvM0PkJBFqFfqk1c3f_uQahbmjeOiK/view?usp=sharing,,‣,Y
Zolafren,Olanzapine 5mg,,Uống,Adamed Pharma S.A.,Nhà thuốc,,,,,Yes,https://drive.google.com/file/d/1GK1Iiys16cakFSqcYe43wiiHT5OhSWFP/view?usp=sharing,,,z
Bromanase,Bromelain,,Uống,CT CP Dược TW Mediplantex,Nhà thuốc,,,,,Yes,https://drive.google.com/file/d/19lh01Zbf-jrSjuP3D4mkFEUY31xfhsOl/view?usp=drive_link,,‣,B
Oflovid,"Ofloxacin 0,3%",,Nhỏ mắt,"SANTEN PHARMACEUTICAL, CO., LTD",Nhà thuốc & Bệnh viện,,,,,Yes,https://drive.google.com/file/d/12ESFU2jiZpCo4EuErzUYRE-10cZCnBKK/view?usp=drive_link,,,O
Aspirin tab DWP 100mg,Acid acetylsalicylic (Aspirin) 100mg,Viên nén bao tan trong ruột,Uống,"Công ty cổ phần dược phẩm Wealphar, Việt Nam",Nhà thuốc,,,,Không được nhai/bẻ/nghiền viên thuốc,Yes,https://drive.google.com/file/d/1iJYxVAEf6-5w0kANPVjlDvPEO6D9kDbm/view?usp=sharing,,‣,A
Nevanac,Nepafenac 1mg,,Nhỏ mắt,S.A.ALCON-COUVREUR N.V,Nhà thuốc,,,,,Yes,https://drive.google.com/file/d/1gOvbWPHjax8M7q1x1VWALclHkpNAtDxj/view?usp=sharing,,,N
Acetazolamid DWP 250mg,Acetazolamid 250mg,,Uống,CTCP DP Wealphar,Nhà thuốc,,,,,Yes,https://drive.google.com/file/d/1pGu6tR5m8kU5K7pMc8Ec_nAYpy9In8cS/view?usp=sharing,,‣,A
BUTAVELL,Dobutamin Hydroclorid,,,,,,,,,,https://drive.google.com/file/d/12S7e7tnMQobm0SiJHCZO8R8D3YSF6UnK/view?usp=drive_link,,‣,B
Kavasdin 5,Amlodipin 5mg,Viên nén,Uống,CTCP DP KHÁNH HÒA,Nhà thuốc,,,,,Yes,https://drive.google.com/file/d/1_gkwD3qrlmGpAGgz2wIvBtre_5iW-r2M/view?usp=sharing,,‣,K
Ondanov 8mg Injection,Ondansetron 8mg/4ml,,,Novell,,,,,,,https://drive.google.com/file/d/1Z9in8OVEWcsLx7v8cPwpQm330BBarAYM/view?usp=sharing,,‣,O
Tranexamic acid 250mg/5ml,Tranexamic acid 250mg/5ml,DUNG DỊCH TIÊM,Tiêm/truyền,MD PHARCO,Nhà thuốc & Bệnh viện,,,,,Yes,https://drive.google.com/file/d/1w5IsmNjh1jBsa8IMyEPtdu1WTw0Mg7MK/view?usp=sharing,https://drive.google.com/file/d/19QKZD8F-_ucg7WYZbBbX8xS-lAJuu0SY/view?usp=sharing,‣,T
Avelox,Moxifloxacin 400mg/250ml,,,BAYER PHARMA,,,,,,,https://drive.google.com/file/d/1NAr7LJK0mf904PHKoMZ3pEolOMvlkP5M/view?usp=sharing,,‣,A
"NATRI CLORID 0,9%","Natri clorid 0,9g/ 100ml",,,ALLOMED,,,,,,,https://drive.google.com/file/d/10N_QPgCw7c4CL9WNVG-cXe2TTeOu2TYz/view?usp=sharing,,‣,N
Solezol,Esomeprazol 40mg,,,,,,,,,,https://drive.google.com/file/d/1hDxM19gSsmFcWTOoHczl26PpVCOSKTx0/view?usp=sharing,,‣,S
Agimoti,Domperidone 5mg/5ml,,,Agimexphar,,,,,,,https://drive.google.com/file/d/1NZw3FO9pT8VU9PedQ0FnaaaNEpR9JnHj/view?usp=sharing,,‣,A
Zencombi,"Salbutamol + Ipratropium (0,5 mg + 2,5 mg)/ 2,5 ml",dung dịch để hít,hít,CPC1,Nhà thuốc & Bệnh viện,,,,,Yes,https://drive.google.com/file/d/1iX9iEhJJTkbBcM0ta9lARG8y-0TVLHq5/view?usp=sharing,https://drive.google.com/file/d/1erlyYYhb9-RqWapaElR5a_rx57S7PrCJ/view?usp=sharing,‣,Z
Vitamin K,Vitamin K 5mg/1ml,,,,,,,,,,https://drive.google.com/file/d/1vrLdTLOUcRicY5l0UIA39PCW5QXqtI7k/view?usp=sharing,,‣,V
Reumokam,"Meloxicam: 15mg/1,5ml",dung dịch tiêm,Tiêm/truyền,FARMAK JSC,Bệnh viện,,,,,Yes,https://drive.google.com/file/d/1jUPyvNQd6lxw4OJSXLuw4d54JHMPEPgd/view?usp=sharing,,‣,R
NOREPINEPHRIN KABI 1MG/ML,Nor-epinephrin (nor- adrenalin) 1mg/ml,,,Fresenius Kabi,,,,,,,https://drive.google.com/file/d/1rgg_LlK3RtAr3FOOb_gypkg1EMAStBAg/view?usp=sharing,,‣,N
Vphonstar,"Độc hoạt, Phòng phong, Tang ký sinh, Tần giao, Bạch thược, Ngưu tất , Sinh địa, Cam thảo, Đỗ trọng , Tế tân, Quế nhục, Nhân sâm, Đương quy, Xuyên khung",,,Vạn Xuân,,,,,,,https://drive.google.com/file/d/189lf6xjY_gQuhARcOzahCqGxSXZ0wvLs/view?usp=sharing,,‣,V
Lipitor,Atorvastatin 20 mg,,,,,,,,,,https://drive.google.com/file/d/1A52LSw1z37sKuNTEf0Yk4DV1Jb4dj_po/view?usp=sharing,,‣,L
Haduliptin,Sitagliptin 100 mg,,,VTYT Hải Dương,,,,,,,https://drive.google.com/file/d/1LrQnzstmleE4nlNtgEFvBYF-LkdAByo0/view?usp=sharing,,‣,H
Golddicron,Gliclazid 30 mg,,,Valpharma,,,,,,,https://drive.google.com/file/d/1jZ28J5lkgprD-5FxF5ziN8AWtOGw7QIX/view?usp=sharing,,‣,G
Eperison 50,Eperison 50 mg,Viên nén bao phim,Uống,CTCPDP KHÁNH HÒA,Bệnh viện,,,,,Yes,https://drive.google.com/file/d/1lHo6XIJ7GnEMJ4GoEt6jfBXFQxnPHb-h/view?usp=sharing,,‣,E
Doxazosin DWP 4mg,Doxazosin 4 MG,viên nén,Uống,Wealphar,Nhà thuốc & Bệnh viện,,,,,Yes,https://drive.google.com/file/d/1LwsL37OqlH0uX3bGefC_jrz_k0dNuln-/view?usp=sharing,,‣,D
Aprovel,Irbesartan 150 mg,Viên nén bao phim,Uống,SANOFI - AVENTIS,Bệnh viện,,,,,Yes,https://drive.google.com/file/d/1Ji0XYaeC29x3coTJ-VEPHLLAwA1mw4Zl/view?usp=sharing,,‣,A
"Viticalat 1,6g","Ticarcillin + acid clavulanic 1,5g + 0,1g",thuốc bột pha tiêm,Tiêm/truyền,CTCPDP VCP,Nhà thuốc & Bệnh viện,,,,,Yes,https://drive.google.com/file/d/1ZUYnyoFNv8_wVS2UNILB1TJ23FGH9Twz/view?usp=sharing,https://drive.google.com/file/d/1fNd37kVqlTfCEXjIAn_tNRBf132NOW9m/view?usp=sharing,‣,V
COVERSYL PLUS  Arginine,perindopril arginin và indapamid,,,,,,,,,,https://drive.google.com/file/d/1DaxLfxA3CvXTmJWR5MdUFQMmVqHji7FD/view?usp=sharing,,‣,C
Systane Ultra,"Polyethylen glycol + propylen glycol 0,4% + 0,3%",dung dịch nhỏ mắt,Nhỏ mắt,Alcon Research,Nhà thuốc & Bệnh viện,,,,,Yes,https://drive.google.com/file/d/1rNl4c12wFCEvWPLi4AxagJpIoagXj3SN/view?usp=sharing,,‣,S
Sympal,Ketoprofen 50mg/2ml,dung dịch,tiêm/ truyền tĩnh mạch,A.MENARINI MANUFACTURING LOGISTICS AND SERVICES S.R.I,Nhà thuốc & Bệnh viện,,,,,Yes,https://drive.google.com/file/d/1xaCGi2cbP-EZLa86XBovOF1hMoL8U8du/view?usp=sharing,,‣,S
VEDANAL FORT,Fusidic acid + hydrocortison((100mg; 50mg)/5g - Tuýp 10g),,,Merap,,,,,,,https://drive.google.com/file/d/1isHFiIox_9JI8UWl3zAunOtDl4DoPmsF/view?usp=sharing,,‣,V
Carbidopa Levodopa 25/250 mg Tablets,Carbidopa Levodopa 25/250 mg,,,,Nhà thuốc & Bệnh viện,,,,,Yes,https://docs.google.com/document/d/1Lif_gulrtgPOhfDU1lGEKUd4JPDuQSRN/edit?usp=drive_link&ouid=101034203559455113861&rtpof=true&sd=true,,‣,C
Vitamin B1,Vitamin B1 100mg/1ml,,,CTCPDP  VĨNH PHÚC,,,,,,,https://drive.google.com/file/d/1zFd5LZ5jTgiuJ4N5pohM5YtixmyqtKB1/view?usp=sharing,,‣,V
Propofol-Lipuro 0.5% (5mg/ml),Propofol: 5mg/ml x 20ml,Nhũ tương tiêm hoặc tiêm truyền,Tiêm/truyền,B.Braun,Bệnh viện,,,,,Yes,https://drive.google.com/file/d/139PgcZ8Wq9mx4_gJg41bg-CrGwh1ScXX/view?usp=drive_link,,‣,P
Tegretol 200,Carbamazepin: 200mg,viên nén,Uống,Novartis Farma,Nhà thuốc & Bệnh viện,,,,,Yes,https://drive.google.com/file/d/1PekNBmh3Pl4jbWWFbuEUxwzAT03GnvzC/view?usp=sharing,,‣,T
Suopinchon Injection,Furosemid 20mg,,,"Siu Guan Chem Ind Co., Ltd. TAIWAI",,,,,,,https://drive.google.com/file/d/1VpLiBbOP1z2FB59Ee7ROH2RAOeBcA66m/view?usp=sharing,,‣,S
DIMAGEL,Guaiazulen + dimethicon (4 mg + 300 mg),,,DAVIPHARM,,,,,,,https://drive.google.com/file/d/1hgjuFnOAMgZ4Mz1Jf7F4p6tzigTl3xPS/view?usp=sharing,,‣,D
Pregabakern 50mg,Pregabalin 50mg,,,KERN PHARMA S.L - TÂY BAN NHA,,,,,,,https://drive.google.com/file/d/1UuKZvQiPmXVDS-tX5NAUCF67i2P1qESk/view?usp=sharing,,‣,P
Insulatard,"Insulin tác dụng trung bình, trung gian (medium-acting, intermediate-acting) 1000IU/ 10ml",,,Novo Nordisk A/S,,,,,,,https://drive.google.com/file/d/1XAFobPPiPu3xKveGDh-y9bjv5WmubB-n/view?usp=sharing,,‣,I
Digoxin-Bfs,"Digoxin 0,25 mg/1ml",dung dịch tiêm,Tiêm/truyền,CPC1,Nhà thuốc & Bệnh viện,,,,,Yes,https://drive.google.com/file/d/1IdWEUaAUIYeZMfXlvZ-xbADISYU7dq5w/view?usp=drive_link,,‣,D
Buston Injection,Hyoscin butylbromid 20mg/ml,,,,,,,,,,https://drive.google.com/file/d/1432Axbc5anTJBAiI7VD1-JilDN3C7pCB/view?usp=sharing,,‣,B
Mixtard® 30,Insulin,,,,,,,,,,https://docs.google.com/document/d/1_De8JeEN3ZnLNBC5UwgvPCQR6f10UbCJ/edit?usp=drive_link&ouid=107745387619945059215&rtpof=true&sd=true,,‣,M
Betahema,Erythropoietin 2000IU/1ml,,Tiêm/truyền,Pablo Cassara,Bệnh viện,,,,,Yes,https://drive.google.com/file/d/1JM8Xdkee4oj-8vzeWxNSWZFkiXJ6kHow/view?usp=sharing,https://drive.google.com/file/d/1rkGTMCx3AvvE0kb6g3-n8eXPOFdfC7ik/view?usp=drive_link,‣,B
Actrapid,"Insulin tác dụng nhanh, ngắn (fast-acting, short-acting) 1000IU/ 10ml",,,Novo Nordisk Production SAS,,,,,,,https://drive.google.com/file/d/10aMZ6_oAUV9BKmphCCJw_TYAR9zZTcbN/view?usp=sharing,,‣,A
Trimafort,"Magnesi hydroxyd + nhôm hydroxyd + simethicon(800,4 mg + 612 mg + 80 mg)",,,DAEWOONG PHARMACEUTICAL,,,,,,,https://drive.google.com/file/d/1fM5R364BZ8neLiwMJsd5rzX9EBbbhH8U/view?usp=sharing,,‣,T
Kalira,Calci polystyren sulfonat 5g,Bột pha hỗ dịch,Uống,CPC1,Nhà thuốc & Bệnh viện,,,,,Yes,https://drive.google.com/file/d/1ihvZYFnTw13FeI6CF7PxgSKP5yyclk5b/view?usp=sharing,,‣,K
Gelactive Fort,Magnesi hydroxyd + nhôm hydroxyd + simethicon((400 mg + 300 mg + 30 mg)/10 ml),Hỗn dịch uống,Uống,HASAN-DERMAPHARM,Bệnh viện,,,,,Yes,https://drive.google.com/file/d/1ROVP4KfYiDSpgmxWRQ-lPz9_9SMvlITM/view?usp=sharing,,‣,G
Pravastatin SaVi 10,Pravastatin 10mg,Viên nén,Uống,SAVIPHARM J.S.C Việt Nam,Bệnh viện,,,,,Yes,https://drive.google.com/file/d/1x91mzWQPK6t1Zd9qsxvbJGXv5r28xX8P/view?usp=drive_link,,‣,P
Buvamed 400,Dexibuprofen 400 mg,,Uống,ENLINE,Bệnh viện,,,,,Yes,https://drive.google.com/file/d/167WvmDQu7p6wWK090qqqKfO0QnNgIbt0/view?usp=sharing,https://drive.google.com/file/d/1UgNq1GhLboy2EV9MawVUVWn8VY2xILlL/view?usp=drive_link,‣,B
Tenamyd-cefotaxime 2000,Cefotaxime 2000mg.,,,,,,,,,,https://docs.google.com/document/d/1fua_shByzQRxJjE9tA5buqX_bEB7i3DX/edit?usp=drive_link&ouid=107745387619945059215&rtpof=true&sd=true,,‣,T
Vixcar,Clopidogrel 75mg,,,,,,,,,,https://drive.google.com/file/d/1syElALMDgRp5zG_7DyTlbL5f1fxWf1L1/view?usp=sharing,,‣,V
"Ocedetan 8/12,5","Candesartan + hydrochlorothiazid 8 mg + 12,5 mg",VIÊN NÉN PHÂN TÁN,Uống,Hóa Dược Việt Nam,Nhà thuốc & Bệnh viện,,,,Không được nhai/bẻ/nghiền viên thuốc,Yes,https://drive.google.com/file/d/1HDaPCXietozQ9uC4BGQduA-S7bgAahwo/view?usp=sharing,https://drive.google.com/file/d/1HDaPCXietozQ9uC4BGQduA-S7bgAahwo/view?usp=sharing,‣,O
Savdiaride 2,Glimepirid 2mg,,,SaVipharm,,,,,,,https://drive.google.com/file/d/1PtJ4x9ZO-vCxNnk_hICR8m3_WX3nXTZk/view?usp=sharing,,‣,S
METRONIDAZOLE / VIOSER,metronidazol 500 mg.,,,,,,,,,,https://docs.google.com/document/d/1ohmb3f2MAvBDl3M4XyPhCMDrgRHU8OSJ/edit?usp=drive_link&ouid=107745387619945059215&rtpof=true&sd=true,,‣,M
Saferon,Sắt (III) hydroxyd polymaltose +acid folic (100mg (sắt nguyên tố)+ 500mcg),,,Glenmark Pharmaceuticals Ltd.,,,,,,,https://drive.google.com/file/d/1UGlPc6gJf6Il489phogoEtbzbc8nB16M/view?usp=sharing,,‣,S
Rinalix-Xepa,"Indapamid 2,5mg",,,,,,,,,,https://drive.google.com/file/d/183CTIVh9ACyOtwRU5Xyp_tFW4rPTp0mr/view?usp=sharing,,‣,R
Natrilix SR,"Indapamid 1,5mg",Viên nén bao phim giải phóng kéo dài,Uống,Les Laboratoires Servier Industrie Pháp,Nhà thuốc & Bệnh viện,,,,Không được nhai/bẻ/nghiền viên thuốc,Yes,https://drive.google.com/file/d/1bfPody5-RGWcb2MquiIxYmVE4_RKSa_4/view?usp=drive_link,,‣,N
Ramipril Cap DWP 10mg,Ramipril 10mg,viên nang cứng,Uống,WealPhar,Bệnh viện,,,,,Yes,https://drive.google.com/file/d/1_ZS9Cs1xOKb7mmbu8ORmp3SIFEiW09_b/view?usp=drive_link,,‣,R
Silverzinc 50,Kẽm gluconat 50mg,,,,,,,,,,https://drive.google.com/file/d/1HlXtIT0ugp6BNFyH-Q12e19pJo0wmF-i/view?usp=sharing,,‣,S
CIPROFLOXACIN 200mg/100ml,Ciprofloxacin 200 mg,,,,,,,,,,https://docs.google.com/document/d/1QrM-BnjDaHrY_ouQ5GFM3pzL_7298Eg9/edit?usp=drive_link&ouid=107745387619945059215&rtpof=true&sd=true,,‣,C
Savprocal D,Calci carbonat + vitamin D3 (750mg + 200IU),viên nén,Uống,SaViPharm,Nhà thuốc & Bệnh viện,,,,,Yes,https://drive.google.com/file/d/1UOnCs5HDW8Xy1E7hFUV14ENTP_ST_OB7/view?usp=sharing,,‣,S
Moritius,Pregabalin 75mg,,,DAVIPHARMA Việt Nam,,,,,,,https://drive.google.com/file/d/1QBHxzLpCBqdUKdpMm2OTWREUXqQybosB/view?usp=sharing,,‣,M
Hoạt huyết dưỡng não,"Đinh lăng, bạch quả(150mg; 5mg)",,,CTCPDP Hà Thành,,,,,,,https://drive.google.com/file/d/1m6xufNvAtlMjl7srgeuTDsc4MOxxsmex/view?usp=sharing,,‣,H
CEFTAZIDIME 2000,Ceftazidime pentahydrate.,,,,,,,,,,https://docs.google.com/document/d/1_5puyus2EwwV450BHUte0KkkOdokDtqM/edit?usp=drive_link&ouid=107745387619945059215&rtpof=true&sd=true,,‣,C
Gygaril-10,Enalapril 10 mg,Viên nén,Uống,DaviPharm,Bệnh viện,,,,,Yes,https://drive.google.com/file/d/1O-Xl0vnMn0PreHwNhcMDU--aflLZAnaG/view?usp=sharing,,‣,G
Fexodinefast 180,Fexofenadin 180mg,,,SaViPharm,,,,,,,https://drive.google.com/file/d/19YMhqYoNvZFlQseQXaXIpb7sr2pOfOTM/view?usp=sharing,,‣,F
Cefotaxime 1g,Cefotaxime 1g,,,,Bệnh viện,,,,,Yes,https://docs.google.com/document/d/1XKIsjuaU1x1aRPMKxZl0h5XmuLzan_-J/edit?usp=drive_link&ouid=107745387619945059215&rtpof=true&sd=true,,‣,C
Micardis 40mg; Micardis 80mg,Telmisartan,Viên nén,Uống,Boehringer Ingelheim Pharma,Nhà thuốc & Bệnh viện,,,,,Yes,https://drive.google.com/file/d/16jSoEnps_2dihbm9sxiBh3rFcbSD48fA/view?usp=sharing,,‣,M
Ezetimibe Tablets 10mg,Ezetimibe 10mg,,,Hetero Labs Limited,,,,,,,https://drive.google.com/file/d/1ZQ5WVKtgSG_uJVyM7PkWYLRo7-RWFuvp/view?usp=sharing,,‣,E
Crila Forte,Cao Khô Trinh Nữ Hoàng Cung 500mg,,,,,,,,,,https://docs.google.com/document/d/1vtHMj_dp5F344oQ-IT2eW4gJkCVW5hxe/edit?usp=drive_link&ouid=107745387619945059215&rtpof=true&sd=true,,‣,C
Envapil,Enalapril + hydrochlorothiazid (10mg + 25mg),,,PV Pharma,,,,,,,Eperison 50,,‣,E
Hyvalor Plus,Valsartan 80mg,,,,,,,,,,https://drive.google.com/file/d/1T3YK8StxLRCLZ9fyEkoLaCHhGCp3YdqM/view?usp=drive_link,,‣,H
Candesartan BluePharma 8mg,candesartan cilexetil,,,CENTRAL PHARMACY,Nhà thuốc & Bệnh viện,,,,,Yes,https://docs.google.com/document/d/18p2wc9AY3Eu6Yf371ouOwl0FjsC9DZm6/edit?usp=drive_link&ouid=107745387619945059215&rtpof=true&sd=true,,‣,C
Zinnat Tablets 250mg,Cefuroxim axetil,,,,,,,,,,https://docs.google.com/document/d/1Xh7-gRQmC0pwuVJ50urqMP8irdh5eIzR/edit?usp=drive_link&ouid=107745387619945059215&rtpof=true&sd=true,,‣,Z
Acetylcystein,N-acetylcystein 200mg,Viên nang cứng,Uống,CTCP Dược phẩm Khánh Hòa,Bệnh viện,,,,,Yes,https://drive.google.com/file/d/1cB8MKmgfkDPRDGUrfNDWtngA1HYBgp6i/view?usp=drive_link,,‣,A
Opxil IMP 500 Mg [Cefalexin],Cefalexin 500mg,,,,,,,,,,https://docs.google.com/document/d/1X-gI9ax0d8TgGAezjekE8RCOr-fLZ6Qb/edit?usp=drive_link&ouid=107745387619945059215&rtpof=true&sd=true,,‣,O
Acarbose 50mg,Acarbose  50mg,Viên nén,Uống,CTCP Dược phẩm Khánh Hòa,Bệnh viện,,,,,Yes,https://drive.google.com/file/d/11wD5bKYXcnOMXwbv96UqVWLJc-0SLV-v/view?usp=drive_link,,‣,A
Lorastad 10 Tab,Loratadin 10mg,,,Stellapharma Việt Nam,,,,,,,https://drive.google.com/file/d/1PQTqdlkUxGzxGz66oZtZCz-6RzvSiyUv/view?usp=sharing,,‣,L
Cefimed 200mg,Cefimed 200mg,,,,Bệnh viện,,,,,Yes,https://docs.google.com/document/d/10dlErAE07MrOGdX0PNc8vrxNSh1i1LEP/edit?usp=drive_link&ouid=107745387619945059215&rtpof=true&sd=true,,‣,C
CEFDINA 250,Cefdinir 250mg,,,,,,,,,,https://docs.google.com/document/d/11o3IupIpOfGSof8ncdw_8Ql92ERm2CEG/edit?usp=drive_link&ouid=107745387619945059215&rtpof=true&sd=true,,‣,C
Lamuzid 500/5,Glibenclamid + metformin (5mg + 500mg),Viên nén bao phim,Uống,SaViPharm J.S.C,Bệnh viện,,,,,Yes,https://drive.google.com/file/d/1pZHb9LqcafbM1R08SxTEXkXfCSlDGu4F/view?usp=drive_link,,‣,L
Tetracyclin 1%,Tetracyclin hydroclori: 1 % (w/w),thuốc mỡ,Tra mắt,Quapharco,Nhà thuốc & Bệnh viện,,,,,Yes,https://drive.google.com/file/d/1j-Si8PwnDoXcL1jORZqSurU_QHuMlEGl/view?usp=sharing,https://drive.google.com/file/d/10a0KeSj-CGUbHg3529DbczdTUAARnvLU/view?usp=sharing,‣,T
Midazolam B. Braun 1 mg/ml,Midazolam,,,,,,,,,,https://docs.google.com/document/d/1HWzaVGu0_3E5W1VgsgrDC-_BBOhwl6s0/edit?usp=drive_link&ouid=107745387619945059215&rtpof=true&sd=true,,‣,M
LEVODHG 250,Levofloxacin 250mg,,,,,,,,,,https://drive.google.com/file/d/1A5qKD1DgCksumFT91fy0dkUfdSCLlWVS/view?usp=sharing,,‣,L
COZAARR 50mg,losartan kali 50mg,,,,,,,,,,https://docs.google.com/document/d/1pIfvjwcfb8brCA37WWMj5RKA6je6_F-x/edit?usp=drive_link&ouid=107745387619945059215&rtpof=true&sd=true,,‣,C
Lamone 100,Lamivudin,,,,,,"Đối với điều trị HIV/AIDS: Thuốc được cấp phát tại trạm y tế xã theo hướng dẫn quản lý, điều trị và chăm sóc của Bộ Y tế.",,,,https://drive.google.com/file/d/19IzgUvxXYaOhAedqWuCFFPSt92NJJzEq/view?usp=drive_link,,‣,L
LIPAGIM 300,Fenofibrat: 300mg,Viên nang cứng,Uống,CN Cty CPDP Agimexpharm - Nhà máy SX DP Agimexpharm,Bệnh viện,,"Đối với trạm y tế xã, Quỹ BHYT thanh toán trong điều trị rối loạn lipid máu theo hướng dẫn chẩn đoán của Bộ Y tế.",,,Yes,https://drive.google.com/file/d/1dtLgVVS7mV-RlRMzmW6th0ltKjw7AgCN/view?usp=drive_link,,‣,L
Glucose 20%,Dextrose 20g,,,,,,,,,,https://drive.google.com/file/d/1ki6IINWzYRcA13o89qnlb6-hjueh7GXm/view?usp=drive_link,,‣,G
SaviProlol Plus HCT 5/6.25,Bisoprolol + hydroclorothiazid,viên nén,Uống,Công ty cổ phần dược phẩm Savi,Nhà thuốc & Bệnh viện,,,,,Yes,https://drive.google.com/file/d/1SI9sUBGF9AFMbObuKtE7VQOMq8vT5zIU/view?usp=drive_link,,‣,S
VERTIKO 24,Betahistin  24mg,viên nén,Uống,Cadila Healthcare Ltd.,Nhà thuốc & Bệnh viện,,,,,Yes,https://drive.google.com/file/d/1ptsytCWp9kpFcHOKANmZJ4bO0GeKkNvE/view?usp=drive_link,,‣,V
Azizi [Azithromycin 500mg],Azithromycin,,,Công ty TNHH Traphaco Hưng Yên,,,,,,,https://drive.google.com/file/d/1RAUH4ptgSTOPdJPVcITH6gvWtvKWziIF/view?usp=sharing,,‣,A
Ezecept 10/10 [Atorvastatin + Ezetimibe] 10mg+ 10mg,Atorvastatin + Ezetimibe,,,Công ty TNHH Liên doanh Stellapharm - Chi nhánh 1,,,,,,,https://docs.google.com/document/d/1NYIfKiWxn6KTDuKm2KJqwoY-DAuhzHca/edit?usp=sharing&ouid=117534694973414002745&rtpof=true&sd=true,,‣,E
"Pancres [170mg (tương Ứng Với 238 IU Protease, 3400IU Lipase, 4080 IU Amylase)]",Amylase + lipase + protease,,,Công ty TNHH dược phẩm USA - NIC ( USA - NIC Pharma),,,,,,,https://drive.google.com/file/d/18yGuVo5NAZ4HBLDX_XHwtCGHPrHaLvCK/view?usp=drive_link,,‣,P
Cozaar XQ 5mg/50mg [5mg + 50mg],Amlodipin+ losartan,,,,,,,,,,https://drive.google.com/file/d/1LVfoFNm9-YjG9pBUyw4aOzQ89OrwSkuu/view?usp=drive_link,,‣,C
Ambroxol HCl Tablets 30mg,Ambroxol,,,,,,,,,,,,‣,A
Tanganil 500mg,Acetylleucine,viên nén,Uống,HAUPT PHARMA,Nhà thuốc & Bệnh viện,,,,,Yes,https://drive.google.com/file/d/1zf8iNZyslZHioaDlFwjmOgxPRNVoEeGb/view?usp=sharing,https://drive.google.com/file/d/1NUko3AvwYCof8Swi14B1ciEtcKhTULYV/view?usp=sharing,‣,T
Lantus,Insulin glargine,,Tiêm/truyền,SANOFI-AVENTIS DEUTSCHLAND GMBH,Nhà thuốc,,"Thuốc được cấp phát tại trạm y tế xã theo Hướng dẫn chẩn đoán, điều trị, quản lý bệnh đái tháo đường của Bộ Y tế.",,,Yes,https://drive.google.com/file/d/1QPbOrAQIDTTv0JSwNwEaH0j2N0EXY2O_/view?usp=sharing,,‣,L
SaVi Acarbose 50 mg [Acarbose],Acarbose,,,,,,,,,,,,‣,S
Katrypsin Fort OD,Alpha chymotrypsin,,,,,,"Qũy BHYT thanh toán trong điều trị phù nề sau phẫu thuật, chấn thương, bỏng",,,,https://drive.google.com/file/d/1cx4TW7kh13OcYLGTfTpUri4Rz8MQ85mZ/view?usp=drive_link,,‣,K
BACQURE 500MG,Imipenem 500mg + Cilastatin 500mg,,,,,,"Quỹ BHYT thanh toán tại Bệnh viện hạng đặc biệt, hạng I, II; bệnh viện chuyên khoa lao và bệnh phổi.",Cần hội chẩn,,,https://drive.google.com/file/d/1OGGD69iQvxn1s5HN14dfdVTwvjHeZs_c/view?usp=sharing,,‣,B
Vinphacetam,Piracetam,,,,,,Quỹ BHYT thanh toán trong điều trị giật rung cơ có nguồn gốc vỏ não.,,,,https://drive.google.com/file/d/1rjNjYOgMdiWKww0Egz4UXHekiz18vhU4/view?usp=drive_link,,‣,V
Colistin TZF,Colistin,,,ba lan,Bệnh viện,,,Cần hội chuẩn,,Yes,https://drive.google.com/file/d/1D-CzBJXZG88l9gYvPJ7WrpUnmKPbOmSD/view?usp=drive_link,,‣,C
Delivir 2g,Fosfomycin,,,,,,,Cần hội chẩn,,,https://drive.google.com/file/d/10HbpFbOPFnfWYedIGeD3Dvbga8d8TiW4/view?usp=drive_link,,‣,D
Tamiflu,Oseltamivir 75mg,viên nang cứng,Uống,F.Hoffmann-La Roche,Nhà thuốc & Bệnh viện,,Quỹ BHYT thanh toán điều trị nhiễm vi rút cúm.,,,Yes,https://drive.google.com/file/d/1FAC2n3JYR9HFPBOGRzq6B0N0omCyzVQv/view?usp=sharing,https://drive.google.com/file/d/1FAC2n3JYR9HFPBOGRzq6B0N0omCyzVQv/view?usp=sharing,‣,T
Meronem 500mg [*],Meropenem,"Tiêm/ Tiêm truyền tĩnh mạch (IV), Bột pha dung dịch tiêm/ truyền tĩnh mạch",Tiêm/truyền,ACS Dobfar S.P.A; Đóng gói và xuất xưởng bởi: Zambon Switzerland Ltd.,Bệnh viện,,"Quỹ  BHYT thanh toán tại BV hạng đặc biệt, hạng I, II; BV chuyên khoa lao và bệnh phổi.",Cần hội chẩn,,Yes,https://docs.google.com/document/d/1mE0XpRMnPLrpYzFBK1wkGv4lvllvIuVe/edit?usp=sharing&ouid=117534694973414002745&rtpof=true&sd=true,,‣,M
"Mobic [Meloxicam 7,5mg]",Meloxicam,,Uống,Boehringer Ingelheim Ellas A.E,Nhà thuốc & Bệnh viện,,,,,Yes,https://drive.google.com/file/d/1-_KIAL9zwNK7iQAVP6loFdDdREiGRJvd/view?usp=sharing,,‣,M
Glucophage 850 Mg [Metformin],Metformin,viên nén,Uống,Merck Sante s.a.s,Nhà thuốc & Bệnh viện,,,,,Yes,https://drive.google.com/file/d/1dS4-t1pM8ukIyC9TgfhQkTNWP2AvkKQM/view?usp=sharing,,‣,G
Mobic [Meloxicam 15mg],Meloxicam,,Uống,Boehringer Ingelheim Ellas A.E,Bệnh viện,,,,,Yes,https://drive.google.com/file/d/1CGGku9QHU5WubEYtD8wl4wdqs4o__5F7/view?usp=sharing,,‣,M
Glucophage XR 1000mg,Metformin 1000mg,Viên nén phóng thích kéo dài,Uống,Merck Sante s.a.s,Nhà thuốc & Bệnh viện,,,,Không được nhai/bẻ/nghiền viên thuốc,Yes,https://drive.google.com/file/d/1j9EwyJDE4GYgV6AeFVQJndUPnk8iD1k_/view?usp=sharing,,‣,G
Fubenzon [Mebendazol 500mg],Mebendazol`,,,CTCP Dược Hậu Giang - CN nhà máy DP DHG tại Hậu Giang,,,,,,,,,‣,F
Methylprednisolone MKP 16mg,Methyl prednisolon,,,Mekophar,,,,,,,https://docs.google.com/document/d/1yc4WrvGwP9lTVhOCwv0UvSaLbBeD9eWO/edit?usp=sharing&ouid=117534694973414002745&rtpof=true&sd=true,,‣,M
"Gastro-kite [Magnesi Trisilicat + Nhôm Hydroxyd 0,6g + 0,5g]",Magnesi trisilicat + nhôm hydroxyd,,,Công ty cổ phần dược phẩm Hà nội,,,,,,,https://drive.google.com/file/d/1GxYr-dqE1cQ1ZAKRZlMTK_BkBfThFLCO/view?usp=drive_link,,‣,G
Magnesi-BFS 15% 750 Mg/5 Ml,Magnesi-BFS 15% 750 Mg/5 Ml,,,Công ty Cổ phần Dược phẩm CPC1 Hà Nội,,,,,,,https://drive.google.com/file/d/16Hjgt85HtrWekhxgwBLi5JabJp1frZUA/view?usp=drive_link,,‣,M
"Xylometazolin 0,05% 10ml",Xylometazolin,,,Công ty CPDP Minh Dân,,,,,,,https://drive.google.com/file/d/1LBD_lUy419AmFG5iLbio1rkl8vjedqZa/view?usp=drive_link,,‣,X
Gastrosanter 400mg+400mg,Magnesi hydroxyd + nhôm hydroxyd + simethicon,Thuốc bột,Uống,CTCP dược phẩm Hà Tây,Bệnh viện,,,,,Yes,https://drive.google.com/file/d/16Upd05O-Mlb8HGunJrCy-_dekQALjbgw/view?usp=sharing,,‣,G
Incepavit 400 Capsule [400mg],Vitamin E 400mg,viên nang,Uống,Incepta Pharmaceuticals Ltd,Nhà thuốc & Bệnh viện,,,,,Yes,https://drive.google.com/file/d/1w_R5dbvM_YACGMuK5glmYq6NvoORzPtc/view?usp=sharing,,‣,I
"Magnesi-B6 [5 Mg + 470 Mg, HG]",Vitamin B6 + Magnesi,,,,,,,,,,,,‣,M
Depakine 200mg,Natri valproat 200mg,Viên nén kháng acid dạ dày,Uống,"Sanofi Aventis S.A, Tây Ban Nha",Nhà thuốc & Bệnh viện,,,,Không được nhai/bẻ/nghiền viên thuốc,Yes,https://drive.google.com/file/d/1Qw8aEbJ3558lC5ERBpgj4LZ7mh1MSM4m/view?usp=drive_link,,‣,D
Lotemax 0.5% (5mg/ml),Loteprednol etabonat: 0.5% (5mg/ml),Hỗn dịch,Nhỏ mắt,Bausch and Lomb Incorporated,Bệnh viện,,,,,Yes,https://drive.google.com/file/d/1sqNJ_eduZHbh3bn4fYpqCW-CIhgJXdaw/view?usp=drive_link,,‣,L
Maxxhepa Urso 150 [Ursodeoxycholic acid 150mg],Ursodeoxycholic acid,Viên nang cứng,Uống,CTCP DP Ampharco U.S.A,Bệnh viện,,,,,Yes,https://drive.google.com/file/d/1JqHH87VQpi_g86OF1sucvrRpde0scGv5/view?usp=sharing,,‣,M
Pyzacar HCT 100/25mg [Losartan + Hydroclorothiazid],Losartan + hydroclorothiazid,,,Công ty Cổ phần Pymepharco,,,,,,,https://drive.google.com/file/d/1kCRd_GXHWxna5erf8J5p48ht2LcbgiXv/view?usp=sharing,,‣,P
Lostad HCT 100/25mg [Losartan + Hydroclorothiazid 100mg/ 25mg],Losartan + hydroclorothiazid,,,Công ty TNHH Liên doanh Stellapharm - Chi nhánh 1,,,,,,,https://docs.google.com/document/d/1uWnJJ1dofrUSuXmOHV-Jphi7ouueSvrJ/edit?usp=sharing&ouid=117534694973414002745&rtpof=true&sd=true,,‣,L
Vastec 35 MR [Trimetazidin 35 Mg],Trimetazidin,,,CTCP Dược Hậu Giang - CN nhà máy DP DHG tại Hậu Giang,,,,,,,https://drive.google.com/file/d/1seCg8WsxV9dLfb7vpdo5GVK98yI9Xrzk/view?usp=drive_link,,‣,V
Viên Sáng Mắt,"Thục địa, Hoài sơn, Trạch tả, Cúc hoa, Thảo quyết minh, Hạ khô thảo, Hà thủ ô đỏ, Đương quy",,,Traphaco CNC Việt Nam,,,,,,,https://drive.google.com/file/d/1urtlMifkf89R466undsvVc29jOjmTecx/view?usp=drive_link,,‣,V
Thyrozol 10mg,Thiamazol: 10mg,Viên nén bao phim,Uống,CSSX: Merck Healthcare KGaA; CSĐG và xuất xưởng: P&G Health Austria GmbH & Co.OG,Nhà thuốc & Bệnh viện,,,,Không được nhai/bẻ/nghiền viên thuốc,Yes,https://drive.google.com/file/d/1AePw7F3ZvRD3a5mNu2MMXDqxGCIQ8H6s/view?usp=drive_link,,‣,T
Hyzaar 50mg/12.5mg,Losartan + hydroclorothiazid,Viên nénn bao phim,Uống,Merck Sharp & Dohme Ltd,Bệnh viện,,,,,Yes,https://drive.google.com/file/d/1nvbgIlfogMpriSnk3sp0TOXp29E9p6WY/view?usp=drive_link,,‣,H
Tizadyn 100 [Topiramat 100mg],Topiramat,,,Công ty CPDP SaVi,,,,,,,https://drive.google.com/file/d/1h2od42y8B7XenuiMeBUfHJKylgvG5DV2/view?usp=drive_link,,‣,T
Clanoz [Loratadin 10mg],Loratadin,,,CTCP Dược Hậu Giang - CN nhà máy DP DHG tại Hậu Giang,,,,,,Yes,https://drive.google.com/file/d/1eVZuRFTE4gCagYXu7zBGy1wdqFCzlhKk/view?usp=drive_link,,‣,C
"Voluven 6% 30g/500ml; 4,5g/500ml",Tinh bột este hóa (hydroxyethylstarch),,,Fresenius Kabi Deutschland GMBH,,,Quỹ BHYT thanh toán điều trị giảm thể tích tuần hoàn do mất máu cấp khi sử dụng dịch truyền đơn thuần không cải thiện lâm sàng; điều trị sốt xuất huyết Dengue nặng theo Hướng dẫn chẩn đoán và điều trị sốt xuất huyết Dengue của Bộ Y tế.,,,,https://drive.google.com/file/d/1L_tBebSbR6BK-89Ody0TnYfEERv-dTyL/view?usp=drive_link,,‣,V
Lisopress [Lisinopril 5mg],Lisinopril,,,Gedeon Richter Plc.,,,,,,,https://drive.google.com/file/d/1lYkVP96rGLMj2ZuaFtAy-9EjdWXWxPpW/view?usp=sharing,,‣,L
Volulyte 6% 500ml,Tinh bột este hóa (hydroxyethylstarch),,,Fresenius Kabi Deutschland GMBH,,,Quỹ BHYT thanh toán điều trị giảm thể tích tuần hoàn do mất máu cấp khi sử dụng dịch truyền đơn thuần không cải thiện lâm sàng; điều trị sốt xuất huyết Dengue nặng theo Hướng dẫn chẩn đoán và điều trị sốt xuất huyết Dengue của Bộ Y tế.,,,,https://drive.google.com/file/d/1piQzPuFezyJGywyZ2Km5kInz6FDE8YtK/view?usp=drive_link,,‣,V
Cinezolid Injection 2mg/ml,Linezolid,,,HK inno.N Corporation,,,,,,,https://drive.google.com/file/d/1Lr6-BDhj66W-txvxT_Y65uVvSnPhBpbp/view?usp=drive_link,,‣,C
Actelsar 40mg,Telmisartan 40mg,,,,,,,,,,,,‣,A
Levofloxacin/cooper solution for infusion 500mg/100ml,Levofloxacin,,,Cooper S.A Pharmaceuticals,,,,,,,https://docs.google.com/document/d/18Z0z98EPCRbmxkuSdkE56LLsPlcdG8QZ/edit?usp=sharing&ouid=117534694973414002745&rtpof=true&sd=true,,‣,L
Tamifine 10mg,Tamoxifen,,,Medochemie Ltd - Central Factory,,,,,,,https://drive.google.com/file/d/1e4MBhpL_K8LyQ1IImMHFHHV1GmamSa6y/view?usp=drive_link,,‣,T
Sulpirid 50mg,Sulpirid,,,Công ty cổ phần dược phẩm Danapha,,,,,,,https://drive.google.com/file/d/1WFKspM3_Fmhrxl4GnwofyanDl-EKOvzF/view?usp=drive_link,,‣,S
Zanedip 10mg,Lercanidipin (hydroclorid),viên nén bao phim,Uống,Recordati Industria Chemica e Farmaceutica S.p.A.,Nhà thuốc & Bệnh viện,,,,Không được nhai/bẻ/nghiền viên thuốc,Yes,https://drive.google.com/file/d/14ofunRP9MsjolIzVJ0sFVP9R5_jMlDo8/view?usp=drive_link,https://drive.google.com/file/d/1qfbQkkbDg0gjwZ_fxbnT58pCzQLi2hF5/view?usp=drive_link,‣,Z
Devodil 50 [Sulpirid 50mg],Sulpirid,,,Remedica Ltd.,,,,,,,https://drive.google.com/file/d/1Lrax4ziv_S8_iapz1be2-RHSwwppKVqO/view?usp=sharing,,‣,D
Scolanzo [Lansoprazol 30mg],Lansoprazol,Viên nang bao tan trong ruột,,"Laboratorios Liconsa, S.A, Tây Ban Nha",,,,,Không được nhai/bẻ/nghiền viên thuốc,,https://drive.google.com/file/d/1BrtTM1l391E0yd8ErEykQOasWI-4AUTS/view?usp=drive_link,,‣,S
Laevolac [Lactulose 10g/15ml],Lactulose,,,Fresenius Kabi Austria GmbH,,,,,,,https://drive.google.com/file/d/1lOOCEigLjY-N8jDJLZHJGs8vEpnjoOXU/view?usp=drive_link,,‣,L
Bài Thạch Danapha,"Kim tiền thảo, chỉ thực, nhân trần, hậu phác, hoàng cầm, bạch mao căn, nghệ, binh lang, mộc hương, đại hoàng.",,,Công ty cổ phần dược phẩm Danapha,,,,,,,https://docs.google.com/document/d/1zrQAq_CCF6cE5Vsu0t8FxWQAlZg8S0dn/edit?usp=sharing&ouid=117534694973414002745&rtpof=true&sd=true,,‣,B
Verospiron 25mg,Spironolacton,,,Gedeon Richter,,,,,,,https://drive.google.com/file/d/1jb9XTQCuMfmhq5x2TC44PeIz1PZJxpe-/view?usp=drive_link,,‣,V
Procoralan 7.5mg,"Ivabradin: 7,5mg",viên nén bao phin,Uống,Les Laboratoires Servier Industrie,Nhà thuốc & Bệnh viện,,,,,Yes,https://drive.google.com/file/d/1dpaMktqMZ7D_RbCYJnZnQRiUer7TeoAF/view?usp=sharing,,‣,P
Sorbitol 5g,Sorbitol,thuốc bột,Uống,Công ty cổ phần dược phẩm Danapha,Nhà thuốc & Bệnh viện,,,,,Yes,https://drive.google.com/file/d/1kN1ydh6e86d0l-jT-OU43izF7gNSWadH/view?usp=drive_link,,‣,S
Procoralan 5mg,Ivabradin: 5mg,viên nén bao phim,Uống,Les Laboratoires Servier Industrie,Nhà thuốc & Bệnh viện,,,,,Yes,https://drive.google.com/file/d/1av9OQyJ3qstjwo2htWKcuduylxgV8AyY/view?usp=drive_link,https://drive.google.com/file/d/1av9OQyJ3qstjwo2htWKcuduylxgV8AyY/view?usp=sharinghttps://drive.google.com/file/d/1av9OQyJ3qstjwo2htWKcuduylxgV8AyY/view?usp=sharing,‣,P
Janumet 50mg/1000mg,Sitagliptin + metformin,,,"Patheon Puerto Rico, Inc",,,,,,,,,‣,J
Ifatrax [Itraconazol 100mg],Itraconazol 100mg,viên nang cứng,Uống,CN Cty CPDP Agimexpharm - Nhà máy SX DP Agimexpharm,Nhà thuốc & Bệnh viện,,,,,Yes,https://drive.google.com/file/d/16-qveAYL7zDbChzuRoo-FXlG9ypWyeZB/view?usp=sharing,,‣,I
Janumet 50mg/ 850mg,Sitagliptin + metformin,,,"Patheon Puerto Rico, Inc.; đóng gói tại Merck Sharp & Dohme B.V., CSSX: Puerto Rico",,,,,,,,,‣,J
Januvia 100mg [Sitagliptin],Sitagliptin,,,Organon Pharma (UK) Limited,,,,,,,,,‣,J
Irprestan 150mg,Irbesartan,,,Balkanpharma - Dupnitsa AD,,,,,,,,,‣,I
Imipenem Cilastatin Kabi 500mg + 500mg,Imipenem + Cilastatin,,,ACS Dobfar S.p.A,,,"Quỹ bảo hiểm y tế thanh toán tại Bệnh viện hạng đặc biệt, hạng I, II; bệnh viện chuyên khoa lao và bệnh phổi.",Cần hội chẩn,,,https://drive.google.com/file/d/1McScr6VLpEpsn_qdoOZ8rkhzsTJ8GD_w/view?usp=drive_link,,‣,I
Simvastatin Savi 20 mg,Simvastatin,viên nén,Uống,Công ty CPDP SaVi,Nhà thuốc & Bệnh viện,,,,,Yes,https://drive.google.com/file/d/1mqrySbCJUbXDBwtJEYbi86JxMKADz4Eo/view?usp=drive_link,,‣,S
Vincopane [Hyoscin Butylbromid 20mg/1ml],Hyoscin butylbromid,,,Công ty cổ phần dược phẩm Vĩnh Phúc,,,,,,,https://drive.google.com/file/d/1p8OsCqAaBrIjWObSM4DDWAzTclYoWKST/view?usp=drive_link,,‣,V
Seretide Accuhaler 50/500mcg,Salmeterol + fluticason propionat: 50mcg + 500mcg,bột hít,hít,Mỹ,Nhà thuốc & Bệnh viện,,,,,Yes,https://drive.google.com/file/d/1sWFyJ-6UtxQk-LbglbaK_hK9uESQ4Tb9/view?usp=drive_link,https://drive.google.com/file/d/1sWFyJ-6UtxQk-LbglbaK_hK9uESQ4Tb9/view?usp=sharing,‣,S
Seretide Accuhaler 50/250mcg,Salmeterol + fluticason propionat: 50mcg + 250mcg,bột hít phân liều,hít,GLAXO SMITHKLINE,Nhà thuốc & Bệnh viện,,,,,Yes,https://drive.google.com/file/d/1MftpQY1vpx88ajSyn8GMw63I7Tn5TUXs/view?usp=drive_link,https://drive.google.com/file/d/1sWFyJ-6UtxQk-LbglbaK_hK9uESQ4Tb9/view?usp=sharing,‣,S
"Haloperidol 1,5 Mg",Haloperidol,,Uống,Công ty cổ phần dược phẩm Danapha,Bệnh viện,,,,,Yes,https://drive.google.com/file/d/1RYvhAnk0h2Anyde11lzT5IiXcV8Y66Wv/view?usp=sharing,,‣,H
SaViRisone 35 [Risedronat 35mg],Risedronat,,,Công ty cổ phần dược phẩm Savi,,,,,,,https://drive.google.com/file/d/1JYDNDYxhgAQtvZBeJQ9WH7YVg-ZCYUuf/view?usp=drive_link,,‣,S
Vorifend 500 [Glucosamin 500mg],Glucosamin,,,Công ty TNHH Liên doanh Stellapharm - Chi nhánh 1,,,,,,,https://drive.google.com/file/d/1cflsKRCJHWCkHlse5wBx766bAzCUhLDU/view?usp=drive_link,,‣,V
Phenylephrine Aguettant 50 Microgrammes/mL,Phenylephrin,Dung dịch,Tiêm/truyền,Laboratoire Aguettant,Bệnh viện,,,,,Yes,https://drive.google.com/file/d/1mzfCy_pRHXHn_79Rz1CFqTO0HNNiShPf/view?usp=drive_link,,‣,P
Alcaine 0.5% 5mg/ml,Proparacain (hydroclorid),Dung dịch nhỏ mắt,Nhỏ mắt,SA Alcon-Couvreur NV,Nhà thuốc,,,,,Yes,https://drive.google.com/file/d/133bsMHsdRX4ZWxQ-k-iYJ1ToZj47jY23/view?usp=drive_link,,‣,A
PERGLIM M-1 [Glimepirid + Metformin 1mg + 500mg],Glimepirid + metformin,Viên nén phóng thích,Uống,"Inventia Healthcare Limited, India",Bệnh viện,,,,Không được nhai/bẻ/nghiền viên thuốc,Yes,https://drive.google.com/file/d/1qITPR7q9VhGPz0tsU72-HP_FG3WO4BzA/view?usp=drive_link,,‣,P
Progesterone Injection Bp 25Mg,Progesteron,,,Panpharma GmbH,,,,,,,https://drive.google.com/file/d/19lCy_ybQOGdkBJgLO-CPSsHCxvaNuiiz/view?usp=drive_link,,‣,P
Glumeron 30 MR [Gliclazid 30mg],Gliclazid,Viên nén giải phóng có kiểm soát,,"CTCP Dược Hậu Giang - CN nhà máy DP DHG tại Hậu Giang, Việt Nam",,,,,Không được nhai/bẻ/nghiền viên thuốc,,https://drive.google.com/file/d/1PInMqXzTOJuBQTHZ4oXt3ibIASoCnNHl/view?usp=drive_link,,‣,G
"TP Povidon iod 10% [2,5g/25ml, 450ml]","Povidon iodin: 2,5g/25mlPovidon iodin: 2,5g/25ml",dung dịch,Dùng ngoài,Thành Phát,Nhà thuốc & Bệnh viện,,,,,Yes,https://drive.google.com/file/d/1IZVj9SGu0CPiT3MYqlzRyh0RKIyWBEq4/view?usp=drive_link,https://drive.google.com/file/d/1vnxPc1AEU59lp6vRW-barhn2dHWZXahs/view?usp=sharing,‣,T
"Glucovance 500mg/2,5mg [Glibenclamid + Metformin]",Glibenclamid + metformin,viên nén,Uống,Merck Sante s.a.s,Nhà thuốc & Bệnh viện,,,,,Yes,https://drive.google.com/file/d/1tPEW7mS4bIvNxb_Q0POWZqe5Ic8SVz2P/view?usp=drive_link,,‣,G
Dicellnase [Piroxicam 20mg],Piroxicam 20mg,viên nang,Uống,Farmalabor-Produtos Farmacêuticos- S.A,Nhà thuốc & Bệnh viện,,,,,Yes,https://drive.google.com/file/d/14fiGTBPHGoJx-dCfePsdqVfdgUvanuuV/view?usp=drive_link,,‣,D
Pracetam 800 mg,Piracetam,,,Công ty TNHH Liên doanh Stellapharm - Chi nhánh 1,,,,,,,https://drive.google.com/file/d/1ing5HPGlNWmxezvstIYYuBG4w-JW_uus/view?usp=sharing,,‣,P
Tebantin 300Mg [Gabapentin],Gabapentin: 300mg,viên nang cứng,Uống,Gedeon Richter,Nhà thuốc & Bệnh viện,,,,,Yes,https://drive.google.com/file/d/16lSPAhyKSdv4_zDGEmaMoH_ZRLK8zzjy/view?usp=drive_link,https://drive.google.com/file/d/1lIaSNRwT2y0LU5E_d6ns4NSy7PSak9M4/view?usp=sharing,‣,T
Cerahead 800mg,Piracetam,,,Đạt Vi Phú,,,Quỹ BHYT thanh toán trong điều trị giật rung cơ có nguồn gốc vỏ não.,,,,https://drive.google.com/file/d/1L3-Qf8jxT39Bol_2CmexG49kC6OAjusz/view?usp=drive_link,,‣,C
Coversyl Plus Arginine 5mg/1.25mg,Perindopril + Indapamid,,,Les Laboratoires Servier Industrie,,,,,,,https://drive.google.com/file/d/1DaxLfxA3CvXTmJWR5MdUFQMmVqHji7FD/view?usp=drive_link,,‣,C
Viacoram 7Mg/5Mg Tab 30'S,Perindopril + Amlodipin,,,Servier (Ireland) Industries Ltd.,,,,,,,https://drive.google.com/file/d/1cKU8vVLrtwwJWEnghjeUUAsjJ6mt1lYO/view?usp=drive_link,,‣,V
Savidopril 4 mg,Perindopril,,,CTCP dược phẩm SaVi,,,,,,,https://drive.google.com/file/d/11bwsb7ScxepuhxTGLw3K2qDZm9cLkJlq/view?usp=drive_link,,‣,S
"Gemapaxane [Enoxaparin (natri) 6000IU/ 0,6ml]","Gemapaxane [Enoxaparin (natri) 6000IU/ 0,6ml]",,,Gedeon Richter,,,,,,,https://drive.google.com/file/d/1lTlFylfvWiENeybYkOF3ohHSRl0w6PZH/view?usp=drive_link,,‣,G
Coversyl 10mg,Perindopril,,,Les Laboratoires Servier Industrie,,,,,,,https://drive.google.com/file/d/1zHU7nbmDW_5NEGXMzxDaZasmefYDvj-d/view?usp=drive_link,,‣,C
SaViMetoc [Paracetamol + Methocarbamol 325 Mg + 400mg],Paracetamol + methocarbamol,,,Công ty cổ phần dược phẩm Savi,,,,,,,https://drive.google.com/file/d/1INaAVFyH3KEWxcrk2RR0MmLRL9JDXnsJ/view?usp=drive_link,,‣,S
Doxycycline 100mg,Doxycyclin 100mg,viên nang cứng,Uống,Mekophar,Nhà thuốc & Bệnh viện,,,,,Yes,https://drive.google.com/file/d/1y-_o6N644bCrOuRXUxvyenhRoeDhiAQE/view?usp=drive_link,,‣,D
Hapacol Caplet 500 [Paracetamol 500mg],Paracetamol (acetaminophen): 500mg,viên nén,Uống,CTCP Dược Hậu Giang - CN nhà máy DP DHG tại Hậu Giang,Nhà thuốc & Bệnh viện,,,,,Yes,https://drive.google.com/file/d/16xvlgiMGuyo5Py7XUI3TDg6ifEReIDmN/view?usp=sharing,,‣,H
Oxytocin 5IU/1ml,Oxytocin,,,Gedeon Richter Plc.,,,,,,,https://drive.google.com/file/d/14Vx4KlUtZ2XbpojRuX0zHc-3RbHBRPlS/view?usp=drive_link,,‣,O
Ondansetron Kabi 2mg/ml,Ondansetron 8mg/4ml,dung dịch,tiêm/ truyền tĩnh mạch,"Labesfal - Laboratórios Almiro, S.A",Nhà thuốc & Bệnh viện,,,,,Yes,https://drive.google.com/file/d/1pXmjdHz8oXSBIE_WehKqg03K8PxrJtrN/view?usp=drive_link,https://drive.google.com/file/d/1HDaPCXietozQ9uC4BGQduA-S7bgAahwo/view?usp=sharing,‣,O
Ondansetron-BFS 8mg/4ml,Ondansetron,,,Cty CP DP CPC1 Hà Nội,,,,,,,https://drive.google.com/file/d/1yhAt0iXaPjezetmQHQQ5LrAbaq19eW5w/view?usp=drive_link,,‣,O
Voltaren [Viên Đặt Hậu Môn 100mg],Diclofenac,Thuốc đạn,Đặt trực tràng,Delpharm Huningue S.A.S,Bệnh viện,,,,,Yes,https://drive.google.com/file/d/140XtFVkLTYdCitN2W6Dk3OmeAGMai2kI/view?usp=sharing,,‣,V
LOMEC 20 [Omeprazol 20mg],Omeprazol: 20mg,Viên nang cứng chứa vi hạt bao tan trong ruột,Uống,"Industria Quimica Y Farmaceutica VIR, S.A., Spain",Bệnh viện,,"Quỹ BHYT thanh toán theo chỉ định trong tờ hướng dẫn sử dụng thuốc kèm theo hồ sơ đăng ký thuốc đã được cấp phép hoặc hướng dẫn chẩn đoán và điều trị của Bộ Y tế hoặc chỉ định dự phòng loét dạ dày tá tràng, xuất huyết tiêu hóa tại dạ dày, tá tràng do stress ở bệnh nhân hồi sức tích cực.",,Không được nhai/bẻ/nghiền viên thuốc,Yes,https://drive.google.com/file/d/1J3PaOKbymcg-HPxTkbVT2xy5y72F0C-I/view?usp=drive_link,,‣,L
Suprane [Desflurane 100% (v/v)/240ml],Desflurane,chất lỏng dễ bay hơi,hít,baxter healthcare corporafion,Nhà thuốc & Bệnh viện,,,,,Yes,https://drive.google.com/file/d/1QHg7Ls_6hmusQ0oSSj3JUx8788ZWmdE_/view?usp=drive_link,,‣,S
Zapnex-10 [Olanzapin 10 Mg],Olanzapin,viên nén bao phim,Uống,Đạt Vi Phú,Nhà thuốc & Bệnh viện,,,,Không được nhai/bẻ/nghiền viên thuốc,Yes,https://drive.google.com/file/d/1M4LDfvReR6tvsRtuEupmiGpiFHRXnd_S/view?usp=drive_link,https://drive.google.com/file/d/11xxDNwI7XcH4G_PMNs81U1L5DVTuB240/view?usp=sharing,‣,Z
"Oflovid Ophthalmic Ointment [0,3%/3,5g]",Ofloxacin,,Tra mắt,"Santen Pharmaceutical Co., Ltd. - Nhà máy Shiga",Nhà thuốc & Bệnh viện,,,,,Yes,https://drive.google.com/file/d/1Y51944JSHRdGGH2-G6g_A-4szECzeE2A/view?usp=sharing,,‣,O
Pradaxa [Dabigatran 75mg],Dabigatran: 110mg,viên nang cứng,Uống,Boehringer Ingelheim Pharma GmbH & Co. KG.,Nhà thuốc & Bệnh viện,,,,,Yes,https://drive.google.com/file/d/1QrSGIOsAgmu1XmV_SWi5YFMBqoqXzs9Y/view?usp=sharing,https://drive.google.com/file/d/1NHyPHIDbLOTfbBP4_5X8E533jyulWFlK/view?usp=drive_link,‣,P
Ofloxacin-POS 3mg/ml,Ofloxacin,,,URSAPHARM Arzneimittel GmbH,,,,,,,,,‣,O
Plavix 75mg,Clopidogrel,,Uống,Sanofi Winthrop Industrie,Bệnh viện,,,,,Yes,https://drive.google.com/file/d/1CSyinfn-s8ntkvzk37LvZKdgg2HBbAuq/view?usp=sharing,,‣,P
"Nước Oxy Già 3% [3%, 50 ml]",Hydrogen peroxyd,DUNG DỊCH,Dùng ngoài,CTCP dược VTYT Hải Dương,Nhà thuốc & Bệnh viện,,,,,Yes,https://drive.google.com/file/d/19CeW7yq6XBNu1j__Xcaoe8m-NOVwmRPL/view?usp=drive_link,,‣,N
Nước Cất Pha Tiêm 5 Ml,Nước cất pha tiêm,,,CTCP Dược phẩm Trung ương 2,,,,,,,https://drive.google.com/file/d/1fKLava6gFOCvb3B1t55bttpJet4Fdsi4/view?usp=drive_link,,‣,N
Clindamycin- Hameln 150mg/ml,Clindamycin,,,Siegfried Hameln GmbH,Bệnh viện,,,,,Yes,https://drive.google.com/file/d/1gKDrTwK96iJKtVEYHdumhWttL5TBL1wv/view?usp=drive_link,,‣,C
Nước Cất Pha Tiêm 10 Ml,Nước cất pha tiêm,,,CTCP Dược TW2 VN,,,,,,,https://drive.google.com/file/d/1iwpCpV2f-RYWK07RFD2JKXRbskd_pded/view?usp=drive_link,,‣,N
Clabact 500 [Clarithromycin 500mg],Clarithromycin,,,CTCP Dược Hậu Giang - CN nhà máy DP DHG tại Hậu Giang,,,,,,,https://drive.google.com/file/d/1VS_fW9EYaxrAX3vN8jjqs0b63KCCveda/view?usp=drive_link,,‣,C
BFS-Noradrenaline 4mg,Nor-epinephrin (nor- adrenalin),,,Công ty Cổ phần Dược phẩm CPC1 Hà Nội,,,,,,,https://drive.google.com/file/d/1jHcqjLZ6Z_G_seVdo8hGn_Ksjca8kSz-/view?usp=drive_link,,‣,B
Ciloxan 3mg/ml,Ciprofloxacin,,,s.a Alcon Couvreur NV,,,,,,,https://drive.google.com/file/d/1o-Nt39Cj1re-ZkHmbAKXFKcy0W_NJCdb/view?usp=drive_link,,‣,C
Nifehexal 30 LA 30mg,Nifedipin 30mg,Viên nén bao phim tác dụng kéo dài,Uống,"Lek Pharmaceuticals d.d,, Slovenia",Nhà thuốc & Bệnh viện,,,,Không được nhai/bẻ/nghiền viên thuốc,Yes,https://drive.google.com/file/d/11LxXYERib9O3vRylPxF3B9nkar7dp4LR/view?usp=sharing,https://drive.google.com/file/d/1DQOvSoDFb7F51FZYX53jio57-M0QQVGT/view?usp=sharing,‣,N
Nafloxin Solution For Infusion 200mg/100ml,Ciprofloxacin,,,Cooper S.A Pharmaceuticals,,,,,,,https://drive.google.com/file/d/1sZVWQKNoyV7OlFa9F8Tz1VrPNXFBECMW/view?usp=drive_link,,‣,N
Nifedipin T20 retard [20 mg],Nifedipin 20mg,Viên nén bao phim tác dụng kéo dài,Uống,"Công Ty TNHH Liên Doanh Stellapharm - Chi nhánh 1, Việt Nam",Nhà thuốc & Bệnh viện,,,,Không được nhai/bẻ/nghiền viên thuốc,Yes,https://drive.google.com/file/d/1KD1Sx5vdLi8EONskKrxdxNzXW7aLSrjk/view?usp=sharing,https://drive.google.com/file/d/1mDtfDl-se5KR0hHNTiV0fe3LWqR7tiqS/view?usp=sharing,‣,N
Ciprobay 400mg/200ml,Ciprofloxacin,,,Bayer Pharma AG,,,,,,,https://drive.google.com/file/d/1W1KIGulQTtxRgYTQzVD-APm3ZhsMPfeX/view?usp=drive_link,,‣,C
Nikoramyl 5 [Nicorandil 5mg],Nicorandil 5mg,viên nang cứng,Uống,CTCP dược phẩm Hà Tây,Nhà thuốc & Bệnh viện,,,,,Yes,https://drive.google.com/file/d/17r4icuMCU_mPovphDjpuQ1FC4z40EZgW/view?usp=sharinghttps://drive.google.com/file/d/1Ja65AQGJcrNMmUztJnpEFxxE_mO9hu4w/view?usp=drive_link,https://drive.google.com/file/d/1Ja65AQGJcrNMmUztJnpEFxxE_mO9hu4w/view?usp=sharing,‣,N
Vincardipin [Nicardipin 10mg/10ml],Nicardipin,,,Công ty cổ phần dược phẩm Vĩnh Phúc,,,,,,,https://drive.google.com/file/d/13dtCbM52hTIOgVk6g9-L8x2Ez4abRfZr/view?usp=drive_link,,‣,V
Vinphastu [Cinarizin 25mg],Cinnarizin,,,Công ty cổ phần dược phẩm Vĩnh Phúc,,,,,,,https://drive.google.com/file/d/1rRx5ZmgHimSOlvCaGR9U2MS-uEkfDLvz/view?usp=drive_link,,‣,V
"Pinadine Inj 0,5mg/ml",Neostigmin metylsulfat,,,"Dai Han Pharm. Co., Ltd",,,,,,,https://drive.google.com/file/d/1vsVshYzAyys6Ef13DrJa6A5ZKau-NIuj/view?usp=drive_link,,‣,P
Esseil-10 [Cilnidipin 10mg],Cilnidipin,,,Công ty Cổ phần Dược phẩm Đạt Vi Phú,,,,,,,https://drive.google.com/file/d/1-Zy6P27pFsOx1JXBeLKRL8L4B80kMgyl/view?usp=drive_link,,‣,E
Maxitrol [(1mg + 3500IU + 6000IU)/ Gram],Neomycin + polymyxin B + dexamethason,Thuốc mỡ,Tra mắt,SA Alcon-Couvreur NV,Nhà thuốc,,,,,Yes,https://drive.google.com/file/d/19jFB1xYkIdtZvimjeF74z7a541y2SL0u/view?usp=drive_link,,‣,M
Cetimed 10mg [Cetirizin],Cetirizin,,,Medochemie Ltd. - Central Factory,Bệnh viện,,,,,Yes,https://drive.google.com/file/d/1El2z442_9I5sW2OEZeietDmruT1xodZ8/view?usp=drive_link,,‣,C
Cofidec 200mg,Celecoxib,,,"Lek Pharmaceuticals d.d,",Bệnh viện,,,,,Yes,https://drive.google.com/file/d/1_jW3ab1nuxOSvmWCcmyjtBftOOwAJ4CR/view?usp=drive_link,,‣,C
Scofi 10ml [Neomycin + Polymyxin B + Dexamethason],Neomycin + polymyxin B + dexamethason,,,Công ty Cổ Phần Tập Đoàn Merap,,,,,,,,,‣,S
Zinnat Tablets 500mg,Cefuroxim: 500mg,viên nén bao phim,Uống,Glaxo Operations UK Limited,Nhà thuốc & Bệnh viện,,,,,Yes,https://docs.google.com/document/d/1zrSH3us-V1MxpygGijfZWidxWrxySWxF/edit?usp=sharing&ouid=117534694973414002745&rtpof=true&sd=true,144_Zinnat Tablets 500mg_VN-20514-17.pdf,‣,z
Kontiam Inj. [Cefotiam 1000mg],Cefotiam,,,"Hankook Korus Pharm. Co., Ltd.",,,,,,,https://drive.google.com/file/d/1_m6sQzMEqtQdO7yehNDXSKgoBq5zcFMD/view?usp=drive_link,,‣,K
"Sanlein 0,1: 5mg/5ml",Natri hydrocarbonat (natri bicarbonat): 5mg/5ml,dung dịch,Nhỏ mắt,"Santen Pharmaceutical Co., Ltd.- Nhà máy Noto",Nhà thuốc & Bệnh viện,,,,,Yes,https://drive.google.com/file/d/1-3zItP-bPJEXJIxxBnE2Twy6XX4JqRdS/view?usp=drive_link,https://drive.google.com/file/d/1AHazBJpybXSbcIFepI5o3bEL0TMayDn7/view?usp=drive_link,‣,S
Cephalexin PMP 500 Mg,Cefalexin,,,Công ty Cổ phần Pymepharco,,,,,,,https://drive.google.com/file/d/1CEEi0u1QscnPANcMWPPPwN_ydXFLOR_r/view?usp=drive_link,,‣,C
Xitoran [Cefadroxil 500mg],Cefadroxil,,,S.C. Antibiotice S.A.,,,,,,,https://drive.google.com/file/d/19ej8Nr-15oBXkTwjs95_A_JhM1sADwoE/view?usp=drive_link,,‣,X
Maxitrol (1mg + 3500IU + 6000IU)/ml,Neomycin + polymyxin B + dexamethason,Hỗn dịch nhỏ mắt,Nhỏ mắt,SA Alcon-Couvreur NV,Nhà thuốc & Bệnh viện,,,,,Yes,https://drive.google.com/file/d/1FBR_-2Sdi5uZOfNbxy-DsM_X-D9I-gQ_/view?usp=sharing,,‣,M
Medoclor 500mg [Cefaclor],Cefaclor,,,Medochemie LTD. -Factory C,,,,,,,https://drive.google.com/file/d/15b994JdIJjEUfsh6B6UO6l3qkdGgE3x1/view?usp=sharing,,‣,M
Bupivacaine Aguettant 5mg/ml [100mg/20ml],Bupivacain hydroclorid,,,"Sản xuất bởi Delpharm Tours, xuất xưởng bởi Aguettant",,,,,,,https://drive.google.com/file/d/1albUzqYFFPjWrHWtlBXQqNhWHgZ-Ng-w/view?usp=drive_link,,‣,B
Symbicort Turbuhaler 160mcg,"Symbicort Turbuhaler 160mcg, 4,5mcg (x60 Liều)",thuốc bột,hít,AstraZeneca AB,Nhà thuốc & Bệnh viện,,,,,Yes,https://drive.google.com/file/d/1sY6JcDhxIRO70uX6l6XSa1fprux8cK1p/view?usp=drive_link,,‣,S
"Pulmicort Respules 0,5mg/ml",Budesonid,,,AstraZeneca AB,,,,,,,https://drive.google.com/file/d/1vWNRNo3YkciuW4w_TLYVy9pjj9sN5iBw/view?usp=drive_link,,‣,P
"Samaca ""1mg/ml X 6ml”",Natri hyaluronat,dung dịch nhỏ mắt,Nhỏ mắt,Công ty TNHH Traphaco Hưng Yên,Nhà thuốc & Bệnh viện,,,,,Yes,https://drive.google.com/file/d/1AlXVceWgaFRiHloI2wWKjrvRARjOsE30/view?usp=drive_link,,‣,S
Lipvar 20 [Atorvastatin 20mg],Atorvastatin,,,CTCP Dược Hậu Giang - CN nhà máy DP DHG tại Hậu Giang,,,"Đối với trạm y tế xã, Quỹ BHYT thanh toán trong điều trị rối loạn lipid máu theo hướng dẫn chẩn đoán điều trị của Bộ Y tế.",,,,,,‣,L
Optive,Natri carboxymethylcellulose + glycerin: 5mg/ml + 9mg/ml,Dung dịch làm trơn mắt,Nhỏ mắt,Allergan Pharmaceuticals Ireland,Nhà thuốc & Bệnh viện,,,,,Yes,https://drive.google.com/file/d/1YFdsKwQl-wEFxTata51LJKkkAcyW-hYp/view?usp=drive_link,https://drive.google.com/file/d/1x4nqlZNXxBjI9lS__muNANIJknp8wExd/view?usp=sharing,‣,O
Atenolol STADA 50 mg,Atenolol,,,,,,,,,,https://drive.google.com/file/d/152XODqlKnknQUydn7duAEKG5vmdyEoVa/view?usp=sharing,,‣,A
SavNopain 500 [Naproxen 500mg],Naproxen,viên nén,Uống,Công ty cổ phần dược phẩm Savi,Nhà thuốc & Bệnh viện,,,,,Yes,https://drive.google.com/file/d/1l5knlamffNNhBBVeRX94AoTgyJtc6nYP/view?usp=drive_link,,‣,S
"Symbicort Rapihaler 160mcg, 4,5mcg (x120 Liều)","Mỗi liều xịt chứa: Budesonid 160mcg; Formoterol fumarate dihydrate 4,5mcg",,,AstraZeneca Dunkerque Production,,,,,,,https://drive.google.com/file/d/1LkLUDZcA2RvFSzkqlvep6FbL5FpgTXOl/view?usp=drive_link,,‣,S
Natrixam 1.5mg/10mg,"Amlodipin + indapamid: 1,5mg; 10mg",viên nén giải phóng kiểm soát,Uống,"Les Laboratoires Servier Industrie, Pháp",Nhà thuốc & Bệnh viện,,"Thuốc được cấp phát tại trạm y tế xã theo Hướng dẫn chẩn đoán, điều trị của Bộ Y tế.",,Không được nhai/bẻ/nghiền viên thuốc,Yes,https://drive.google.com/file/d/1HybFO2ThpwFv_yFHptcLGPyBp1_1evVx/view?usp=drive_link,https://drive.google.com/file/d/1HybFO2ThpwFv_yFHptcLGPyBp1_1evVx/view?usp=sharing,‣,N
Amikan,Amikacin : 500 mg/2ml,Dung dịch tiêm,Tiêm/truyền,Anfarm Hellas S.A.,Bệnh viện,,,,,Yes,https://drive.google.com/file/d/1Hpo5cSWuO53T0SdzsA7b9WTuj9pOwaJw/view?usp=drive_link,,‣,A
Seretide Evohaler DC 25/125mcg,Mỗi liều xịt chứa: 25mcg Salmeterol (dạng xinafoate micronised) và 125mcg Fluticasone propionate (dạng micronised),,,Glaxo Wellcome S.A.,,,,,,,https://drive.google.com/file/d/19BpxFTHqdqMamaUXufWBje01FJFXi03Z/view?usp=drive_link,,‣,S
"Katrypsin 4,2 mg [Alpha chymotrypsin]",Alpha Chymotrypsin,,,Công ty cổ phần dược phẩm Khánh Hòa,,,,,,,https://drive.google.com/file/d/15YVryrJvLkoh99bZnQQ5ZrJYDByWCGyi/view?usp=drive_link,,‣,K
Vigamox 5mg/1ml [Moxifloxacin 5ml],Moxifloxacin: 5mg/1ml,dung dịch nhỏ mắt,Nhỏ mắt,"Alcon Research, LLC",Nhà thuốc & Bệnh viện,,,,,Yes,https://docs.google.com/document/d/1VpgHlWJy9Bz3N6Bj9t1kvv_Wnd46-XWa/edit?usp=sharing&ouid=117534694973414002745&rtpof=true&sd=true,https://drive.google.com/file/d/1wXki2Uh7dNodcOUue8ng0_3XQboOI4GY/view?usp=sharing,‣,V
Morphin 30mg,Morphin sulfat,,,CTCP Dược phẩm Trung ương 2,,,,,,,,,‣,M
"Morihepamin [7,58%,Túi 200ml] [*]",Acid amin,,Tiêm/truyền,"Ay Pharmaceuticals Co., Ltd",Bệnh viện,,,Cần hội chẩn,,Yes,https://drive.google.com/file/d/1sxS5gLmQaWwKWeQm7SmpgHO_KsNkAB30/view?usp=drive_link,,‣,M
"Methylergometrine Maleate injection 0,2mg - 1ml",Methylergometrine maleate,,,Panpharma GmbH,,,,,,,https://drive.google.com/file/d/1Qz_V-GqUllFP2CddCAfcSCqS-x6Ta6jX/view?usp=drive_link,,‣,M
Medskin Acyclovir 200 Mg,Aciclovir,,,CTCP Dược Hậu Giang - CN nhà máy DP DHG tại Hậu Giang,,,,,,,https://docs.google.com/document/d/1meVn4Nhxp2BjCXa96UHWHtT2tDcTq4VA/edit?usp=sharing&ouid=117534694973414002745&rtpof=true&sd=true,,‣,M
Savi Acarbose 100 [100mg],Acarbose,,,Công ty cổ phần dược phẩm Savi,,,,,,,https://drive.google.com/file/d/1kIhD1P3iTTL_QLVpfBnr43vJWdqlngzm/view?usp=drive_link,,‣,S
Glucobay 50mg [Acarbose],Acarbose,,,Bayer Pharma AG,,,,,,,https://drive.google.com/file/d/1scUftu41LAEfpAY5zEHidjdyettebI9j/view?usp=sharing,,‣,G
Acabrose Tablets 50mg,Acarbose,,,"2nd Plant, Standard Chem. & Pharm. Co., Ltd",,,,,,,,,‣,A
Biseptol 480,Sulfamethoxazol + trimethoprim (400mg + 80mg),,,,,,,,,,https://drive.google.com/file/d/1RHQxCUsObE26RWJnTeTOR6cHjjfCc9DY/view?usp=sharing,,‣,B
Vanconex (Vancomycin 500mg),Vancomycin,,,,,,"Quỹ BHYT thanh toán tại BV hạng đặc biệt, hạng I, II, BV chuyên khoa lao và bệnh phổi.",,,,https://drive.google.com/file/d/1XvODBsPV3T1GLYFktmp-Yu7MiLGD75g1/view?usp=drive_link,,‣,V
Bridion [Sugammadex 100mg/ml],Sugammadex,,,,,,"Quỹ bảo hiểm y tế thanh toán trong các trường hợp:
1. Trường hợp đã tiêm thuốc giãn cơ mà không đặt được ống nội khí quản;
2. Bệnh nhân mắc bệnh phổi tắc nghẽn mạn tính (COPD), hen phế quản;
3. Bệnh nhân suy tim, loạn nhịp tim, bệnh van tim, mạch vành;
4. Bệnh nhân béo phì (BMI > 30);
5. Bệnh nhân có bệnh lý thần kinh-cơ (loạn dưỡng cơ, nhược cơ);
6. Bệnh nhân có chống chỉ định với neostigmine và atropin.",,,,https://drive.google.com/file/d/1vsLqKVKB4n-S4k1zxdeFrE2BJxXsSReM/view?usp=drive_link,,‣,B
Chymotrypsin 4200IU,Alpha chymotrypsin,,,Medipharco,,,"Quỹ BHYT thanh toán trong điều trị phù nề sau phẫu thuật, chấn thương, bỏng.",,,,https://drive.google.com/file/d/14ngmM9ngmAdbikBXCfgstofW9UIqo08O/view?usp=drive_link,,‣,C
Katrypsin Fort ODT,Alpha chymotrypsin,,Uống,Dược phẩm Khánh Hòa,,,"Quỹ BHYT thanh toán trong điều trị phù nề sau phẫu thuật, chấn thương, bỏng.",,,No,https://drive.google.com/file/d/11ZpsH2XqQZUqFwYCymjAnHMs6obgT06r/view?usp=drive_link,,‣,K
Katrypsin,Alpha chymotrypsin,,Uống,Dược phẩm Khánh Hòa,Bệnh viện,,"Quỹ BHYT thanh toán trong điều trị phù nề sau phẫu thuật, chấn thương, bỏng.",,,Yes,https://drive.google.com/file/d/15YVryrJvLkoh99bZnQQ5ZrJYDByWCGyi/view?usp=drive_link,,‣,K
ALPHA DHG,Alpha chymotrypsin,,Uống,Dược Hậu Giang,,,"Quỹ BHYT thanh toán trong điều trị phù nề sau phẫu thuật, chấn thương, bỏng.",,,,https://drive.google.com/file/d/1i7UFfky99_dSI7k-udxc1ZqCvvqtU_gj/view?usp=drive_link,,‣,A
Vorifend 500,Glucosamin,,,,,,Quỹ BHYT thanh toán điều trị thoái hóa khớp gối mức độ nhẹ và trung bình.,,,,https://drive.google.com/file/d/1cflsKRCJHWCkHlse5wBx766bAzCUhLDU/view?usp=sharing,,‣,V
Diazepam 10mg-2ml,Diazepam,,,Vidiphar,,,Đối với phòng khám đa khoa và trạm y tế xã: Quỹ BHYT thanh toán điều trị cấp cứu.,,,,https://drive.google.com/file/d/1F-H239SeNFkDoNJmA1wA0qOfKRAaAQys/view?usp=sharing,,‣,D
Ketosteril,Calci-3-methyl-2-oxovalerat + calci-4-methyl-2- oxovalerat + calci-2-oxo-3- phenylpropionat + calci-3-methyl-2-oxobutyrat + calci-DL-2-hydroxy-4-methylthiobutyrat + L-lysin acetat + L-threonin + L-tryptophan + L-histidin + L-tyrosin (*),,,Fresenius Kabi,,,"Quỹ BHYT thanh toán điều trị suy thận mãn, tăng ure máu.",Cần hội chẩn,,,https://drive.google.com/file/d/1VYbgB7qHYOB37_EJAzTLjnfXB1xGaP66/view,,‣,K
Smofkabiven Peripheral,Acid Amin + Glucose + Lipid,,,Fresenius Kabi AB,,BHYT thanh toán 50%,"Quỹ BHYT thanh toán: Acid amin + glucose + lipid (*); Acid amin + glucose + lipid + điện giải (*); đối với trường hợp bệnh nặng không nuôi dưỡng được bằng đường tiêu hóa hoặc qua ống xông mà phải nuôi dưỡng đường tĩnh mạch trong: hồi sức, cấp cứu, ung thư, bệnh đường tiêu hóa, suy dinh dưỡng nặng; thanh toán 50%.",Cần hội chẩn,,,https://drive.google.com/file/d/11xRyALZAGm0GLv9SjcFoika3wq1qKIDe/view?usp=drive_link,,‣,S
Mizapenem  1g,Meropenem,,,CTCP Dược phẩm Minh,,,"Quỹ BHYT thanh toán tại BV hạng đặc biệt, hạng I, II; BV chuyên khoa lao và bệnh phổi.",Cần hội chẩn,,,https://docs.google.com/document/d/1XjnivbF57snDGPmmzaVfJw5W0BPKlolX/edit?usp=sharing&ouid=117534694973414002745&rtpof=true&sd=true,,‣,M
ZENTOMYCES,Saccharomyces 100mg (≥ 10^8 CFU) - 1g,,,,,,,,,,https://docs.google.com/document/d/1xDy0edpr9lbVzO65sIAucapLEVqqkZgt/edit,,‣,Z
"Janumet 50/500, 50/850, 50/1000mg",Sitagliptin + Metformin HCl,,,,,,,,,,https://drive.google.com/file/d/1exIcxvTOR7BKrmBgN39l8dBeNxVlE-RQ/view?usp=sharing,,‣,J
Januvia 50mg,Sitagliptin,,,,,,,,,,https://drive.google.com/file/d/1pJ15B6SKwX5uSq8w3grkm9aqY1RtAjUh/view?usp=sharing,,‣,J
ZINNAT TABLETS (Viên nén),Cefuroxim axetil,,,,,,,,,,https://drive.google.com/file/d/1rCSyTk9BkHUP_uINKpxpI33Z_t2GT4d0/view?usp=drive_link,,‣,Z
VINZIX,Furosemid: 20mg/2ml,dung dịch tiêm,Tiêm/truyền,DP Vĩnh Phúc,Nhà thuốc & Bệnh viện,,,,,Yes,https://drive.google.com/file/d/1GCq2SJtXC8AwQpiucRXPsafDi1ao3_xA/view?usp=drive_link,,‣,V
Thytodux,Thymodulin,,,,,,,,,,https://drive.google.com/file/d/1rlrVS_h84JeFE0uq8jBmbqC-CJZXNH0r/view?usp=drive_link,,‣,T
SEVOFLURANE,Sevoflurane,,,,,,,,,,https://drive.google.com/file/d/1jZaNRG3TQGnuGUZUpGaDcvfh7VjyfBOO/view?usp=drive_link,,‣,S
Yumagel F,Almagat,,Uống,,Nhà thuốc,,,,,Yes,https://drive.google.com/file/d/1MPj00ktC92a67_sqdv_VLKB6h4oh6lwP/view?usp=drive_link,,‣,Y
Daphazyl,"Spiramycin   750 000 IU
Metronidazol   125 mg",viên nén bao phim,Uống,DANAPHA,Nhà thuốc & Bệnh viện,,,,,Yes,https://drive.google.com/file/d/1bQOPsbriCahUzl-Bu4MH78gf36-P3JIu/view?usp=drive_link,,‣,D
DROTAVERIN,Drotaverine hydrochloride,,,,,,,,,,https://drive.google.com/file/d/1ne93Kb1eYZz4XlAXAN5lHEMdBg2eSM2B/view?usp=drive_link,,‣,D
Ventolin,Salbutamol,,,,,,,,,,https://drive.google.com/file/d/1UT8vKb2Ah3Q5dSfrCtld7yfTHwgjmllm/view?usp=drive_link,,‣,V
DUCHAT,Vitamin tổng hợp,,,,,,,,,,https://drive.google.com/file/d/1_k7K-BvYYbtWS-jtJK4gIR2yQkyQCPjF/view?usp=drive_link,,‣,D
Depakine Chrono,"Valproat natri + valproic acid: 333,00mg; 145,00mg",Viên nén bao phim phóng thích kéo dài,Uống,"SANOFI WINTHROP INDUSTRIE, Pháp",Nhà thuốc & Bệnh viện,,,,Không được nhai/bẻ/nghiền viên thuốc,Yes,https://drive.google.com/file/d/1J9FuWAPF7vLBaPxi1o_ltUDImF-IDT3t/view?usp=sharing,,‣,D
Tobradex,Tobramycin + Dexametha: (3mg + 1mg)/1ml,hỗn dịch,Nhỏ mắt,Alcon,Nhà thuốc & Bệnh viện,,,,,Yes,https://drive.google.com/file/d/1Gd2ct_oAQ5yLfpH_evBpBUdNb9Qpu_tr/view?usp=drive_link,https://drive.google.com/file/d/1eyha9xmB0zNUNu31WZsKRSSrmHrIP957/view?usp=drive_link,‣,T
DRENOXOL,Ambroxol : 30mg/ 10mL,siro,Uống,LABORATORIOS VITORIA S.A,Nhà thuốc & Bệnh viện,,,,,Yes,https://drive.google.com/file/d/1L_qhVSe17Befz1M3qsIM0kcuz4HjWOLC/view?usp=drive_link,,‣,D
SERETIDE EVOHALER,Salmeterol/ Fluticasone propionate,,,,,,,,,,https://drive.google.com/file/d/1HZcPUCDcEYDRZZ8WEyzYk79vEpgEcOvF/view?usp=drive_link,,‣,S
DEBRIDAT 100mg,Trimebutin maleat 100mg,viên nén bao phim,Uống,Farmea,Nhà thuốc & Bệnh viện,,,,,Yes,https://drive.google.com/file/d/1ZSMV7rrbnUP1YZxhVWzBHNfOow8uBzCU/view?usp=drive_link,,‣,D
SPIRONOLACTON,Spironolactone..... 25 mg,,,,,,,,,,https://drive.google.com/file/d/1YH15Ab12WKVZebLDVFgPNwlaUaxJKOvB/view?usp=drive_link,,‣,S
Solu-Medrol,Methylprednisolon,bột đông khô pha tiêm,tiêm/ truyền tĩnh mạch,PFIZER,Nhà thuốc & Bệnh viện,,"Đối với phòng khám đa khoa và trạm y tế xã, Quỹ BHYT thanh toán điều trị cấp cứu phản vệ.",,,Yes,https://drive.google.com/file/d/1n2VwIEtppePgEX2YU76NcGtgmNlwfN2S/view?usp=drive_link,,‣,S
CAFUNTEN,Clotrimazol,,,,,,,,,,https://drive.google.com/file/d/1LGrsx1_PFBPyXuqY2Ylb8L-JH4uL480n/view?usp=sharing,,‣,C
Rocephin 1g,Ceftriaxon,,,,,,,,,,https://drive.google.com/file/d/1gJW2nAWnBLo3c-_GFsS0muyKBrcplDoc/view?usp=drive_link,,‣,R
Piperacillin/Tazobactam Kabi,Piperacillin/Tazobactam,,,,,,"Quỹ BHYT thanh toán tại Bệnh viện hạng đặc biệt, hạng I, II, bệnh viện chuyên khoa lao và bệnh phổi.",,,,https://drive.google.com/file/d/1VAcRjV_-WltYZvgVeVNJ_ezPi-WOLklT/view?usp=drive_link,,‣,P
CEFOTAXIME,Cefotaxime sodium,,,,,,,,,,https://drive.google.com/file/d/1v_uza1yaXyh9P3-QfaP65rl45vvkFobL/view?usp=drive_link,,‣,C
PM NextG Cal,"Calci, Phospho, vitamin D3, vitamin K1",,,,,,,,,,https://drive.google.com/file/d/1GkJ1IcUSQ1i_CDEvGCDNlLoRrs1HALwz/view?usp=drive_link,,‣,P
Curam,amoxicillin/acid clavulanic,,,,,,,,,,https://drive.google.com/file/d/1hNtoXqAPc_aA_RKu_mkhYPrJOwadFEgf/view?usp=drive_link,,‣,C
Partamol Tab,Paracetamol 500mg,,,,,,,,,,https://drive.google.com/file/d/1Yr8GVVEWnngCGRQAAlodvEhyV5hnK99Y/view?usp=drive_link,,‣,P
Pantoloc 40mg,Pantoprazole 40mg,Viên nén bao tan trong ruột,Uống,"Takeda GmbH, Đức",Nhà thuốc & Bệnh viện,,"Quỹ BHYT thanh toán theo chỉ định trong tờ hướng dẫn sử dụng thuốc kèm theo hồ sơ đăng ký thuốc đã được cấp phép hoặc hướng dẫn chẩn đoán và điều trị của Bộ Y tế hoặc chỉ định dự phòng loét dạ dày tá tràng, xuất huyết tiêu hóa tại dạ dày, tá tràng do stress ở bệnh nhân hồi sức tích cực.",,Không được nhai/bẻ/nghiền viên thuốc,Yes,https://drive.google.com/file/d/1ctJA_SIqKIdrd1cKbbDeoB4TcWMcFfps/view?usp=drive_link,,‣,P
Oresol,"Glucose khan (dưới dạng Glucose monohydrat)....... 20 g
Natri clorid........ 3,5 g
Trinatri citrat khan........ 2,545 g
(dưới dạng Trinatri citrat dihydrat 2,9 g)
Kali clorid.........1,5 g",thuốc bột,Uống,,Nhà thuốc & Bệnh viện,,Quỹ BHYT thanh toán: Natri clorid + kali clorid+ natri citrat + glucose khan; Natri clorid + kali clorid + natri citrat + glucose khan + kẽm.,,,Yes,https://drive.google.com/file/d/1B_iavq9NfXsskgcJkG7IV_3yu-zk0lsx/view?usp=drive_link,,‣,O
NEXIUM MUPS 20mg; NEXIUM MUPS 40mg,Esomeprazol,Viên nén kháng dịch dạ dày,Uống,AstraZeneca AB,Nhà thuốc,"Quỹ bảo hiểm y tế thanh toán theo chỉ định trong tờ hướng dẫn sử dụng thuốc kèm theo hồ sơ đăng ký thuốc đã được cấp phép hoặc hướng dẫn chẩn đoán và điều trị của Bộ Y tế hoặc chỉ định dự phòng loét dạ dày tá tràng, xuất huyết tiêu hóa tại dạ dày, tá tràng do stress ở bệnh nhân hồi sức tích cực.",,,Không được nhai/bẻ/nghiền viên thuốc,Yes,https://drive.google.com/file/d/11qrMPEoitwiKt7CSxAfDG0CTc7eBqr4i/view?usp=drive_link,,‣,N
BFS-NORADRENALINE,Nor-adrenalin (dưới dạng nor-adrenalin tartrat),,,,,,,,,,https://drive.google.com/file/d/1m6pdzcafwSKUXsC9QLR3NjYkMk8NFzdh/view?usp=drive_link,,‣,B
NORMAGUT,"MeSaccharomyces boulardii: 2,5x10^9 tế bào/250mg",Viên nén bao phim,Uống,ARDYPHARM,Nhà thuốc & Bệnh viện,,,,,Yes,https://drive.google.com/file/d/1eIi3l-25B9QBglFyysK-yXHoJ_dDL9gk/view?usp=drive_link,https://drive.google.com/file/d/1yUaz-fDJh83KPV-rj2Y4Nzvrm_32Gbg_/view?usp=sharing,‣,N
Nifedipin 20mg(Cordaflex),Nifedipin 20mg,Viên nén bao phim giải phóng chậm,,"Egis Pharmaceuticals Private Limited Company, Hungary",,,,,Không được nhai/bẻ/nghiền viên thuốc,,https://drive.google.com/file/d/1POzbJpsz886O-p_m6vt0IuaLsg77IUPt/view?usp=sharing,,‣,N
BETADINE Antiseptic Solution 10%,Povidon-Iod,,Dùng ngoài,Pharmaceuticals Ltd,Nhà thuốc,,,,,Yes,https://drive.google.com/file/d/1VbMfU3wdeJam0n7oIIRO7vnZQZe73uLF/view?usp=drive_link,,‣,B
MERONEM 1g IV,Meropenem,https://drive.google.com/file/d/1zWISXz6c6CGIZmwGYvVNtiycKKEBA0Hb/view?usp=drive_link,Tiêm/truyền,ACS Dobfar S.p.A,Bệnh viện,,"Quỹ  BHYT thanh toán tại BV hạng đặc biệt, hạng I, II; BV chuyên khoa lao và bệnh phổi.",Cần hội chẩn,,Yes,https://drive.google.com/file/d/1I4Db_-aXu6nVnjUuoCkVstGeKP2YL1Xo/view?usp=drive_link,,‣,M
Lovenox,Enoxaparin natri,Dung dịch,Tiêm dưới da,Sanofi Winthrop industrie,Bệnh viện,,,,,Yes,https://drive.google.com/file/d/1ctI4ICWrMH3e1pBhzgjuEbzhLUJjCpaD/view?usp=drive_link,,‣,L
AERIUS,"Desloratadine 0,5 mg/ml",,Uống,Schering- Plough Labo N.V,Nhà thuốc,,,,,Yes,https://drive.google.com/file/d/1jWHmrytX18FYlpTD2OFLS33HpZVvplFB/view?usp=drive_link,,‣,A
HEPARINE SODIQUE PANPHARMA 5000UI/ml,Heparin (natri),,,,,,,,,,https://drive.google.com/file/d/15p9iU64LWyae5k4JLg9jSVbpr32xT1G1/view?usp=sharing,,‣,H
HAEMOSTOP,Acid tranexamic 50mg,,,,,,,,,,https://drive.google.com/file/d/1E37JG3rL4ttxb7ui-nMQbNGR2kiEltgw/view?usp=drive_link,,‣,H
GENTAMICIN 80mg,Gentamicin,,,,,,,,,,,,‣,G
Fucicort,"Acid Fusidic, Betamethason",,Dùng ngoài,,Nhà thuốc,,,,,Yes,https://drive.google.com/file/d/1T5rJ50oVPRlWZahGhvQ8HqQrmPxW9LSn/view?usp=drive_link,,‣,F
Enterogermina,Bào tử Bacillus clausii kháng đa kháng sinh,,,,,,,,,,https://drive.google.com/file/d/1HQf7roH2-RJdEVQ1uAMfNa41FVrvjKPn/view?usp=drive_link,,‣,E
Acyclovir STELLA,Acyclovir 800mg,,,,,,,,,,,,‣,A
Efferalgan 500MG ( viên sủi),Paracetamol,,,,,,,,,,https://drive.google.com/file/d/1MUQi8hJdn9hF-rUP4JFjD4oYEbq0unF1/view?usp=drive_link,,‣,E
"Atropin Sulphat 0,25mg/1ml",Atropin (sulfat),,,Công ty cổ phần dược vật tư y tế Hải Dương,,,,,,,https://drive.google.com/file/d/1lgLqxL-kQNX_oj03X7u_xYzePh3vpwZk/view?usp=sharing,,‣,A
Agi-Bromhexine,Bromhexin (hydroclorid),,,Chi nhánh CTCPDP Agimexpharm - Nhà máy SXDP Agimexpharm,,,,,,,https://drive.google.com/file/d/1oTqN1ijGMZg4PZK_Kd9RhijfiIqmql7c/view?usp=sharing,,‣,A
Uloviz 40mg,Furosemid 40mg,VIÊN NÉN,Uống,SLAVIA PHARM,Nhà thuốc & Bệnh viện,,,,,Yes,https://docs.google.com/document/d/1COOMvAPw51wKuSyhLGKoW5-O8YUTFi-E/edit,https://drive.google.com/file/d/1twbE5wG6OvXnILR5VwxlKB5evl-lXzM7/view?usp=sharing,‣,U
Irbesartan OD DWP 100mg,Irbesartan 100mg,viên nén phân tán,Uống,,Nhà thuốc & Bệnh viện,,,,,Yes,https://docs.google.com/document/d/1gY1IJV_-KONySIpivKtgzQqZsk7htngB/edit#heading=h.gjdgxs,,‣,I
ENTEROGRAN,Bacillus clausii,,,,,,,,,,https://docs.google.com/document/d/1PHaRhdJPGtbXGsdZBNo5LSOwQqNDMWHl/edit,,‣,E
Phlebodia 600mg,Diosmin,Viên nén,Uống,CT TNHH MTV trung ương 2,Bệnh viện,,,,,Yes,https://drive.google.com/file/d/12KH8J7q9AN8FYbPsObwxqvNvilw_-q_Q/view?usp=drive_link,,‣,P
CEFADROXIL 500MG,Cefadroxil monohydrat,,,,,,,,,,https://docs.google.com/document/d/1at-wYRpTM3U7S0HM_RIoIboblJHoeEjM/edit,,‣,C
Profen 100mg/10ml,Ibuprofen,,,,,,,,,,https://docs.google.com/document/d/1POkjWXIpXotSE8Nt5kQ1tiBGGQ-gS1Bt/edit,,‣,P
BIKOZOL,Ketoconazol,,,,,,,,,,https://docs.google.com/document/d/16hYLxU2eXmtk8tjWNHFlmcMtZ041u5gL/edit,,‣,B
Acetyl leucin (Vintanil) 500mg/5ml,Acetylleucin,,,,,,,,,,https://docs.google.com/document/d/1bZFWM1JprezHMBA13TrRsywTLSrLLu6-/edit,,‣,V
Ramipril 10mg,Ramipril,,,Công ty cổ phần dược phẩm Minh Dân,,,,,,,https://drive.google.com/file/d/1sDj5V4hBksHjhEpRjQBpWR8wWmA9hRU0/view?usp=sharing,,‣,R
Haxium 40,Esomeprazole,viên nang cứng chứa vi hạt bao tan trong ruột,,Công ty cổ phần Dược Hậu Giang,,,"Quỹ BHYT thanh toán theo chỉ định trong tờ hướng dẫn sử dụng thuốc kèm theo hồ sơ đăng ký thuốc đã được cấp phép hoặc hướng dẫn chẩn đoán và điều trị của Bộ Y tế hoặc chỉ định dự phòng loét dạ dày tá tràng, xuất huyết tiêu hóa tại dạ dày, tá tràng do stress ở bệnh nhân hồi sức tích cực.",,Không được nhai/bẻ/nghiền viên thuốc,,https://drive.google.com/file/d/1q_jmk1LF7cLRQXKjo2-BYYuRndjpu719/view?usp=sharing,,‣,H
Metformin 500,Metformin,,,Công ty cổ phần dược phẩm TV Pharm,,,,,,,https://drive.google.com/file/d/1c1MrxGjAQkksSMXq6v8Ksdxs8QjxHcAD/view?usp=sharing,,‣,M
Irbezyd H,Irbesartan + Hydrochlorothiazide,,,Cadila Healthcare Limited (Ấn Độ),,,,,,,https://drive.google.com/file/d/1HSad33iAZXW-vMV67ZhNyS2l5hvfM2WH/view?usp=sharing,,‣,I
INSUNOVA -G PEN,"Insulin analog tác dụng chậm, kéo dài (Glargine, Detemir, Degludec): 100IU/ml",dung dịch tiêm,Tiêm/truyền,,Nhà thuốc & Bệnh viện,,,,,Yes,https://drive.google.com/file/d/1KL0Wso3oDBbQRtTpUFOFR687dckMvEWp/view?usp=sharing,,‣,I
Knevate,Clobetasone propionate 0.05%,,Dùng ngoài,Davipharm,,,,,,No,https://drive.google.com/file/d/13wEcQ4eVlY9vcg3ExcIU_RNnlOUNex5T/view?usp=sharing,,‣,K
Manitol 20g/100ml-250ml,Manitol,dung dịch tiêm truyền,Tiêm/truyền,Fresenius Kabi Việt Nam,Bệnh viện,,,,,Yes,https://drive.google.com/file/d/1Vw2Nb-KkksEsKbHghTDiTI2cdn7d-RTY/view?usp=drive_link,,‣,M
Lidocain-BFS,Lidocain,,,CPC1 Hà Nội,,,,,,,https://drive.google.com/file/d/1gsmCuFzlg25-188HozrsxO6dgdHeUu7A/view?usp=sharing,,‣,L
Kali Clorid 10%,Kali clorid: 500mg/5ml,Dung dịch tiêm truyền,Tiêm/truyền,Vinphaco (Việt Nam),Bệnh viện,,,,,Yes,https://drive.google.com/file/d/1_h646rUt7k8JhLZog_d1DbYX6VjlZWOm/view?usp=drive_link,,‣,K
Lyrica 75mg,Pregabalin,,,,,,,,,,https://drive.google.com/drive/folders/1zkrg29TKPep4Op7m95UM5MqiwTAcf4e3,,‣,L
"Lipitor (Atorvastatin) 10mg, 20mg, 40mg",Atorvastatin,,Uống,Pfizer,,,"Đối với trạm y tế xã, Quỹ BHYT thanh toán trong điều trị rối loạn lipid máu theo hướng dẫn chẩn đoán điều trị của Bộ Y tế.",,,Yes,https://drive.google.com/file/d/1JORKnhpDx84khzk8L2LAP3FojlWfdxdi/view?usp=sharing,,‣,L
Lidocain (hydroclorid) 40mg/2ml,Lidocain 40mg/2ml,,,Dược vật tư y tế Hải Dương (Việt Nam),,,,,,,https://drive.google.com/file/d/1LStHStE6-O-xGpp8KHSI59xfovTaT_IB/view?usp=drive_link,,‣,L
Lidocain 10%,Lidocain 38g,,,Egis (Hungary),,,,,,,https://drive.google.com/file/d/1hreKRMb6tXxNCgjk1yFuEhqWs-pBeact/view?usp=drive_link,,‣,L
Lisonorm (Amlodipin+ lisinopril),Amlodipin+ lisinopril,,,Gedeon Richter (Hungary),,,,,,,https://drive.google.com/file/d/1LIKKWJUyAANFwIaVnlDQ-HuyoclY8qs5/view?usp=drive_link,,‣,L
"Medrol 4mg, 16mg",Methylprednisolon,Viên nén,Uống,Pfizer,Nhà thuốc & Bệnh viện,,,,,Yes,https://drive.google.com/file/d/1hoZ6zssnVUiy9YpMQPclVgXgXXaE7HV5/view?usp=sharing,,‣,M
Methylprednisolon 16mg,Methyl prednisolon 16mg,,,VIDIPHA (VN),,,,,,,https://drive.google.com/file/d/1dKqceu1rUhQoaXLHfpg_MmKELidPqVZf/view?usp=drive_link,,‣,M
MIDAZOLAM B.BRAUN 5 MG/ML,Midazolam 5mg/ml,,,B.Braun (Đức),,,,,,,https://drive.google.com/file/d/1phzyzJ-X4KaseYHVAwgs_afx95_77XWw/view?usp=drive_link,,‣,M
NovoMix 30 FlexPen,"Insulin analog tác dụng nhanh, ngắn ( Aspart, Lispro,Glulisine): 100U/1ml (30/70 (tương đương 3,5 mg))",Hỗn dịch tiêm chưa trong bút tiêm bơm sẵn.,Tiêm/truyền,Novo Nordisk,Nhà thuốc & Bệnh viện,BHYT thanh toán 50% hoặc 100% tùy dạng bào chế,"Quỹ bảo hiểm y tế thanh toán 50% đối với dạng trộn, hỗn hợp giữa insulin Degludec và insulin Aspart; thanh toán 100% đối với các dạng còn lại.
Thuốc được cấp phát tại trạm y tế xã theo Hướng dẫn chẩn đoán, điều trị, quản lý bệnh đái tháo đường của Bộ Y tế.",,,Yes,https://drive.google.com/file/d/1NKyJbCIOcpiiWyh9jyVxjVFcP_R7LPvm/view?usp=sharing,,‣,N
Glucose 10% - 500ml,Glucose 10%,dung dịch tiêm truyền tĩnh mạch,Tiêm/truyền,Fresenius Kabi AB,Bệnh viện,,,,,Yes,https://drive.google.com/file/d/1qc3hhaOEK4zgbE5RAhf_io7GH9MvKB_2/view?usp=sharing,,‣,G
Nebilet,Nebivolol 5mg,,,Menarini,,,,,,,https://docs.google.com/document/d/1sMcZ0iYgbdQiWSHrbS05k3EsKRTuf0KR/edit?usp=sharing&ouid=117534694973414002745&rtpof=true&sd=true,,‣,N
Nefopam Medisol,Nefopam,,,Haupt Pharma Livron Sas (Pháp),,,,,,,https://drive.google.com/file/d/1Wwl9oyD17zmB2o0ZkasP5CjOKESUXX5a/view?usp=sharing,,‣,N
"Fosmicin for I.V. use 1g, 2g","Fosfomicin 1g, 2g",,,Meiji Seika Pharma (Nhật Bản),,,,Cần hội chuẩn,,,https://drive.google.com/file/d/1kAdzhbxE5dXeLqwu-lhJvOiOkcqiQ31t/view?usp=drive_link,,‣,F
Novorapid flexpen,"Insulin analog tác dụng nhanh, ngắn ( Aspart, Lispro,Glulisine): 300U/3ml","Dung dịch tiêm, trong suốt, không màu.",Tiêm/truyền,Novodisk,Nhà thuốc & Bệnh viện,,,,,Yes,https://drive.google.com/file/d/19HodGbpgwQyYD-BSZJGT7kSKpt3DdV0W/view?usp=drive_link,,‣,N
Nifedipin Hasan,Nifedipin,viên nén bao phim tác dụng kéo dài,,Hasan,,,,,Không được nhai/bẻ/nghiền viên thuốc,,https://drive.google.com/file/d/1ovVRqaVzHTQa5anF-7ye8hzhUyYvGZQf/view?usp=sharing,,‣,N
"Forxiga 5mg, 10mg",Dapagliflozin,Viên nén bao phim,Uống,AstraZeneca,Nhà thuốc,Quỹ BHYT thanh toán 70%.,,,,Yes,https://drive.google.com/drive/folders/1ujSnLl-mT4X3kzwmyLIi5UuJZ1y3V-CQ,,‣,F
Fentanyl B.Braun 0.5mg/10ml,"Fentanyl: 0,05mg/ml x 10ml",dung dịch tiêm,Tiêm/truyền,B.Braun,Bệnh viện,,,,,Yes,https://drive.google.com/file/d/1D2UG7EYbT2Dorax2IgRLJerhPl2ESshG/view?usp=drive_link,,‣,F
Nexium 40mg IV,Esomeprazol,,,,,,,,,,https://drive.google.com/drive/folders/1j87xWwY-FKBvyipd2eX2S5FsgXd9YG0n,,‣,N
Espumisan L,Simethicon 40 mg/ml,,,CÔNG TY TNHH BERLIN-CHEMIE (Đức),,,,,,,https://drive.google.com/file/d/1JyIp4ef6atgRi8f85WxmdqjRPhcRviX7/view?usp=drive_link,,‣,E
Nitromint,"Nitroglycerin  0,08g/10g",,,Egis (Hungary),,,,,,,https://drive.google.com/file/d/1o8sLu4cI9PeBCI8mlzHL_k2CisvGu8e4/view?usp=drive_link,,‣,N
"Exforge 5/80mg, 10/160mg",Amlodipine + valsartan,Viên nén bao phim,Uống,Novartis Farma SpA.,Bệnh viện,,,,,Yes,https://drive.google.com/file/d/1pxlllA4-PnZy6duPdnjbQK8LG0PC2E9t/view?usp=sharing,,‣,E
"Exforge HCT 5/160/12,5mg, 10/160/12,5mg, 10/320/25mg","Amlodipin + valsartan + hydrochlorothiazid: 10mg + 160mg + 12,5mg",Viên nén bao phim,Uống,NOVARTIS,Bệnh viện,,,,,Yes,https://drive.google.com/file/d/12ayXyfGcELEirF7UUWkGCetsR9Nq09vX/view?usp=sharing,,‣,E
Pulmicort respules,Budesonide,,,AstraZeneca,,,,,,,https://drive.google.com/file/d/1CejmjxKJ6rP7XOCnfanIy33sjIyle5DA/view?usp=sharing,,,P
Davertyl,Acetyl leucin: 500mg/5ml,dung dịch tiêm,Tiêm/truyền,Công ty cổ phần dược phẩm Danapha,Nhà thuốc & Bệnh viện,,,,,Yes,https://drive.google.com/file/d/10106oB_T50Z3Y3TvGYMcdNOy6iv7ejvC/view?usp=drive_link,,‣,D
PAPAVERIN 2%,Papaverin 40mg/2ml,,,DANAPHA (Việt Nam),,,,,,,https://drive.google.com/file/d/18N-hoPuw3S9mWHb_2eeo2bAw_qcp8auD/view?usp=drive_link,,‣,P
Digoxin/Anfarm,"Digoxin: 0,5mg/ 2ml",dung dịch tiêm,Tiêm/truyền,ANFARM HELLAS S.A. (Hy Lạp),Nhà thuốc & Bệnh viện,,,,,Yes,https://drive.google.com/file/d/1V0X6OVTjP8gcuRNbTSiBREorQmkSg1dw/view?usp=drive_link,,‣,D
Diamicron MR 60mg,Gliclazide 60 mg,Viên nén phóng thích có kiểm soát,Uống,Les Laboratoires Servier Industrie,Nhà thuốc & Bệnh viện,,,,Không được nhai/bẻ/nghiền viên thuốc,Yes,https://drive.google.com/file/d/1wevIOEtJYFoFPDaVk00aV7ri21jJqQK8/view?usp=drive_link,,‣,D
Panangin,Magnesi aspartat + Kali aspartat,,,Gedeon Richter,,,,,,,https://drive.google.com/file/d/1wrIN5tsCjjRD4_5zAhPo6hali579-Lo4/view?usp=sharing,,‣,P
Dembele,Valsartan + Hydroclorid,,,Công ty cổ phần dược phẩm Đạt Vi Phú,,,,,,,https://drive.google.com/file/d/1pF8w2mXIqqiy8uPqNP4NqXj_vxPMH2I_/view?usp=sharing,,‣,D
Dipartate,Magnesi aspartat + kali aspartat: 140mg + 158mg,viên nén,Uống,Dược phẩm 150 Cophavina,Nhà thuốc & Bệnh viện,,,,,Yes,,,‣,D
Ciprobay viên,Ciprofloxacin,,,Bayer,,,,,,,https://drive.google.com/file/d/1GkVBWZ4UC6XFimbt2YSuKFaghxMGzspL/view?usp=sharing,,‣,C
"Coveram 5/5, 5/10, 10/5, 10/10",Peridopril + Amlodipin,,,Servier,,,,,,,https://drive.google.com/file/d/1bl6ACy40D2OinmvGsH0cV1Alogm0u8-2/view?usp=sharing,,‣,C
Silvasten 20/10mg,Simvastatin + Ezetimibe,,,Dược phẩm Đạt Vi Phú,,,,,,,https://drive.google.com/file/d/1E30_wKx5o_46nUoZJDaHjVcaj-VY9zIS/view?usp=sharing,,‣,S
SaVi Valsartan 160,Valsartan,,,SaVipharm,,,,,,,https://drive.google.com/file/d/1PitZk96SBDTAF3nUJFflHf6y-7dmqCS9/view?usp=sharing,,‣,S
"Savi Valsartan Plus HCT 80/12,5mg",Valsartan + Hydroclothiazid,,,SaViPharm,,,,,,,https://drive.google.com/file/d/1oQ-QlvCwy469fCJZmNlYesHYSpB4oCWe/view?usp=sharing,,‣,S
"Concor cor 2,5mg",Bisoprolol fumarate,,,Merck,Bệnh viện,,,,,Yes,https://drive.google.com/file/d/1XZXlEFWbIZwFs-UMTP5gjAAEQyl9Amr7/view?usp=sharing,,‣,C
Combivent,Ipratropium bromid 520 mcg + Salbutamol sulfat 3010 mcg,Khí dung,Dung dịch khí dung,Laboratoire Unither,Nhà thuốc & Bệnh viện,,,,,Yes,https://drive.google.com/file/d/1McfyoeRysZIyz9U05X-CA6LDZqgOtUcB/view?usp=drive_link,,‣,C
TENADOL,"Cefamandole 500mg, 1000mg, 2000mg",,,Tenamyd (Việt Nam),,,,,,,https://drive.google.com/file/d/1qGCGDDCrmpWsIGXCGg0SEQNuvMRpD8Ft/view?usp=drive_link,,‣,T
Tavanic 500mg (viên),Levofloxacin: 500mg,Viên nén bao phim,Uống,Sanofi,Nhà thuốc & Bệnh viện,,,,,Yes,https://drive.google.com/file/d/1TzcAdUh9dLDM5fO80I_IlJLC9M5GtmEQ/view?usp=sharing,https://drive.google.com/file/d/166AgY47t8966m2Nug51R5R3HfanfmnCN/view?usp=drive_link,‣,T
Co-Diovan,Valsartan + hydrochlorothiazide.,,,Novartis Farma SpA,,,,,,,https://drive.google.com/file/d/10zVQ1kTS4BPOyrNvZhhBlZ2b0oGTkAY2/view?usp=sharing,,‣,C
Telorssa 100mg/5mg,Losartan + Amlodipin,,,KRKA,,,,,,,https://drive.google.com/file/d/1w-jiN8gjflhFZjT6PnA_aicLd-Bgy-ce/view?usp=sharing,,‣,T
Tunadimet,Clopidogrel 75mg,viên nén bao phim,Uống,Công ty cổ phần dược phẩm Khánh Hòa,Nhà thuốc & Bệnh viện,,,,Không được nhai/bẻ/nghiền viên thuốc,Yes,https://drive.google.com/file/d/12Ei587-Lzho8nOyHGF8IqZ2_TuMx81UV/view?usp=sharing,https://drive.google.com/file/d/16KZovJUVy87xxq1lqogbHeZU-2Lve3lf/view?usp=sharing,‣,T
Cozaar XQ,Losartan + Amlodipine,,,Merck,,,,,,,https://drive.google.com/file/d/17Uy4fBNp8lAcSmJ0Ujc2cxbQ1xXVKHcf/view?usp=sharing,,‣,C
CandeKern 16mg,Candesartan,,,KERN pharma,,,,,,,https://drive.google.com/file/d/1KhgvETnKCb2oGFeXnd8dpbS6t4vT9zVA/view?usp=sharing,,‣,C
Vinphason,Hydrocortison: 100mg,bột đông khô pha tiêm,Tiêm/truyền,Vinphaco,Nhà thuốc & Bệnh viện,,,,,Yes,https://drive.google.com/file/d/1XY9aN1I_zEAy8JdrE_ZUftx1CSNQruVz/view?usp=sharing,https://drive.google.com/file/d/1G5_S1-Cf7qF1koPe7DSLoD6E3HdzREL1/view?usp=sharing,‣,V
"Voxin 500mg, 1000mg",Vancomycin,,,Vianex S.A,,,"Quỹ BHYT thanh toán tại BV hạng đặc biệt, hạng I, II, BV chuyên khoa lao và bệnh phổi.",,,,https://drive.google.com/file/d/17DLOeozcqvzOJZbxi7Pj2atx1LpjntoC/view?usp=sharing,,‣,V
Vinphacine 250,Amikacin,,,Vinphaco,,,,,,,https://drive.google.com/file/d/1FqO-S1w5AmcO8T8n-AEVeqw-91V5N5se/view?usp=sharing,,‣,V
Vastarel OD 80mg,Trimetazidin: 80mg,viên nang cứng giải phóng kéo dài,Uống,Egis Pharmaceuticals PLC.,Nhà thuốc & Bệnh viện,,Quỹ BHYT thanh toán điều trị triệu chứng ở người bệnh đau thắt ngực ổn định không được kiểm soát đầy đủ hoặc người bệnh không dung nạp với các liệu pháp điều trị khác.,,Không được nhai/bẻ/nghiền viên thuốc,Yes,https://drive.google.com/file/d/1Bolah1zFCXnpiF2yCLImQd0j80ZGqbQG/view?usp=sharing,,‣,V
Vastarel MR 35mg,Trimetazidin: 35mg,viên nén bao phim giải phóng có kiểm soát,Uống,"Les Laboratoires Servier Industrie, Pháp",Nhà thuốc & Bệnh viện,,Quỹ BHYT thanh toán điều trị triệu chứng ở người bệnh đau thắt ngực ổn định không được kiểm soát đầy đủ hoặc người bệnh không dung nạp với các liệu pháp điều trị khác.,,Không được nhai/bẻ/nghiền viên thuốc,Yes,https://drive.google.com/file/d/1-0-fGASp89m5SbvQfdo5CmGd9xnPu7GM/view?usp=sharing,,‣,V
Cordaflex 20mg,Nifedipine,,,Egis,Bệnh viện,,,,,Yes,https://drive.google.com/file/d/1ciEOByJHptOhHhaILi1gsznwgkmZNtip/view?usp=sharing,,‣,C
Vincomid,Metoclopramid: 10mg/2ml,dung dịch tiêm,Tiêm/truyền,Vinphaco,Nhà thuốc & Bệnh viện,,,,,Yes,https://drive.google.com/file/d/1URsPz_aPae9Z8ipsw7RGQGie9gLnnxqz/view?usp=sharing,https://drive.google.com/file/d/1W9_D3M_uXMNL7s5PifSorrhKBJjNAK8m/view?usp=sharing,‣,V
Xatral XL,Alfuzosin HCl 10mg,Không được nhai/bẻ/nghiền viên thuốc,,Sanofi,,,,,,Yes,https://drive.google.com/file/d/1ApeyGdpSXuaKlBii-ERsDGGvRPFaVSfy/view?usp=sharing,,‣,X
CEFAMANDOL 2g,Cefamandol,,,Imexpharm,,,,,,,https://drive.google.com/file/d/1MkCS5MB7V8I93eOgtidGkqZsbA-8LOQW/view?usp=sharing,,‣,C
Zinacef 750,Cefuroxim,bột pha tiêm,Tiêm/truyền,GSK,Bệnh viện,,,,,Yes,https://drive.google.com/file/d/10zQlDezToNtt3yIpIB01dtQS_t09O9nH/view?usp=sharing,,‣,Z
"ZINNAT 250MG, 500MG",Cefuroxim,,,GSK,,,,,,,https://drive.google.com/file/d/1Vx4tyX3j08jTJ3KIZAlYUMfKjq9Ytlti/view?usp=sharing,,‣,Z
Buscopan,"Hyoscin-butylbromid 20,0 mg",,Uống,Boehringer Ingelheim Espana. S.A (Tây Ban Nha),Bệnh viện,,,,,Yes,https://drive.google.com/file/d/1Upj_XwFMlWj_mJKFawRki-1kKiwWU9-8/view?usp=drive_link,https://drive.google.com/file/d/13biFPXMjYpGWq-5rDlSpV2NVCrPnuHYh/view?usp=drive_link,‣,B
Betaserc 24mg,Betahistine 24mg,,Uống,Abbout,Nhà thuốc,,,,,Yes,https://drive.google.com/file/d/1K11D41ayUznWiQ0cP_tSrexE_ySrbrYy/view?usp=sharing,,‣,B
Atoris,Atorvastatin,,,KRKA,,,"Đối với trạm y tế xã, Quỹ BHYT thanh toán trong điều trị rối loạn lipid máu theo hướng dẫn chẩn đoán điều trị của Bộ Y tế.",,,,https://drive.google.com/file/d/1ytp8NKCdZx9rqQLgjIeyCIod2g4DLyWH/view?usp=sharing,,‣,A
Axitan 40mg,Pantoprazole,Viên nén bao tan trong ruột,Uống,Balkanpharma,Nhà thuốc,,"Quỹ BHYT thanh toán theo chỉ định trong tờ hướng dẫn sử dụng thuốc kèm theo hồ sơ đăng ký thuốc đã được cấp phép hoặc hướng dẫn chẩn đoán và điều trị của Bộ Y tế hoặc chỉ định dự phòng loét dạ dày tá tràng, xuất huyết tiêu hóa tại dạ dày, tá tràng do stress ở bệnh nhân hồi sức tích cực.",,Không được nhai/bẻ/nghiền viên thuốc,Yes,https://drive.google.com/file/d/1gUlYzdn28cvDmqTiHrYfA8xaNOl-_wPC/view?usp=sharing,,‣,A
Avelox 400mg (viên),Moxifloxacin,,,Bayer pharma AG,,,,,,,https://drive.google.com/file/d/13uKx4Cqx11ALv7c4KWQfIDnuVXDDAQQN/view?usp=sharing,,01/04/2025,A
A.T Nitroglycerin inj,Nitroglycerin,,,An Thiên Pharma,Bệnh viện,,,,,Yes,https://drive.google.com/file/d/1gPr7sdW3ju-E5BX3Y7-l7Nzf_udKUxET/view?usp=drive_link,,,A
Agifuros,Furosemid,,,,,,,,,,https://drive.google.com/file/d/1rqwO6ATYrR126RJhZU10Aeq5D1A-QF4o/view?usp=sharing,,01/04/2025,A
"Arcoxia 60mg, 90 mg, 120mg",Etoricoxib,,Uống,"Rovi Pharma Industrial Services ,S.A",Nhà thuốc,,,,,Yes,https://drive.google.com/file/d/1hLs25u4VGoiUSoYZx6lGSbtiNa7unC5q/view?usp=sharing,,‣,A
"Augmentin 250mg/12,5mg",Amoxicillin + Clavulanic acid,,,,,,,,,,https://drive.google.com/drive/folders/1Fm7n7CWgHkrCa1ODd34q0PByJ-n6yKq0,,31/03/2025,A
Augmentin 1g,Amoxicillin 875mg; Acid clavulanic 125mg,,Uống,SmithKline Beecham Pharmaceuticals,,,,,,Yes,https://drive.google.com/file/d/1MgrpLvMOw7OPD8BqAU7ZWi_eJstOCYeN/view?usp=sharing,,‣,A
Augmentin 625mg,Amoxicillin + Acid clavulanic,,,Gsk,,,,,,,https://drive.google.com/file/d/1PrNI-MN0y_Yj7kddQnV-U5jam2cABEZt/view?usp=sharing,,31/03/2025,A
Amlor,Amlodipin : 5mg,Viên nang cứng,Uống,Viatris,Bệnh viện,,,,,No,https://drive.google.com/file/d/1vcwK8ktYDLAcUpk0ZkIEwBoxv32GG5hS/view?usp=sharing,,‣,A
SCOLAZO (Lansoprazol 15MG),Lansoprazol,viên nang,Uống,"laboratorios liconsa,s.a",Nhà thuốc & Bệnh viện,,"Quỹ BHYT thanh toán theo chỉ định trong tờ hướng dẫn sử dụng thuốc kèm theo hồ sơ đăng ký thuốc đã được cấp phép hoặc hướng dẫn chẩn đoán và điều trị của Bộ Y tế hoặc chỉ định dự phòng loét dạ dày tá tràng, xuất huyết tiêu hóa tại dạ dày, tá tràng do stress ở bệnh nhân hồi sức tích cực.",,,Yes,https://drive.google.com/file/d/18jGczSAa0QHVEaFk-rggLxrjErf6hbno/view,,‣,S
GLUMEFORM 500 XR,Metformin hydroclorid,Viến nén giải phóng kéo dài,,,,,,,Không được nhai/bẻ/nghiền viên thuốc,,https://drive.google.com/file/d/1LaPznF5bZ7DGDgxP1JYTFDBMg0uS1WHB/view,,,G
MAXAPIN 1G,Cefepim,,,,,,"Quỹ BHYT thanh toán tại Bệnh viện hạng đặc biệt, hạng I, II, bệnh viện chuyên khoa lao và bệnh phổi.",,,,https://docs.google.com/document/d/19r7U2kco-u6DFMg8FfxJUrhel0ct8frq/edit?usp=sharing&ouid=117534694973414002745&rtpof=true&sd=true,,"Quỹ bảo hiểm y tế thanh toán tại Bệnh viện hạng đặc biệt, hạng I, II, bệnh viện chuyên khoa lao và bệnh phổi.",M
Meza-Calci D3,"Vitamin D3 (Cholecalciferol, Calcitriol), Calcium Carbonate",,,,,,,,,,https://drive.google.com/file/d/1JXN3bxmAdDqj8F2O_1e4Wry_UKlzE_0g/view,,"Quỹ bảo hiểm y tế thanh toán điểu trị loãng xương, sừ dụng tại Bệnh viện Lão khoa Trung ương và khoa cơ xương khớp của bệnh viện hạng đặc biệt, hạng I.",M
EPHEDRINE AGUETTANT 30MG/ML,Ephedrin hydroclorid,,,,,,,,,,https://drive.google.com/file/d/1Uvmt2vrZKl2ULDwSIYyRLlX8zqG523SN/view?usp=sharing,,,E
HUYẾT THANH KHÁNG ĐỘC TỐ UỐN VÁN TINH CHẾ (SAT),Huyết thanh kháng uốn ván,,,,,,,,,,https://docs.google.com/document/d/1nyOEPoR1gd4wrDjdst7jHES5Qu7tyI6P/edit,,,H
"NATRI CLORID 0,9%","Natri clorid: 0,9g/100ml x 500ml",dung dịch,Tiêm/truyền,Fresenius Kabi,Nhà thuốc & Bệnh viện,,,,,Yes,https://drive.google.com/file/d/1fKgsn62Z4xG__zCVrRYn2UtS12KvyUZj/view,https://drive.google.com/file/d/1fKgsn62Z4xG__zCVrRYn2UtS12KvyUZj/view?usp=sharing,‣,N
DISTHYROX,Levothyroxin natri 100mcg,viên nén,Uống,,Nhà thuốc & Bệnh viện,,,,,No,,,‣,D
Glumeben,"Metformin HCI:  500 mg
Glibenclamid:  5 mg",,,,,,,,,,https://drive.google.com/file/d/1rX656KvAAer7FStaZn6CdguIo90iCNh3/view,,,G
PHYLLANTOL,"Diệp hạ châu, Hoàng bá, Mộc hương, Quế nhục, Tam thất",,,,,,,,,,https://drive.google.com/file/d/1_r_Q2mWK5LSqk2qfElVQ-Pagdef7GJQ9/view?usp=sharing,,,P
SCILIN - R,Insulin,,,,,,,,,,https://drive.google.com/file/d/1sDywiBoYWCeQn8YCYMm_X0e-2XqpZfxm/view,,,S
Stimufer,Metformin hydrochloride 750mg,,,,,,,,,,https://drive.google.com/file/d/1mt0vQ0ECoQGCzxpmF9cbFz6gx1t3NV8Q/view,,,S
Lantus solostar 100 ĐV/MLx,Insulin Glargine,Dung dịch tiêm,Tiêm/truyền,SANOFI - AVENTIS DEUTSCHLAND,Nhà thuốc,,"Thuốc được cấp phát tại trạm y tế xã theo Hướng dẫn chẩn đoán, điều trị, quản lý bệnh đái tháo đường của Bộ Y tế.",,,Yes,https://drive.google.com/file/d/1A6Wag1eB1l49E9nC1ojSotYQQfD0ijtL/view?usp=drive_link,,‣,L
MEDOVENT 30mg,Ambroxol,Viên nén,Uống,Medochemie LTL,Bệnh viện,,,,,Yes,https://drive.google.com/file/d/1W53VLnOMe4NvIt59hOqbntbSxCgadjr0/view,,‣,M
LIDOCAIN ( 40MG/2ML),Lidocaine,,,,,,,,,,https://drive.google.com/file/d/1Rn4vGeQaM5cPj4Kf_XMoZ_4jI1A1NfR9/view,,,L
TIENAM,Imipenem và Cilastatin natri,,,,,,"Quỹ  BHYT thanh toán tại BV hạng đặc biệt, hạng I, II; BV chuyên khoa lao và bệnh phổi.",Cần hội chẩn,,,https://drive.google.com/file/d/1M5lR5S1iLP2jfomAkhA5pae2JFYzcxpV/view,,Thuốc phải được hội chẩn trước khi sử dụng.,T
SMECTA,Diosmectite,,,,,,,,,,https://drive.google.com/file/d/1IQ88QXik8gnMNZqD7qbodxOxx_P6sNpH/view,,,S
Lipanthyl 200M,Fenofibrate 200mg,"Viên nang cứng, màu nâu vàng nhạt",Uống,ASTREA FONTAINE,Nhà thuốc,,"Đối với trạm y tế xã, Quỹ BHYT thanh toán trong điều trị rối loạn lipid máu theo hướng dẫn chẩn đoán của Bộ Y tế.",,,Yes,https://drive.google.com/file/d/1hTp-p7gmFMJMLdhHowxvET1qyJAnkxVb/view?usp=sharing,,‣,L
NICOMEN 5 mg,Nicorandil,,,,,,,,,,https://drive.google.com/file/d/1fF7ghJmk6yquWdrwY_OncS69ASblZxVe/view,,,N
MASOPEN 250/25,Levodopa + carbidopa,,,,,,,,,,https://drive.google.com/file/d/1jtsB12QQcTwAKIwkm7thi31lNH7oOJlY/view,,,M
Zafular,Bezafibrate,,,,,,,,,,https://drive.google.com/file/d/15zp8hlnQDLbtIsNFBy-4rFwTawHmboEg/view?usp=drive_link,,,Z
POLYGYNAX,Neomycin + Polymicin B + Nystatin,Viên nang mềm,Đặt âm đạo,Catalent France Beinheim SA,Bệnh viện,,,,,Yes,https://drive.google.com/file/d/1sclnAwmMRxQHxuM1HeJhXaqUcoiUQCK2/view?usp=drive_link,,‣,P
SCILIN N,Isophane human insulin 40 IU/ml,,,,,,,,,,https://drive.google.com/file/d/17c41kzb88iqwNRb_YVkpIrxxkO5LeoZk/view,,,S
Aspirin tab DWP 75mg,Acid acetylsalicylic 75 mg,Không được nhai/bẻ/nghiền viên,,,,,,,,,,,,A
TENAMYD-CEFOTAXIME,Cefotaxime,,,,,,,,,,https://drive.google.com/file/d/1hZZogRs6X2MS8jXP8Fmyc8JpXDzDp6FN/view,,,T
MORPHIN,Morphin,,,,,,,,,,,,,M
AMBROXOL - H,Ambroxol hydroclorid 30mg/5ml,,,,,,,,,,https://drive.google.com/file/d/135DZodzOD9DUDTg6n8PKMadetw3WMDbm/view,,,A
VINSALMOL 5mg,Salbutamol sulfat,,,,,,,,,,https://drive.google.com/file/d/1mAcLc-dAogSCiFwepLW2j3ymuiX16gBn/view,,,V
CEFTIZOXIM 1G,Ceftizoxim 1G,,,,Bệnh viện,,,,,Yes,https://drive.google.com/file/d/1h5NF9yvbxhfe4wG34Ebmw-VnDXPECMb9/view,,‣,C
MOXACIN 500mg,Amoxicillin,,,,,,,,,,https://drive.google.com/file/d/1fCajCJdWYmqvHC25u8tqUGsWfP-T0pjE/view?usp=sharing,,,
PARACETAMOL KABI 1000,Paracetamol,,,,,,,,,,https://drive.google.com/file/d/1W65-kV9dNyT_bfmCAmu20Xh829jUokgC/view,,,P
VANCOMYCIN 1G,Vancomycin 1g,bột đông khô pha tiêm,Tiêm/truyền,Vinphaco,Nhà thuốc & Bệnh viện,,"Quỹ BHYT thanh toán tại BV hạng đặc biệt, hạng I, II, BV chuyên khoa lao và bệnh phổi.",,,Yes,https://drive.google.com/file/d/1xiwLe1VHTMbdXTCSR2P56z5YEov7MNx4/view?usp=sharing,,‣,V
SMOFLIPID 20%,Nhũ dịch lipid,,,,,,,,,,https://drive.google.com/file/d/1TG3xSQf0T1ZepjZyZ6HC9Gy-VpKysmTl/view,,"Đối với Bệnh viện hạng III, IV: quỹ bảo hiểm y tế thanh toán điều trị ngộ độc thuốc tê.",S
Fullgram Injection 600mg/4ml,Clindamycin,,,,,,,,,,https://drive.google.com/file/d/1D592ZAMSIv6U_0Jh50DxTbmMHqpEtWxo/view,,,F
TANGANIL 500 mg,Acetylleucine,,,,,,,,,,https://drive.google.com/file/d/12Ye1AWbaOiKZ93u7fQIr27NDh-4ENSv4/view,,,T
Moxifloxacin 400mg/250ml (Imexpharm),Moxifloxacin: 400mg,,,,,,,,,,https://drive.google.com/file/d/1LGCFSoR5h-SoMOqdfdGUHAMW9Y-2KtRs/view,,,M
DEPAXAN,"Dexamethason: 3,3mg/ml",dung dịch tiêm,Tiêm/truyền,S.C. ROMPHARM,Nhà thuốc & Bệnh viện,,"Quỹ BHYT không thanh toán trường hợp tiêm trong dịch kính, tiêm nội nhãn.",,,Yes,https://drive.google.com/file/d/1UlZWTnIWYP7FItd4NacwXnutiNnCF2mB/view?usp=drive_link,,‣,D
VINSOLON 40mg,Methylprednisolon,,,,,,"Đối với phòng khám đa khoa và trạm y tế xã, Quỹ BHYT thanh toán điều trị cấp cứu phản vệ",,,,,,‣,V
DigoxineQualy 0.25mg,Digoxin,,,,,,,,,,https://drive.google.com/file/d/1pU_FVyvnGgF-SzaXF_Jesiqcq0Bpxn1U/view,,,D
EFFERALGAN 150mg,Paracetamol,,,,,,,,,,,,,E
DEXAMETHASONE,Dexamethason,,,,,,,,,,https://drive.google.com/file/d/1HVL5TXI7plkzwjZMewj5clP3vC4y_aAz/view,,"Quỹ bảo hiểm y tế không thanh toán trường hợp tiêm trong dịch kính, tiêm nội nhãn.",D
DAFLON 1000MG,Diosmin + hesperidin: 900mg; 100mg,viên nén bao phim,Uống,LES LABORATOIRES SERVIER INDUSTRIE,Nhà thuốc & Bệnh viện,,,,,Yes,https://drive.google.com/file/d/11O84ADN4oem6kv3uoisFCN0b4QRwVShn/view,,‣,D
FRESOFOL 1% MCT/LCT,Propofol,,,,,,,,,,https://drive.google.com/file/d/1-mav7rm1uVOJ1uD-tkbMJ8wlE03FKm0H/view,,,F
SAVI LEUCIN,N-Acetyl DL-Leucin,,,,,,,,,,,,,S
SCILIN M30,Recombinant human insulin,,,,,,,,,,,,,S
Calcium Stella 500mg,Calcium,,,,Bệnh viện,,,,,Yes,https://drive.google.com/file/d/1HtNQNlYjPK797SHD2U10HfHxFBy8RIAV/view,,‣,C
Amlessa 4mg/5mg - hạ huyết áp và bệnh mạch vành,"• Perindopril (dưới dạng Perindopril tert-butylamin): 4 mg.
• Amlodipin (dưới dạng Amlodipine besylate): 5 mg.",,,,,,,,,,https://drive.google.com/file/d/147UJyr2TsxSrjAuKONGKxQIx3m1lyvnd/view,,,A
"Corneil-2,5","Bisoprolol fumarat 2,5mg",,,,,,,,,,https://drive.google.com/file/d/1DmFKnYEZT5JFgYnBly8lBQ4kSFAcFiQE/view,,,
PAPARIN,Papaverin hydroclorid: 40mg/2ml,Dung dịch,Tiêm/truyền,Cty CP Dược Phẩm Vĩnh Phúc,Bệnh viện,,,,,Yes,https://drive.google.com/file/d/1thoZtZ-ivcDLMWUmHGcsP9R_UqcGy6RP/view,,‣,P
TENFOVIX,Tenofovir disoproxil fumarat,,,,,,,,,,https://drive.google.com/file/d/1oXNk_c6o_8TMXlEc8N86aeuNd8ZwEsmH/view,,,T
Sulraapix,Cefoperazon + sulbactam,,,,,,,,,,https://drive.google.com/file/d/12e1l_I9OXy7nLJ55w1A59X--JzPrxrK0/view?usp=drive_link,,,S
"SAVIPROLOL 2,5",Bisoprolol fumarat,,,,,,,,,,https://drive.google.com/file/d/1LRjelYAWmG8jMW8VsaBjb_Trm5vBpC7W/view,,,S
DIMEDROL 1ml,Diphenhydramin,,,,,,,,,,https://drive.google.com/file/d/1gHoMGxBFBmb9EaeTDf-r_5SyYNafHlYt/view,,,D
FELODIPINE STELLA,Felodipine,,,,,,,,,,https://drive.google.com/file/d/1OmGri2jLqt-UEuZ0IlL_TsCXg6ZNLOya/view,,,F
Sulpirid DWP 100mg,Sulpirid,,,,,,,,,,https://drive.google.com/file/d/1Bi4S4l7r1MyrBxF0sNF2XqEbaANv1jNB/view,,,S
ASPIRIN 100,Aspirin,,,,,,,,,,https://drive.google.com/file/d/1iK1sPgwoMbju57mmCA2Df-j4dEds0ukM/view,,,A
VINCEROL 1 mg,Acenocoumarol,,,,,,,,,,https://drive.google.com/file/d/1h5lCDOKBBvtJWPZrq-a4rB0ifCf8pvgu/view,,,V
Lisiplus HCT,"Lisinopril, Hydrochlorothiazide",,,,,,,,,,https://drive.google.com/file/d/1G9XvemmdQ2wodVlpTyX_K5pD507zXMAd/view,,,L
Demencur 100,Pregabalin 100mg,viên nén bao phim,Uống,,Nhà thuốc & Bệnh viện,,,,,Yes,https://drive.google.com/file/d/1X9yj2I5MRBIyjX3dEjmEmlzU9ZxkbUHx/view?usp=drive_link,,‣,D
Natri clorid 10% ( Vinphaco),Natri clorid có hàm lượng 500mg/5ml.,dung dịch,Tiêm dưới da,Vinphaco,Nhà thuốc & Bệnh viện,,,,,Yes,https://drive.google.com/file/d/12A8OTTizkWL-_oK7Fsfjq-tqfWEnUJfe/view,https://drive.google.com/file/d/12A8OTTizkWL-_oK7Fsfjq-tqfWEnUJfe/view?usp=sharing,‣,N
PRACETAM 400 CAP,Piracetam,,,,,,,,,,,,,P
BOGANICⓇ,"Actiso,Rau đắng đất, Bìm bìm",,,Traphaco CNC,,,,,,,,,‣,B
DOBUTAMIN-BFS 5ml,Dobutamin  hydroclorid,,,,,,,,,,https://drive.google.com/file/d/1blVnGFprdUfhycZRblpXba7bfAo_6SCy/view,,,D
COLESTRIM SUPRA,Fenofibrat,,,,Bệnh viện,,,,,Yes,https://drive.google.com/file/d/1vllxUoPeDx4GSxPl7Z6Lv1ELwWsj47bB/view,,‣,C
STADNEX CAP,Esomeprazole,,,,,,,,,,https://drive.google.com/file/d/11fYYOnkFtpsWwdBIfgKb8YK41Rpj5t-Y/view,,"Quỹ bảo hiểm y tế thanh toán theo chỉ định trong tờ hướng dẫn sử dụng thuốc kèm theo hồ sơ đăng ký thuốc đã được cấp phép hoặc hướng dẫn chẩn đoán và điều trị của Bộ Y tế hoặc chỉ định dự phòng loét dạ dày tá tràng, xuất huyết tiêu hóa tại dạ dày, tá tràng, xuất huyết tiêu hóa tại dạ dày, tá tràng do stress ở bệnh nhân hồi sức tích cực",S
SAVI FLUVASTATIN 40,Fluvastatin,viên nén,Uống,savipharm,Nhà thuốc & Bệnh viện,,,,,Yes,https://drive.google.com/file/d/1_SQz-Ord6tr3v3iG7VdI4h0TVFQupwNO/view,,‣,S
DANAPHA - TRIHEX 2,Trihexyphenidyl hydroclorid: 2 mg,Viên nén,Uống,DANAPHA,Nhà thuốc & Bệnh viện,,,,,Yes,https://drive.google.com/file/d/14J0_dMfJhC-U22E6Lzn0QzIuMvhrpL7X/view,,‣,D
Amikacin 500mg Bidiphar,Amikacin,,,,,,,,,,https://drive.google.com/file/d/1ptWdDnTvlCPwdLsRuo-FSvn38-6W6wRj/view,,"Thuốc được cấp phát tại trạm y tế xã theo hướng dẫn chẩn đoán, điều trị và dự phòng bệnh lao của Bộ Y tế",A
Optive,"• Natri Carboxymethyl Cellulose: hàm lượng 5mg.
• Glycerin: hàm lượng 9mg.",,,,,,,,,,https://drive.google.com/file/d/1x4nqlZNXxBjI9lS__muNANIJknp8wExd/view,,,O
FORLAX 10g,Macrogol (polyethylen glycol hoặc polyoxyethylen glycol),,,,,,,,,,https://drive.google.com/file/d/1bqNbUSljo-xq3LkbVgPHNT18ojPYONar/view,,,F
AUROPENNZ 1.5,"Ampicilin + sulbactam: 1g + 0,5g",Bột pha tiêm,Tiêm/truyền,AUROBINDO PHARMA LTD,Bệnh viện,,,,,Yes,https://drive.google.com/file/d/1OPwsVaxJ-ViGI9YJrM1JOhy_Q2vxwGF2/view?usp=sharing,,‣,A
Meropenem 1G VCP,Meropenem (dưới dạng Meropenem trihydrat) 1000mg,Thuốc bột pha tiêm,Tiêm/truyền,Pharbaco,Bệnh viện,,"Quỹ  BHYT thanh toán tại BV hạng đặc biệt, hạng I, II; BV chuyên khoa lao và bệnh phổi.",Cần hội chẩn,,Yes,https://drive.google.com/file/d/1pV6DpkVsTccFECxJQBrSyEDoGAjZofC4/view,,‣,M
NORADRENALINE BASE AGUETTANT,Noradrenalin,,,,,,,,,,https://drive.google.com/file/d/1N6jdoV2AOHukw5-qKfPYCvc9ejq9044-/view,,,N
CIPROBID,Ciprofloxacin,,,,,,,,,,https://drive.google.com/file/d/1oLxvv6Ocz3PclVZUR2InedGnheUmPiVM/view,,,C
Ulceron,Pantoprazol,,,Anfarm Hellas S.A - Hy lạp,,,"Quỹ BHYT thanh toán theo chỉ định trong tờ hướng dẫn sử dụng thuốc kèm theo hồ sơ đăng ký thuốc đã được cấp phép hoặc hướng dẫn chẩn đoán và điều trị của Bộ Y tế hoặc chỉ định dự phòng loét dạ dày tá tràng, xuất huyết tiêu hóa tại dạ dày, tá tràng do stress ở bệnh nhân hồi sức tích cực.",,,,https://drive.google.com/file/d/1_JE5bYShPkQqUlumPB31Ng4gcrKG8zHk/view?usp=drive_link,,‣,U
THYPEROPA FORTE,Methyldopa 500mg,Viên nén bao phim,Uống,CPDP Hà Tây,Nhà thuốc & Bệnh viện,,,,Không được nhai/bẻ/nghiền viên thuốc,Yes,https://drive.google.com/file/d/1RzzxyxRPyJlFQvUEzfRqUTk2DYQMPw2b/view,,‣,T
PROLUFO,Alfuzosin 10mg,Viên nén bao phim giải phóng chậm,Uống,Gracure,Bệnh viện,,,,,Yes,https://drive.google.com/file/d/1e1jD67m2YaqVhG7n7Z0K0g3S714jAw9W/view?usp=drive_link,,‣,P
Apigel-Plus,Magnesi hydroxyd + nhôm hydroxyd + simethicon (800mg + 800mg + 80mg)/10ml,Hỗn dịchuống,Uống,Công ty CP Dược APIMED,Bệnh viện,,,,,Yes,https://drive.google.com/file/d/1vo7kSCNwy1orXWDR7mwgapZ6ffz1ga4n/view,,‣,A
MEROPENEM KABI 1g,Meropenem trihydrat,,,,,,"Quỹ  BHYT thanh toán tại BV hạng đặc biệt, hạng I, II; BV chuyên khoa lao và bệnh phổi.",Cần hội chẩn,,,,,‣,M
DEPO-MEDROL,Methylprednisolone acetate,Hỗn dịch tiêm,Tiêm/truyền,Pfizer Manufacturing Belgium NV,Nhà thuốc,,,,,Yes,https://drive.google.com/file/d/1x5GEJ8JrslK64rINMFg3IBoZ_MKB75Tm/view,,‣,D
CEFTAZIDIME,Ceftazidime,,,,,,,,,,,,,C
"AMINAZIN 1,25%",Clorpromazin hydroclorid,,,,,,,,,,https://drive.google.com/file/d/1ZQ8hjthpyrXnuyQzaKgQcEbESJr5zZvv/view,,,A
"Cepemid 1,5g",Imipenem + cilastatin*,,,,,,"Quỹ BHYT thanh toán tại Bệnh viện hạng đặc biệt, hạng I, II; bệnh viện chuyên khoa lao và bệnh phổi.",Cần hội chẩn,,,https://drive.google.com/file/d/1D6c4OVB4XG4hhbHh5KTNTh0NhliYsCXx/view,,,C
CAMMIC 1g/10ml,Acid tranexamic,,,,,,,,,,,,,C
Calci clorid 500mg/5ml MD Pharco,Calci clorid,,,,,,,,,,https://drive.google.com/file/d/1uuv3h83_oEsFTdEorGMmu3vr8AEDEEjj/view,,,C
COVERSYL 5mg,Perindopril,,,,,,,,,,https://drive.google.com/file/d/1PFVFaWnKPTdZ2z1gqjWX5H2zZ2Er1k6A/view,,,C
ALSIFUL S.R,Alfuzosin Hydrochloride 10mg,Không được nhai/bẻ/nghiền viên thuốc,,,,,,,,,https://drive.google.com/file/d/1BapvCauiAqk18V_npPM2cG5J5tEvdOgM/view,,‣,A
Savi Dopril Plus,"Perindopril erbumine 4mg
Indapamid hemihydrat 1,25mg",viên nén,Uống,savipharm,Nhà thuốc & Bệnh viện,,,,,Yes,https://drive.google.com/file/d/1vK5IbsvNL1z4YboxiNTI5IL7ClV2ZMlG/view,,‣,S
Bacterocin Oint 15g,Mupirocin,,,,,,,,,,https://drive.google.com/file/d/1W5JOSt8rDThWMt9mfHvzczHM2keaihHQ/view,,,B
MEDICLOVIR,Aciclovir,,,,,,,,,,https://drive.google.com/file/d/1mspUco9RDA4l35YD2FayOmE3ln0bkmIK/view,,,M
Natrixam1.5,Natrixam,,,,,,,,,,https://drive.google.com/file/d/1TX--9t49vAngNVW9_CGEnuVqIxK26LF_/view,,,N
GEMAPAXANE,Enoxaparin natri,,,,,,,,,,https://drive.google.com/file/d/1kySvyfVqD0UWMZxDqjbnEanPwweGuOwa/view,,,G
Imedoxim 200,Cefpodoxim,viên nang,Uống,IMEXPHARM,Nhà thuốc & Bệnh viện,,,,,Yes,https://drive.google.com/file/d/1VfDKqhHidGlVRdiMf-690vyctIIu9oeJ/view?usp=sharing,,‣,I
Nimovac-v 10mg/50ml,Nimodipine,,,,,,,,,,https://drive.google.com/file/d/1A0HypQ7LC2zuJxzf0E5DCmpx2GxOYNAn/view,,Quỹ bảo hiểm y tế thanh toán điều trị xuất huyết màng não do phình mạch não hoặc do chấn thương.,N
"Triplixam 5mg/1.25mg/10, 10mg/2.5/10 , 10mg/2.5mg/5mg",,,,,,,,,,,https://drive.google.com/file/d/1LPkQFxx_3hudVIAVDoOZNYvuIiZDiENx/view,,,T
MALTAGIT,Attapulgite mormoiron + magnesi carbonat + nhôm hydroxyd,,,CTCP dược phẩm Hà Tây,,,,,,,https://drive.google.com/file/d/1GdeJfKnBc5hh8WWIssEhIXAZxD1mKMhq/view,,‣,M
DIPROSPAN,Betamethason,,,,,,,,,,https://drive.google.com/file/d/1fuKJcutfdIOZpS_CvYB9VPEqxAcQiwb9/view,,,D
SAVI LOSARTAN 100,Losartan,,,,,,,,,,,,,S
Livethine 2G,L-Ornithin-L-Aspartat: 2000mg,Bột đông khô pha tiêm,Tiêm/truyền,Bidiphar,Bệnh viện,,Quỹ BHYT thanh toán điều trị bệnh não do gan từ giai đoạn 2 trở lên theo hệ thống phân loại West Haven.,,,Yes,https://drive.google.com/file/d/1vHkrkB7chOLZH433ZxPbYhEQswo4phCr/view,,‣,L
Savi Losartan plus hct 50/12.5,"• Hoạt chất Hydrochlorothiazinde hàm lượng 12,5mg.
• Hoạt chất Losartan hàm lượng 50mg.",Viên nén bao phim,Uống,Savi pharm,Bệnh viện,,,,,Yes,https://drive.google.com/file/d/13VfAb_9X0bOEvi8YEG1MkMHhp4VeDhdz/view,,‣,S
Nivalin,Galantamin hydrobromid,,,,,,Quỹ BHYT thanh toán điều trị chứng sa sút trí tuệ từ nhẹ đến trung bình trong bệnh Alzheimer.,,,,https://drive.google.com/file/d/1gTMVAWTdHV2vlet-Q2khvLJOftUzYDNw/view?usp=drive_link,,Quỹ bảo hiểm y tế thanh toán điều trị chứng sa sút trí tuệ từ nhẹ đến trung bình trong bệnh Alzheimer.,N
Valsartan cap DWP 80MG,Valsartan: 80mg,viên nang cứng,Uống,Wealphar,Nhà thuốc & Bệnh viện,,,,,Yes,https://drive.google.com/file/d/11OPXv_Q4tuir3ORWf6g9nGbrjoJBZRpe/view,,‣,V
Clorpheniramin 4 DHG Pharma,Clorpheniramin maleat,,,,,,,,,,https://drive.google.com/file/d/1xZVepe5pz0MIySY91Ik2SEopPQ5dL46J/view,,,C
Carsil 90mg,silymarin,,,,Bệnh viện,,,,,Yes,https://drive.google.com/file/d/1iqbucrvTW8UthfjkY05FxTkbtqLDsLKh/view,,‣,C
CHYMODK,Alpha chymotrypsin,,,,,,"Quỹ bảo hiểm y tế thanh toán trong điều trị phù nề sau phẫu thuật, chấn thương, bỏng.",,,,https://drive.google.com/file/d/1tCKbma0jTbvPfZQXgc911fEy-ugO2hAd/view?usp=sharing,,"Quỹ bảo hiểm y tế thanh toán trong điều trị phù nề sau phẫu thuật, chấn thương, bỏng.",C
SULFADIAZIN BẠC,Sulfadiazin bạc,,,,,,,,,,,,,S
Ganita 200,Silymarin 200mg,,Uống,Dược phẩm VCP,,,,,,Yes,https://drive.google.com/file/d/1z2devEBoWHNDkRGAWetQ0mku0UGlaLCU/view,,‣,G
BFS - PARACETAMOL 1000mg/10ml,Paracetamol,,,,,,,,,,https://drive.google.com/file/d/1gUsrFlAs3g_5VfDZcMigc63SgMtLeKn2/view,,,B
RAMLEPSA,Tramadol +Paracetamol,,,,,,,,,,,,,R
"HALOPERIDOL 0,5%",Haloperidol,,,,,,,,,,https://drive.google.com/file/d/15Z23B4bURAYEyhuIINX5BKbDo3ojLVUC/view,,,H
PIROXICAM 2%,Piroxicam,,,,,,,,,,,,,P
DURATOCIN,Carbetocin : 100mcg/1ml,dung dịch tiêm,Tiêm/truyền,FERRING,Nhà thuốc & Bệnh viện,,,,,Yes,https://drive.google.com/file/d/1hD3QQaQnh9rlUjM9UcjzE6IwDphzBepQ/view,,‣,D
BERLTHYROX 100,LEVOTHYROXIN,,,,,,,,,,https://drive.google.com/file/d/1PgjC6SRz-0yRZa07jnIwc-4tT8-LKHSl/view,,,B
NO-SPA 40 mg/2 ml,Drotaverine hydrochloride,,,,,,,,,,https://drive.google.com/file/d/16FNT2yjSNa7lduUdMBTX97IiXEKLUBix/view,,,N
LEVOFLOXACIN/COOPER,Levofloxacin,,,,,,,,,,https://drive.google.com/file/d/1yRg-Z9Nvjm0B8TnsbYykfVPvOFfy_dxJ/view,,‣,L
SAVI TENOFOVIR 300mg,Tenofovir disoproxil fumarat,viên nén,Uống,savipharm,Nhà thuốc & Bệnh viện,,,,,Yes,https://drive.google.com/file/d/1UqAV7bMSZ5nYW3hQaE-F8BwoHhhGgZww/view,,‣,S
Dotarem,"Gadoteric acid: 2793,2 mg/10 ml",dung dịch tiêm,Tiêm/truyền,GUERBET,Nhà thuốc & Bệnh viện,,,,,Yes,https://drive.google.com/file/d/1Ih0Qs5FnIxWOCZM-OpvJ61PaELCzmnZp/view?usp=drive_link,,‣,D
PAPAVERIN 2%,Papaverin,,,,,,,,,,,,,P
LIPCOR 50( Losartan kali 50 mg ),Losartan,,,,,,,,,,https://drive.google.com/file/d/1cdIY-tX87dEMiBa-pDV2tnQTuuWUsrd8/view,,,L
VENOKERN 500MG,Diosmin+Hesperidin,,,,,,,,,,https://drive.google.com/file/d/1pSVQ1nQvTbEGomr2KKCqYegJDeCECGbt/view,,,V
ULOVIZ,Furosemid,,,,,,,,,,https://drive.google.com/file/d/1vUw0Fufu9XSh09HHFiX5nWloxXFQgM1m/view,,,U
"MEDITROL O,25",Calcitriol BP,,,,,,,,,,https://drive.google.com/file/d/1GkVOQpDE5ZjiYMWmZlR681Sb3tjWbqya/view,,,M
VOLTAREN EMULGEL,"100 g Voltaren Emulgel chứa 1,16g",gel bôi,Dùng ngoài,HALEON CH SARL,Nhà thuốc & Bệnh viện,,,,,Yes,https://drive.google.com/file/d/11zZFrdOd0vspl6676cSaOZTPjUFGGxES/view?usp=drive_link,,‣,V
SÁNG MẮT,"Thục địa, Hoài sơn, Trạch tả, Cúc hoa, Thảo quyết minh, Hạ khô thảo, Hà thủ ô đỏ, Đương quy",,,,,,,,,,https://drive.google.com/file/d/1UxL1spe0JpI6Bq3r82CJdQynuBT1RY6K/view,,,S
"CHAMCROMUS 0,03%",Tacrolimus,,,,,,,,,,https://drive.google.com/file/d/1MojF7pZyCIn9RLAR7g0iEhYXcB1cH8pR/view,,"Quỹ bảo hiểm y tế thanh toán theo chi định của một trong các trường hợp sau:
• Tờ hướng dẫn sử dụng thuốc kèm theo hồ sơ đăng ký thuốc đã được cấp phép;
• Hướng dẫn chẩn đoán điều trị huyết học, ghép tạng của Bộ Y tế;
• Đối với người bệnh: ghép tim, ghép phổi, ghép tụy, ghép chi thể, ghép ruột; viêm thận Lupus ờ người lớn hoặc trẻ em không đáp ứng đầy đủ hoặc kháng với corticoids; hội chứng thận hư ở người lớn hoặc trẻ em không đáp ứng đầy đủ hoặc kháng với corticoids hoặc không dung nạp corticoids.",C
Nolpaza 20mg,Nolpaza,,,,,,,,,,https://drive.google.com/file/d/1ivOagYmoqkmYXo6Qbotyitq5hPhukuiw/view,,,N
SPIRONOLACTON TAB DWP 50mg,Spironolacton,viên nén,Uống,wealphar,Nhà thuốc & Bệnh viện,,,,,Yes,https://drive.google.com/file/d/1C-7O99G3nX3segHTdXKsN2er1rQ3HWe4/view,,‣,S
CORDARONE® 200 mg,Amiodarone hydrochloride,,,Sanofi Winthrop Industrie,,,,,,Yes,https://drive.google.com/file/d/1S2UZ5lFwqDOCu3uY-oupL-B3h0sMUoC7/view,,‣,C
SYSEYE,Hypromellose,,,,,,,,,,,,,S
Stugeron,Cinnarizin,,,,,,,,,,https://drive.google.com/file/d/1XXkAKgnPBI1jd2HlA6RyxJMNiQdevQr3/view,,,S
GINKGO 3000,Ginkgo biloba: 60mg,Viên nén bao phim,Uống,Contract Manufacturing Packaging,Bệnh viện,,"Quỹ BHYT thanh toán điều trị đau do viêm động mạch (đau thắt khi đi); rối loạn thị giác (bệnh võng mạc do tiểu đường); tai mũi họng (chóng mặt, ù tai, giảm thính lực), rối loạn tuần hoàn thần kinh cảm giác do thiếu máu cục bộ; hội chứng Raynaud.",,,Yes,https://drive.google.com/file/d/1M0yiSWvx7uEAbIOb3lRSgc0UlBace52v/view?usp=sharing,,‣,G
KALEORID 600 MG,Kali clorid,Viên nén bao phim giải phóng chậm,,,,,,,Không được nhai/bẻ/nghiền viên thuốc,,https://drive.google.com/file/d/1GqhcPCtPkfr1HAmhHb3DsklIsVs6NTyx/view,,,K
GLUCOSE 5%,Glucose: 5g/100ml x 500ml,Dung dịch tiêm truyền,Tiêm/truyền,Cty CP IVC,Bệnh viện,,,,,Yes,https://drive.google.com/file/d/1sOj-IILtiLTyQqBMwjmC5ujyT78wCmFa/view,,‣,G
Cordarone 150mg/3ml,Amiodarone hydrochloride,Dung dịch thuốc tiêm,tiêm/ truyền tĩnh mạch,"Sanofi Winthrop Industrie
1 rue de la Vierge, Ambarès ef Lagrave",Bệnh viện,,,,,Yes,https://drive.google.com/file/d/1VHFyW8RIRP5xQywTo-OQrvgXMg5lr_rB/view,,‣,C
Lipovenoes 10% PLR 250ml,"• Dầu đậu nành: 100g.
• Glycerin: 25g.
• Phospholipid chiết xuất từ trứng: 6,0g.",,,,,,,,,,https://drive.google.com/file/d/1FHbUCIRHzbb2IY6Wee4Azt6csER_DzbB/view,,,L
TENADOL 1000;2000;500,Cefamandole,,,,,,,,,,https://drive.google.com/file/d/1ApY26SbzUTnbWNhzeBAoPPYNlQlYtT5m/view,,,T
VITAMIN K1 1mg/1ml,Vitamin K,,,,,,,,,,https://drive.google.com/file/d/1y7tDyOA_9OYcS8wqs-ZEPhYhKeDCbkS1/view,,,V
Zaromax 500,Azithromycin,,,CTCP Dược Hậu Giang - CN nhà máy DP DHG tại Hậu Giang,,,,,,,https://drive.google.com/file/d/1Q9M3-gHoSaYegvVDfWH9jQ-xAkK-3ubY/view?usp=sharing,,‣,Z
Nước cất ống nhựa 5ml CPC1,nước cất vô khuẩn,,,,,,,,,,https://drive.google.com/file/d/1U1jcuBYrGdbGl0C3eRy1AEGUTXYoPFLc/view,,,N
Savi Prolol plus HCT 2.5/6.25,"• Bisoprolol Fumarat hàm lượng 2.5 mg.
• Hydrochlorothiazide hàm lượng 6,25 mg.",,,,,,,,,,https://drive.google.com/file/d/1waW0GrYUe4FNEep3KCqnf6tjVvAusrcQ/view,,,S
"Indapamid DWP 2,5MG",Indapamid,,,,,,,,,,https://drive.google.com/file/d/1_G0y0Q8esUVbcwuMkJW6b8E4M-Vy0GEr/view,,,I
BISOPROLOL Plus HCT 5/6.25,Bisoprolol fumarate + Hydrochlorothiazide,,,,,,,,,,https://drive.google.com/file/d/12edeWLGpl9kEU0F72RXck_608Tc1FQEy/view,,,B
Pravastatin DWP 30mg,Pravastatin natri: 30 mg,,,,,,,,,,https://drive.google.com/file/d/1hlxOndiClLgVL5E-YwdQeP_JyK6g8w8z/view,,,P
VINROLAC,Ketorolac tromethamin,,,,,,,,,,,,,V
Metilone-4,Methylprednisolon 4mg,,,,,,,,,,https://drive.google.com/file/d/1H3-E_N-8gI_ugBrQ-VK7nTAWOBjNTaAM/view,,,M
SEDUXEN 5mg,Diazepam,,,,,,,,,,,,‣,S
"ATROPIN SULPHAT 0,25mg/0.1ml",Atropin sulphat,,,Công ty cổ phần dược phẩm Vĩnh Phúc,,,,,,,https://drive.google.com/file/d/1Ec90GQvUq0DcE4AM1g0YFoJ8k1h8faS8/view,,,A
Lovastatin DWP 10mg,Lovastatin,Viên nén,Uống,,Bệnh viện,,,,,No,,,‣,L
MIDANTIN,Amoxicilin+acid clavulanic,,,,,,,,,,,,,M
Nephrosteril 250ml,"Acid amin*: L-Alanin 1,575g, L-Arginin 1,225g, Amino-acetic acid (Glycin) 0,80g, L-Histidin 1,075g, L-Isoleucin 1,275g, L-Leucin 2,575g, L-Lysin monoacetat 2,5025g (tương đương 1,775g L-Lysin), L-Methionin 0,70g, L-Phenylalanin 0,95g, L-Prolin 1,075g, L-Serin 1,125g, L-Threonin 1,20g, L-Tryptophan 0,475g, L-Valin 1,55g, Acetylcystein 0,125g (tương đương 0,0925g L-Cystein), L-Malic acid 0,375g, Acid acetic 99% (acid acetic băng) 0,345g",dung dịch,tiêm/ truyền tĩnh mạch,Fresenius Kabi,Nhà thuốc & Bệnh viện,,,Cần hội chẩn,,Yes,https://drive.google.com/file/d/15mm25UdLIGgnp-KdFe55DonOD-zeIVBR/view,https://drive.google.com/file/d/15mm25UdLIGgnp-KdFe55DonOD-zeIVBR/view?usp=sharin,‣,N
NANOKINE,Recombinant Human Erythropoietin alfa 2000 IU,,,,,,,,,,https://drive.google.com/file/d/1vXOzSziLkQzS1VujreuCu7BVkkUscudI/view,,,N
ALBUNORM 20%,Albumin,,Tiêm/truyền,Octapharma,Nhà thuốc,,,,,Yes,https://drive.google.com/file/d/1mZwTJXx6JRYdMd6WZTnYxQmAEaKLsvgv/view?usp=drive_link,,‣,A
Toujeo SoloStar 300DV/ml,"Insulin analog tác dụng chậm, kéo dài (Glargine, Detemir, Degludec): 300 (đơn vị) U/ml",dung dịch tiêm dạng bút,Tiêm/truyền,SANOFI,Nhà thuốc & Bệnh viện,,,,,Yes,https://drive.google.com/file/d/1G8c8Aikkto8_hdpy-CxwRld9TQ8SXsKg/view,https://drive.google.com/file/d/1lPFTaid3uN4nLv9spI1igEvuUVd5No_4/view?usp=sharing,‣,T
COLCHICINA SEID 1mg Tablet,Colchicine,,,,Bệnh viện,,,,,Yes,https://drive.google.com/file/d/1Aea47AFHCs5wQBK-yW1Bo8QA-F0oB9FM/view,,,C
NICARDIPINE AGUETTANT 10MG/10ML,Nicardipin: 10mg/10ml,dung dịch,tiêm/ truyền tĩnh mạch,LABORATOIRE AGUETTANT,Nhà thuốc & Bệnh viện,,,,,Yes,https://drive.google.com/file/d/10zMGfQ4NLni_goGMyqiFDbRNAKljPJ92/view,https://drive.google.com/file/d/10zMGfQ4NLni_goGMyqiFDbRNAKljPJ92/view?usp=sharing,‣,N
CETRAXAL,Ciprofloxacin,,,,,,,,,,https://drive.google.com/file/d/1f4lH9Pz1Ok4axt6RH5dbUF3U9Bd-E5GH/view,,,C
OFLOXACIN 200MG/100ml,Ofloxacin,,,,Bệnh viện,,,,,Yes,https://drive.google.com/file/d/15b5Lp770tQuypq6mBeE1iSIx0s6tiB0p/view,,‣,O
"CEREBROLYSIN 1ml,5ml,10ml",Cerebrolysin,Dung dịch tiêm và truyền,Tiêm/truyền,EVER Neuro Pharma,Bệnh viện,QBHYT thanh toán 50%,Quỹ BHYT thanh toán 50% trong các trường hợp:- Đột quỵ cấp tính;- Sau chấn thương sọ não;- Sau phẫu thuật chấn thương sọ não;- Sau phẫu thuật thần kinh sọ não.,,,Yes,https://drive.google.com/file/d/1MNyxsRKgz4JgQaG9O9i__hD0kmAZfDgi/view,,‣,C
Luotai 200mg,Panax notoginseng saponins,,,,,QBHYT thanh toán 50%,"Quỹ BHYT thanh toán 50% trong các trường hợp:
- Đột quỵ cấp tính;
- Sau chấn thương sọ não;
- Sau phẫu thuật chấn thương sọ não;
- Sau phẫu thuật thần kinh sọ não.",,,,https://drive.google.com/file/d/1pL2XKdhFNVwtMhSxUG6TwjVadj6SnGW6/view,,‣,L
Gliatilin 4ml/1000mg,Choline Alfoscerate,,,,,QBHYT thanh toán 50%,Quỹ BHYT thanh toán 50% trong các trường hợp:- Đột quỵ cấp tính;- Sau chấn thương sọ não;- Sau phẫu thuật chấn thương sọ não;- Sau phẫu thuật thần kinh sọ não.,,,,https://drive.google.com/file/d/1SxONewdCRXT78sW5cIOWJQfBxz-47F0O/view,,‣,G
PANFOR SR-1000MG,Metformin hydroclorid,Viên nén phóng thích,Uống,"Inventia Healthcare Limited, India",Bệnh viện,,,,Không được nhai/bẻ/nghiền viên thuốc,Yes,https://drive.google.com/file/d/1zxe8b_4FsPBlJcRxT7vA4RAkE9wtylgn/view?usp=drive_link,,‣,P
Cerapix 2G ( Cefoperazone 2g),Cefoperazone 2g,,,,Bệnh viện,,,,,Yes,https://drive.google.com/file/d/1uw5x6A6yxy-BW5kgkWF4i3XM3p-weqRw/view,,‣,C
"Ticarlinat 1,6g","• Ticarcillin hàm lượng 1,5g.
• Acid Clavulanic hàm lượng 0,1g.",,,,,,,,,,https://drive.google.com/file/d/12xHP3XT07HUe1fw__0yDTz3_Urf7db72/view,,,T
Adrenalin 1mg/1ml (Hộp 50 ống),Epinephrin (adrenalin): 1mg/1ml,Dung dịch tiêm,Tiêm/truyền,Công ty CPDP Vĩnh Phúc,Bệnh viện,,,,,Yes,https://drive.google.com/file/d/1AAu3ed0pw1PemyRJmJ7bJ6ChfH3TcHWX/view,,‣,A
EFFERALGAN 80mg,Paracetamol,,,,,,,,,,,,,E
LAEVOLAC,Lactulose,,,,,,,,,,https://drive.google.com/file/d/1HKXZ1crfiTdLu_bjrmDFGYhY6ngSKkmE/view,,,L
"Betaloc zok 25mg,50mg","metoprolol succinate: 23,75mg tương đương với 25mg metoprolol tartrate. chứa metoprolol succinate: 47,5mg tương đương với 50mg metoprolol tartrate",Viên nén phóng thích kéo dài,Uống,Astra Zeneca,Nhà thuốc,,,,Không được nhai/bẻ/nghiền viên thuốc,Yes,https://drive.google.com/file/d/1M3SnwnId2RRICBth6thIkcK4XsHCzSUw/view,,,B
CEPHALEXIN 500mg,CEFALEXIN,,,,,,,,,,https://drive.google.com/file/d/1dNNmkI9UYGU8skZAnffc3ok4z-HJeI9h/view,,,C
"MARCAINE SPINAL HEAVY 0,5%",Bupivacain,dung dịch tiêm,Tiêm/truyền,Astra Zeneca,Bệnh viện,,,,,Yes,https://drive.google.com/file/d/1VOdkc7nU7FUz5hQTeAc3ftLxksprvsPY/view,,‣,M
Vinluta 1200 ( Glutathion 1200mg),Glutathion,,,,,BHYT thanh toán 50%,"Quỹ BHYT thanh toán cho bệnh nhân sau xạ trị, bệnh nhân điều trị ung thư bằng cisplatin hoặc carboplatin; thanh toán 50%.",,,,https://drive.google.com/file/d/1vcHG8WGa1Y5Xd5qICQOkUvISpEKWCwEX/view,,‣,V
RODOGYL,Spiramycin 750 000 IU; metronidazole 125 mg,,,,,,,,,,https://drive.google.com/file/d/1D2NLRUPV-AyXvf3zH6uPi4tJe1gmPRSV/view,,,R
"LORATADINE SPM 5MG,10MG",Lotaradine,,,,,,,,,,https://drive.google.com/file/d/127L36QtixyYGWOTbOh0H46vQxVc-ytDo/view,,,L
QUAMATEL,Famotidin,,,,,,,,,,https://drive.google.com/file/d/1JsBeaESW61-UJeq8Q4r4Y5TE-EplbXvE/view,,,Q
VIGORITO,Vildagliptin,,,,,,,,,,https://drive.google.com/file/d/1KZE2M7vQiPHM78yUp8Hr60d-1mTZsz6N/view,,,V
CEFEPIME KABI 1g,Cefepime,,,,,,"Quỹ BHYT thanh toán tại Bệnh viện hạng đặc biệt, hạng I, II, bệnh viện chuyên khoa lao và bệnh phổi.",,,,https://drive.google.com/drive/folders/1xuadmRWzJkHRVvmKkea9uoIMOHBfsTUp,,,C
NEOSTIGMIN KABI,Neostigmin,,,,,,,,,,,,,N
OCID,Omeprazole,,,,,,,,,,https://drive.google.com/file/d/1cMSfvSJ1RQLiYRGHZG6yXyziLk-gDxUQ/view,,"Quỹ bảo hiểm y tế thanh toán theo chỉ định trong tờ hướng dẫn sử dụng thuốc kèm theo hồ sơ đăng ký thuốc đã được cấp phép hoặc hướng dẫn chẩn đoán và điều trị của Bộ Y tế hoặc chỉ định dự phòng loét dạ dày tá tràng, xuất huyết tiêu hóa tại dạ dày, tá tràng, xuất huyết tiêu hóa tại dạ dày, tá tràng do stress ở bệnh nhân hồi sức tích cực",O
RINGER LACTATE,Ringer lactat,,,,,,Quỹ BHYT thanh toán: Ringer lactat; Ringer acetat; Ringerfundin.,,,,https://drive.google.com/file/d/1zqkt-vnCHnB7YYg0CNaVsZGMDmOWMXKi/view,,‣,R
Xenetix 300/350,"Iobitridol: 32,905g/50ml",dung dịch tiêm,Tiêm/truyền,Guerbet,Nhà thuốc & Bệnh viện,,,,,Yes,https://drive.google.com/file/d/1dT0BlFnRpiiKU3lrUjF4kxdYcgPTBAgu/view,,‣,X
METORAN,Metoclopramid,,,,,,,,,,https://drive.google.com/file/d/1V6gRpimOpjYIbns-o3RsRYgANdKfOftI/view,,,M
METAZYDYNA,Trimetazidin: 20mg,Viên nén bao phim,Uống,,Bệnh viện,,Quỹ BHYT thanh toán điều trị triệu chứng ở người bệnh đau thắt ngực ổn định không được kiểm soát đầy đủ hoặc người bệnh không dung nạp với các liệu pháp điều trị khác.,,,Yes,https://docs.google.com/document/d/1-H0Ssp178Lj99jNdUG00Jb4ECapmrs1p/edit?usp=sharing&ouid=117534694973414002745&rtpof=true&sd=true,,‣,M
"CHAMCROMUS 0,1%",Tacrolimus,,,,,,,,,,https://drive.google.com/file/d/1MojF7pZyCIn9RLAR7g0iEhYXcB1cH8pR/view,,"Quỹ bảo hiểm y tế thanh toán theo chi định của một trong các trường hợp sau:
• Tờ hướng dẫn sử dụng thuốc kèm theo hồ sơ đăng ký thuốc đã được cấp phép;
• Hướng dẫn chẩn đoán điều trị huyết học, ghép tạng của Bộ Y tế;
• Đối với người bệnh: ghép tim, ghép phổi, ghép tụy, ghép chi thể, ghép ruột; viêm thận Lupus ờ người lớn hoặc trẻ em không đáp ứng đầy đủ hoặc kháng với corticoids; hội chứng thận hư ở người lớn hoặc trẻ em không đáp ứng đầy đủ hoặc kháng với corticoids hoặc không dung nạp corticoids.",C
HEMOTOCIN,Carbetocin 100 mcg/ml,,,,,,,,,,https://drive.google.com/file/d/1rSQcwv8OpjVSeDCJMISbsEjFc4qYrdez/view,,,H
VANCOMYCIN 500 mg,Vancomycin,bột đông khô pha tiêm,Tiêm/truyền,CPDP Vĩnh Phúc,Nhà thuốc & Bệnh viện,,"Quỹ BHYT thanh toán tại BV hạng đặc biệt, hạng I, II, BV chuyên khoa lao và bệnh phổi.",,,Yes,https://drive.google.com/file/d/1Ij5-EzAmrKFMqO3cJzC6jKAWLBxWoA5y/view,https://drive.google.com/file/d/1VpYeJQGfSyxeZl42vA1wXZsf4hkvLeua/view?usp=sharing,‣,V
Amlodipine STELLA 5mg,Amlodipine,,,,,,,,,,,,,A
MILURIT,Allopurinol,,Uống,Egis Pharmaceutical,Bệnh viện,,,,,Yes,https://drive.google.com/file/d/1maYXhDKhn3FimMKMbXdrQxtL6mcGWpQX/view,,‣,M
BISOPROLOL DWP 3.75mg,Bisoprolol fumarat,,,,,,,,,,https://drive.google.com/file/d/1TuYZH5papk-Oa20K_69siQCX5cBJVK4Z/view,,,B
VOLULYTE,Tinh bột este hóa,,,,,,Quỹ BHYT thanh toán điều trị giảm thể tích tuần hoàn do mất máu cấp khi sử dụng dịch truyền đơn thuần không cải thiện lâm sàng; điều trị sốt xuất huyết Dengue nặng theo Hướng dẫn chẩn đoán và điều trị sốt xuất huyết Dengue của Bộ Y tế.,,,,,,Quỹ bảo hiểm y tế thanh toán điều trị giảm thể tích tuần hoàn do mất máu cấp khi sử dụng dịch truyền đơn thuần không cải thiện lâm sàng; điều trị sốt xuất huyết Dengue nặng theo Hướng dẫn chẩn đoán và điều trị sốt xuất huyết Dengue của Bộ Y tế.,V
