row_index,biet_duoc,link_slot,url,file_id,status,http_status,local_path,file_size
1,SaVi Acarbose 50 mg [Acarbose],1,https://drive.google.com/file/d/1zeM4uSTKOGNfMvw0JSQJ-v01fl6_GPMu/view?usp=drive_link,1zeM4uSTKOGNfMvw0JSQJ-v01fl6_GPMu,ok,200,dataset\hdsd_raw\0001_SaVi_Acarbose_50_mg_Acarbose_1_1zeM4uSTKOGNfMvw0JSQJ-v01fl6_GPMu.pdf,1145433
2,Savi Acarbose 100 [100mg],1,https://drive.google.com/file/d/1hZpsMykb02umrOXIE20M9SLeQ6B0fLoF/view?usp=drive_link,1hZpsMykb02umrOXIE20M9SLeQ6B0fLoF,ok,200,dataset\hdsd_raw\0002_Savi_Acarbose_100_100mg_1_1hZpsMykb02umrOXIE20M9SLeQ6B0fLoF.pdf,845983
3,Vitamin 3B [125 Mg + 125 Mg + 125 Mcg],1,https://drive.google.com/file/d/1oB91GehdqRUPFbFaWDNWhLV05ovhPtrQ/view?usp=drive_link,1oB91GehdqRUPFbFaWDNWhLV05ovhPtrQ,bad_response:text/html,404,,0
4,Cavinton 10 Mg/2 Ml,1,https://drive.google.com/file/d/1IpKCsjuFZ9IvFgllm24h18HveqGsPG_w/view?usp=drive_link,1IpKCsjuFZ9IvFgllm24h18HveqGsPG_w,bad_response:text/html,404,,0
5,Grandaxin [Tofisopam 50mg],1,https://drive.google.com/file/d/1wYPuQGt3b0ITI1PNPm6Q7Gkqw_cqHFzP/view?usp=sharing,1wYPuQGt3b0ITI1PNPm6Q7Gkqw_cqHFzP,ok,200,dataset\hdsd_raw\0005_Grandaxin_Tofisopam_50mg_1_1wYPuQGt3b0ITI1PNPm6Q7Gkqw_cqHFzP.pdf,2857463
6,"Viticalat 1,6g [Ticarcillin + Acid Clavulanic]",1,https://drive.google.com/file/d/1ZUYnyoFNv8_wVS2UNILB1TJ23FGH9Twz/view?usp=drive_link,1ZUYnyoFNv8_wVS2UNILB1TJ23FGH9Twz,bad_response:text/html,404,,0
7,Sucralfat DWP 1000mg,1,https://drive.google.com/file/d/1qFdRkedCSwAcI2eDGNhfDn3o3YPzc3ct/view?usp=drive_link,1qFdRkedCSwAcI2eDGNhfDn3o3YPzc3ct,bad_response:text/html,404,,0
8,Tot'hema,1,https://drive.google.com/file/d/1rKufHQSBCHIGSKfyinhO09zn_SmcF-fW/view?usp=drive_link,1rKufHQSBCHIGSKfyinhO09zn_SmcF-fW,bad_response:text/html,404,,0
8,Tot'hema,2,https://drive.google.com/file/d/1tkiJZ9ma0ODMCGN8TaGviSM9YLpKiMS8/view?usp=sharing,1tkiJZ9ma0ODMCGN8TaGviSM9YLpKiMS8,ok,200,dataset\hdsd_raw\0008_Tot_hema_2_1tkiJZ9ma0ODMCGN8TaGviSM9YLpKiMS8.pdf,2847758
9,"Salbutamol Renaudin 5mg/5ml (0,1%)",1,https://drive.google.com/file/d/1vv_Ewx1oii5TBtT4c2tjB6WN7Am3-FUg/view?usp=drive_link,1vv_Ewx1oii5TBtT4c2tjB6WN7Am3-FUg,bad_response:text/html,404,,0
10,Calci Clorid 500mg/ 5ml,1,https://drive.google.com/file/d/1UQwY5mkIAK6-CgRQYrqC0MqELI-BZNkP/view?usp=drive_link,1UQwY5mkIAK6-CgRQYrqC0MqELI-BZNkP,ok,200,dataset\hdsd_raw\0010_Calci_Clorid_500mg_5ml_1_1UQwY5mkIAK6-CgRQYrqC0MqELI-BZNkP.pdf,1373371
11,Ideos [Calci Carbonat + Vitamin D3 1250mg + 400IU],1,https://drive.google.com/file/d/1lv4gJ1qpnFM7D1mF8B608Vew7aLB6YK7/view?usp=sharing,1lv4gJ1qpnFM7D1mF8B608Vew7aLB6YK7,bad_response:text/html,404,,0
12,Bromhexin Actavis 8mg,1,https://drive.google.com/file/d/1mfRnvwOzgr6WpPaY8EOD0b6olv-w1slE/view?usp=drive_link,1mfRnvwOzgr6WpPaY8EOD0b6olv-w1slE,bad_response:text/html,404,,0
13,Corneil-5 [Bisoprolol Fumarat 5mg],1,https://drive.google.com/file/d/1YYMYXEqUfYkytZ4cKLaD-U4fgHusixVU/view?usp=drive_link,1YYMYXEqUfYkytZ4cKLaD-U4fgHusixVU,bad_response:text/html,404,,0
14,Concor 5mg,1,https://drive.google.com/file/d/1NTZnt4AyCrLD284NvmT6ebHvRB9EW0hM/view?usp=drive_link,1NTZnt4AyCrLD284NvmT6ebHvRB9EW0hM,bad_response:text/html,404,,0
15,Auclanityl 875/125mg [Amoxicilin + Acid Clavulanic],1,https://drive.google.com/file/d/107PXII3oEZS2WolNzYrrzW4Z5dPlZUif/view?usp=drive_link,107PXII3oEZS2WolNzYrrzW4Z5dPlZUif,bad_response:text/html,404,,0
16,"Amitriptylin 10, 25, 50 mg",1,https://drive.google.com/file/d/1oSHqqAdMogfc-NNOgMQr9fMCdG3NsmL1/view?usp=drive_link,1oSHqqAdMogfc-NNOgMQr9fMCdG3NsmL1,bad_response:text/html,404,,0
17,Drenoxol [Ambroxol 30mg/ 10mL],1,https://drive.google.com/file/d/1n1pDoxwpwDNZVmqoHl3jbzD51uhhvqYP/view?usp=drive_link,1n1pDoxwpwDNZVmqoHl3jbzD51uhhvqYP,bad_response:text/html,404,,0
18,Amxolstad,1,https://drive.google.com/file/d/1KLzYxCwMym-rTve23XXwCjrIoHGISYSQ/view?usp=drive_link,1KLzYxCwMym-rTve23XXwCjrIoHGISYSQ,bad_response:text/html,404,,0
19,"Boganic [85mg + 64mg + 6,4mg]",1,https://drive.google.com/file/d/1PsD-K_zk8GPV5b6FE1QZ2mtyDjmminHV/view?usp=drive_link,1PsD-K_zk8GPV5b6FE1QZ2mtyDjmminHV,bad_response:text/html,404,,0
20,Acyclovir Stella 800 Mg,1,https://drive.google.com/file/d/1LnusMP8ZM_mJuIReeakGr2iNTJu1tdDZ/view?usp=drive_link,1LnusMP8ZM_mJuIReeakGr2iNTJu1tdDZ,bad_response:text/html,404,,0
21,Tanganil 500mg/5ml,1,https://drive.google.com/file/d/1a-imaThMNuhyTxTIAJldQ5sFX-rh7xyn/view?usp=drive_link,1a-imaThMNuhyTxTIAJldQ5sFX-rh7xyn,bad_response:text/html,404,,0
21,Tanganil 500mg/5ml,2,https://drive.google.com/file/d/1NUko3AvwYCof8Swi14B1ciEtcKhTULYV/view?usp=sharing,1NUko3AvwYCof8Swi14B1ciEtcKhTULYV,ok,200,dataset\hdsd_raw\0021_Tanganil_500mg_5ml_2_1NUko3AvwYCof8Swi14B1ciEtcKhTULYV.pdf,1315010
22,Acarbose Friulchem,1,https://drive.google.com/file/d/1SwR7tzPp_WH3zGMRG2cENPpq0PkhT6OK/view?usp=sharing,1SwR7tzPp_WH3zGMRG2cENPpq0PkhT6OK,bad_response:text/html,404,,0
23,Lumigan,1,https://drive.google.com/file/d/1z9YQxG0cyFfLZcmlLhxysLEDMPEssvEz/view?usp=sharing,1z9YQxG0cyFfLZcmlLhxysLEDMPEssvEz,bad_response:text/html,404,,0
24,Lactated Ringer's,1,https://drive.google.com/file/d/1uBxaYgWZtu2X1uUMGws9iRJOFJVjeses/view?usp=sharing,1uBxaYgWZtu2X1uUMGws9iRJOFJVjeses,bad_response:text/html,404,,0
25,SUNPRANZA,1,https://drive.google.com/file/d/1HmFeciw1dojg0iD2hI5a21Zv9QkrOmth/view?usp=drive_link,1HmFeciw1dojg0iD2hI5a21Zv9QkrOmth,bad_response:text/html,404,,0
26,Quibay,1,https://drive.google.com/file/d/1rQrmsI6pH4JacpAn16sJ5UTLIA5dyNdg/view?usp=drive_link,1rQrmsI6pH4JacpAn16sJ5UTLIA5dyNdg,bad_response:text/html,404,,0
27,Pdsolone-40mg,1,https://drive.google.com/file/d/1kh54AqHkhaZBmsuyTG7U63Cw8DxdQfEV/view?usp=drive_link,1kh54AqHkhaZBmsuyTG7U63Cw8DxdQfEV,bad_response:text/html,404,,0
28,PANTOCID IV,1,https://drive.google.com/file/d/1CLkMaviADX6uQ3ZwNdQE-w0-JEPxHrxY/view?usp=drive_link,1CLkMaviADX6uQ3ZwNdQE-w0-JEPxHrxY,bad_response:text/html,404,,0
29,Lilonton Injection 3000mg/15ml,1,https://drive.google.com/file/d/1Cc6R5qKS12hf0GwPKcXovSuytGp7zvj5/view?usp=drive_link,1Cc6R5qKS12hf0GwPKcXovSuytGp7zvj5,bad_response:text/html,404,,0
30,Trabogan [Actisô 600mg],1,https://drive.google.com/file/d/1uiher8O4suYZkkdoFW9yuZOsd4fDmohv/view?usp=drive_link,1uiher8O4suYZkkdoFW9yuZOsd4fDmohv,bad_response:text/html,404,,0
31,SaViLeucin 500mg,1,https://docs.google.com/document/d/1AwzY_DzSrAJBNMV6ctLTCFaUDDHeNhOS/edit?usp=sharing&ouid=117534694973414002745&rtpof=true&sd=true,1AwzY_DzSrAJBNMV6ctLTCFaUDDHeNhOS,ok,200,dataset\hdsd_raw\0031_SaViLeucin_500mg_1_1AwzY_DzSrAJBNMV6ctLTCFaUDDHeNhOS.pdf,74924
32,Vanconex (Vancomycin Hydrochloride for Injection USP 1g/Vial),1,https://drive.google.com/file/d/1XvODBsPV3T1GLYFktmp-Yu7MiLGD75g1/view?usp=sharing,1XvODBsPV3T1GLYFktmp-Yu7MiLGD75g1,bad_response:text/html,404,,0
33,INSUNOVA - N (NPH),1,https://drive.google.com/file/d/1KL0Wso3oDBbQRtTpUFOFR687dckMvEWp/view?usp=sharing,1KL0Wso3oDBbQRtTpUFOFR687dckMvEWp,bad_response:text/html,404,,0
34,Natrixam 1.5mg/5mg,1,https://drive.google.com/file/d/1I9swVDmubKKjXB7H3y61YD2sQoMc6uAf/view?usp=drive_link,1I9swVDmubKKjXB7H3y61YD2sQoMc6uAf,bad_response:text/html,404,,0
34,Natrixam 1.5mg/5mg,2,https://drive.google.com/file/d/1TX--9t49vAngNVW9_CGEnuVqIxK26LF_/view?usp=sharing,1TX--9t49vAngNVW9_CGEnuVqIxK26LF_,ok,200,dataset\hdsd_raw\0034_Natrixam_1_5mg_5mg_2_1TX--9t49vAngNVW9_CGEnuVqIxK26LF_.pdf,3650869
35,Meconeuro,1,https://drive.google.com/file/d/12QMQoanUoA442DyO32Pykm8o4rbWSOF8/view?usp=sharing,12QMQoanUoA442DyO32Pykm8o4rbWSOF8,bad_response:text/html,404,,0
36,Sarariz Cap.,1,https://drive.google.com/file/d/1tel-W4hgnyZzI-RNdj35Se-FTaaZmOSI/view?usp=drive_link,1tel-W4hgnyZzI-RNdj35Se-FTaaZmOSI,bad_response:text/html,404,,0
37,Pantin 40,1,https://drive.google.com/file/d/1onOIiwTLtlSA-da0YKDvmYYW1u8ZelT8/view?usp=drive_link,1onOIiwTLtlSA-da0YKDvmYYW1u8ZelT8,bad_response:text/html,404,,0
38,Danapha-Rabe,1,https://drive.google.com/file/d/1YK1Q5N8FjsXKV8rEQjPZ3lcmKytaas3N/view?usp=sharing,1YK1Q5N8FjsXKV8rEQjPZ3lcmKytaas3N,bad_response:text/html,404,,0
39,Cavinton,1,https://drive.google.com/file/d/1rLlZeKy_3BZAaQ5ckQXDfVN5DoW6hibk/view?usp=sharing,1rLlZeKy_3BZAaQ5ckQXDfVN5DoW6hibk,bad_response:text/html,404,,0
40,Cepemid 1g,1,https://drive.google.com/file/d/1nNU1ZQ7m45n8bNFAnpgxw-WaspFOnzni/view?usp=drive_link,1nNU1ZQ7m45n8bNFAnpgxw-WaspFOnzni,bad_response:text/html,404,,0
41,Nerazzu-plus,1,https://drive.google.com/file/d/191bavi3TPzo4ythIsTq5QnOexJtkasZd/view?usp=drive_link,191bavi3TPzo4ythIsTq5QnOexJtkasZd,ok,200,dataset\hdsd_raw\0041_Nerazzu-plus_1_191bavi3TPzo4ythIsTq5QnOexJtkasZd.pdf,3980602
42,Neo-Tergynan,1,https://drive.google.com/file/d/1UwiDQWH173KeQkQe5TLDFxTTVIqflHmH/view?usp=drive_link,1UwiDQWH173KeQkQe5TLDFxTTVIqflHmH,ok,200,dataset\hdsd_raw\0042_Neo-Tergynan_1_1UwiDQWH173KeQkQe5TLDFxTTVIqflHmH.pdf,7913983
43,Tardyferon B9,1,https://drive.google.com/file/d/1wVj7mWO_MIA_HdfmkmrzsubjmznDv81w/view?usp=drive_link,1wVj7mWO_MIA_HdfmkmrzsubjmznDv81w,ok,200,dataset\hdsd_raw\0043_Tardyferon_B9_1_1wVj7mWO_MIA_HdfmkmrzsubjmznDv81w.pdf,3468998
44,Neo-Endusix,1,https://drive.google.com/file/d/1akXcfuFn6TqQeH8NnZjemILwHm0ij-Vv/view?usp=drive_link,1akXcfuFn6TqQeH8NnZjemILwHm0ij-Vv,ok,200,dataset\hdsd_raw\0044_Neo-Endusix_1_1akXcfuFn6TqQeH8NnZjemILwHm0ij-Vv.pdf,11617475
45,Nebivolol 5mg,1,https://drive.google.com/file/d/1zHT6aM9FCQCF7IC7aSOO5lBqkgPy9fbX/view?usp=drive_link,1zHT6aM9FCQCF7IC7aSOO5lBqkgPy9fbX,ok,200,dataset\hdsd_raw\0045_Nebivolol_5mg_1_1zHT6aM9FCQCF7IC7aSOO5lBqkgPy9fbX.pdf,6561092
46,NDP-Saxa 5,1,https://drive.google.com/file/d/1_DrzBl3ylSwNrSHg0nvmN0E4kfoiigVe/view?usp=drive_link,1_DrzBl3ylSwNrSHg0nvmN0E4kfoiigVe,ok,200,dataset\hdsd_raw\0046_NDP-Saxa_5_1_1_DrzBl3ylSwNrSHg0nvmN0E4kfoiigVe.pdf,6050114
47,"Natri clorid 0,45%",1,https://drive.google.com/file/d/13PFZZ6tmxxwo-imoV95OFJg0HmMzXNmR/view?usp=drive_link,13PFZZ6tmxxwo-imoV95OFJg0HmMzXNmR,ok,200,dataset\hdsd_raw\0047_Natri_clorid_0_45_1_13PFZZ6tmxxwo-imoV95OFJg0HmMzXNmR.pdf,5871462
48,Naptogast 20,1,https://drive.google.com/file/d/1CH0HKMEsbYFgaK04vhfV5HptNcSg86em/view?usp=drive_link,1CH0HKMEsbYFgaK04vhfV5HptNcSg86em,ok,200,dataset\hdsd_raw\0048_Naptogast_20_1_1CH0HKMEsbYFgaK04vhfV5HptNcSg86em.pdf,5466358
49,"Naphazolin 0,05% Danapha",1,https://drive.google.com/file/d/1J6WYthOAEzQP5PIkroWSPrPdiqv8V9WN/view?usp=drive_link,1J6WYthOAEzQP5PIkroWSPrPdiqv8V9WN,ok,200,dataset\hdsd_raw\0049_Naphazolin_0_05_Danapha_1_1J6WYthOAEzQP5PIkroWSPrPdiqv8V9WN.pdf,2205119
50,Nanokine 4000 IU,1,https://drive.google.com/file/d/1Tpey7entA1etEKTQKrvi6kcFg0oAETw2/view?usp=drive_link,1Tpey7entA1etEKTQKrvi6kcFg0oAETw2,ok,200,dataset\hdsd_raw\0050_Nanokine_4000_IU_1_1Tpey7entA1etEKTQKrvi6kcFg0oAETw2.pdf,18024640
51,Nalordia,1,https://drive.google.com/file/d/1jcA5-sae34jeReqo03z_nEB9kxu-dy4b/view?usp=drive_link,1jcA5-sae34jeReqo03z_nEB9kxu-dy4b,ok,200,dataset\hdsd_raw\0051_Nalordia_1_1jcA5-sae34jeReqo03z_nEB9kxu-dy4b.pdf,1596785
52,Acyclovir Stella 800mg,1,https://drive.google.com/file/d/1LnusMP8ZM_mJuIReeakGr2iNTJu1tdDZ/view?usp=sharing,1LnusMP8ZM_mJuIReeakGr2iNTJu1tdDZ,bad_response:text/html,404,,0
53,Lidocain- BFS 200mg,1,https://drive.google.com/file/d/1BNIQ402ujWWT-J5WaxQGlfT4JPgjoqMJ/view?usp=drive_link,1BNIQ402ujWWT-J5WaxQGlfT4JPgjoqMJ,ok,200,dataset\hdsd_raw\0053_Lidocain-_BFS_200mg_1_1BNIQ402ujWWT-J5WaxQGlfT4JPgjoqMJ.pdf,2274129
54,Lidocain,1,https://drive.google.com/file/d/1T2HQnTHvFddw_m55Y-27n9St4WMAqYdB/view?usp=drive_link,1T2HQnTHvFddw_m55Y-27n9St4WMAqYdB,ok,200,dataset\hdsd_raw\0054_Lidocain_1_1T2HQnTHvFddw_m55Y-27n9St4WMAqYdB.pdf,4860001
55,Erafiq 5/80,1,https://drive.google.com/file/d/1s0RPXdNQUp0egtoTsPac5RJkCHdUnxBI/view?usp=drive_link,1s0RPXdNQUp0egtoTsPac5RJkCHdUnxBI,ok,200,dataset\hdsd_raw\0055_Erafiq_5_80_1_1s0RPXdNQUp0egtoTsPac5RJkCHdUnxBI.pdf,1571516
56,Ephedrine Aguettant 30mg/10ml,1,https://drive.google.com/file/d/1NMxYTnj1wQm4C2k-Du8MIVeOUBA1LdCg/view?usp=sharing,1NMxYTnj1wQm4C2k-Du8MIVeOUBA1LdCg,ok,200,dataset\hdsd_raw\0056_Ephedrine_Aguettant_30mg_10ml_1_1NMxYTnj1wQm4C2k-Du8MIVeOUBA1LdCg.pdf,1255028
57,SaviProlol Plus HCT 2.5/6.25,1,https://drive.google.com/file/d/1Tzg6bd_NMzD8RMvu4d2Ikt33u8qipYA3/view?usp=drive_link,1Tzg6bd_NMzD8RMvu4d2Ikt33u8qipYA3,ok,200,dataset\hdsd_raw\0057_SaviProlol_Plus_HCT_2_5_6_25_1_1Tzg6bd_NMzD8RMvu4d2Ikt33u8qipYA3.pdf,2241568
58,Glipeform 500/5,1,https://drive.google.com/file/d/1r5kKd6Gd5xa-OpA9jMl1CJs6qDi1ReFp/view?usp=drive_link,1r5kKd6Gd5xa-OpA9jMl1CJs6qDi1ReFp,ok,200,dataset\hdsd_raw\0058_Glipeform_500_5_1_1r5kKd6Gd5xa-OpA9jMl1CJs6qDi1ReFp.pdf,3615080
59,Sita-Met tablets 50/500,1,https://drive.google.com/file/d/1B7NQJ0zGWdQsgPHehIfrC9PqFGaC_AEc/view?usp=drive_link,1B7NQJ0zGWdQsgPHehIfrC9PqFGaC_AEc,ok,200,dataset\hdsd_raw\0059_Sita-Met_tablets_50_500_1_1B7NQJ0zGWdQsgPHehIfrC9PqFGaC_AEc.pdf,7392528
60,SIMVOFIX 10/20 MG,1,https://drive.google.com/file/d/1JHkTLLMCyEw4vGJMHeHQI7dxXXCvLbDT/view?usp=drive_link,1JHkTLLMCyEw4vGJMHeHQI7dxXXCvLbDT,ok,200,dataset\hdsd_raw\0060_SIMVOFIX_10_20_MG_1_1JHkTLLMCyEw4vGJMHeHQI7dxXXCvLbDT.pdf,7400835
61,Simvastatin,1,https://drive.google.com/file/d/12TW7lOr4SRjakOUOAYwJqHb6n78lLtph/view?usp=drive_link,12TW7lOr4SRjakOUOAYwJqHb6n78lLtph,ok,200,dataset\hdsd_raw\0061_Simvastatin_1_12TW7lOr4SRjakOUOAYwJqHb6n78lLtph.pdf,2375864
62,Silverzinc 50,1,https://drive.google.com/file/d/1E8rfcOMPq3S3N8PQgG7z0terZ9yoqjbI/view?usp=drive_link,1E8rfcOMPq3S3N8PQgG7z0terZ9yoqjbI,ok,200,dataset\hdsd_raw\0062_Silverzinc_50_1_1E8rfcOMPq3S3N8PQgG7z0terZ9yoqjbI.pdf,3297782
63,Schaaf,1,https://drive.google.com/file/d/1BiduazXs1IOef5RMHHhj61EZUER1J_yG/view?usp=drive_link,1BiduazXs1IOef5RMHHhj61EZUER1J_yG,ok,200,dataset\hdsd_raw\0063_Schaaf_1_1BiduazXs1IOef5RMHHhj61EZUER1J_yG.pdf,6675526
64,Savxiga 10,1,https://drive.google.com/file/d/1A6mNuwPVfYDtfzu30cXZZaALyubFujjw/view?usp=drive_link,1A6mNuwPVfYDtfzu30cXZZaALyubFujjw,ok,200,dataset\hdsd_raw\0064_Savxiga_10_1_1A6mNuwPVfYDtfzu30cXZZaALyubFujjw.pdf,4193477
65,SavNopain 250,1,https://drive.google.com/file/d/1vQTrCaOJoChmDTzDmfGyekubbKvdrw5q/view?usp=drive_link,1vQTrCaOJoChmDTzDmfGyekubbKvdrw5q,ok,200,dataset\hdsd_raw\0065_SavNopain_250_1_1vQTrCaOJoChmDTzDmfGyekubbKvdrw5q.pdf,4941788
66,Savjenta 5,1,https://drive.google.com/file/d/1-ci1oHBy3kLuPLhA9rPhAsXtM2YWAsKN/view?usp=drive_link,1-ci1oHBy3kLuPLhA9rPhAsXtM2YWAsKN,ok,200,dataset\hdsd_raw\0066_Savjenta_5_1_1-ci1oHBy3kLuPLhA9rPhAsXtM2YWAsKN.pdf,2306370
67,SaViDimin,1,https://drive.google.com/file/d/1Xt0XcnFUlqlrRw27dB_6yRj_SfenWfU_/view?usp=drive_link,1Xt0XcnFUlqlrRw27dB_6yRj_SfenWfU_,ok,200,dataset\hdsd_raw\0067_SaViDimin_1_1Xt0XcnFUlqlrRw27dB_6yRj_SfenWfU_.pdf,4578397
68,SaVi Valsartan Plus HCT 80/12.5,1,https://drive.google.com/file/d/1v2C8vxaKH3KjmnzAIMdBpDXovlECPJIf/view?usp=drive_link,1v2C8vxaKH3KjmnzAIMdBpDXovlECPJIf,ok,200,dataset\hdsd_raw\0068_SaVi_Valsartan_Plus_HCT_80_12_5_1_1v2C8vxaKH3KjmnzAIMdBpDXovlECPJIf.pdf,17608188
69,Savi Valsartan 80,1,https://drive.google.com/file/d/1OHvccWGlVSQoHkBrfiQJmIDfSPD23cN-/view?usp=drive_link,1OHvccWGlVSQoHkBrfiQJmIDfSPD23cN-,ok,200,dataset\hdsd_raw\0069_Savi_Valsartan_80_1_1OHvccWGlVSQoHkBrfiQJmIDfSPD23cN-.pdf,6372229
70,SaVi Valsartan 160,1,https://drive.google.com/file/d/1XB_YMGUJTv8fSu0R9ilgDHLZEQQyQ86o/view?usp=drive_link,1XB_YMGUJTv8fSu0R9ilgDHLZEQQyQ86o,ok,200,dataset\hdsd_raw\0070_SaVi_Valsartan_160_1_1XB_YMGUJTv8fSu0R9ilgDHLZEQQyQ86o.pdf,9195653
71,SaVi Rosuvastatin 10,1,https://drive.google.com/file/d/1VXVsaUzkkvHMZfCF8TQMwOh7iI2czw6L/view?usp=drive_link,1VXVsaUzkkvHMZfCF8TQMwOh7iI2czw6L,ok,200,dataset\hdsd_raw\0071_SaVi_Rosuvastatin_10_1_1VXVsaUzkkvHMZfCF8TQMwOh7iI2czw6L.pdf,2623409
72,SaVi Pantoprazole 40,1,https://drive.google.com/file/d/1SECpP3yzRloFlX5HEdcyNHQHOr-uWEJa/view?usp=drive_link,1SECpP3yzRloFlX5HEdcyNHQHOr-uWEJa,ok,200,dataset\hdsd_raw\0072_SaVi_Pantoprazole_40_1_1SECpP3yzRloFlX5HEdcyNHQHOr-uWEJa.pdf,2321074
73,SaVi Betahistine 16,1,https://drive.google.com/file/d/1co1t8NDMOueyJuchaWvem_d_cxFb6WMJ/view?usp=drive_link,1co1t8NDMOueyJuchaWvem_d_cxFb6WMJ,ok,200,dataset\hdsd_raw\0073_SaVi_Betahistine_16_1_1co1t8NDMOueyJuchaWvem_d_cxFb6WMJ.pdf,1662523
74,SaVi Albendazol 200,1,https://drive.google.com/file/d/1UL_jZopszkmfSjAp9XY2316XduiwvXY-/view?usp=drive_link,1UL_jZopszkmfSjAp9XY2316XduiwvXY-,ok,200,dataset\hdsd_raw\0074_SaVi_Albendazol_200_1_1UL_jZopszkmfSjAp9XY2316XduiwvXY-.pdf,8308726
75,SaVi Lisinopril 5,1,https://drive.google.com/file/d/1oNvAv31L1aQVsqES4-4gAtH33ks4wSqi/view?usp=drive_link,1oNvAv31L1aQVsqES4-4gAtH33ks4wSqi,ok,200,dataset\hdsd_raw\0075_SaVi_Lisinopril_5_1_1oNvAv31L1aQVsqES4-4gAtH33ks4wSqi.pdf,2094959
76,Rianam,1,https://drive.google.com/file/d/1WULo2KSdQMMwIzZjXXqSHnCc2y_TreZn/view?usp=drive_link,1WULo2KSdQMMwIzZjXXqSHnCc2y_TreZn,ok,200,dataset\hdsd_raw\0076_Rianam_1_1WULo2KSdQMMwIzZjXXqSHnCc2y_TreZn.pdf,4638553
77,RESIDRON,1,https://drive.google.com/file/d/1Tx3ueweU0FoG6IqTgUsKle0cjQS2eGhy/view?usp=drive_link,1Tx3ueweU0FoG6IqTgUsKle0cjQS2eGhy,ok,200,dataset\hdsd_raw\0077_RESIDRON_1_1Tx3ueweU0FoG6IqTgUsKle0cjQS2eGhy.pdf,1790016
78,Sitagliptin 100,1,https://drive.google.com/file/d/1iyShWMtubVOdQsgu3vO5DCo6etPyRBD7/view?usp=drive_link,1iyShWMtubVOdQsgu3vO5DCo6etPyRBD7,ok,200,dataset\hdsd_raw\0078_Sitagliptin_100_1_1iyShWMtubVOdQsgu3vO5DCo6etPyRBD7.pdf,9262213
79,SaVi Gemfibrozil 600,1,https://drive.google.com/file/d/1hOun4hWRpHh7D3TDBZrd2NvlpEjwKkCy/view?usp=drive_link,1hOun4hWRpHh7D3TDBZrd2NvlpEjwKkCy,ok,200,dataset\hdsd_raw\0079_SaVi_Gemfibrozil_600_1_1hOun4hWRpHh7D3TDBZrd2NvlpEjwKkCy.pdf,3244146
80,Sitagliptin 50mg,1,https://drive.google.com/file/d/1ZmesrYVaNpEor97Mf2MLOYKdc_SAb06n/view?usp=drive_link,1ZmesrYVaNpEor97Mf2MLOYKdc_SAb06n,ok,200,dataset\hdsd_raw\0080_Sitagliptin_50mg_1_1ZmesrYVaNpEor97Mf2MLOYKdc_SAb06n.pdf,5810364
81,Ridolip 10,1,https://drive.google.com/file/d/1YEAYTT9S7mnGyGG3erU0MPq3czPCRPbO/view?usp=drive_link,1YEAYTT9S7mnGyGG3erU0MPq3czPCRPbO,ok,200,dataset\hdsd_raw\0081_Ridolip_10_1_1YEAYTT9S7mnGyGG3erU0MPq3czPCRPbO.pdf,3358712
82,Repaglinide Tablets 0.5mg; Repaglinide Tablets 2mg,1,https://drive.google.com/file/d/1T6uDy0VWe8Pv1tdXMkwTe27zja1VatnJ/view?usp=drive_link,1T6uDy0VWe8Pv1tdXMkwTe27zja1VatnJ,ok,200,dataset\hdsd_raw\0082_Repaglinide_Tablets_0_5mg_Repaglinide_Tablets_2mg_1_1T6uDy0VWe8Pv1tdXMkwTe27zja1VatnJ.pdf,9160037
83,Sitaglo 100,1,https://drive.google.com/file/d/1_gC1LrX2sqd2_yFETAY0OY3cuHJdUdiH/view?usp=drive_link,1_gC1LrX2sqd2_yFETAY0OY3cuHJdUdiH,ok,200,dataset\hdsd_raw\0083_Sitaglo_100_1_1_gC1LrX2sqd2_yFETAY0OY3cuHJdUdiH.pdf,5429994
84,RIOSART HCT 80+12.5MG,1,https://drive.google.com/file/d/1YV24A0Imoxs340eKJ0WKsvrHA4AGQT9I/view?usp=drive_link,1YV24A0Imoxs340eKJ0WKsvrHA4AGQT9I,ok,200,dataset\hdsd_raw\0084_RIOSART_HCT_80_12_5MG_1_1YV24A0Imoxs340eKJ0WKsvrHA4AGQT9I.pdf,5377196
85,Refresh Tears,1,https://drive.google.com/file/d/1TRXAFSUuFieIc4FYAuAq6oeFDPGGg-ej/view?usp=drive_link,1TRXAFSUuFieIc4FYAuAq6oeFDPGGg-ej,ok,200,dataset\hdsd_raw\0085_Refresh_Tears_1_1TRXAFSUuFieIc4FYAuAq6oeFDPGGg-ej.pdf,1350421
86,Mylenfa II,1,https://drive.google.com/file/d/1efAPdfrIhwNKb5YeNPdPfq_0GAd8RhrP/view?usp=drive_link,1efAPdfrIhwNKb5YeNPdPfq_0GAd8RhrP,ok,200,dataset\hdsd_raw\0086_Mylenfa_II_1_1efAPdfrIhwNKb5YeNPdPfq_0GAd8RhrP.pdf,791379
87,Rocuronium-BFS,1,https://drive.google.com/file/d/1_nU_28uC_paEpc1MnPTiwsU9nNYGrDvz/view?usp=drive_link,1_nU_28uC_paEpc1MnPTiwsU9nNYGrDvz,ok,200,dataset\hdsd_raw\0087_Rocuronium-BFS_1_1_nU_28uC_paEpc1MnPTiwsU9nNYGrDvz.pdf,5159948
88,Ravastel-5,1,https://drive.google.com/file/d/1F1VEU9dQZL5AQ9Mv-4wsLriohWZz1P_U/view?usp=drive_link,1F1VEU9dQZL5AQ9Mv-4wsLriohWZz1P_U,ok,200,dataset\hdsd_raw\0088_Ravastel-5_1_1F1VEU9dQZL5AQ9Mv-4wsLriohWZz1P_U.pdf,2625340
89,Mydrin-P,1,https://drive.google.com/file/d/1VEBEDGsQxMP8Zr3Dqy_tjFFN8gnvNdFV/view?usp=drive_link,1VEBEDGsQxMP8Zr3Dqy_tjFFN8gnvNdFV,ok,200,dataset\hdsd_raw\0089_Mydrin-P_1_1VEBEDGsQxMP8Zr3Dqy_tjFFN8gnvNdFV.pdf,4501446
90,Rabeprazole sodium 20mg,1,https://drive.google.com/file/d/18CBOwHMOEr75LVRP4HJCmxq1cWopL97J/view?usp=drive_link,18CBOwHMOEr75LVRP4HJCmxq1cWopL97J,ok,200,dataset\hdsd_raw\0090_Rabeprazole_sodium_20mg_1_18CBOwHMOEr75LVRP4HJCmxq1cWopL97J.pdf,6773879
91,Mycemol,1,https://drive.google.com/file/d/1Dfrw79sjMKBO7KC6AWZyjQWvI3_UuRkW/view?usp=drive_link,1Dfrw79sjMKBO7KC6AWZyjQWvI3_UuRkW,ok,200,dataset\hdsd_raw\0091_Mycemol_1_1Dfrw79sjMKBO7KC6AWZyjQWvI3_UuRkW.pdf,4864702
92,Rabeprazol 20mg,1,https://drive.google.com/file/d/18CBOwHMOEr75LVRP4HJCmxq1cWopL97J/view?usp=drive_link,18CBOwHMOEr75LVRP4HJCmxq1cWopL97J,ok,200,dataset\hdsd_raw\0092_Rabeprazol_20mg_1_18CBOwHMOEr75LVRP4HJCmxq1cWopL97J.pdf,6773879
93,Mupricon Ointment,1,https://drive.google.com/file/d/1H6f3rZ13-8qWIbe1f03Z5x4L4fB2R-F1/view?usp=drive_link,1H6f3rZ13-8qWIbe1f03Z5x4L4fB2R-F1,ok,200,dataset\hdsd_raw\0093_Mupricon_Ointment_1_1H6f3rZ13-8qWIbe1f03Z5x4L4fB2R-F1.pdf,5100456
94,ROTINVAST 20,1,https://drive.google.com/file/d/1awzHLxsPCtCRA4lqMNgSX31qlu6Ud31W/view?usp=drive_link,1awzHLxsPCtCRA4lqMNgSX31qlu6Ud31W,ok,200,dataset\hdsd_raw\0094_ROTINVAST_20_1_1awzHLxsPCtCRA4lqMNgSX31qlu6Ud31W.pdf,2798097
95,Sitamac 100,1,https://drive.google.com/file/d/1JaHuBdIopRmxUmpB1idOQwuuikC3Uy3O/view?usp=drive_link,1JaHuBdIopRmxUmpB1idOQwuuikC3Uy3O,ok,200,dataset\hdsd_raw\0095_Sitamac_100_1_1JaHuBdIopRmxUmpB1idOQwuuikC3Uy3O.pdf,2746498
96,Mucome spray,1,https://drive.google.com/file/d/1Fo7XYZ2NSmo8HAvCNlkq2Fn7DQ5uH2Fr/view?usp=drive_link,1Fo7XYZ2NSmo8HAvCNlkq2Fn7DQ5uH2Fr,ok,200,dataset\hdsd_raw\0096_Mucome_spray_1_1Fo7XYZ2NSmo8HAvCNlkq2Fn7DQ5uH2Fr.pdf,1817884
97,Moxilen 500mg,1,https://drive.google.com/file/d/1ODf_6ddXtQNpmdAjal82RndIb3dlxu-u/view?usp=drive_link,1ODf_6ddXtQNpmdAjal82RndIb3dlxu-u,ok,200,dataset\hdsd_raw\0097_Moxilen_500mg_1_1ODf_6ddXtQNpmdAjal82RndIb3dlxu-u.pdf,4313206
98,Premilin 75mg,1,https://drive.google.com/file/d/1ZZ8FIVRBr6WbwQAFGOH9AAhrEocNLbY9/view?usp=drive_link,1ZZ8FIVRBr6WbwQAFGOH9AAhrEocNLbY9,ok,200,dataset\hdsd_raw\0098_Premilin_75mg_1_1ZZ8FIVRBr6WbwQAFGOH9AAhrEocNLbY9.pdf,4107422
99,Mocramide 50mg,1,https://drive.google.com/file/d/1ry50s6Ds4ojz5cc9DmsafaNUnHsDJ8ut/view?usp=drive_link,1ry50s6Ds4ojz5cc9DmsafaNUnHsDJ8ut,ok,200,dataset\hdsd_raw\0099_Mocramide_50mg_1_1ry50s6Ds4ojz5cc9DmsafaNUnHsDJ8ut.pdf,9725723
100,Mivifort 1000/50,1,https://drive.google.com/file/d/102e6kmEbtKaDsrq_QMd5YGw2hMvx1N_W/view?usp=drive_link,102e6kmEbtKaDsrq_QMd5YGw2hMvx1N_W,ok,200,dataset\hdsd_raw\0100_Mivifort_1000_50_1_102e6kmEbtKaDsrq_QMd5YGw2hMvx1N_W.pdf,2507813
101,Mitarpin 15,1,https://drive.google.com/file/d/1yBYhDg0Z3ZahPTOMProIRLceBwVdjB1r/view?usp=drive_link,1yBYhDg0Z3ZahPTOMProIRLceBwVdjB1r,ok,200,dataset\hdsd_raw\0101_Mitarpin_15_1_1yBYhDg0Z3ZahPTOMProIRLceBwVdjB1r.pdf,5821517
102,Polhumin Mix-2,1,https://drive.google.com/file/d/1lM2ddQtmOSfURD7Nb-IocWR1vP_W8j3R/view?usp=drive_link,1lM2ddQtmOSfURD7Nb-IocWR1vP_W8j3R,ok,200,dataset\hdsd_raw\0102_Polhumin_Mix-2_1_1lM2ddQtmOSfURD7Nb-IocWR1vP_W8j3R.pdf,2550696
104,Plendil Plus,1,https://drive.google.com/file/d/1RV2yteiFdTsdjJoilBkNjEC0HhcKnYd0/view?usp=drive_link,1RV2yteiFdTsdjJoilBkNjEC0HhcKnYd0,ok,200,dataset\hdsd_raw\0104_Plendil_Plus_1_1RV2yteiFdTsdjJoilBkNjEC0HhcKnYd0.pdf,838639
105,Salzol,1,https://drive.google.com/file/d/1cKnRoPSqT8L56zTyGLF75EY8h_kYMLbF/view?usp=drive_link,1cKnRoPSqT8L56zTyGLF75EY8h_kYMLbF,ok,200,dataset\hdsd_raw\0105_Salzol_1_1cKnRoPSqT8L56zTyGLF75EY8h_kYMLbF.pdf,3809862
106,"Midapezon 1g/0,5g",1,https://drive.google.com/file/d/1WEQL98ZePWGXFq6XCJwRV4wOiCheSX1o/view?usp=drive_link,1WEQL98ZePWGXFq6XCJwRV4wOiCheSX1o,ok,200,dataset\hdsd_raw\0106_Midapezon_1g_0_5g_1_1WEQL98ZePWGXFq6XCJwRV4wOiCheSX1o.pdf,3979655
107,Piroxicam,1,https://drive.google.com/file/d/1q7fxAg5bW79m1X-oMKDVR6GNXTqU8bBd/view?usp=drive_link,1q7fxAg5bW79m1X-oMKDVR6GNXTqU8bBd,ok,200,dataset\hdsd_raw\0107_Piroxicam_1_1q7fxAg5bW79m1X-oMKDVR6GNXTqU8bBd.pdf,2369479
108,Midantin 875/125,1,https://drive.google.com/file/d/1tzuBxP_BrJL2UPKE2cvTtrMaL-8vSTxJ/view?usp=drive_link,1tzuBxP_BrJL2UPKE2cvTtrMaL-8vSTxJ,ok,200,dataset\hdsd_raw\0108_Midantin_875_125_1_1tzuBxP_BrJL2UPKE2cvTtrMaL-8vSTxJ.pdf,1474637
109,Sitamibe-M 50/1000,1,https://drive.google.com/file/d/1fdfC68viLPQwgyXrFwvVZpDVeHsJQgXE/view?usp=drive_link,1fdfC68viLPQwgyXrFwvVZpDVeHsJQgXE,ok,200,dataset\hdsd_raw\0109_Sitamibe-M_50_1000_1_1fdfC68viLPQwgyXrFwvVZpDVeHsJQgXE.pdf,10618449
110,Pyzacar 50 mg,1,https://drive.google.com/file/d/1ZfUuuLxoRrTrslxF9d9Wi5180Milhe8P/view?usp=drive_link,1ZfUuuLxoRrTrslxF9d9Wi5180Milhe8P,ok,200,dataset\hdsd_raw\0110_Pyzacar_50_mg_1_1ZfUuuLxoRrTrslxF9d9Wi5180Milhe8P.pdf,1562928
111,Sitomet 50/850,1,https://drive.google.com/file/d/113W2IdTCSHV06YNh08HX12934NcZ4URo/view?usp=drive_link,113W2IdTCSHV06YNh08HX12934NcZ4URo,ok,200,dataset\hdsd_raw\0111_Sitomet_50_850_1_113W2IdTCSHV06YNh08HX12934NcZ4URo.pdf,9744758
112,Mibetel HCT,1,https://drive.google.com/file/d/1cjZbENe7QSBNO-Z-wdHegmQdAIRnu9GI/view?usp=drive_link,1cjZbENe7QSBNO-Z-wdHegmQdAIRnu9GI,ok,200,dataset\hdsd_raw\0112_Mibetel_HCT_1_1cjZbENe7QSBNO-Z-wdHegmQdAIRnu9GI.pdf,2049986
113,Skiran 50mg,1,https://drive.google.com/file/d/1_OOlEUB08VyCHEkaDmo_kQnZB1sETpst/view?usp=drive_link,1_OOlEUB08VyCHEkaDmo_kQnZB1sETpst,ok,200,dataset\hdsd_raw\0113_Skiran_50mg_1_1_OOlEUB08VyCHEkaDmo_kQnZB1sETpst.pdf,9589250
114,Perisamlor 5 mg/5 mg,1,https://drive.google.com/file/d/177C1oCRgxfw1eh4UoGCpBhKC6cnXGLxf/view?usp=drive_link,177C1oCRgxfw1eh4UoGCpBhKC6cnXGLxf,ok,200,dataset\hdsd_raw\0114_Perisamlor_5_mg_5_mg_1_177C1oCRgxfw1eh4UoGCpBhKC6cnXGLxf.pdf,7934016
115,"Sodium chloride 0,9%",1,https://drive.google.com/file/d/1W7GRo9BRnreOMyIJeaAQrSPsjwa-CXj_/view?usp=drive_link,1W7GRo9BRnreOMyIJeaAQrSPsjwa-CXj_,ok,200,dataset\hdsd_raw\0115_Sodium_chloride_0_9_1_1W7GRo9BRnreOMyIJeaAQrSPsjwa-CXj_.pdf,2009807
116,Mibetel AM 40/5,1,https://drive.google.com/file/d/1cjZbENe7QSBNO-Z-wdHegmQdAIRnu9GI/view?usp=drive_link,1cjZbENe7QSBNO-Z-wdHegmQdAIRnu9GI,ok,200,dataset\hdsd_raw\0116_Mibetel_AM_40_5_1_1cjZbENe7QSBNO-Z-wdHegmQdAIRnu9GI.pdf,2049986
117,Perglim 3,1,https://drive.google.com/file/d/1C7PEbXTfdpM_R92I0ycC6CgcfG19AFrK/view?usp=drive_link,1C7PEbXTfdpM_R92I0ycC6CgcfG19AFrK,ok,200,dataset\hdsd_raw\0117_Perglim_3_1_1C7PEbXTfdpM_R92I0ycC6CgcfG19AFrK.pdf,2883747
118,Somazina 500mg,1,https://drive.google.com/file/d/1IduqTzYnvS7LVREbyZNeANfVc69VRTDK/view?usp=drive_link,1IduqTzYnvS7LVREbyZNeANfVc69VRTDK,ok,200,dataset\hdsd_raw\0118_Somazina_500mg_1_1IduqTzYnvS7LVREbyZNeANfVc69VRTDK.pdf,2016790
119,Pepta-bisman,1,https://drive.google.com/file/d/1MwPvlN7yaZ1lvbIdnHrX7JWUD5oApUbw/view?usp=drive_link,1MwPvlN7yaZ1lvbIdnHrX7JWUD5oApUbw,ok,200,dataset\hdsd_raw\0119_Pepta-bisman_1_1MwPvlN7yaZ1lvbIdnHrX7JWUD5oApUbw.pdf,2694992
120,Sorbitol 3%,1,https://drive.google.com/file/d/1Mp4mnnpcRijdiBw-9LuCabM3a67XXzmu/view?usp=drive_link,1Mp4mnnpcRijdiBw-9LuCabM3a67XXzmu,ok,200,dataset\hdsd_raw\0120_Sorbitol_3_1_1Mp4mnnpcRijdiBw-9LuCabM3a67XXzmu.pdf,793549
121,Glucose 10%,1,https://drive.google.com/file/d/1RezMirZdhOWiQ9JK68GT1RNUu3m_1ntC/view?usp=drive_link,1RezMirZdhOWiQ9JK68GT1RNUu3m_1ntC,ok,200,dataset\hdsd_raw\0121_Glucose_10_1_1RezMirZdhOWiQ9JK68GT1RNUu3m_1ntC.pdf,1338004
122,Spiriva Respimat,1,https://drive.google.com/file/d/1-mPx6jXV9zREr4VqwU50FQSw0GOugben/view?usp=drive_link,1-mPx6jXV9zREr4VqwU50FQSw0GOugben,ok,200,dataset\hdsd_raw\0122_Spiriva_Respimat_1_1-mPx6jXV9zREr4VqwU50FQSw0GOugben.pdf,1291069
123,Paringold Injection,1,https://drive.google.com/file/d/1LcV1w7tHSbPvNofXWjZjhkd04gVmaHKF/view?usp=drive_link,1LcV1w7tHSbPvNofXWjZjhkd04gVmaHKF,ok,200,dataset\hdsd_raw\0123_Paringold_Injection_1_1LcV1w7tHSbPvNofXWjZjhkd04gVmaHKF.pdf,6018347
125,Tabarex-160,1,https://drive.google.com/file/d/1a4izeFR9MItegKS0ruy8dRWQeYrxgnzs/view?usp=drive_link,1a4izeFR9MItegKS0ruy8dRWQeYrxgnzs,ok,200,dataset\hdsd_raw\0125_Tabarex-160_1_1a4izeFR9MItegKS0ruy8dRWQeYrxgnzs.pdf,10199761
126,Mibelet,1,https://drive.google.com/file/d/1RmRotQ_vI1vFfAI7Km_iKV3SxO2F6SjH/view?usp=sharing,1RmRotQ_vI1vFfAI7Km_iKV3SxO2F6SjH,ok,200,dataset\hdsd_raw\0126_Mibelet_1_1RmRotQ_vI1vFfAI7Km_iKV3SxO2F6SjH.pdf,2839630
127,Stadlacil 2,1,https://drive.google.com/file/d/1SYZkR2irZKptyNhoGSsSzKHcGoZ3INLx/view?usp=drive_link,1SYZkR2irZKptyNhoGSsSzKHcGoZ3INLx,ok,200,dataset\hdsd_raw\0127_Stadlacil_2_1_1SYZkR2irZKptyNhoGSsSzKHcGoZ3INLx.pdf,848771
128,Stamlo-T,1,https://drive.google.com/file/d/1jBeqXd_C95E0892Uak3dPcQOzKXttjKX/view?usp=drive_link,1jBeqXd_C95E0892Uak3dPcQOzKXttjKX,ok,200,dataset\hdsd_raw\0128_Stamlo-T_1_1jBeqXd_C95E0892Uak3dPcQOzKXttjKX.pdf,11947957
129,Paravina 1 g,1,https://drive.google.com/file/d/1mhX801OAA3neEPazimdEAnA5Rrt-_m6S/view?usp=drive_link,1mhX801OAA3neEPazimdEAnA5Rrt-_m6S,ok,200,dataset\hdsd_raw\0129_Paravina_1_g_1_1mhX801OAA3neEPazimdEAnA5Rrt-_m6S.pdf,3371404
130,Stilaren,1,https://drive.google.com/file/d/1AxaOPx8pNPapZbMlJUyiccCZCpTnuYuE/view?usp=drive_link,1AxaOPx8pNPapZbMlJUyiccCZCpTnuYuE,ok,200,dataset\hdsd_raw\0130_Stilaren_1_1AxaOPx8pNPapZbMlJUyiccCZCpTnuYuE.pdf,2035640
131,Meyerfibrat NT 145,1,https://drive.google.com/file/d/1H4GPdpcUauwKFNK1k3lr-2v0Fhkpoa3B/view?usp=sharing,1H4GPdpcUauwKFNK1k3lr-2v0Fhkpoa3B,ok,200,dataset\hdsd_raw\0131_Meyerfibrat_NT_145_1_1H4GPdpcUauwKFNK1k3lr-2v0Fhkpoa3B.pdf,4524863
132,Stogurad,1,https://drive.google.com/file/d/1uMbKzjvuuKOF2ZniRvOJlWJpVOKbJ8CM/view?usp=drive_link,1uMbKzjvuuKOF2ZniRvOJlWJpVOKbJ8CM,ok,200,dataset\hdsd_raw\0132_Stogurad_1_1uMbKzjvuuKOF2ZniRvOJlWJpVOKbJ8CM.pdf,3322454
133,Parabamol 400/325,1,https://drive.google.com/file/d/1rWfA8ff61MJ_w4s-pxbf9HDi_RBbx7Fj/view?usp=drive_link,1rWfA8ff61MJ_w4s-pxbf9HDi_RBbx7Fj,ok,200,dataset\hdsd_raw\0133_Parabamol_400_325_1_1rWfA8ff61MJ_w4s-pxbf9HDi_RBbx7Fj.pdf,5547757
134,Systane Ultra,1,https://drive.google.com/file/d/169VApFBaQfHKLTMCL36sb59ditaTSiSp/view?usp=drive_link,169VApFBaQfHKLTMCL36sb59ditaTSiSp,ok,200,dataset\hdsd_raw\0134_Systane_Ultra_1_169VApFBaQfHKLTMCL36sb59ditaTSiSp.pdf,3295776
135,Panfor SR-500,1,https://drive.google.com/file/d/1GUCezgFA46Sl69aFGxxas6PKQBCJkxkM/view?usp=drive_link,1GUCezgFA46Sl69aFGxxas6PKQBCJkxkM,ok,200,dataset\hdsd_raw\0135_Panfor_SR-500_1_1GUCezgFA46Sl69aFGxxas6PKQBCJkxkM.pdf,3397916
136,Metsav 750 XR,1,https://drive.google.com/file/d/1ByOZQVHSufJcGLEmiq8R22_IHnGzKlRm/view?usp=sharing,1ByOZQVHSufJcGLEmiq8R22_IHnGzKlRm,ok,200,dataset\hdsd_raw\0136_Metsav_750_XR_1_1ByOZQVHSufJcGLEmiq8R22_IHnGzKlRm.pdf,4374322
137,Panadol Viên Sủi,1,https://drive.google.com/file/d/1Lv8v3msN1SCcNsyqmg9VXJrWIJp7MFqA/view?usp=drive_link,1Lv8v3msN1SCcNsyqmg9VXJrWIJp7MFqA,ok,200,dataset\hdsd_raw\0137_Panadol_Viên_Sủi_1_1Lv8v3msN1SCcNsyqmg9VXJrWIJp7MFqA.pdf,1989344
138,Panactol,1,https://drive.google.com/file/d/19nyYhp3ZbK3v4WLqpaTNggRBlIPMbdiU/view?usp=drive_link,19nyYhp3ZbK3v4WLqpaTNggRBlIPMbdiU,ok,200,dataset\hdsd_raw\0138_Panactol_1_19nyYhp3ZbK3v4WLqpaTNggRBlIPMbdiU.pdf,1633374
139,"Metronidazole 0,5g/100ml",1,https://drive.google.com/file/d/1MtSFHCbV2TI6ZXqKyyYlEkVSwpkq_hHs/view?usp=sharing,1MtSFHCbV2TI6ZXqKyyYlEkVSwpkq_hHs,ok,200,dataset\hdsd_raw\0139_Metronidazole_0_5g_100ml_1_1MtSFHCbV2TI6ZXqKyyYlEkVSwpkq_hHs.pdf,2543718
140,Pacephene,1,https://drive.google.com/file/d/1NuOtLcXVY5ptvp2Idr-HCItBW28o-86Q/view?usp=drive_link,1NuOtLcXVY5ptvp2Idr-HCItBW28o-86Q,ok,200,dataset\hdsd_raw\0140_Pacephene_1_1NuOtLcXVY5ptvp2Idr-HCItBW28o-86Q.pdf,5494303
141,Kozemix,1,https://drive.google.com/file/d/1PBqS37z4gcKyEH1EFtfFeKl8LJfkhIsR/view?usp=drive_link,1PBqS37z4gcKyEH1EFtfFeKl8LJfkhIsR,ok,200,dataset\hdsd_raw\0141_Kozemix_1_1PBqS37z4gcKyEH1EFtfFeKl8LJfkhIsR.pdf,6280375
142,Metronidazol 250,1,https://drive.google.com/file/d/17V73blHD0MXylrDoiD-nNNFA7vnp9Ydw/view?usp=sharing,17V73blHD0MXylrDoiD-nNNFA7vnp9Ydw,ok,200,dataset\hdsd_raw\0142_Metronidazol_250_1_17V73blHD0MXylrDoiD-nNNFA7vnp9Ydw.pdf,1111399
143,Metronidazol,1,https://drive.google.com/file/d/1EIBA6e1e7CeBtFgJ51Sq2eDQZcdyE6bh/view?usp=sharing,1EIBA6e1e7CeBtFgJ51Sq2eDQZcdyE6bh,ok,200,dataset\hdsd_raw\0143_Metronidazol_1_1EIBA6e1e7CeBtFgJ51Sq2eDQZcdyE6bh.pdf,1136164
144,Melanov-M,1,https://drive.google.com/file/d/1lFNCfB54Llv5zoHkFoWXM4Y8UDQ4GFg9/view?usp=sharing,1lFNCfB54Llv5zoHkFoWXM4Y8UDQ4GFg9,ok,200,dataset\hdsd_raw\0144_Melanov-M_1_1lFNCfB54Llv5zoHkFoWXM4Y8UDQ4GFg9.pdf,2952203
145,Megazon,1,https://drive.google.com/file/d/10x9IackbIpyFdl_uF-GbYg-payRi2a7e/view?usp=sharing,10x9IackbIpyFdl_uF-GbYg-payRi2a7e,ok,200,dataset\hdsd_raw\0145_Megazon_1_10x9IackbIpyFdl_uF-GbYg-payRi2a7e.pdf,5947189
146,Lovarem tablets,1,https://drive.google.com/file/d/1Cc6kmZV4fkKFxDhkPiYhsWYAlN7Y_LVk/view?usp=drive_link,1Cc6kmZV4fkKFxDhkPiYhsWYAlN7Y_LVk,ok,200,dataset\hdsd_raw\0146_Lovarem_tablets_1_1Cc6kmZV4fkKFxDhkPiYhsWYAlN7Y_LVk.pdf,1892945
147,Lorytec 10,1,https://drive.google.com/file/d/17iXKEoNEOkM2_k81WSN7Nw0cfOZ958cj/view?usp=drive_link,17iXKEoNEOkM2_k81WSN7Nw0cfOZ958cj,ok,200,dataset\hdsd_raw\0147_Lorytec_10_1_17iXKEoNEOkM2_k81WSN7Nw0cfOZ958cj.pdf,1790518
148,Lorista HD,1,https://drive.google.com/file/d/1IiG9XYrJ-Vgv-JiEuDuUhWBWFBSYowqb/view?usp=drive_link,1IiG9XYrJ-Vgv-JiEuDuUhWBWFBSYowqb,ok,200,dataset\hdsd_raw\0148_Lorista_HD_1_1IiG9XYrJ-Vgv-JiEuDuUhWBWFBSYowqb.pdf,2829523
149,Lusfatop,1,https://drive.google.com/file/d/1BWoIl7eGqSCek0wp-2MITdQReGHCZxlL/view?usp=drive_link,1BWoIl7eGqSCek0wp-2MITdQReGHCZxlL,ok,200,dataset\hdsd_raw\0149_Lusfatop_1_1BWoIl7eGqSCek0wp-2MITdQReGHCZxlL.pdf,2678919
150,Medaxetine 250mg,1,https://drive.google.com/file/d/1BXNsJ6P7B-n2URgi8B2uUu4DhcuvnqWG/view?usp=sharing,1BXNsJ6P7B-n2URgi8B2uUu4DhcuvnqWG,ok,200,dataset\hdsd_raw\0150_Medaxetine_250mg_1_1BXNsJ6P7B-n2URgi8B2uUu4DhcuvnqWG.pdf,2868000
151,Ofloxacin 200mg/100ml,1,https://drive.google.com/file/d/15b5Lp770tQuypq6mBeE1iSIx0s6tiB0p/view?usp=sharing,15b5Lp770tQuypq6mBeE1iSIx0s6tiB0p,ok,200,dataset\hdsd_raw\0151_Ofloxacin_200mg_100ml_1_15b5Lp770tQuypq6mBeE1iSIx0s6tiB0p.pdf,5429381
152,Ofloxacin 200mg/100ml,1,https://drive.google.com/file/d/15b5Lp770tQuypq6mBeE1iSIx0s6tiB0p/view?usp=sharing,15b5Lp770tQuypq6mBeE1iSIx0s6tiB0p,ok,200,dataset\hdsd_raw\0152_Ofloxacin_200mg_100ml_1_15b5Lp770tQuypq6mBeE1iSIx0s6tiB0p.pdf,5429381
153,Noradrenalin,1,https://drive.google.com/file/d/1jHcqjLZ6Z_G_seVdo8hGn_Ksjca8kSz-/view?usp=sharing,1jHcqjLZ6Z_G_seVdo8hGn_Ksjca8kSz-,ok,200,dataset\hdsd_raw\0153_Noradrenalin_1_1jHcqjLZ6Z_G_seVdo8hGn_Ksjca8kSz-.pdf,11967906
154,Nivalin 5mg tablets,1,https://drive.google.com/file/d/1szuo9fbpKGCsF1K2ve0b7w2Y43OXedC_/view?usp=sharing,1szuo9fbpKGCsF1K2ve0b7w2Y43OXedC_,bad_response:text/html,404,,0
155,Nicomen Tablets 5mg,1,https://drive.google.com/file/d/1fF7ghJmk6yquWdrwY_OncS69ASblZxVe/view?usp=sharing,1fF7ghJmk6yquWdrwY_OncS69ASblZxVe,ok,200,dataset\hdsd_raw\0155_Nicomen_Tablets_5mg_1_1fF7ghJmk6yquWdrwY_OncS69ASblZxVe.pdf,2844659
156,Lobetasol,1,https://drive.google.com/file/d/1V53LSjHmTasS_6HxwtYCTZbq-bYAp6f_/view?usp=drive_link,1V53LSjHmTasS_6HxwtYCTZbq-bYAp6f_,ok,200,dataset\hdsd_raw\0156_Lobetasol_1_1V53LSjHmTasS_6HxwtYCTZbq-bYAp6f_.pdf,924070
157,Mecefix-B.E 250 mg,1,https://drive.google.com/file/d/161wYtazNPNeSgfzy7-SASed6eWIpVVJb/view?usp=sharing,161wYtazNPNeSgfzy7-SASed6eWIpVVJb,ok,200,dataset\hdsd_raw\0157_Mecefix-B_E_250_mg_1_161wYtazNPNeSgfzy7-SASed6eWIpVVJb.pdf,5327207
158,Nanokine 2000 IU,1,https://drive.google.com/file/d/1vXOzSziLkQzS1VujreuCu7BVkkUscudI/view?usp=sharing,1vXOzSziLkQzS1VujreuCu7BVkkUscudI,ok,200,dataset\hdsd_raw\0158_Nanokine_2000_IU_1_1vXOzSziLkQzS1VujreuCu7BVkkUscudI.pdf,1225352
159,Lisiplus HCT 10/12.5,1,https://drive.google.com/file/d/1b3KSk-rZcFUdnCdDjXjLAgjNKpR4PrHL/view?usp=drive_link,1b3KSk-rZcFUdnCdDjXjLAgjNKpR4PrHL,ok,200,dataset\hdsd_raw\0159_Lisiplus_HCT_10_12_5_1_1b3KSk-rZcFUdnCdDjXjLAgjNKpR4PrHL.pdf,1680896
160,Lipotatin 20mg,1,https://drive.google.com/file/d/1Br7NpYbttHyjBNDOQz6DjL9zP7o8EXLn/view?usp=drive_link,1Br7NpYbttHyjBNDOQz6DjL9zP7o8EXLn,ok,200,dataset\hdsd_raw\0160_Lipotatin_20mg_1_1Br7NpYbttHyjBNDOQz6DjL9zP7o8EXLn.pdf,3205327
161,Lipodex,1,https://drive.google.com/file/d/1pKUWbofdLl7npIJb6RTsX05pGeXGCaDR/view?usp=drive_link,1pKUWbofdLl7npIJb6RTsX05pGeXGCaDR,ok,200,dataset\hdsd_raw\0161_Lipodex_1_1pKUWbofdLl7npIJb6RTsX05pGeXGCaDR.pdf,2594394
162,MEBAAL 1500,1,https://drive.google.com/file/d/1T61z3ATICOLMcbZlR-z9BW7hkh_sdv5K/view?usp=drive_link,1T61z3ATICOLMcbZlR-z9BW7hkh_sdv5K,ok,200,dataset\hdsd_raw\0162_MEBAAL_1500_1_1T61z3ATICOLMcbZlR-z9BW7hkh_sdv5K.pdf,1133410
163,Nafloxin Eye Drops Solution 0.3% w/v,1,https://drive.google.com/file/d/1v43qguKSjyhIsf0QszZnONqMvyqJzVYB/view?usp=sharing,1v43qguKSjyhIsf0QszZnONqMvyqJzVYB,ok,200,dataset\hdsd_raw\0163_Nafloxin_Eye_Drops_Solution_0_3_w_v_1_1v43qguKSjyhIsf0QszZnONqMvyqJzVYB.pdf,2932311
164,Linezolid Kabi,1,https://drive.google.com/file/d/1kwvNKVxh04zqwkgkJBzO-6HbC8JaNYEs/view?usp=drive_link,1kwvNKVxh04zqwkgkJBzO-6HbC8JaNYEs,ok,200,dataset\hdsd_raw\0164_Linezolid_Kabi_1_1kwvNKVxh04zqwkgkJBzO-6HbC8JaNYEs.pdf,6295016
165,Mariprax,1,https://drive.google.com/file/d/1vjP-z3xSKLvyM7Q79jA6wIFrm6yAuuLF/view?usp=sharing,1vjP-z3xSKLvyM7Q79jA6wIFrm6yAuuLF,ok,200,dataset\hdsd_raw\0165_Mariprax_1_1vjP-z3xSKLvyM7Q79jA6wIFrm6yAuuLF.pdf,2306977
166,Linezolid 600mg/300ml,1,https://drive.google.com/file/d/1l9xVnxy0xmCy6l9Zv2Z9pZyhgJMUd2RT/view?usp=drive_link,1l9xVnxy0xmCy6l9Zv2Z9pZyhgJMUd2RT,ok,200,dataset\hdsd_raw\0166_Linezolid_600mg_300ml_1_1l9xVnxy0xmCy6l9Zv2Z9pZyhgJMUd2RT.pdf,11492751
167,Lilonton injection 1000mg/5ml,1,https://drive.google.com/file/d/1Fpk3P8oxF-PCv_tHkhbR101J0Al4f8qL/view?usp=drive_link,1Fpk3P8oxF-PCv_tHkhbR101J0Al4f8qL,ok,200,dataset\hdsd_raw\0167_Lilonton_injection_1000mg_5ml_1_1Fpk3P8oxF-PCv_tHkhbR101J0Al4f8qL.pdf,3832438
169,Lifecita 400,1,https://drive.google.com/file/d/10cA0ZSt3us3enGeBTeEDSzhpaaRx4JwR/view?usp=drive_link,10cA0ZSt3us3enGeBTeEDSzhpaaRx4JwR,ok,200,dataset\hdsd_raw\0169_Lifecita_400_1_10cA0ZSt3us3enGeBTeEDSzhpaaRx4JwR.pdf,4874844
170,Magpotas 300/380,1,https://drive.google.com/file/d/18B_JKEr0uWVBBS2pC4IzGTYg3LkPrmDs/view?usp=sharing,18B_JKEr0uWVBBS2pC4IzGTYg3LkPrmDs,ok,200,dataset\hdsd_raw\0170_Magpotas_300_380_1_18B_JKEr0uWVBBS2pC4IzGTYg3LkPrmDs.pdf,10546931
171,Lidocain 40mg/ 2ml,1,https://drive.google.com/file/d/1Iemyy28DFAi9WSdB3jgE-gRDG3OrYFhj/view?usp=drive_link,1Iemyy28DFAi9WSdB3jgE-gRDG3OrYFhj,ok,200,dataset\hdsd_raw\0171_Lidocain_40mg_2ml_1_1Iemyy28DFAi9WSdB3jgE-gRDG3OrYFhj.pdf,681190
172,Magnesi-BFS 15%,1,https://drive.google.com/file/d/1EQP539NUEQFS80g0YY_nbUUz8ZUOxC5Z/view?usp=sharing,1EQP539NUEQFS80g0YY_nbUUz8ZUOxC5Z,ok,200,dataset\hdsd_raw\0172_Magnesi-BFS_15_1_1EQP539NUEQFS80g0YY_nbUUz8ZUOxC5Z.pdf,1780814
173,Levosulpirid 50,1,https://drive.google.com/file/d/1Mq7EiAlj7q5L8yM_3RZUA4YATGGv5nHh/view?usp=drive_link,1Mq7EiAlj7q5L8yM_3RZUA4YATGGv5nHh,ok,200,dataset\hdsd_raw\0173_Levosulpirid_50_1_1Mq7EiAlj7q5L8yM_3RZUA4YATGGv5nHh.pdf,3727178
174,Levogolds,1,https://drive.google.com/file/d/12vvG4F-Fe9M0xdHIVlJ8wQihFGobyGpt/view?usp=drive_link,12vvG4F-Fe9M0xdHIVlJ8wQihFGobyGpt,ok,200,dataset\hdsd_raw\0174_Levogolds_1_12vvG4F-Fe9M0xdHIVlJ8wQihFGobyGpt.pdf,7238848
175,Levofloxacin 750mg/150ml,1,https://drive.google.com/file/d/1VyDVV3mvaQsf3FIPDU2KDgiAEZvLRyTa/view?usp=drive_link,1VyDVV3mvaQsf3FIPDU2KDgiAEZvLRyTa,ok,200,dataset\hdsd_raw\0175_Levofloxacin_750mg_150ml_1_1VyDVV3mvaQsf3FIPDU2KDgiAEZvLRyTa.pdf,19975965
176,Levocin,1,https://drive.google.com/file/d/1xjJA0Kc3_W11Mvbghc1deHwJUayL0lvg/view?usp=drive_link,1xjJA0Kc3_W11Mvbghc1deHwJUayL0lvg,ok,200,dataset\hdsd_raw\0176_Levocin_1_1xjJA0Kc3_W11Mvbghc1deHwJUayL0lvg.pdf,4266110
177,Leolen Forte,1,https://drive.google.com/file/d/1PGNwhTRMiFJcwnWUrzJJm2h3ROcQHZKJ/view?usp=drive_link,1PGNwhTRMiFJcwnWUrzJJm2h3ROcQHZKJ,ok,200,dataset\hdsd_raw\0177_Leolen_Forte_1_1PGNwhTRMiFJcwnWUrzJJm2h3ROcQHZKJ.pdf,346777
178,Aerius 5mg,1,https://drive.google.com/file/d/1jWHmrytX18FYlpTD2OFLS33HpZVvplFB/view?usp=sharing,1jWHmrytX18FYlpTD2OFLS33HpZVvplFB,bad_response:text/html,404,,0
179,Pradaxa 75mg,1,https://drive.google.com/file/d/1QrSGIOsAgmu1XmV_SWi5YFMBqoqXzs9Y/view?usp=drive_link,1QrSGIOsAgmu1XmV_SWi5YFMBqoqXzs9Y,bad_response:text/html,404,,0
180,Pradaxa 110mg,1,https://drive.google.com/file/d/1QrSGIOsAgmu1XmV_SWi5YFMBqoqXzs9Y/view?usp=drive_link,1QrSGIOsAgmu1XmV_SWi5YFMBqoqXzs9Y,bad_response:text/html,404,,0
181,Morihepamin 200ml; Morihepamin 500ml,1,https://drive.google.com/file/d/1WIEa7i3jTAILbcBxszryAB5saSRMkPew/view?usp=drive_link,1WIEa7i3jTAILbcBxszryAB5saSRMkPew,bad_response:text/html,404,,0
182,Pulmicort Respules,1,https://drive.google.com/file/d/1vWNRNo3YkciuW4w_TLYVy9pjj9sN5iBw/view?usp=sharing,1vWNRNo3YkciuW4w_TLYVy9pjj9sN5iBw,ok,200,dataset\hdsd_raw\0182_Pulmicort_Respules_1_1vWNRNo3YkciuW4w_TLYVy9pjj9sN5iBw.pdf,6737269
183,Pataday,1,https://drive.google.com/file/d/1qdk0wmjqTEWD_9JmIP8mFLbWevYe2_Hu/view?usp=drive_link,1qdk0wmjqTEWD_9JmIP8mFLbWevYe2_Hu,bad_response:text/html,404,,0
184,Rocephin 1g I.V,1,https://drive.google.com/file/d/1lOj-KlZV4n9AhiTOvmgYLYw4aubOSVTL/view?usp=sharing,1lOj-KlZV4n9AhiTOvmgYLYw4aubOSVTL,ok,200,dataset\hdsd_raw\0184_Rocephin_1g_I_V_1_1lOj-KlZV4n9AhiTOvmgYLYw4aubOSVTL.pdf,3111497
185,Rupafin,1,https://drive.google.com/file/d/1SdU0H6jSCt8YeQf1Va5XRG44uAJtEoD3/view?usp=drive_link,1SdU0H6jSCt8YeQf1Va5XRG44uAJtEoD3,bad_response:text/html,404,,0
186,No-Spa 40mg/2ml,1,https://drive.google.com/file/d/1DRVKNYh778C0dOXo0OJ2Hl6V1DZzOf6K/view?usp=drive_link,1DRVKNYh778C0dOXo0OJ2Hl6V1DZzOf6K,bad_response:text/html,404,,0
187,Sanlein 0.3,1,https://drive.google.com/file/d/1Kh731V2OOhUXk51_s_Qw11pKXvGD51xt/view?usp=drive_link,1Kh731V2OOhUXk51_s_Qw11pKXvGD51xt,bad_response:text/html,404,,0
188,Sanlein Mini 0.1,1,https://drive.google.com/file/d/1I2UwLfci_iH36C2QD_XlYox-A38_U8Or/view?usp=drive_link,1I2UwLfci_iH36C2QD_XlYox-A38_U8Or,bad_response:text/html,404,,0
191,Glucophage,1,https://drive.google.com/file/d/1j9EwyJDE4GYgV6AeFVQJndUPnk8iD1k_/view?usp=sharing,1j9EwyJDE4GYgV6AeFVQJndUPnk8iD1k_,ok,200,dataset\hdsd_raw\0191_Glucophage_1_1j9EwyJDE4GYgV6AeFVQJndUPnk8iD1k_.pdf,7494377
192,Lipofundin MCT/LCT 20%,1,https://drive.google.com/file/d/1lhASj2pj8NgG88lZEqDmXfby6BWsECpS/view?usp=sharing,1lhASj2pj8NgG88lZEqDmXfby6BWsECpS,bad_response:text/html,404,,0
193,Lipofundin MCT/LCT 10%,1,https://drive.google.com/file/d/1FK-KmYsM9pXfubzs2w0s5TBa3_e5T_iq/view?usp=drive_link,1FK-KmYsM9pXfubzs2w0s5TBa3_e5T_iq,bad_response:text/html,404,,0
194,Komboglyze XR,1,https://drive.google.com/file/d/1mFxkkTm6i_k1NSSpJ7RfT3o8Qyj9B3l1/view?usp=drive_link,1mFxkkTm6i_k1NSSpJ7RfT3o8Qyj9B3l1,bad_response:text/html,404,,0
196,,1,https://drive.google.com/file/d/1K4C9aNHzSbGwFMBwddBjuAvR-58BZXSx/view?usp=sharing,1K4C9aNHzSbGwFMBwddBjuAvR-58BZXSx,ok,200,dataset\hdsd_raw\0196_unknown_1_1K4C9aNHzSbGwFMBwddBjuAvR-58BZXSx.pdf,2402224
197,Telmisartan,1,https://drive.google.com/file/d/1WqIyfZV7UmQimRpdV80aus7kHq4U0Y8H/view?usp=sharing,1WqIyfZV7UmQimRpdV80aus7kHq4U0Y8H,ok,200,dataset\hdsd_raw\0197_Telmisartan_1_1WqIyfZV7UmQimRpdV80aus7kHq4U0Y8H.pdf,1766692
198,Ketorolac Danapha,1,https://drive.google.com/file/d/1Gomk7EePdQKvHuNLr0x-N6qFwWwniqh8/view?usp=sharing,1Gomk7EePdQKvHuNLr0x-N6qFwWwniqh8,ok,200,dataset\hdsd_raw\0198_Ketorolac_Danapha_1_1Gomk7EePdQKvHuNLr0x-N6qFwWwniqh8.pdf,5634141
199,SaViLeucin,1,https://drive.google.com/file/d/1K4C9aNHzSbGwFMBwddBjuAvR-58BZXSx/view?usp=sharing,1K4C9aNHzSbGwFMBwddBjuAvR-58BZXSx,ok,200,dataset\hdsd_raw\0199_SaViLeucin_1_1K4C9aNHzSbGwFMBwddBjuAvR-58BZXSx.pdf,2402224
200,Telmisartan,1,https://drive.google.com/file/d/1WqIyfZV7UmQimRpdV80aus7kHq4U0Y8H/view?usp=sharing,1WqIyfZV7UmQimRpdV80aus7kHq4U0Y8H,ok,200,dataset\hdsd_raw\0200_Telmisartan_1_1WqIyfZV7UmQimRpdV80aus7kHq4U0Y8H.pdf,1766692
202,Lantus,1,https://drive.google.com/file/d/1K4C9aNHzSbGwFMBwddBjuAvR-58BZXSx/view?usp=sharing,1K4C9aNHzSbGwFMBwddBjuAvR-58BZXSx,ok,200,dataset\hdsd_raw\0202_Lantus_1_1K4C9aNHzSbGwFMBwddBjuAvR-58BZXSx.pdf,2402224
203,Macrina,1,https://drive.google.com/file/d/1toVNF-QmQy9ouED8QwOXGZeapeNusI7i/view?usp=sharing,1toVNF-QmQy9ouED8QwOXGZeapeNusI7i,ok,200,dataset\hdsd_raw\0203_Macrina_1_1toVNF-QmQy9ouED8QwOXGZeapeNusI7i.pdf,249459
204,Telorssa 100mg/5mg film-coated tablets,1,https://drive.google.com/file/d/1HfSpKeb2mbb9YxCYOPF829Zc8jDYNZbC/view?usp=sharing,1HfSpKeb2mbb9YxCYOPF829Zc8jDYNZbC,ok,200,dataset\hdsd_raw\0204_Telorssa_100mg_5mg_film-coated_tablets_1_1HfSpKeb2mbb9YxCYOPF829Zc8jDYNZbC.pdf,1474392
205,Ketoproxin 50mg,1,https://drive.google.com/file/d/1SHDdiY37SFsfGEn4vyYCPMmMXP2jMxrt/view?usp=sharing,1SHDdiY37SFsfGEn4vyYCPMmMXP2jMxrt,ok,200,dataset\hdsd_raw\0205_Ketoproxin_50mg_1_1SHDdiY37SFsfGEn4vyYCPMmMXP2jMxrt.pdf,6763740
206,Tenamyd-ceftriaxone 2000,1,https://drive.google.com/file/d/1oeYGFK_EwvGe3jeFfH1tkdFoR__XZV9a/view?usp=sharing,1oeYGFK_EwvGe3jeFfH1tkdFoR__XZV9a,ok,200,dataset\hdsd_raw\0206_Tenamyd-ceftriaxone_2000_1_1oeYGFK_EwvGe3jeFfH1tkdFoR__XZV9a.pdf,3710832
207,Tenofovir,1,https://drive.google.com/file/d/1kJvA1QVt3aXEKU4qkxO5mQ-F-5spkYOu/view?usp=sharing,1kJvA1QVt3aXEKU4qkxO5mQ-F-5spkYOu,ok,200,dataset\hdsd_raw\0207_Tenofovir_1_1kJvA1QVt3aXEKU4qkxO5mQ-F-5spkYOu.pdf,17909951
209,Kedrialb 200g/l,1,https://drive.google.com/file/d/1NT-MCkem5ltQygWk4h7uaeOzMR1f1Xlk/view?usp=sharing,1NT-MCkem5ltQygWk4h7uaeOzMR1f1Xlk,ok,200,dataset\hdsd_raw\0209_Kedrialb_200g_l_1_1NT-MCkem5ltQygWk4h7uaeOzMR1f1Xlk.pdf,1952372
210,Thuốc mỡ Potamus,1,https://drive.google.com/file/d/1d8Te7Y2FzUvb9kQoRznuA7-KxHSjOCTK/view?usp=sharing,1d8Te7Y2FzUvb9kQoRznuA7-KxHSjOCTK,ok,200,dataset\hdsd_raw\0210_Thuốc_mỡ_Potamus_1_1d8Te7Y2FzUvb9kQoRznuA7-KxHSjOCTK.pdf,2936693
211,Kavosnor Forte,1,https://drive.google.com/file/d/1YN7o8-zYdV9WGyIGxF6Dw8Lo9Dme-Hwj/view?usp=sharing,1YN7o8-zYdV9WGyIGxF6Dw8Lo9Dme-Hwj,ok,200,dataset\hdsd_raw\0211_Kavosnor_Forte_1_1YN7o8-zYdV9WGyIGxF6Dw8Lo9Dme-Hwj.pdf,14521939
212,Thyroberg 100,1,https://drive.google.com/file/d/10vhqn5U2a2mBywZ03eZxdX-i6ZTE46uB/view?usp=sharing,10vhqn5U2a2mBywZ03eZxdX-i6ZTE46uB,ok,200,dataset\hdsd_raw\0212_Thyroberg_100_1_10vhqn5U2a2mBywZ03eZxdX-i6ZTE46uB.pdf,6379324
213,Kapredin,1,https://drive.google.com/file/d/12Wfm_-dM2bnI-nFw-gK0ZIJTUvXIY56x/view?usp=sharing,12Wfm_-dM2bnI-nFw-gK0ZIJTUvXIY56x,ok,200,dataset\hdsd_raw\0213_Kapredin_1_12Wfm_-dM2bnI-nFw-gK0ZIJTUvXIY56x.pdf,8861598
214,Tica-5A 60mg,1,https://drive.google.com/file/d/1JFjnoskTPkdX44dwNnuAmvV9dCSqNGPQ/view?usp=sharing,1JFjnoskTPkdX44dwNnuAmvV9dCSqNGPQ,ok,200,dataset\hdsd_raw\0214_Tica-5A_60mg_1_1JFjnoskTPkdX44dwNnuAmvV9dCSqNGPQ.pdf,4780930
215,Corsidic H,1,https://drive.google.com/file/d/11zmGaZ2xiC79CNUzA7PJn-7CUSsFIA7v/view?usp=drive_link,11zmGaZ2xiC79CNUzA7PJn-7CUSsFIA7v,ok,200,dataset\hdsd_raw\0215_Corsidic_H_1_11zmGaZ2xiC79CNUzA7PJn-7CUSsFIA7v.pdf,3405907
216,Kamelox ODT 7.5,1,https://drive.google.com/file/d/1keyd09ax8ezOFu1tmj031ABHEUybixEP/view?usp=sharing,1keyd09ax8ezOFu1tmj031ABHEUybixEP,ok,200,dataset\hdsd_raw\0216_Kamelox_ODT_7_5_1_1keyd09ax8ezOFu1tmj031ABHEUybixEP.pdf,8700835
217,Tilcotil,1,https://drive.google.com/file/d/1pgealPESn0a2K-ySbiy37QW-VehyZeCX/view?usp=sharing,1pgealPESn0a2K-ySbiy37QW-VehyZeCX,ok,200,dataset\hdsd_raw\0217_Tilcotil_1_1pgealPESn0a2K-ySbiy37QW-VehyZeCX.pdf,6630270
218,Cozaar 50mg,1,https://drive.google.com/file/d/13QkJ__Pkrk88pdO6VQnmmHLVPnJV4miR/view?usp=sharing,13QkJ__Pkrk88pdO6VQnmmHLVPnJV4miR,bad_response:text/html,200,,0
218,Cozaar 50mg,2,https://drive.google.com/file/d/13QkJ__Pkrk88pdO6VQnmmHLVPnJV4miR/view?usp=sharing,13QkJ__Pkrk88pdO6VQnmmHLVPnJV4miR,bad_response:text/html,200,,0
219,Cordamil 40mg,1,https://drive.google.com/file/d/13FWLyotb2IjyOT8awcf6o_quXLuUpvpF/view?usp=drive_link,13FWLyotb2IjyOT8awcf6o_quXLuUpvpF,ok,200,dataset\hdsd_raw\0219_Cordamil_40mg_1_13FWLyotb2IjyOT8awcf6o_quXLuUpvpF.pdf,3223883
220,Lacikez 4mg,1,https://drive.google.com/file/d/1Akmr0v39Mgrv6quz7K388a8WYUOl-dQw/view?usp=sharing,1Akmr0v39Mgrv6quz7K388a8WYUOl-dQw,ok,200,dataset\hdsd_raw\0220_Lacikez_4mg_1_1Akmr0v39Mgrv6quz7K388a8WYUOl-dQw.pdf,4562387
221,Tobrex,1,https://drive.google.com/file/d/1Ef3II_qZZL27YyBnxYDljNimlHxwrwf2/view?usp=drive_link,1Ef3II_qZZL27YyBnxYDljNimlHxwrwf2,bad_response:text/html,404,,0
222,Kamelox 15,1,https://drive.google.com/file/d/1IQkKAE90IXndVA0GHeZl5QxfT8nWkd67/view?usp=sharing,1IQkKAE90IXndVA0GHeZl5QxfT8nWkd67,ok,200,dataset\hdsd_raw\0222_Kamelox_15_1_1IQkKAE90IXndVA0GHeZl5QxfT8nWkd67.pdf,1190443
223,"Tonios-0,5",1,https://drive.google.com/file/d/1CT6zqnUVQAqLZBQDHAQdJvvnWuM4vkNR/view?usp=sharing,1CT6zqnUVQAqLZBQDHAQdJvvnWuM4vkNR,ok,200,dataset\hdsd_raw\0223_Tonios-0_5_1_1CT6zqnUVQAqLZBQDHAQdJvvnWuM4vkNR.pdf,11706364
224,"Cratsuca Suspension ""Standard”",1,https://drive.google.com/file/d/1kNf2_V4aurfH7kfaAzVpUsns0A3I8xER/view?usp=drive_link,1kNf2_V4aurfH7kfaAzVpUsns0A3I8xER,ok,200,dataset\hdsd_raw\0224_Cratsuca_Suspension_Standard_1_1kNf2_V4aurfH7kfaAzVpUsns0A3I8xER.pdf,1795863
225,Comiaryl 2mg/500mg,1,https://drive.google.com/file/d/1uhyJqfb9e6Yp_o0A1Yr7AS6KQd03PpgB/view?usp=drive_link,1uhyJqfb9e6Yp_o0A1Yr7AS6KQd03PpgB,ok,200,dataset\hdsd_raw\0225_Comiaryl_2mg_500mg_1_1uhyJqfb9e6Yp_o0A1Yr7AS6KQd03PpgB.pdf,1874739
226,Topamax,1,https://drive.google.com/file/d/1GKHYT6-YKzbGupAUpTCuLigDnow4sFBT/view?usp=drive_link,1GKHYT6-YKzbGupAUpTCuLigDnow4sFBT,bad_response:text/html,404,,0
227,Gyoryg,1,https://drive.google.com/file/d/1vSUL-S85dcRl7DHuZNPQQtNwfzG9ozdN/view?usp=sharing,1vSUL-S85dcRl7DHuZNPQQtNwfzG9ozdN,ok,200,dataset\hdsd_raw\0227_Gyoryg_1_1vSUL-S85dcRl7DHuZNPQQtNwfzG9ozdN.pdf,836888
228,Azopt,1,https://drive.google.com/file/d/1TMVajV_HqVXtn0uvgGbocFmDxSsvQGY0/view?usp=drive_link,1TMVajV_HqVXtn0uvgGbocFmDxSsvQGY0,bad_response:text/html,404,,0
229,Combiwave SF 125,1,https://drive.google.com/file/d/1EJgL8LDjEXtfvCMWsuq7saS82IcoXx95/view?usp=drive_link,1EJgL8LDjEXtfvCMWsuq7saS82IcoXx95,ok,200,dataset\hdsd_raw\0229_Combiwave_SF_125_1_1EJgL8LDjEXtfvCMWsuq7saS82IcoXx95.pdf,9229534
230,Crodnix,1,https://drive.google.com/file/d/1ijuAgPysCakpZ4k_WshnJaomGtGdFoi4/view?usp=drive_link,1ijuAgPysCakpZ4k_WshnJaomGtGdFoi4,ok,200,dataset\hdsd_raw\0230_Crodnix_1_1ijuAgPysCakpZ4k_WshnJaomGtGdFoi4.pdf,2225568
231,Avarus,1,https://drive.google.com/file/d/1Wp0rzDtii6lpP73zqJpGzx2a9n7v3dEP/view?usp=drive_link,1Wp0rzDtii6lpP73zqJpGzx2a9n7v3dEP,ok,200,dataset\hdsd_raw\0231_Avarus_1_1Wp0rzDtii6lpP73zqJpGzx2a9n7v3dEP.pdf,1944938
232,Guarente-8,1,https://drive.google.com/file/d/1P-CrW0qxNAefP3iClAFn8FjNEZ68j_ic/view?usp=sharing,1P-CrW0qxNAefP3iClAFn8FjNEZ68j_ic,ok,200,dataset\hdsd_raw\0232_Guarente-8_1_1P-CrW0qxNAefP3iClAFn8FjNEZ68j_ic.pdf,10563941
233,Autifan 40,1,https://drive.google.com/file/d/1yL0lNu9HUF9mHhUK0ut1ugIpji-IqohH/view?usp=drive_link,1yL0lNu9HUF9mHhUK0ut1ugIpji-IqohH,ok,200,dataset\hdsd_raw\0233_Autifan_40_1_1yL0lNu9HUF9mHhUK0ut1ugIpji-IqohH.pdf,14682371
234,Cruzz-35,1,https://drive.google.com/file/d/19sFESf24M6Bo8R_0s8YpY_iPRbL18VjH/view?usp=drive_link,19sFESf24M6Bo8R_0s8YpY_iPRbL18VjH,ok,200,dataset\hdsd_raw\0234_Cruzz-35_1_19sFESf24M6Bo8R_0s8YpY_iPRbL18VjH.pdf,3298009
235,Kagasdine,1,https://drive.google.com/file/d/1xkp1lVGI7EMQFAzR8NLhfQhjY815spJ9/view?usp=sharing,1xkp1lVGI7EMQFAzR8NLhfQhjY815spJ9,ok,200,dataset\hdsd_raw\0235_Kagasdine_1_1xkp1lVGI7EMQFAzR8NLhfQhjY815spJ9.pdf,8012091
236,Combigan,1,https://drive.google.com/file/d/1FeHK_SWHT_1mDisQ_mbLw8v3G9f75CeT/view?usp=drive_link,1FeHK_SWHT_1mDisQ_mbLw8v3G9f75CeT,bad_response:text/html,404,,0
237,IVABRADINE TABLETS 7.5MG,1,https://drive.google.com/file/d/1Sva6IGL8t3KsG0Rwt3JbPt94y_elSwnf/view?usp=sharing,1Sva6IGL8t3KsG0Rwt3JbPt94y_elSwnf,ok,200,dataset\hdsd_raw\0237_IVABRADINE_TABLETS_7_5MG_1_1Sva6IGL8t3KsG0Rwt3JbPt94y_elSwnf.pdf,3730744
238,Gourcuff-5,1,https://drive.google.com/file/d/1UoPuiDZE0Iq8SfsC3ZifZd6A13c80YrX/view?usp=sharing,1UoPuiDZE0Iq8SfsC3ZifZd6A13c80YrX,ok,200,dataset\hdsd_raw\0238_Gourcuff-5_1_1UoPuiDZE0Iq8SfsC3ZifZd6A13c80YrX.pdf,4148151
239,Itamecardi 10,1,https://drive.google.com/file/d/1NTzN_tkDFSXvDJvXeopngBmuLzP3WOEP/view?usp=sharing,1NTzN_tkDFSXvDJvXeopngBmuLzP3WOEP,ok,200,dataset\hdsd_raw\0239_Itamecardi_10_1_1NTzN_tkDFSXvDJvXeopngBmuLzP3WOEP.pdf,6061752
240,Tributel,1,https://drive.google.com/file/d/16zO87nKPgPU2aM7_ZPVKna4Qz-eA5Adr/view?usp=sharing,16zO87nKPgPU2aM7_ZPVKna4Qz-eA5Adr,ok,200,dataset\hdsd_raw\0240_Tributel_1_16zO87nKPgPU2aM7_ZPVKna4Qz-eA5Adr.pdf,1785471
241,Aubtin 7.5,1,https://drive.google.com/file/d/1GODHVNphGfAmugl8jtgAScyWRqPFEusL/view?usp=drive_link,1GODHVNphGfAmugl8jtgAScyWRqPFEusL,ok,200,dataset\hdsd_raw\0241_Aubtin_7_5_1_1GODHVNphGfAmugl8jtgAScyWRqPFEusL.pdf,1977483
242,Gon sa Ezeti-10,1,https://drive.google.com/file/d/1ulINNkjmey0eDgRAs2DjextnCebifYOP/view?usp=sharing,1ulINNkjmey0eDgRAs2DjextnCebifYOP,ok,200,dataset\hdsd_raw\0242_Gon_sa_Ezeti-10_1_1ulINNkjmey0eDgRAs2DjextnCebifYOP.pdf,8386168
243,Kacetam 800mg,1,https://drive.google.com/file/d/1Nm4a4BQAw1hjBJkw1C9sNq3ka1DvHrO0/view?usp=sharing,1Nm4a4BQAw1hjBJkw1C9sNq3ka1DvHrO0,ok,200,dataset\hdsd_raw\0243_Kacetam_800mg_1_1Nm4a4BQAw1hjBJkw1C9sNq3ka1DvHrO0.pdf,2176791
244,Colistin 2 MIU,1,https://drive.google.com/file/d/1WUCB2K47C29wvyCD4UbPVOqCYYThz1_A/view?usp=drive_link,1WUCB2K47C29wvyCD4UbPVOqCYYThz1_A,ok,200,dataset\hdsd_raw\0244_Colistin_2_MIU_1_1WUCB2K47C29wvyCD4UbPVOqCYYThz1_A.pdf,5210112
245,Atorvastatin 20,1,https://drive.google.com/file/d/1DUtYbNnmxA12ubZQJLLzJClaSBp_Z3O1/view?usp=drive_link,1DUtYbNnmxA12ubZQJLLzJClaSBp_Z3O1,ok,200,dataset\hdsd_raw\0245_Atorvastatin_20_1_1DUtYbNnmxA12ubZQJLLzJClaSBp_Z3O1.pdf,1414971
246,Trichopol,1,https://drive.google.com/file/d/1OFjFt61rvbYOhP7jl44FcDllIf21oknO/view?usp=sharing,1OFjFt61rvbYOhP7jl44FcDllIf21oknO,ok,200,dataset\hdsd_raw\0246_Trichopol_1_1OFjFt61rvbYOhP7jl44FcDllIf21oknO.pdf,2471863
247,Isoday 20,1,https://drive.google.com/file/d/1Vci0qc6WiyD7I5w0pY6BDYLXzSTig7Mt/view?usp=sharing,1Vci0qc6WiyD7I5w0pY6BDYLXzSTig7Mt,ok,200,dataset\hdsd_raw\0247_Isoday_20_1_1Vci0qc6WiyD7I5w0pY6BDYLXzSTig7Mt.pdf,8268725
248,Atithios inj,1,https://drive.google.com/file/d/1Hz1iha7OOm_vBiFcnO5JKPqGZ4xjTQ91/view?usp=drive_link,1Hz1iha7OOm_vBiFcnO5JKPqGZ4xjTQ91,ok,200,dataset\hdsd_raw\0248_Atithios_inj_1_1Hz1iha7OOm_vBiFcnO5JKPqGZ4xjTQ91.pdf,2700823
249,Trolimax,1,https://drive.google.com/file/d/16KZovJUVy87xxq1lqogbHeZU-2Lve3lf/view?usp=sharing,16KZovJUVy87xxq1lqogbHeZU-2Lve3lf,ok,200,dataset\hdsd_raw\0249_Trolimax_1_16KZovJUVy87xxq1lqogbHeZU-2Lve3lf.pdf,1976213
250,Jardiance 25mg,1,https://drive.google.com/file/d/1k62kqpYTGReTPqDGwbPhSZGBAqbzvNJ0/view?usp=drive_link,1k62kqpYTGReTPqDGwbPhSZGBAqbzvNJ0,bad_response:text/html,404,,0
251,"IRBEZYD H 150/12,5",1,https://drive.google.com/file/d/1UDky3VQ2FR5yOMwgzy1mJ62fS4M_yBzP/view?usp=sharing,1UDky3VQ2FR5yOMwgzy1mJ62fS4M_yBzP,ok,200,dataset\hdsd_raw\0251_IRBEZYD_H_150_12_5_1_1UDky3VQ2FR5yOMwgzy1mJ62fS4M_yBzP.pdf,2556304
252,Asentra 50mg,1,https://drive.google.com/file/d/1im8ZqE52vqQMTw3_8ZE2rVhVZiNfPe8o/view?usp=drive_link,1im8ZqE52vqQMTw3_8ZE2rVhVZiNfPe8o,ok,200,dataset\hdsd_raw\0252_Asentra_50mg_1_1im8ZqE52vqQMTw3_8ZE2rVhVZiNfPe8o.pdf,1476131
253,Glucose 5% Kabi,1,https://drive.google.com/file/d/16Ig_Kjezg3AOuJzUNRMDtK3Ix4ZR84Ir/view?usp=drive_link,16Ig_Kjezg3AOuJzUNRMDtK3Ix4ZR84Ir,ok,200,dataset\hdsd_raw\0253_Glucose_5_Kabi_1_16Ig_Kjezg3AOuJzUNRMDtK3Ix4ZR84Ir.pdf,2419351
254,Tyrosur Gel,1,https://drive.google.com/file/d/1SCdqqSs9W0tKUWEqsVd5T2eLlSWPrWM_/view?usp=sharinghttps://drive.google.com/file/d/1SCdqqSs9W0tKUWEqsVd5T2eLlSWPrWM_/view?usp=sharing,1SCdqqSs9W0tKUWEqsVd5T2eLlSWPrWM_,ok,200,dataset\hdsd_raw\0254_Tyrosur_Gel_1_1SCdqqSs9W0tKUWEqsVd5T2eLlSWPrWM_.pdf,1076355
255,"Colisodi 1,0 MIU",1,https://drive.google.com/file/d/1a4p7piaXJWwAZbMqPsHIdQwwRupGM8f5/view?usp=drive_link,1a4p7piaXJWwAZbMqPsHIdQwwRupGM8f5,ok,200,dataset\hdsd_raw\0255_Colisodi_1_0_MIU_1_1a4p7piaXJWwAZbMqPsHIdQwwRupGM8f5.pdf,10309341
256,Colchicin 1mg,1,https://drive.google.com/file/d/1F0m9LMTLjb0c6XrjbVwx2B4zqjLQPjPs/view?usp=drive_link,1F0m9LMTLjb0c6XrjbVwx2B4zqjLQPjPs,ok,200,dataset\hdsd_raw\0256_Colchicin_1mg_1_1F0m9LMTLjb0c6XrjbVwx2B4zqjLQPjPs.pdf,3978357
257,Apidra Solostar,1,https://drive.google.com/file/d/1KnoWlekHrQlwh3GRV2r4SJtiz56-SJK6/view?usp=drive_link,1KnoWlekHrQlwh3GRV2r4SJtiz56-SJK6,bad_response:text/html,404,,0
258,Vacodomtium 20 caps,1,https://drive.google.com/file/d/1cfp9KMJ92LEgmrRQLYKMm8eyH-d-Yz95/view?usp=sharing,1cfp9KMJ92LEgmrRQLYKMm8eyH-d-Yz95,ok,200,dataset\hdsd_raw\0258_Vacodomtium_20_caps_1_1cfp9KMJ92LEgmrRQLYKMm8eyH-d-Yz95.pdf,2134020
259,Anvo-Amiodarone 200mg Tablets,1,https://drive.google.com/file/d/1ZC0moa6BGHjhpNT0q5s773Nd6AmKZORx/view?usp=drive_link,1ZC0moa6BGHjhpNT0q5s773Nd6AmKZORx,ok,200,dataset\hdsd_raw\0259_Anvo-Amiodarone_200mg_Tablets_1_1ZC0moa6BGHjhpNT0q5s773Nd6AmKZORx.pdf,9694480
260,Glucose 20%,1,https://drive.google.com/file/d/1GsL_xpIUtaTsBbYMrwrx2xwkph-E53va/view?usp=sharing,1GsL_xpIUtaTsBbYMrwrx2xwkph-E53va,ok,200,dataset\hdsd_raw\0260_Glucose_20_1_1GsL_xpIUtaTsBbYMrwrx2xwkph-E53va.pdf,5378511
261,Imodium,1,https://drive.google.com/file/d/1wXM8yo-nMWqoz_Dlirjxttvey1FJRIXJ/view?usp=sharing,1wXM8yo-nMWqoz_Dlirjxttvey1FJRIXJ,ok,200,dataset\hdsd_raw\0261_Imodium_1_1wXM8yo-nMWqoz_Dlirjxttvey1FJRIXJ.pdf,2102824
262,Anaropin,1,https://drive.google.com/file/d/1fnj6-Fj2sh5uLn2iFIlHF9bFGLWZW5Jh/view?usp=drive_link,1fnj6-Fj2sh5uLn2iFIlHF9bFGLWZW5Jh,bad_response:text/html,404,,0
263,Amtesius,1,https://drive.google.com/file/d/1lKEoWcEfdCQVEkIlZsrIXC9kSHVH_Jvd/view?usp=drive_link,1lKEoWcEfdCQVEkIlZsrIXC9kSHVH_Jvd,ok,200,dataset\hdsd_raw\0263_Amtesius_1_1lKEoWcEfdCQVEkIlZsrIXC9kSHVH_Jvd.pdf,3641985
264,Humalog Mix 75/25 Kwikpen,1,https://drive.google.com/file/d/1OlYJ_-5AKIrdcG2nmB6Kg_wEbXkjLKeH/view?usp=drive_link,1OlYJ_-5AKIrdcG2nmB6Kg_wEbXkjLKeH,bad_response:text/html,404,,0
265,Cobimet XR 1000,1,https://drive.google.com/file/d/1whVTLjByGcuo2dFiKSJycptKzpIhSDrw/view?usp=drive_link,1whVTLjByGcuo2dFiKSJycptKzpIhSDrw,ok,200,dataset\hdsd_raw\0265_Cobimet_XR_1000_1_1whVTLjByGcuo2dFiKSJycptKzpIhSDrw.pdf,5330607
266,Bupitroy heavy,1,https://drive.google.com/file/d/19vD5AR2hbAk0c-09o-M1pWCCl2DA0Vrn/view?usp=drive_link,19vD5AR2hbAk0c-09o-M1pWCCl2DA0Vrn,ok,200,dataset\hdsd_raw\0266_Bupitroy_heavy_1_19vD5AR2hbAk0c-09o-M1pWCCl2DA0Vrn.pdf,2326309
267,Amoxicilin/Acid clavulanic 500/125,1,https://drive.google.com/file/d/1hFDTss4YTf5uoANmklBWCVCdZOwDJXKu/view?usp=drive_link,1hFDTss4YTf5uoANmklBWCVCdZOwDJXKu,ok,200,dataset\hdsd_raw\0267_Amoxicilin_Acid_clavulanic_500_125_1_1hFDTss4YTf5uoANmklBWCVCdZOwDJXKu.pdf,1470319
268,Vasitimb 10mg/20mg Tablets,1,https://drive.google.com/file/d/1QJHWgojbBR_phfHoimI4nsZQkq-rl_lj/view?usp=sharing,1QJHWgojbBR_phfHoimI4nsZQkq-rl_lj,ok,200,dataset\hdsd_raw\0268_Vasitimb_10mg_20mg_Tablets_1_1QJHWgojbBR_phfHoimI4nsZQkq-rl_lj.pdf,26139869
269,Imatig,1,https://drive.google.com/file/d/1mG9b861lBpIjnu_e9H5kdKzg6XE47IGz/view?usp=sharing,1mG9b861lBpIjnu_e9H5kdKzg6XE47IGz,ok,200,dataset\hdsd_raw\0269_Imatig_1_1mG9b861lBpIjnu_e9H5kdKzg6XE47IGz.pdf,984843
270,Bridotyl,1,https://drive.google.com/file/d/1ic0FehEaph4ATCyyJL-BTJdsOxt-B69y/view?usp=drive_link,1ic0FehEaph4ATCyyJL-BTJdsOxt-B69y,ok,200,dataset\hdsd_raw\0270_Bridotyl_1_1ic0FehEaph4ATCyyJL-BTJdsOxt-B69y.pdf,8564850
271,Vasotrate-30 OD,1,https://drive.google.com/file/d/1J1dXtjElnYKazZYVen8WwdN3XUfGRLrN/view?usp=sharing,1J1dXtjElnYKazZYVen8WwdN3XUfGRLrN,ok,200,dataset\hdsd_raw\0271_Vasotrate-30_OD_1_1J1dXtjElnYKazZYVen8WwdN3XUfGRLrN.pdf,6268388
272,Glucosamin,1,https://drive.google.com/file/d/1kZWbp3uwIFbUzlVvlf5Wc3OXQhO46Tua/view?usp=sharing,1kZWbp3uwIFbUzlVvlf5Wc3OXQhO46Tua,ok,200,dataset\hdsd_raw\0272_Glucosamin_1_1kZWbp3uwIFbUzlVvlf5Wc3OXQhO46Tua.pdf,958616
273,Humalog Kwikpen,1,https://drive.google.com/file/d/1LE9qb88G3c5Ff9sBmOChyPZn5fUSbv1H/view?usp=sharing,1LE9qb88G3c5Ff9sBmOChyPZn5fUSbv1H,ok,200,dataset\hdsd_raw\0273_Humalog_Kwikpen_1_1LE9qb88G3c5Ff9sBmOChyPZn5fUSbv1H.pdf,3798199
274,Amlessa 4mg/10mg Tablets,1,https://drive.google.com/file/d/1se7w1cCsbKUSD91aOj5nm58saGFPvosA/view?usp=sharing,1se7w1cCsbKUSD91aOj5nm58saGFPvosA,ok,200,dataset\hdsd_raw\0274_Amlessa_4mg_10mg_Tablets_1_1se7w1cCsbKUSD91aOj5nm58saGFPvosA.pdf,1606306
275,GliVT 5,1,https://drive.google.com/file/d/1yZUskg28tDTKKFA98RYhiC93OxmrsvKr/view?usp=sharing,1yZUskg28tDTKKFA98RYhiC93OxmrsvKr,ok,200,dataset\hdsd_raw\0275_GliVT_5_1_1yZUskg28tDTKKFA98RYhiC93OxmrsvKr.pdf,1552874
276,Amitriptylin 25mg,1,https://drive.google.com/file/d/1SYKP_SOj4o3lTtGSpwx6x15IUSfF1pZl/view?usp=drive_link,1SYKP_SOj4o3lTtGSpwx6x15IUSfF1pZl,ok,200,dataset\hdsd_raw\0276_Amitriptylin_25mg_1_1SYKP_SOj4o3lTtGSpwx6x15IUSfF1pZl.pdf,12639569
277,CoAprovel,1,https://drive.google.com/file/d/1wpdsr_DcX610hkYl0bsL88A6UGRPt-nv/view?usp=drive_link,1wpdsr_DcX610hkYl0bsL88A6UGRPt-nv,bad_response:text/html,404,,0
278,Bosrelor 90,1,https://drive.google.com/file/d/1E8jhHe_Dxq26elDhDmkzEZ1V1eGI5jGp/view?usp=drive_link,1E8jhHe_Dxq26elDhDmkzEZ1V1eGI5jGp,ok,200,dataset\hdsd_raw\0278_Bosrelor_90_1_1E8jhHe_Dxq26elDhDmkzEZ1V1eGI5jGp.pdf,9295698
279,Aminoplasmal B.Braun 10% E,1,https://drive.google.com/file/d/1MVjFczshHPXex7PnWbKtT7lRw2aWSUie/view?usp=drive_link,1MVjFczshHPXex7PnWbKtT7lRw2aWSUie,bad_response:text/html,404,,0
280,GliVT 10,1,https://drive.google.com/file/d/15SjOyfdTytcA-4d0BZLlkcOfI08MAeGU/view?usp=sharing,15SjOyfdTytcA-4d0BZLlkcOfI08MAeGU,ok,200,dataset\hdsd_raw\0280_GliVT_10_1_15SjOyfdTytcA-4d0BZLlkcOfI08MAeGU.pdf,1667731
281,Clopidogrel/Aspirin Teva 75mg/100mg,1,https://drive.google.com/file/d/1rtGKqfoMet0YwYie1c46XiigPmBvJoHu/view?usp=drive_link,1rtGKqfoMet0YwYie1c46XiigPmBvJoHu,ok,200,dataset\hdsd_raw\0281_Clopidogrel_Aspirin_Teva_75mg_100mg_1_1rtGKqfoMet0YwYie1c46XiigPmBvJoHu.pdf,987079
282,Hemetrex,1,https://drive.google.com/file/d/13FJCXbQY04-hJu4LOka8n6DNbC93rdSC/view?usp=sharing,13FJCXbQY04-hJu4LOka8n6DNbC93rdSC,ok,200,dataset\hdsd_raw\0282_Hemetrex_1_13FJCXbQY04-hJu4LOka8n6DNbC93rdSC.pdf,6201231
283,Bluecan Forte 16mg,1,https://drive.google.com/file/d/1etZpv8_E_ue3EzmzLek1e8ltZqOgnT_a/view?usp=drive_link,1etZpv8_E_ue3EzmzLek1e8ltZqOgnT_a,ok,200,dataset\hdsd_raw\0283_Bluecan_Forte_16mg_1_1etZpv8_E_ue3EzmzLek1e8ltZqOgnT_a.pdf,4036856
284,Aminic,1,https://drive.google.com/file/d/1zH9E9nJNt9cyyrH4-7qjJFmtAlSh-DWx/view?usp=drive_link,1zH9E9nJNt9cyyrH4-7qjJFmtAlSh-DWx,ok,200,dataset\hdsd_raw\0284_Aminic_1_1zH9E9nJNt9cyyrH4-7qjJFmtAlSh-DWx.pdf,2821994
285,Glimsure 1,1,https://drive.google.com/file/d/1-u8RNWJJjc0HePI7T5Idbsz4fVolLtsF/view?usp=sharing,1-u8RNWJJjc0HePI7T5Idbsz4fVolLtsF,ok,200,dataset\hdsd_raw\0285_Glimsure_1_1_1-u8RNWJJjc0HePI7T5Idbsz4fVolLtsF.pdf,8201619
286,Vcard-Am 80 + 5,1,https://drive.google.com/file/d/1J1dXtjElnYKazZYVen8WwdN3XUfGRLrN/view?usp=sharing,1J1dXtjElnYKazZYVen8WwdN3XUfGRLrN,ok,200,dataset\hdsd_raw\0286_Vcard-Am_80_5_1_1J1dXtjElnYKazZYVen8WwdN3XUfGRLrN.pdf,6268388
287,Bonasol Once Weekly 70mg Oral Solution,1,https://drive.google.com/file/d/1nENr2IxZQtR6yCIfAb7II2quinr6C5_J/view?usp=drive_link,1nENr2IxZQtR6yCIfAb7II2quinr6C5_J,ok,200,dataset\hdsd_raw\0287_Bonasol_Once_Weekly_70mg_Oral_Solution_1_1nENr2IxZQtR6yCIfAb7II2quinr6C5_J.pdf,14018362
288,Claminat 1000mg/100mg,1,https://drive.google.com/file/d/10T2IGQI7AWFCQyxWJiqfGhsaVPlfV0z5/view?usp=drive_link,10T2IGQI7AWFCQyxWJiqfGhsaVPlfV0z5,ok,200,dataset\hdsd_raw\0288_Claminat_1000mg_100mg_1_10T2IGQI7AWFCQyxWJiqfGhsaVPlfV0z5.pdf,5801494
289,Dexmedetomidine Invagen,1,https://drive.google.com/file/d/121oeaFneOVYWeU35pgUQOdN_b4rjb7Sb/view?usp=drive_link,121oeaFneOVYWeU35pgUQOdN_b4rjb7Sb,ok,200,dataset\hdsd_raw\0289_Dexmedetomidine_Invagen_1_121oeaFneOVYWeU35pgUQOdN_b4rjb7Sb.pdf,15392298
290,Bixebra 5 mg,1,https://drive.google.com/file/d/13NwSQ1jIjrXyCCDDDP1WHmOh0PeU1wdj/view?usp=drive_link,13NwSQ1jIjrXyCCDDDP1WHmOh0PeU1wdj,ok,200,dataset\hdsd_raw\0290_Bixebra_5_mg_1_13NwSQ1jIjrXyCCDDDP1WHmOh0PeU1wdj.pdf,4921195
291,Amfortgel,1,https://drive.google.com/file/d/1IKdsIeVazhDIyssJqcMTI-DQyej-EUx3/view?usp=drive_link,1IKdsIeVazhDIyssJqcMTI-DQyej-EUx3,ok,200,dataset\hdsd_raw\0291_Amfortgel_1_1IKdsIeVazhDIyssJqcMTI-DQyej-EUx3.pdf,926433
292,Diaprid 2,1,https://drive.google.com/file/d/181305HwFNJZMryipbcYkslUchO6F8wg_/view?usp=drive_link,181305HwFNJZMryipbcYkslUchO6F8wg_,ok,200,dataset\hdsd_raw\0292_Diaprid_2_1_181305HwFNJZMryipbcYkslUchO6F8wg_.pdf,1333341
293,Bivitanpo 100,1,https://drive.google.com/file/d/1tX6DqjicwMcJxXiL7FOoBeDONfx_8hUm/view?usp=drive_link,1tX6DqjicwMcJxXiL7FOoBeDONfx_8hUm,ok,200,dataset\hdsd_raw\0293_Bivitanpo_100_1_1tX6DqjicwMcJxXiL7FOoBeDONfx_8hUm.pdf,4318758
294,"Claminat 1,2g",1,https://drive.google.com/file/d/11oQ1-9KGtcnWEWkkfzjW8V_yNhWPIYRz/view?usp=drive_link,11oQ1-9KGtcnWEWkkfzjW8V_yNhWPIYRz,ok,200,dataset\hdsd_raw\0294_Claminat_1_2g_1_11oQ1-9KGtcnWEWkkfzjW8V_yNhWPIYRz.pdf,4158239
295,Vikonon,1,https://drive.google.com/file/d/1wXki2Uh7dNodcOUue8ng0_3XQboOI4GY/view?usp=sharing,1wXki2Uh7dNodcOUue8ng0_3XQboOI4GY,ok,200,dataset\hdsd_raw\0295_Vikonon_1_1wXki2Uh7dNodcOUue8ng0_3XQboOI4GY.pdf,5376519
296,Amebismo,1,https://drive.google.com/file/d/1bheG1g6-lnCL5gEEOQ3GzrtiCLlPOAxw/view?usp=drive_link,1bheG1g6-lnCL5gEEOQ3GzrtiCLlPOAxw,ok,200,dataset\hdsd_raw\0296_Amebismo_1_1bheG1g6-lnCL5gEEOQ3GzrtiCLlPOAxw.pdf,4448737
297,Vincerol 4mg,1,https://drive.google.com/file/d/1wOJmC6tBb54K-3gDUSTnJKAs_cfkPydU/view?usp=sharing,1wOJmC6tBb54K-3gDUSTnJKAs_cfkPydU,ok,200,dataset\hdsd_raw\0297_Vincerol_4mg_1_1wOJmC6tBb54K-3gDUSTnJKAs_cfkPydU.pdf,5618521
298,Ama-Power,1,https://drive.google.com/file/d/18G7YN3ZtZg5cG2mza_XlHCL5y7LZF2tP/view?usp=drive_link,18G7YN3ZtZg5cG2mza_XlHCL5y7LZF2tP,ok,200,dataset\hdsd_raw\0298_Ama-Power_1_18G7YN3ZtZg5cG2mza_XlHCL5y7LZF2tP.pdf,4399498
299,HCQ,1,https://drive.google.com/file/d/1o2DLsJC97MoqvdP-M37rJAe7pu_aUmi6/view?usp=sharing,1o2DLsJC97MoqvdP-M37rJAe7pu_aUmi6,ok,200,dataset\hdsd_raw\0299_HCQ_1_1o2DLsJC97MoqvdP-M37rJAe7pu_aUmi6.pdf,1984142
300,Gensler,1,https://drive.google.com/file/d/17A-ez_O4sU7SBdgtd_11PbsCYuatBzm-/view?usp=sharing,17A-ez_O4sU7SBdgtd_11PbsCYuatBzm-,ok,200,dataset\hdsd_raw\0300_Gensler_1_17A-ez_O4sU7SBdgtd_11PbsCYuatBzm-.pdf,5086011
301,Vinceryl 5mg/5ml,1,https://drive.google.com/file/d/16OEnX4bV7rRIb5_sR-on_8nVXAIaGkbZ/view?usp=sharing,16OEnX4bV7rRIb5_sR-on_8nVXAIaGkbZ,ok,200,dataset\hdsd_raw\0301_Vinceryl_5mg_5ml_1_16OEnX4bV7rRIb5_sR-on_8nVXAIaGkbZ.pdf,7517248
302,Citicolin 500 mg/2ml,1,https://drive.google.com/file/d/1TLSWJaP_ZUeJN-sKH_sHxbLYUkJ1ierx/view?usp=drive_link,1TLSWJaP_ZUeJN-sKH_sHxbLYUkJ1ierx,ok,200,dataset\hdsd_raw\0302_Citicolin_500_mg_2ml_1_1TLSWJaP_ZUeJN-sKH_sHxbLYUkJ1ierx.pdf,1316387
303,Diflazon 150mg,1,https://drive.google.com/file/d/1lufsVUmz4-cu31wxd6dJBRlgoA5UnGtO/view?usp=sharing,1lufsVUmz4-cu31wxd6dJBRlgoA5UnGtO,ok,200,dataset\hdsd_raw\0303_Diflazon_150mg_1_1lufsVUmz4-cu31wxd6dJBRlgoA5UnGtO.pdf,1392440
304,Alsiful S.R. Tablets 10mg,1,https://drive.google.com/file/d/1js_fEKpDKMs7lDoCg_ILI17ZEJfXFNGd/view?usp=drive_link,1js_fEKpDKMs7lDoCg_ILI17ZEJfXFNGd,ok,200,dataset\hdsd_raw\0304_Alsiful_S_R_Tablets_10mg_1_1js_fEKpDKMs7lDoCg_ILI17ZEJfXFNGd.pdf,2695286
305,Vinocerate,1,https://drive.google.com/file/d/1j1JMltv22wwlaz_ioLdhTUZKkpz2Zto7/view?usp=sharing,1j1JMltv22wwlaz_ioLdhTUZKkpz2Zto7,ok,200,dataset\hdsd_raw\0305_Vinocerate_1_1j1JMltv22wwlaz_ioLdhTUZKkpz2Zto7.pdf,1674555
306,Biviminal 2g,1,https://drive.google.com/file/d/1plD7ZsHAuJq7dpIPahftOkFHKd8SyQgz/view?usp=drive_link,1plD7ZsHAuJq7dpIPahftOkFHKd8SyQgz,ok,200,dataset\hdsd_raw\0306_Biviminal_2g_1_1plD7ZsHAuJq7dpIPahftOkFHKd8SyQgz.pdf,946448
307,Dobutamin - BFS,1,https://drive.google.com/file/d/1edJZFHJ94P556Swohs-w0M3SguM-w5oX/view?usp=drive_link,1edJZFHJ94P556Swohs-w0M3SguM-w5oX,ok,200,dataset\hdsd_raw\0307_Dobutamin_-_BFS_1_1edJZFHJ94P556Swohs-w0M3SguM-w5oX.pdf,4762168
308,Haemostop,1,https://drive.google.com/file/d/1RYvhAnk0h2Anyde11lzT5IiXcV8Y66Wv/view?usp=sharing,1RYvhAnk0h2Anyde11lzT5IiXcV8Y66Wv,ok,200,dataset\hdsd_raw\0308_Haemostop_1_1RYvhAnk0h2Anyde11lzT5IiXcV8Y66Wv.pdf,1424823
309,Ciprofloxacin Polpharma,1,https://drive.google.com/file/d/15TKQaoez2pE6RcRO_YCPLIXzSP4fZqEL/view?usp=drive_link,15TKQaoez2pE6RcRO_YCPLIXzSP4fZqEL,ok,200,dataset\hdsd_raw\0309_Ciprofloxacin_Polpharma_1_15TKQaoez2pE6RcRO_YCPLIXzSP4fZqEL.pdf,7026856
310,Dolotin 20 mg,1,https://drive.google.com/file/d/11HzeyLFZXxW7nitY9fCqexE3ISjBLawN/view?usp=drive_link,11HzeyLFZXxW7nitY9fCqexE3ISjBLawN,ok,200,dataset\hdsd_raw\0310_Dolotin_20_mg_1_11HzeyLFZXxW7nitY9fCqexE3ISjBLawN.pdf,7422331
311,Bivelox I.V 500mg/100ml,1,https://drive.google.com/file/d/1CN4sN2o2ugiItQ3WqKvGpJpnTngD4aBs/view?usp=drive_link,1CN4sN2o2ugiItQ3WqKvGpJpnTngD4aBs,ok,200,dataset\hdsd_raw\0311_Bivelox_I_V_500mg_100ml_1_1CN4sN2o2ugiItQ3WqKvGpJpnTngD4aBs.pdf,2660867
313,Alanboss XL 10,1,https://drive.google.com/file/d/1eUjjJk2bzCrnu8MnvvLDtCOPqLYSh7Qf/view?usp=drive_link,1eUjjJk2bzCrnu8MnvvLDtCOPqLYSh7Qf,ok,200,dataset\hdsd_raw\0313_Alanboss_XL_10_1_1eUjjJk2bzCrnu8MnvvLDtCOPqLYSh7Qf.pdf,4168652
314,Hadusartan 16,1,https://drive.google.com/file/d/1RYvhAnk0h2Anyde11lzT5IiXcV8Y66Wv/view?usp=sharing,1RYvhAnk0h2Anyde11lzT5IiXcV8Y66Wv,ok,200,dataset\hdsd_raw\0314_Hadusartan_16_1_1RYvhAnk0h2Anyde11lzT5IiXcV8Y66Wv.pdf,1424823
315,Vinphaton,1,https://drive.google.com/file/d/1Sr06EcEFfYlkRAnDQ8XcdSY0RcuBWu1V/view?usp=sharing,1Sr06EcEFfYlkRAnDQ8XcdSY0RcuBWu1V,ok,200,dataset\hdsd_raw\0315_Vinphaton_1_1Sr06EcEFfYlkRAnDQ8XcdSY0RcuBWu1V.pdf,1974439
316,Bisoprolol Stella 10 mg,1,https://drive.google.com/file/d/1D6STYZS57gYzZ4ZeyydG41f9Mto0uJX1/view?usp=drive_link,1D6STYZS57gYzZ4ZeyydG41f9Mto0uJX1,ok,200,dataset\hdsd_raw\0316_Bisoprolol_Stella_10_mg_1_1D6STYZS57gYzZ4ZeyydG41f9Mto0uJX1.pdf,1234080
317,Cinnarizin Pharma,1,https://drive.google.com/file/d/1lg7JCmJZoIvUWD_iUWX7ogRmcxVVawr9/view?usp=drive_link,1lg7JCmJZoIvUWD_iUWX7ogRmcxVVawr9,ok,200,dataset\hdsd_raw\0317_Cinnarizin_Pharma_1_1lg7JCmJZoIvUWD_iUWX7ogRmcxVVawr9.pdf,6295688
318,Vinstigmin,1,https://drive.google.com/file/d/1Hg602XpthS2eEHeSR0iFcVBHLvy6Ku8J/view?usp=sharing,1Hg602XpthS2eEHeSR0iFcVBHLvy6Ku8J,ok,200,dataset\hdsd_raw\0318_Vinstigmin_1_1Hg602XpthS2eEHeSR0iFcVBHLvy6Ku8J.pdf,4227948
319,Dopegyt,1,https://drive.google.com/file/d/1WwV0ErMnz5j2Ma9g6FVSs-I2lwA1liy-/view?usp=drive_link,1WwV0ErMnz5j2Ma9g6FVSs-I2lwA1liy-,ok,200,dataset\hdsd_raw\0319_Dopegyt_1_1WwV0ErMnz5j2Ma9g6FVSs-I2lwA1liy-.pdf,4817602
320,Chalme,1,https://drive.google.com/file/d/1PMyA4cHtikFQgGXe3wZxO1WpI3UY2fSS/view?usp=drive_link,1PMyA4cHtikFQgGXe3wZxO1WpI3UY2fSS,ok,200,dataset\hdsd_raw\0320_Chalme_1_1PMyA4cHtikFQgGXe3wZxO1WpI3UY2fSS.pdf,1001453
321,Gadoteric Bidiphar,1,https://drive.google.com/file/d/1yHtoGyL-UkkFPhGY_Y-xTDEXN8BuDQcc/view?usp=sharing,1yHtoGyL-UkkFPhGY_Y-xTDEXN8BuDQcc,ok,200,dataset\hdsd_raw\0321_Gadoteric_Bidiphar_1_1yHtoGyL-UkkFPhGY_Y-xTDEXN8BuDQcc.pdf,10131494
322,EZENSIMVA 10/10,1,https://drive.google.com/file/d/1jPmWDR_0ayyILKPUp7DkWtDupFg4zeQP/view?usp=drive_link,1jPmWDR_0ayyILKPUp7DkWtDupFg4zeQP,ok,200,dataset\hdsd_raw\0322_EZENSIMVA_10_10_1_1jPmWDR_0ayyILKPUp7DkWtDupFg4zeQP.pdf,7629330
323,Dutasteride Teva 0.5mg,1,https://drive.google.com/file/d/1FnAr3hzxm94_zCiUHePSwV6qSdhkq8BH/view?usp=drive_link,1FnAr3hzxm94_zCiUHePSwV6qSdhkq8BH,ok,200,dataset\hdsd_raw\0323_Dutasteride_Teva_0_5mg_1_1FnAr3hzxm94_zCiUHePSwV6qSdhkq8BH.pdf,745444
324,Bisoplus HCT 5/12.5,1,https://drive.google.com/file/d/1ThkwoZlCzSjAJ8d-dFqqI7Ya9TEG4aaW/view?usp=drive_link,1ThkwoZlCzSjAJ8d-dFqqI7Ya9TEG4aaW,ok,200,dataset\hdsd_raw\0324_Bisoplus_HCT_5_12_5_1_1ThkwoZlCzSjAJ8d-dFqqI7Ya9TEG4aaW.pdf,2713893
325,Vinxium,1,https://drive.google.com/file/d/1eK-EMoCOHusPYjZBWjIjd0IC_Z9wab6a/view?usp=sharing,1eK-EMoCOHusPYjZBWjIjd0IC_Z9wab6a,ok,200,dataset\hdsd_raw\0325_Vinxium_1_1eK-EMoCOHusPYjZBWjIjd0IC_Z9wab6a.pdf,4984286
326,AGIROVASTIN 10,1,https://drive.google.com/file/d/1rHBxDUiMw13eXMO0mWbhQlDkthy1Wqef/view?usp=drive_link,1rHBxDUiMw13eXMO0mWbhQlDkthy1Wqef,ok,200,dataset\hdsd_raw\0326_AGIROVASTIN_10_1_1rHBxDUiMw13eXMO0mWbhQlDkthy1Wqef.pdf,4367352
327,"Dutasteride-5A FARMA 0,5mg",1,https://drive.google.com/file/d/1NQYu9_DGHYD09lwz1runO6lS5kcM3X0k/view?usp=drive_link,1NQYu9_DGHYD09lwz1runO6lS5kcM3X0k,ok,200,dataset\hdsd_raw\0327_Dutasteride-5A_FARMA_0_5mg_1_1NQYu9_DGHYD09lwz1runO6lS5kcM3X0k.pdf,1805134
328,Fumagate,1,https://drive.google.com/file/d/1I-6EkIdxtZh9BDdsj0Y7OWr4BDTlhZ7G/view?usp=drive_link,1I-6EkIdxtZh9BDdsj0Y7OWr4BDTlhZ7G,ok,200,dataset\hdsd_raw\0328_Fumagate_1_1I-6EkIdxtZh9BDdsj0Y7OWr4BDTlhZ7G.pdf,1035915
329,Etoricoxib Teva 90mg,1,https://drive.google.com/file/d/1cpAaNIgDyGXQGdAFc3TvPr9Q9Zi28ncm/view?usp=drive_link,1cpAaNIgDyGXQGdAFc3TvPr9Q9Zi28ncm,ok,200,dataset\hdsd_raw\0329_Etoricoxib_Teva_90mg_1_1cpAaNIgDyGXQGdAFc3TvPr9Q9Zi28ncm.pdf,1006062
330,Bismuth subcitrate,1,https://drive.google.com/file/d/10qKmbGiBuKbasa28jepu7NXWoVDMvfro/view?usp=drive_link,10qKmbGiBuKbasa28jepu7NXWoVDMvfro,ok,200,dataset\hdsd_raw\0330_Bismuth_subcitrate_1_10qKmbGiBuKbasa28jepu7NXWoVDMvfro.pdf,2474508
331,Vitamin 3B,1,https://drive.google.com/file/d/1fPvKSQcUq6XaX9cHqvH8fZV8G93sbFum/view?usp=sharing,1fPvKSQcUq6XaX9cHqvH8fZV8G93sbFum,ok,200,dataset\hdsd_raw\0331_Vitamin_3B_1_1fPvKSQcUq6XaX9cHqvH8fZV8G93sbFum.pdf,2863122
332,Agi-Bromhexine 16,1,https://drive.google.com/file/d/1-BhtvNO9ey4G-J7v5oWgi9gspp3lgiGO/view?usp=drive_link,1-BhtvNO9ey4G-J7v5oWgi9gspp3lgiGO,ok,200,dataset\hdsd_raw\0332_Agi-Bromhexine_16_1_1-BhtvNO9ey4G-J7v5oWgi9gspp3lgiGO.pdf,3978896
333,Adsepain-New Cơ Xương Max,1,https://drive.google.com/file/d/1vN_LSia9X5h6_hFISCxE2C6wYOmiclr-/view?usp=drive_link,1vN_LSia9X5h6_hFISCxE2C6wYOmiclr-,ok,200,dataset\hdsd_raw\0333_Adsepain-New_Cơ_Xương_Max_1_1vN_LSia9X5h6_hFISCxE2C6wYOmiclr-.pdf,2557641
334,Vitamin B1,1,https://drive.google.com/file/d/1Kw5N4_BTANqu-GM_wGOLw5OOGnhB3Wjh/view?usp=sharing,1Kw5N4_BTANqu-GM_wGOLw5OOGnhB3Wjh,ok,200,dataset\hdsd_raw\0334_Vitamin_B1_1_1Kw5N4_BTANqu-GM_wGOLw5OOGnhB3Wjh.pdf,1634781
335,FOXIMCZ - 1000,1,https://drive.google.com/file/d/1SNYHciaB1nebaTqxqTrstKvqIMd2eI1Y/view?usp=drive_link,1SNYHciaB1nebaTqxqTrstKvqIMd2eI1Y,ok,200,dataset\hdsd_raw\0335_FOXIMCZ_-_1000_1_1SNYHciaB1nebaTqxqTrstKvqIMd2eI1Y.pdf,3865846
336,Aescinat natri 10 mg,1,https://drive.google.com/file/d/1mTjaj5l0pqme3_GQwDWbXZ6luF2ZMgFf/view?usp=drive_link,1mTjaj5l0pqme3_GQwDWbXZ6luF2ZMgFf,ok,200,dataset\hdsd_raw\0336_Aescinat_natri_10_mg_1_1mTjaj5l0pqme3_GQwDWbXZ6luF2ZMgFf.pdf,4022884
337,Etirabol 80/12.5,1,https://drive.google.com/file/d/19xI9mXvE31ztHxiBx9DaQ37XBfXmn0Oh/view?usp=drive_link,19xI9mXvE31ztHxiBx9DaQ37XBfXmn0Oh,ok,200,dataset\hdsd_raw\0337_Etirabol_80_12_5_1_19xI9mXvE31ztHxiBx9DaQ37XBfXmn0Oh.pdf,8010314
338,Forsancort Tablet,1,https://drive.google.com/file/d/1QFG32Vg7w_NooyDsu2P320h-p55RSHAh/view?usp=drive_link,1QFG32Vg7w_NooyDsu2P320h-p55RSHAh,ok,200,dataset\hdsd_raw\0338_Forsancort_Tablet_1_1QFG32Vg7w_NooyDsu2P320h-p55RSHAh.pdf,4202803
339,Vitol,1,https://drive.google.com/file/d/1eJopbZcb6_jSoVQW_rISR_kj8RO4SC0_/view?usp=sharing,1eJopbZcb6_jSoVQW_rISR_kj8RO4SC0_,ok,200,dataset\hdsd_raw\0339_Vitol_1_1eJopbZcb6_jSoVQW_rISR_kj8RO4SC0_.pdf,2324508
340,Cetachit 1g,1,https://drive.google.com/file/d/1Tc27ppqg1Ohr0a4bzt_OzNnK4CFjxjpB/view?usp=drive_link,1Tc27ppqg1Ohr0a4bzt_OzNnK4CFjxjpB,ok,200,dataset\hdsd_raw\0340_Cetachit_1g_1_1Tc27ppqg1Ohr0a4bzt_OzNnK4CFjxjpB.pdf,1539210
341,Bismuth,1,https://drive.google.com/file/d/1_Z6hqjhXTiiJeCDg961RfzhytlZDqwha/view?usp=drive_link,1_Z6hqjhXTiiJeCDg961RfzhytlZDqwha,ok,200,dataset\hdsd_raw\0341_Bismuth_1_1_Z6hqjhXTiiJeCDg961RfzhytlZDqwha.pdf,7249809
342,Voriole 200,1,https://drive.google.com/file/d/1LDFdls_0pbh0hWzpBAcU6mx5SAEPaXBN/view?usp=sharing,1LDFdls_0pbh0hWzpBAcU6mx5SAEPaXBN,ok,200,dataset\hdsd_raw\0342_Voriole_200_1_1LDFdls_0pbh0hWzpBAcU6mx5SAEPaXBN.pdf,6371570
343,Celecoxib,1,https://drive.google.com/file/d/1deJpzELDlrRlOIxc3GUhREKR41xenBgj/view?usp=drive_link,1deJpzELDlrRlOIxc3GUhREKR41xenBgj,ok,200,dataset\hdsd_raw\0343_Celecoxib_1_1deJpzELDlrRlOIxc3GUhREKR41xenBgj.pdf,15191763
344,"Biocemet tab 500mg/62,5mg",1,https://drive.google.com/file/d/16nbG8oP5hzieYO-ugWLE_JcmGn9VIerT/view?usp=drive_link,16nbG8oP5hzieYO-ugWLE_JcmGn9VIerT,ok,200,dataset\hdsd_raw\0344_Biocemet_tab_500mg_62_5mg_1_16nbG8oP5hzieYO-ugWLE_JcmGn9VIerT.pdf,4711111
345,Deslora,1,https://drive.google.com/file/d/164VEBPYNSNYEPHNgZGb3RYeRYJdFqB6c/view?usp=drive_link,164VEBPYNSNYEPHNgZGb3RYeRYJdFqB6c,ok,200,dataset\hdsd_raw\0345_Deslora_1_164VEBPYNSNYEPHNgZGb3RYeRYJdFqB6c.pdf,1165387
346,Etomidate-Lipuro,1,https://drive.google.com/file/d/1Wq4UcEh6_IjjJRKYK_UY5hgf7UUhpsVF/view?usp=drive_link,1Wq4UcEh6_IjjJRKYK_UY5hgf7UUhpsVF,ok,200,dataset\hdsd_raw\0346_Etomidate-Lipuro_1_1Wq4UcEh6_IjjJRKYK_UY5hgf7UUhpsVF.pdf,2171051
347,Fordamet 1g,1,https://drive.google.com/file/d/1EnZqXd5lrlnhNkOXixJ-TxwPLdmDp71z/view?usp=drive_link,1EnZqXd5lrlnhNkOXixJ-TxwPLdmDp71z,ok,200,dataset\hdsd_raw\0347_Fordamet_1g_1_1EnZqXd5lrlnhNkOXixJ-TxwPLdmDp71z.pdf,10893722
348,Bimesta,1,https://drive.google.com/file/d/1LqKyvDJmEoh1gXYV-M-lwT2F5uxFpbBy/view?usp=drive_link,1LqKyvDJmEoh1gXYV-M-lwT2F5uxFpbBy,ok,200,dataset\hdsd_raw\0348_Bimesta_1_1LqKyvDJmEoh1gXYV-M-lwT2F5uxFpbBy.pdf,1548164
349,VT-Amlopril 4mg/10mg,1,https://drive.google.com/file/d/1pdGtGqZqnaxIH9GTxVSVfKbVgrrE_Xs3/view?usp=sharing,1pdGtGqZqnaxIH9GTxVSVfKbVgrrE_Xs3,ok,200,dataset\hdsd_raw\0349_VT-Amlopril_4mg_10mg_1_1pdGtGqZqnaxIH9GTxVSVfKbVgrrE_Xs3.pdf,14230011
350,Acupan,1,https://drive.google.com/file/d/1SbNNIGPTPgji3KckArOkyNZ9dn12SZ1s/view?usp=drive_link,1SbNNIGPTPgji3KckArOkyNZ9dn12SZ1s,ok,200,dataset\hdsd_raw\0350_Acupan_1_1SbNNIGPTPgji3KckArOkyNZ9dn12SZ1s.pdf,919987
351,Derimucin,1,https://drive.google.com/file/d/13ZsCTsRXxlVeBLTK_Dpxya8i1-bjSdxJ/view?usp=drive_link,13ZsCTsRXxlVeBLTK_Dpxya8i1-bjSdxJ,ok,200,dataset\hdsd_raw\0351_Derimucin_1_13ZsCTsRXxlVeBLTK_Dpxya8i1-bjSdxJ.pdf,1735527
352,Bifitacine,1,https://drive.google.com/file/d/1KXpaVteEr4WdT6RhztfMztp14zIqMWQx/view?usp=drive_link,1KXpaVteEr4WdT6RhztfMztp14zIqMWQx,ok,200,dataset\hdsd_raw\0352_Bifitacine_1_1KXpaVteEr4WdT6RhztfMztp14zIqMWQx.pdf,2584358
353,VT-Amlopril 8mg/5mg,1,https://drive.google.com/file/d/1u1SeME_HWS7OGLNjI8G-MlZ1IYW8IyZm/view?usp=sharing,1u1SeME_HWS7OGLNjI8G-MlZ1IYW8IyZm,ok,200,dataset\hdsd_raw\0353_VT-Amlopril_8mg_5mg_1_1u1SeME_HWS7OGLNjI8G-MlZ1IYW8IyZm.pdf,6982921
354,BFS-Tranexamic 500mg/10ml,1,https://drive.google.com/file/d/1N69gJDyqailzwlajGsUNnJ6XDQGVlcLm/view?usp=drive_link,1N69gJDyqailzwlajGsUNnJ6XDQGVlcLm,ok,200,dataset\hdsd_raw\0354_BFS-Tranexamic_500mg_10ml_1_1N69gJDyqailzwlajGsUNnJ6XDQGVlcLm.pdf,3160948
355,Ceftriaxon TFI 2g,1,https://drive.google.com/file/d/1TiKOk4it9DRYj9OFQkGweRqAhayoGYBg/view?usp=drive_link,1TiKOk4it9DRYj9OFQkGweRqAhayoGYBg,ok,200,dataset\hdsd_raw\0355_Ceftriaxon_TFI_2g_1_1TiKOk4it9DRYj9OFQkGweRqAhayoGYBg.pdf,2032699
356,Erylik,1,https://drive.google.com/file/d/1X0aJBQ9nvZcTrJbxTDtQI2EeA4Xe8DUM/view?usp=drive_link,1X0aJBQ9nvZcTrJbxTDtQI2EeA4Xe8DUM,ok,200,dataset\hdsd_raw\0356_Erylik_1_1X0aJBQ9nvZcTrJbxTDtQI2EeA4Xe8DUM.pdf,1402420
357,Acular,1,https://drive.google.com/file/d/1HKn5U8SBa0TiN1j0lhlxzY_XRf-K7_Ti/view?usp=drive_link,1HKn5U8SBa0TiN1j0lhlxzY_XRf-K7_Ti,ok,200,dataset\hdsd_raw\0357_Acular_1_1HKn5U8SBa0TiN1j0lhlxzY_XRf-K7_Ti.pdf,1584081
358,VUPU,1,https://drive.google.com/file/d/1wXoChf93PMLHJ7BxhMJ2BcvdhYQYAkvR/view?usp=sharing,1wXoChf93PMLHJ7BxhMJ2BcvdhYQYAkvR,bad_response:text/html,404,,0
359,Wolske,1,https://drive.google.com/file/d/17v64KwpXz3G_bUrQWe_2yiZoE_ePsJ2C/view?usp=drive_link,17v64KwpXz3G_bUrQWe_2yiZoE_ePsJ2C,ok,200,dataset\hdsd_raw\0359_Wolske_1_17v64KwpXz3G_bUrQWe_2yiZoE_ePsJ2C.pdf,3444465
360,Fluvastatin CAP DWP 20mg,1,https://drive.google.com/file/d/1cTjs_b9VTDyLUjgfOgEkvhv_fLLK7VHS/view?usp=drive_link,1cTjs_b9VTDyLUjgfOgEkvhv_fLLK7VHS,ok,200,dataset\hdsd_raw\0360_Fluvastatin_CAP_DWP_20mg_1_1cTjs_b9VTDyLUjgfOgEkvhv_fLLK7VHS.pdf,7911598
361,"Actelsar HCT 40mg/12,5mg",1,https://drive.google.com/file/d/1EWzGRT7XOfJsAAje4BFzpKpWM_xHNm3f/view?usp=drive_link,1EWzGRT7XOfJsAAje4BFzpKpWM_xHNm3f,ok,200,dataset\hdsd_raw\0361_Actelsar_HCT_40mg_12_5mg_1_1EWzGRT7XOfJsAAje4BFzpKpWM_xHNm3f.pdf,15684287
362,Cefoxitin 1000,1,https://drive.google.com/file/d/1IPilXabITG_MRw8sZadoMfWdW7QcV5Cu/view?usp=drive_link,1IPilXabITG_MRw8sZadoMfWdW7QcV5Cu,ok,200,dataset\hdsd_raw\0362_Cefoxitin_1000_1_1IPilXabITG_MRw8sZadoMfWdW7QcV5Cu.pdf,7453342
363,Wosulin 30/70,1,https://drive.google.com/file/d/1dm0XDrARiWi5D3ybLVc106jGafFPTyXg/view?usp=sharing,1dm0XDrARiWi5D3ybLVc106jGafFPTyXg,ok,200,dataset\hdsd_raw\0363_Wosulin_30_70_1_1dm0XDrARiWi5D3ybLVc106jGafFPTyXg.pdf,4159822
364,Xamiol,1,https://drive.google.com/file/d/1fPgciQuBqqMJ4Sj0szVDXaWlTcosdAQb/view?usp=drive_link,1fPgciQuBqqMJ4Sj0szVDXaWlTcosdAQb,ok,200,dataset\hdsd_raw\0364_Xamiol_1_1fPgciQuBqqMJ4Sj0szVDXaWlTcosdAQb.pdf,2880908
365,BFS-Neostigmine 0.25,1,https://drive.google.com/file/d/1eGTSUrRZ9keoz339NgzqIgVVSvLA5ShG/view?usp=drive_link,1eGTSUrRZ9keoz339NgzqIgVVSvLA5ShG,ok,200,dataset\hdsd_raw\0365_BFS-Neostigmine_0_25_1_1eGTSUrRZ9keoz339NgzqIgVVSvLA5ShG.pdf,2482354
366,Dembele-HCTZ,1,https://drive.google.com/file/d/1lB4stoxKbYIqG0dyYnmGQCpo9RimIQk-/view?usp=drive_link,1lB4stoxKbYIqG0dyYnmGQCpo9RimIQk-,ok,200,dataset\hdsd_raw\0366_Dembele-HCTZ_1_1lB4stoxKbYIqG0dyYnmGQCpo9RimIQk-.pdf,14273475
367,Cefotiam 2g,1,https://drive.google.com/file/d/1bZYTPBMvpQCSs9JjBwufk1lC7s6xDEZd/view?usp=drive_link,1bZYTPBMvpQCSs9JjBwufk1lC7s6xDEZd,ok,200,dataset\hdsd_raw\0367_Cefotiam_2g_1_1bZYTPBMvpQCSs9JjBwufk1lC7s6xDEZd.pdf,2753951
368,Actelno,1,https://drive.google.com/file/d/1Pksuo3FDZykF1aUt9WEc5Uet_u7y4EcV/view?usp=drive_link,1Pksuo3FDZykF1aUt9WEc5Uet_u7y4EcV,ok,200,dataset\hdsd_raw\0368_Actelno_1_1Pksuo3FDZykF1aUt9WEc5Uet_u7y4EcV.pdf,2034344
369,BFS-Naloxone,1,https://drive.google.com/file/d/1a-8v2bPUnKkzb8_Ec67bi4fg7wpB-hea/view?usp=drive_link,1a-8v2bPUnKkzb8_Ec67bi4fg7wpB-hea,ok,200,dataset\hdsd_raw\0369_BFS-Naloxone_1_1a-8v2bPUnKkzb8_Ec67bi4fg7wpB-hea.pdf,3055425
370,Xatral XL 10mg,1,https://drive.google.com/file/d/1Utoa2sVlVNLL4TH7-7XQb16hDXEXXxuC/view?usp=drive_link,1Utoa2sVlVNLL4TH7-7XQb16hDXEXXxuC,bad_response:text/html,404,,0
371,Decebal 50,1,https://drive.google.com/file/d/1QE-mwWLVn3CUhW8DbqQp7F1ZFL54pN6X/view?usp=drive_link,1QE-mwWLVn3CUhW8DbqQp7F1ZFL54pN6X,ok,200,dataset\hdsd_raw\0371_Decebal_50_1_1QE-mwWLVn3CUhW8DbqQp7F1ZFL54pN6X.pdf,5418096
372,Cefopefast-S 3000,1,https://drive.google.com/file/d/1_DCo_Sa0RT9ovaPDovT51irunIf_-GCb/view?usp=drive_link,1_DCo_Sa0RT9ovaPDovT51irunIf_-GCb,ok,200,dataset\hdsd_raw\0372_Cefopefast-S_3000_1_1_DCo_Sa0RT9ovaPDovT51irunIf_-GCb.pdf,2535821
373,"BFS-Nabica 8,4%",1,https://drive.google.com/file/d/1iZnWMNYLA1x-wxlgSR7e1TcrwWkHfine/view?usp=drive_link,1iZnWMNYLA1x-wxlgSR7e1TcrwWkHfine,ok,200,dataset\hdsd_raw\0373_BFS-Nabica_8_4_1_1iZnWMNYLA1x-wxlgSR7e1TcrwWkHfine.pdf,2060673
374,Aciste 3 MIU,1,https://drive.google.com/file/d/1Q_xbJBtnAGuJEAZYcAkjjSUHl_ElXzzV/view?usp=sharing,1Q_xbJBtnAGuJEAZYcAkjjSUHl_ElXzzV,ok,200,dataset\hdsd_raw\0374_Aciste_3_MIU_1_1Q_xbJBtnAGuJEAZYcAkjjSUHl_ElXzzV.pdf,14928330
375,Xonatrix forte,1,https://drive.google.com/file/d/1f45a6dYyvXAYDABFLJ8BbOEqBkoKfzd6/view?usp=sharing,1f45a6dYyvXAYDABFLJ8BbOEqBkoKfzd6,ok,200,dataset\hdsd_raw\0375_Xonatrix_forte_1_1f45a6dYyvXAYDABFLJ8BbOEqBkoKfzd6.pdf,2312341
376,BFS-Mecobal,1,https://drive.google.com/file/d/1Hqyv7lTQr4tza4-YDE9MsnkS8RffjXWU/view?usp=drive_link,1Hqyv7lTQr4tza4-YDE9MsnkS8RffjXWU,ok,200,dataset\hdsd_raw\0376_BFS-Mecobal_1_1Hqyv7lTQr4tza4-YDE9MsnkS8RffjXWU.pdf,2398235
377,Xylocaine Jelly,1,https://drive.google.com/file/d/1xJPRx1C5lnkILFa6nrEYtH_qBsnG_hJM/view?usp=drive_link,1xJPRx1C5lnkILFa6nrEYtH_qBsnG_hJM,bad_response:text/html,404,,0
378,Firstlexin 500,1,https://drive.google.com/file/d/1heyJ6sNt7TTan-RiXCcbV5nxrvqTfFX3/view?usp=drive_link,1heyJ6sNt7TTan-RiXCcbV5nxrvqTfFX3,ok,200,dataset\hdsd_raw\0378_Firstlexin_500_1_1heyJ6sNt7TTan-RiXCcbV5nxrvqTfFX3.pdf,4364133
379,Acido Tranexamico Bioindustria L.I.M,1,https://drive.google.com/file/d/1KllpbFRMFhCp0u5nJksM-K-p82fUJFXo/view?usp=drive_link,1KllpbFRMFhCp0u5nJksM-K-p82fUJFXo,ok,200,dataset\hdsd_raw\0379_Acido_Tranexamico_Bioindustria_L_I_M_1_1KllpbFRMFhCp0u5nJksM-K-p82fUJFXo.pdf,3489567
380,Bfavits 10/40,1,https://drive.google.com/file/d/1b0R8XgIYviGmkbSHDCT1FE1JDkpqvmd-/view?usp=drive_link,1b0R8XgIYviGmkbSHDCT1FE1JDkpqvmd-,ok,200,dataset\hdsd_raw\0380_Bfavits_10_40_1_1b0R8XgIYviGmkbSHDCT1FE1JDkpqvmd-.pdf,15045414
381,Zapnex-5,1,https://drive.google.com/file/d/1iivQ9a6z2vQgfXipU4P8qxJRyXRFut8E/view?usp=sharing,1iivQ9a6z2vQgfXipU4P8qxJRyXRFut8E,ok,200,dataset\hdsd_raw\0381_Zapnex-5_1_1iivQ9a6z2vQgfXipU4P8qxJRyXRFut8E.pdf,4615988
382,Aciclovir 800mg,1,https://drive.google.com/file/d/17nq2apvtqrfzIDn34u3-AH_vZSgkwuZG/view?usp=drive_link,17nq2apvtqrfzIDn34u3-AH_vZSgkwuZG,ok,200,dataset\hdsd_raw\0382_Aciclovir_800mg_1_17nq2apvtqrfzIDn34u3-AH_vZSgkwuZG.pdf,1607142
383,DCL-Dapagliflozin 10mg,1,https://drive.google.com/file/d/1n29pGsmyp4a0-UPOY2B-gm0fC20A5AcK/view?usp=drive_link,1n29pGsmyp4a0-UPOY2B-gm0fC20A5AcK,ok,200,dataset\hdsd_raw\0383_DCL-Dapagliflozin_10mg_1_1n29pGsmyp4a0-UPOY2B-gm0fC20A5AcK.pdf,18043379
384,Cebest,1,https://drive.google.com/file/d/1WW3WlXa-Q9ljuVif42b2KwtoKwtAkAjx/view?usp=drive_link,1WW3WlXa-Q9ljuVif42b2KwtoKwtAkAjx,ok,200,dataset\hdsd_raw\0384_Cebest_1_1WW3WlXa-Q9ljuVif42b2KwtoKwtAkAjx.pdf,6525842
385,Acheron 500mg/2ml,1,https://drive.google.com/file/d/1DlZs3iCEHVXQDZ9JqQT14-myS7qt7vwY/view?usp=drive_link,1DlZs3iCEHVXQDZ9JqQT14-myS7qt7vwY,ok,200,dataset\hdsd_raw\0385_Acheron_500mg_2ml_1_1DlZs3iCEHVXQDZ9JqQT14-myS7qt7vwY.pdf,5286629
386,CCL Valam 10/160 Tablet,1,https://drive.google.com/file/d/1XKgbFpknQGw7uNPcKUHgCB5FBaUtkST1/view?usp=sharing,1XKgbFpknQGw7uNPcKUHgCB5FBaUtkST1,ok,200,dataset\hdsd_raw\0386_CCL_Valam_10_160_Tablet_1_1XKgbFpknQGw7uNPcKUHgCB5FBaUtkST1.pdf,10493141
387,Enap HL 20mg/12.5mg,1,https://drive.google.com/file/d/1XenqseSNINDWLw6LooROl2hJQcIxaat6/view?usp=drive_link,1XenqseSNINDWLw6LooROl2hJQcIxaat6,ok,200,dataset\hdsd_raw\0387_Enap_HL_20mg_12_5mg_1_1XenqseSNINDWLw6LooROl2hJQcIxaat6.pdf,3616801
388,BETAMAKS 50MG TABLETS,1,https://drive.google.com/file/d/134oZiy8_dRs3U64TCYITVPLv8LsUMvlE/view?usp=drive_link,134oZiy8_dRs3U64TCYITVPLv8LsUMvlE,ok,200,dataset\hdsd_raw\0388_BETAMAKS_50MG_TABLETS_1_134oZiy8_dRs3U64TCYITVPLv8LsUMvlE.pdf,8635327
389,Fenidel,1,https://drive.google.com/file/d/1OPvKwa0ITDFGWCMxpr3VkF1ZQCzQolAH/view?usp=drive_link,1OPvKwa0ITDFGWCMxpr3VkF1ZQCzQolAH,ok,200,dataset\hdsd_raw\0389_Fenidel_1_1OPvKwa0ITDFGWCMxpr3VkF1ZQCzQolAH.pdf,14131414
390,Dareq,1,https://drive.google.com/file/d/1aZndL6Mqt7YjKAMn8wsWYGAQ4s_h6t6q/view?usp=drive_link,1aZndL6Mqt7YjKAMn8wsWYGAQ4s_h6t6q,ok,200,dataset\hdsd_raw\0390_Dareq_1_1aZndL6Mqt7YjKAMn8wsWYGAQ4s_h6t6q.pdf,2161341
391,Zensonid,1,https://drive.google.com/file/d/1UR9o8jp5C_gb_wPWgFfChiXUneT6yedj/view?usp=sharing,1UR9o8jp5C_gb_wPWgFfChiXUneT6yedj,ok,200,dataset\hdsd_raw\0391_Zensonid_1_1UR9o8jp5C_gb_wPWgFfChiXUneT6yedj.pdf,3146410
392,BETAHISTIN 8 A.T,1,https://drive.google.com/file/d/13ZE5VTeIMuM6ppqSK9qESDiyTkJdEqxO/view?usp=drive_link,13ZE5VTeIMuM6ppqSK9qESDiyTkJdEqxO,ok,200,dataset\hdsd_raw\0392_BETAHISTIN_8_A_T_1_13ZE5VTeIMuM6ppqSK9qESDiyTkJdEqxO.pdf,2492372
393,Carmotop 25 mg- Carmotop 50 mg,1,https://drive.google.com/file/d/17mGHuk_JGIb72yo9DT-CpQcRdKmzY624/view?usp=drive_link,17mGHuk_JGIb72yo9DT-CpQcRdKmzY624,ok,200,dataset\hdsd_raw\0393_Carmotop_25_mg-_Carmotop_50_mg_1_17mGHuk_JGIb72yo9DT-CpQcRdKmzY624.pdf,7366703
393,Carmotop 25 mg- Carmotop 50 mg,2,https://drive.google.com/file/d/1StSld4jXm0cImHnS8zUoSpz8U-j3iB23/view?usp=drive_link,1StSld4jXm0cImHnS8zUoSpz8U-j3iB23,ok,200,dataset\hdsd_raw\0393_Carmotop_25_mg-_Carmotop_50_mg_2_1StSld4jXm0cImHnS8zUoSpz8U-j3iB23.pdf,8702923
394,ZIMAXAPC 500,1,https://drive.google.com/file/d/13HtCMD24Zqn-AK92XZIfNlHZEXKwpaHT/view?usp=sharing,13HtCMD24Zqn-AK92XZIfNlHZEXKwpaHT,ok,200,dataset\hdsd_raw\0394_ZIMAXAPC_500_1_13HtCMD24Zqn-AK92XZIfNlHZEXKwpaHT.pdf,3148489
395,Emla,1,https://drive.google.com/file/d/1sElGKtd7-aJZE1It7oI7P34KOjrO2ATV/view?usp=drive_link,1sElGKtd7-aJZE1It7oI7P34KOjrO2ATV,bad_response:text/html,404,,0
396,Carbidopa/Levodopa tablets 10/100 mg,1,https://drive.google.com/file/d/1k5fo63CGQqNrC_5EpHP54bqGanyQle8Q/view?usp=drive_link,1k5fo63CGQqNrC_5EpHP54bqGanyQle8Q,ok,200,dataset\hdsd_raw\0396_Carbidopa_Levodopa_tablets_10_100_mg_1_1k5fo63CGQqNrC_5EpHP54bqGanyQle8Q.pdf,8310726
397,A.T Urea 20%,1,https://drive.google.com/file/d/11y8Ay2TNUJoBbmWzqvJ3MqPGTZLHYdMQ/view?usp=drive_link,11y8Ay2TNUJoBbmWzqvJ3MqPGTZLHYdMQ,ok,200,dataset\hdsd_raw\0397_A_T_Urea_20_1_11y8Ay2TNUJoBbmWzqvJ3MqPGTZLHYdMQ.pdf,1055826
398,A.T Salbutamol inj,1,https://drive.google.com/file/d/1wNMsnMrOA2hYW41fbn6Rk7EX-H1ms8Tp/view?usp=drive_link,1wNMsnMrOA2hYW41fbn6Rk7EX-H1ms8Tp,ok,200,dataset\hdsd_raw\0398_A_T_Salbutamol_inj_1_1wNMsnMrOA2hYW41fbn6Rk7EX-H1ms8Tp.pdf,2745113
399,Zoamco - A,1,https://drive.google.com/file/d/1ya_GxzstEsSPXhR4RCjI5_EAbfUC4DNj/view?usp=sharing,1ya_GxzstEsSPXhR4RCjI5_EAbfUC4DNj,ok,200,dataset\hdsd_raw\0399_Zoamco_-_A_1_1ya_GxzstEsSPXhR4RCjI5_EAbfUC4DNj.pdf,8603418
400,Fenbrat 200M,1,https://drive.google.com/file/d/19drOEiINbAWvTZGWfAYnfmarosw4IiNB/view?usp=drive_link,19drOEiINbAWvTZGWfAYnfmarosw4IiNB,ok,200,dataset\hdsd_raw\0400_Fenbrat_200M_1_19drOEiINbAWvTZGWfAYnfmarosw4IiNB.pdf,4111145
401,Carbamazepin 200 mg,1,https://drive.google.com/file/d/1gA_japSOZ-AOAaYvtEsqcaaCV3hkBt7B/view?usp=drive_link,1gA_japSOZ-AOAaYvtEsqcaaCV3hkBt7B,ok,200,dataset\hdsd_raw\0401_Carbamazepin_200_mg_1_1gA_japSOZ-AOAaYvtEsqcaaCV3hkBt7B.pdf,1572528
402,BASAGLAR,1,https://drive.google.com/file/d/1p8loMGu6MlOjJ6vaPdFihT8ZTUORqAtC/view?usp=drive_link,1p8loMGu6MlOjJ6vaPdFihT8ZTUORqAtC,ok,200,dataset\hdsd_raw\0402_BASAGLAR_1_1p8loMGu6MlOjJ6vaPdFihT8ZTUORqAtC.pdf,6299684
403,Fegra 180,1,https://drive.google.com/file/d/19yERk7Oxkk5miuJ_00WW6n7pKd7lzTse/view?usp=drive_link,19yERk7Oxkk5miuJ_00WW6n7pKd7lzTse,ok,200,dataset\hdsd_raw\0403_Fegra_180_1_19yERk7Oxkk5miuJ_00WW6n7pKd7lzTse.pdf,859483
404,A.T Rosuvastatin 20,1,https://drive.google.com/file/d/1yNNDrXp4fSUV5JYZgrUYcKzDaHE26_d5/view?usp=drive_link,1yNNDrXp4fSUV5JYZgrUYcKzDaHE26_d5,ok,200,dataset\hdsd_raw\0404_A_T_Rosuvastatin_20_1_1yNNDrXp4fSUV5JYZgrUYcKzDaHE26_d5.pdf,3073255
405,Ecoxia 30,1,https://drive.google.com/file/d/1ktoroQSskv0vXLK1GVeQLs5L0j-oEPP_/view?usp=drive_link,1ktoroQSskv0vXLK1GVeQLs5L0j-oEPP_,ok,200,dataset\hdsd_raw\0405_Ecoxia_30_1_1ktoroQSskv0vXLK1GVeQLs5L0j-oEPP_.pdf,5135663
406,A.T Noradrenaline 1mg/ml,1,https://drive.google.com/file/d/1mC_XfdRWhWWEUo6FM0dsgSin2Xf6qewy/view?usp=drive_link,1mC_XfdRWhWWEUo6FM0dsgSin2Xf6qewy,ok,200,dataset\hdsd_raw\0406_A_T_Noradrenaline_1mg_ml_1_1mC_XfdRWhWWEUo6FM0dsgSin2Xf6qewy.pdf,5606089
406,A.T Noradrenaline 1mg/ml,2,https://drive.google.com/file/d/1mC_XfdRWhWWEUo6FM0dsgSin2Xf6qewy/view?usp=sharing,1mC_XfdRWhWWEUo6FM0dsgSin2Xf6qewy,ok,200,dataset\hdsd_raw\0406_A_T_Noradrenaline_1mg_ml_2_1mC_XfdRWhWWEUo6FM0dsgSin2Xf6qewy.pdf,5606089
407,Bacsulfo 1g/1g,1,https://drive.google.com/file/d/15ZFSm-ESaleRsgsY5DWAlsz8JXfa91Qv/view?usp=drive_link,15ZFSm-ESaleRsgsY5DWAlsz8JXfa91Qv,ok,200,dataset\hdsd_raw\0407_Bacsulfo_1g_1g_1_15ZFSm-ESaleRsgsY5DWAlsz8JXfa91Qv.pdf,5530253
408,Dabilet,1,https://drive.google.com/file/d/1Sc840yyXuOrklidIj3uNYehM3QlU0znx/view?usp=drive_link,1Sc840yyXuOrklidIj3uNYehM3QlU0znx,ok,200,dataset\hdsd_raw\0408_Dabilet_1_1Sc840yyXuOrklidIj3uNYehM3QlU0znx.pdf,16677487
409,A.T Ketoconazole 2%,1,https://drive.google.com/file/d/1U8oysy-So_iA4KYg0ASflrdnM2UdOc9Q/view?usp=drive_link,1U8oysy-So_iA4KYg0ASflrdnM2UdOc9Q,ok,200,dataset\hdsd_raw\0409_A_T_Ketoconazole_2_1_1U8oysy-So_iA4KYg0ASflrdnM2UdOc9Q.pdf,2232329
410,Fefasdin 120,1,https://drive.google.com/file/d/1Qnxo3-zQY4ZAis2-FItoTzye40wF57Wl/view?usp=drive_link,1Qnxo3-zQY4ZAis2-FItoTzye40wF57Wl,ok,200,dataset\hdsd_raw\0410_Fefasdin_120_1_1Qnxo3-zQY4ZAis2-FItoTzye40wF57Wl.pdf,1568487
411,Ebitac 25,1,https://drive.google.com/file/d/1rynghGInV_qVjtCqCSZFCdy67W04GaJ3/view?usp=drive_link,1rynghGInV_qVjtCqCSZFCdy67W04GaJ3,ok,200,dataset\hdsd_raw\0411_Ebitac_25_1_1rynghGInV_qVjtCqCSZFCdy67W04GaJ3.pdf,5815398
412,Caldihasan,1,https://drive.google.com/file/d/1V64cyWzMIX_i4viMl4SJPqD3LOih6Wew/view?usp=drive_link,1V64cyWzMIX_i4viMl4SJPqD3LOih6Wew,ok,200,dataset\hdsd_raw\0412_Caldihasan_1_1V64cyWzMIX_i4viMl4SJPqD3LOih6Wew.pdf,3585744
413,BACI-SUBTI,1,https://drive.google.com/file/d/1MgI0KrNFjqBJOKX2tyGNMc9Ni9pEH-RA/view?usp=drive_link,1MgI0KrNFjqBJOKX2tyGNMc9Ni9pEH-RA,ok,200,dataset\hdsd_raw\0413_BACI-SUBTI_1_1MgI0KrNFjqBJOKX2tyGNMc9Ni9pEH-RA.pdf,4166143
414,D-Cure 25.000 IU,1,https://drive.google.com/file/d/1U90pmB8D6dCmZbuJkcvVD5FPGlhMNqoe/view?usp=drive_link,1U90pmB8D6dCmZbuJkcvVD5FPGlhMNqoe,ok,200,dataset\hdsd_raw\0414_D-Cure_25_000_IU_1_1U90pmB8D6dCmZbuJkcvVD5FPGlhMNqoe.pdf,3697226
415,Ebarsun,1,https://drive.google.com/file/d/17RlR0qHWD2g7U9beFiTg8X9Px7MZ3F1F/view?usp=drive_link,17RlR0qHWD2g7U9beFiTg8X9Px7MZ3F1F,ok,200,dataset\hdsd_raw\0415_Ebarsun_1_17RlR0qHWD2g7U9beFiTg8X9Px7MZ3F1F.pdf,2091477
416,Famogast,1,https://drive.google.com/file/d/1BiTpgeeKS_OWJedphI0nmk9Lm0HAYyWB/view?usp=drive_link,1BiTpgeeKS_OWJedphI0nmk9Lm0HAYyWB,ok,200,dataset\hdsd_raw\0416_Famogast_1_1BiTpgeeKS_OWJedphI0nmk9Lm0HAYyWB.pdf,2050646
417,3B-Medi,1,https://drive.google.com/file/d/1Zuario4ToFZy7OGWbtozdrzkGAqgXuR5/view?usp=drive_link,1Zuario4ToFZy7OGWbtozdrzkGAqgXuR5,ok,200,dataset\hdsd_raw\0417_3B-Medi_1_1Zuario4ToFZy7OGWbtozdrzkGAqgXuR5.pdf,4027639
418,"Crestor 5mg, 10mg, 20mg",1,https://drive.google.com/file/d/1Z47vfkp-7QDLXrUJxELrbus9JURTb-BT/view?usp=sharing,1Z47vfkp-7QDLXrUJxELrbus9JURTb-BT,bad_response:text/html,404,,0
419,Cravit,1,https://drive.google.com/file/d/1oTVORAMQ3F_onqzR_Ki1JvPyx1-g1EkE/view?usp=sharing,1oTVORAMQ3F_onqzR_Ki1JvPyx1-g1EkE,bad_response:text/html,404,,0
420,Piascledine,1,https://drive.google.com/file/d/1_6dhlvjXT-ZZgzqlVxx2ZH7JMNlqs2zL/view?usp=sharing,1_6dhlvjXT-ZZgzqlVxx2ZH7JMNlqs2zL,bad_response:text/html,404,,0
421,Sifrol,1,https://drive.google.com/file/d/1rCH3TfEMAh6jfzhLJ5XPm1XLGUSGTny1/view?usp=sharing,1rCH3TfEMAh6jfzhLJ5XPm1XLGUSGTny1,bad_response:text/html,404,,0
422,Meyernota,1,https://drive.google.com/file/d/1FJEps4m0HU4l9vy6WuhLV4hCg11_Rcyc/view?usp=drive_link,1FJEps4m0HU4l9vy6WuhLV4hCg11_Rcyc,bad_response:text/html,404,,0
423,Perglim M-2,1,https://drive.google.com/file/d/1B4z8tGnF8AAHk-qxLy9NhDbYA8W4h-W2/view?usp=drive_link,1B4z8tGnF8AAHk-qxLy9NhDbYA8W4h-W2,bad_response:text/html,404,,0
424,Soliqua Solostar,1,https://drive.google.com/file/d/1owmTgJmPVESD2cUnXyMBxQ2yEKN8YF4H/view?usp=sharing,1owmTgJmPVESD2cUnXyMBxQ2yEKN8YF4H,bad_response:text/html,404,,0
425,Colchicine,1,https://drive.google.com/file/d/1fCxs9IR7N_iWzzJxn2-Nt_hoXMQDDez1/view?usp=drive_link,1fCxs9IR7N_iWzzJxn2-Nt_hoXMQDDez1,bad_response:text/html,404,,0
426,SOTRETRAN 10mg,1,https://drive.google.com/file/d/10hnY1xcggAdF2GeWnbEdECCE_IoXBoa3/view?usp=drive_link,10hnY1xcggAdF2GeWnbEdECCE_IoXBoa3,bad_response:text/html,404,,0
427,Clarithromycin Stella 500mg,1,https://drive.google.com/file/d/1k9fmzu33A2Btn14fWQGcAlFc1FIwzK9B/view?usp=sharing,1k9fmzu33A2Btn14fWQGcAlFc1FIwzK9B,bad_response:text/html,404,,0
428,Mesogold 500,1,https://drive.google.com/file/d/1j-G8ygMylnzOS1LBaceSxaer_9Op6Ipp/view?usp=drive_link,1j-G8ygMylnzOS1LBaceSxaer_9Op6Ipp,bad_response:text/html,404,,0
429,Sucrafil Suspension,1,https://drive.google.com/file/d/1Yl1bsJgyS8I84pjmnzQEjnd9bChi8UsD/view?usp=sharing,1Yl1bsJgyS8I84pjmnzQEjnd9bChi8UsD,bad_response:text/html,404,,0
430,Clabact 250,1,https://drive.google.com/file/d/1YegWOzYBqTwk6PbLTmgHEU3pIGI2Na0q/view?usp=sharing,1YegWOzYBqTwk6PbLTmgHEU3pIGI2Na0q,bad_response:text/html,404,,0
431,Duchat,1,https://drive.google.com/file/d/1xLrsWwaGmvbdtp-hMZoLOuKLXuKQefoo/view?usp=sharing,1xLrsWwaGmvbdtp-hMZoLOuKLXuKQefoo,bad_response:text/html,404,,0
432,Cifga,1,https://drive.google.com/file/d/1LdsL_7tjzFKnttqj9p1wi-jn8BBA6pVu/view?usp=sharing,1LdsL_7tjzFKnttqj9p1wi-jn8BBA6pVu,bad_response:text/html,404,,0
433,Sumam,1,https://drive.google.com/file/d/1xfS3--3RrTRkqFkecR7Xjqc1xJ1DgHXQ/view?usp=sharing,1xfS3--3RrTRkqFkecR7Xjqc1xJ1DgHXQ,bad_response:text/html,404,,0
434,Gluthion 1200,1,https://drive.google.com/file/d/16TxZWAH75lylqTYu4uJ8WuqBVqdcatPu/view?usp=drive_link,16TxZWAH75lylqTYu4uJ8WuqBVqdcatPu,bad_response:text/html,404,,0
435,Auvit-B50,1,https://drive.google.com/file/d/1iVsE8k5b0VqwU593ncNMQVKy_b6dCB33/view?usp=sharing,1iVsE8k5b0VqwU593ncNMQVKy_b6dCB33,bad_response:text/html,404,,0
436,Cardioton,1,https://drive.google.com/file/d/1w1XhFoTLqytm1qwfUj_bFNcj7pYCRtk5/view?usp=sharing,1w1XhFoTLqytm1qwfUj_bFNcj7pYCRtk5,bad_response:text/html,404,,0
437,HYALGAN,1,https://drive.google.com/file/d/1fBBf5qdSXYtjY2efk-jBtbYPHk1zLkiI/view?usp=sharing,1fBBf5qdSXYtjY2efk-jBtbYPHk1zLkiI,bad_response:text/html,404,,0
438,Branchamine,1,https://drive.google.com/file/d/1WS1o1cSBAzuxOPdBhAFALl4sxw4yCcx_/view?usp=sharing,1WS1o1cSBAzuxOPdBhAFALl4sxw4yCcx_,bad_response:text/html,404,,0
439,Atsotine Soft Capsule,1,https://drive.google.com/file/d/1ZFNsntRmPEub6-x-X7zu1EomknWykD57/view?usp=drive_link,1ZFNsntRmPEub6-x-X7zu1EomknWykD57,bad_response:text/html,404,,0
440,Gikorcen,1,https://drive.google.com/file/d/1PQvFKMlYYY4HM_DuR44j2vHHAd-vID7X/view?usp=sharing,1PQvFKMlYYY4HM_DuR44j2vHHAd-vID7X,bad_response:text/html,404,,0
441,Tanakan,1,https://drive.google.com/file/d/16Bv1Remwibbye7yPW4CJgepkQBpyM2-X/view?usp=drive_link,16Bv1Remwibbye7yPW4CJgepkQBpyM2-X,bad_response:text/html,404,,0
442,Calvin Plus,1,https://drive.google.com/file/d/1HLhVVWSEv-LDwznDEYo1lanngna5l0Vh/view?usp=sharing,1HLhVVWSEv-LDwznDEYo1lanngna5l0Vh,bad_response:text/html,404,,0
443,Fortrans,1,https://drive.google.com/file/d/1xYn4LZmGHD8-38PDEBzw2KU8yU5ZN2gU/view?usp=drive_link,1xYn4LZmGHD8-38PDEBzw2KU8yU5ZN2gU,bad_response:text/html,404,,0
444,Datviron,1,https://drive.google.com/file/d/1AEDOZm47AO6yCtlOeVdam3nkKrMw28X4/view?usp=drive_link,1AEDOZm47AO6yCtlOeVdam3nkKrMw28X4,bad_response:text/html,404,,0
445,Thyrozol 5mg,1,https://drive.google.com/file/d/1b4hkGh36raYohWBYLYKEssECvYIZcQgG/view?usp=sharing,1b4hkGh36raYohWBYLYKEssECvYIZcQgG,bad_response:text/html,404,,0
446,Gimtafort,1,https://drive.google.com/file/d/1RheJ4cN8_MYDpITmSI-SZuQzFP0ohHGl/view?usp=drive_link,1RheJ4cN8_MYDpITmSI-SZuQzFP0ohHGl,bad_response:text/html,404,,0
447,Bromtab 40 tablet,1,https://drive.google.com/file/d/1QU5iwQh3xliCKyeTUsXDWGkrXLlPhlVW/view?usp=drive_link,1QU5iwQh3xliCKyeTUsXDWGkrXLlPhlVW,bad_response:text/html,404,,0
448,AlphaDHG,1,https://drive.google.com/file/d/1yl-Hm_onqQHBX_71EOpZPsp65aDCEotx/view?usp=sharing,1yl-Hm_onqQHBX_71EOpZPsp65aDCEotx,bad_response:text/html,404,,0
449,Batonat,1,https://drive.google.com/file/d/1xVHt6DKK917xQ8QQwtzFrEKS2GinI7iZ/view?usp=sharing,1xVHt6DKK917xQ8QQwtzFrEKS2GinI7iZ,bad_response:text/html,404,,0
450,Zitromax,1,https://drive.google.com/file/d/1ROAHmeYhMO7Z9tVM8rI1x_0Vvz1g24bA/view?usp=sharing,1ROAHmeYhMO7Z9tVM8rI1x_0Vvz1g24bA,bad_response:text/html,404,,0
451,FLOEZY,1,https://drive.google.com/file/d/1V02UMNeP1HeOlEAFJVizocMyWQkOYOA8/view?usp=sharing,1V02UMNeP1HeOlEAFJVizocMyWQkOYOA8,bad_response:text/html,404,,0
452,A.T Silymarin 117 mg,1,https://drive.google.com/file/d/1atQVWE8NuLd9xZMmglYc8J0g1-cjUF4y/view?usp=sharing,1atQVWE8NuLd9xZMmglYc8J0g1-cjUF4y,bad_response:text/html,404,,0
453,Fleet enema,1,https://drive.google.com/file/d/1oSnPlPSw2uEdM5V1KMYqnjSbhK_Ru90n/view?usp=drive_link,1oSnPlPSw2uEdM5V1KMYqnjSbhK_Ru90n,ok,200,dataset\hdsd_raw\0453_Fleet_enema_1_1oSnPlPSw2uEdM5V1KMYqnjSbhK_Ru90n.pdf,1275815
454,Ladyformin,1,https://drive.google.com/file/d/1yKD370_BhIBAmZXi4atGppk7C-O8BF_k/view?usp=drive_link,1yKD370_BhIBAmZXi4atGppk7C-O8BF_k,bad_response:text/html,404,,0
455,Ganasef 3000,1,https://drive.google.com/file/d/1N0sm11P9NbGjkVqWL3P7cCMMs4_R7NrS/view?usp=sharing,1N0sm11P9NbGjkVqWL3P7cCMMs4_R7NrS,bad_response:text/html,404,,0
456,Fefolic DWP 100 mg/350 mcg,1,https://drive.google.com/file/d/10_3g65rygD6WWHqDdExwOOKr2z3JLONb/view?usp=sharing,10_3g65rygD6WWHqDdExwOOKr2z3JLONb,bad_response:text/html,404,,0
457,A.T Glutathione 600 inj,1,https://drive.google.com/file/d/12gdrbZp3pygk1Ta2fdyJUKWW35bjY4wm/view?usp=drive_link,12gdrbZp3pygk1Ta2fdyJUKWW35bjY4wm,bad_response:text/html,404,,0
458,Betadine Gargle and Mouthwash,1,https://drive.google.com/file/d/1VwVGh76VRo8q4VcEzkW9iidLkDLlkc9n/view?usp=drive_link,1VwVGh76VRo8q4VcEzkW9iidLkDLlkc9n,bad_response:text/html,404,,0
459,Cavinton,1,https://drive.google.com/file/d/1w1XhFoTLqytm1qwfUj_bFNcj7pYCRtk5/view?usp=sharing,1w1XhFoTLqytm1qwfUj_bFNcj7pYCRtk5,bad_response:text/html,404,,0
460,Scanneuron,1,https://drive.google.com/file/d/1sLDbJHTEHwqhBkPdI3vCbhgc0WAsCogr/view?usp=sharing,1sLDbJHTEHwqhBkPdI3vCbhgc0WAsCogr,bad_response:text/html,404,,0
461,Pracetam 800,1,https://drive.google.com/file/d/1QhwGtMW1_qPa8kyt2hVtOU74xgWzA7OG/view?usp=sharing,1QhwGtMW1_qPa8kyt2hVtOU74xgWzA7OG,bad_response:text/html,404,,0
462,Batimed,1,https://drive.google.com/file/d/1VXnDIGpJxsoShmvmZydLrKVAyNNKVTE1/view?usp=sharing,1VXnDIGpJxsoShmvmZydLrKVAyNNKVTE1,bad_response:text/html,404,,0
463,Gintecin injection,1,https://drive.google.com/file/d/1RheJ4cN8_MYDpITmSI-SZuQzFP0ohHGl/view?usp=drive_link,1RheJ4cN8_MYDpITmSI-SZuQzFP0ohHGl,bad_response:text/html,404,,0
464,Trimoxtal 500/500,1,https://drive.google.com/file/d/1ySOB4tjPQ7WnI5Lq8jjInGaJJG7fcVCn/view?usp=sharing,1ySOB4tjPQ7WnI5Lq8jjInGaJJG7fcVCn,bad_response:text/html,404,,0
465,Ulcogen 800mg,1,https://drive.google.com/file/d/195EdUM4toraSBEOfmvAlhvJuRsPmNsV3/view?usp=sharing,195EdUM4toraSBEOfmvAlhvJuRsPmNsV3,bad_response:text/html,404,,0
466,Epalrest,1,https://drive.google.com/file/d/1k4x7SMfwRbG2ftRbwFSVp2Dj5qi4C2wu/view?usp=drive_link,1k4x7SMfwRbG2ftRbwFSVp2Dj5qi4C2wu,bad_response:text/html,404,,0
467,Hepasyzin,1,https://drive.google.com/file/d/1P-XOiENbbVoc2spRgrguT6FcBLM4fTdE/view?usp=sharing,1P-XOiENbbVoc2spRgrguT6FcBLM4fTdE,bad_response:text/html,404,,0
468,No-Spa forte,1,https://drive.google.com/file/d/1okYmZdTbvtfNncGBYbfPavVwI7fmCDQg/view?usp=drive_link,1okYmZdTbvtfNncGBYbfPavVwI7fmCDQg,bad_response:text/html,404,,0
469,Boncium,1,https://drive.google.com/file/d/1SkB-2x6nXKW7s7SzZDjockClYDuzb2am/view?usp=drive_link,1SkB-2x6nXKW7s7SzZDjockClYDuzb2am,bad_response:text/html,404,,0
470,Phlorofon ODT,1,https://drive.google.com/file/d/19jX9x7sOFkCZ4s1HV1pp3cyZlaXbSXVM/view?usp=drive_link,19jX9x7sOFkCZ4s1HV1pp3cyZlaXbSXVM,bad_response:text/html,404,,0
471,Stadovas 5 CAP,1,https://drive.google.com/file/d/1u6408qbKIa2tdqJoLTzAmab0uvFr98K3/view?usp=sharing,1u6408qbKIa2tdqJoLTzAmab0uvFr98K3,bad_response:text/html,404,,0
472,Motilium-M,1,https://drive.google.com/file/d/1kkWq_HdtCQaILzcwCZMiRxhX_v9Ck0z4/view?usp=sharing,1kkWq_HdtCQaILzcwCZMiRxhX_v9Ck0z4,bad_response:text/html,404,,0
473,Daivonex,1,https://drive.google.com/file/d/1_w2fHQ64-CLkay97B-2zzjmdyf2H8TSL/view?usp=drive_link,1_w2fHQ64-CLkay97B-2zzjmdyf2H8TSL,bad_response:text/html,404,,0
474,Otrivin,1,https://drive.google.com/file/d/1tSD3Ib0RVa4MV8cyXEYgBI9Ak6s4ctRZ/view?usp=sharing,1tSD3Ib0RVa4MV8cyXEYgBI9Ak6s4ctRZ,bad_response:text/html,404,,0
475,Pelethrocin,1,https://drive.google.com/file/d/1glxXIXvEd0xUcJ1JtHfaZSQeVEs2UItX/view?usp=drive_link,1glxXIXvEd0xUcJ1JtHfaZSQeVEs2UItX,bad_response:text/html,404,,0
476,Yumangel F,1,https://drive.google.com/file/d/1lTQvM0PkJBFqFfqk1c3f_uQahbmjeOiK/view?usp=sharing,1lTQvM0PkJBFqFfqk1c3f_uQahbmjeOiK,bad_response:text/html,404,,0
477,Zolafren,1,https://drive.google.com/file/d/1GK1Iiys16cakFSqcYe43wiiHT5OhSWFP/view?usp=sharing,1GK1Iiys16cakFSqcYe43wiiHT5OhSWFP,bad_response:text/html,404,,0
478,Bromanase,1,https://drive.google.com/file/d/19lh01Zbf-jrSjuP3D4mkFEUY31xfhsOl/view?usp=drive_link,19lh01Zbf-jrSjuP3D4mkFEUY31xfhsOl,bad_response:text/html,404,,0
479,Oflovid,1,https://drive.google.com/file/d/12ESFU2jiZpCo4EuErzUYRE-10cZCnBKK/view?usp=drive_link,12ESFU2jiZpCo4EuErzUYRE-10cZCnBKK,bad_response:text/html,404,,0
480,Aspirin tab DWP 100mg,1,https://drive.google.com/file/d/1iJYxVAEf6-5w0kANPVjlDvPEO6D9kDbm/view?usp=sharing,1iJYxVAEf6-5w0kANPVjlDvPEO6D9kDbm,bad_response:text/html,404,,0
481,Nevanac,1,https://drive.google.com/file/d/1gOvbWPHjax8M7q1x1VWALclHkpNAtDxj/view?usp=sharing,1gOvbWPHjax8M7q1x1VWALclHkpNAtDxj,bad_response:text/html,404,,0
482,Acetazolamid DWP 250mg,1,https://drive.google.com/file/d/1pGu6tR5m8kU5K7pMc8Ec_nAYpy9In8cS/view?usp=sharing,1pGu6tR5m8kU5K7pMc8Ec_nAYpy9In8cS,bad_response:text/html,404,,0
483,BUTAVELL,1,https://drive.google.com/file/d/12S7e7tnMQobm0SiJHCZO8R8D3YSF6UnK/view?usp=drive_link,12S7e7tnMQobm0SiJHCZO8R8D3YSF6UnK,bad_response:text/html,404,,0
484,Kavasdin 5,1,https://drive.google.com/file/d/1_gkwD3qrlmGpAGgz2wIvBtre_5iW-r2M/view?usp=sharing,1_gkwD3qrlmGpAGgz2wIvBtre_5iW-r2M,bad_response:text/html,404,,0
485,Ondanov 8mg Injection,1,https://drive.google.com/file/d/1Z9in8OVEWcsLx7v8cPwpQm330BBarAYM/view?usp=sharing,1Z9in8OVEWcsLx7v8cPwpQm330BBarAYM,bad_response:text/html,404,,0
486,Tranexamic acid 250mg/5ml,1,https://drive.google.com/file/d/1w5IsmNjh1jBsa8IMyEPtdu1WTw0Mg7MK/view?usp=sharing,1w5IsmNjh1jBsa8IMyEPtdu1WTw0Mg7MK,bad_response:text/html,404,,0
486,Tranexamic acid 250mg/5ml,2,https://drive.google.com/file/d/19QKZD8F-_ucg7WYZbBbX8xS-lAJuu0SY/view?usp=sharing,19QKZD8F-_ucg7WYZbBbX8xS-lAJuu0SY,ok,200,dataset\hdsd_raw\0486_Tranexamic_acid_250mg_5ml_2_19QKZD8F-_ucg7WYZbBbX8xS-lAJuu0SY.pdf,1047905
487,Avelox,1,https://drive.google.com/file/d/1NAr7LJK0mf904PHKoMZ3pEolOMvlkP5M/view?usp=sharing,1NAr7LJK0mf904PHKoMZ3pEolOMvlkP5M,ok,200,dataset\hdsd_raw\0487_Avelox_1_1NAr7LJK0mf904PHKoMZ3pEolOMvlkP5M.pdf,673374
488,"NATRI CLORID 0,9%",1,https://drive.google.com/file/d/10N_QPgCw7c4CL9WNVG-cXe2TTeOu2TYz/view?usp=sharing,10N_QPgCw7c4CL9WNVG-cXe2TTeOu2TYz,bad_response:text/html,404,,0
489,Solezol,1,https://drive.google.com/file/d/1hDxM19gSsmFcWTOoHczl26PpVCOSKTx0/view?usp=sharing,1hDxM19gSsmFcWTOoHczl26PpVCOSKTx0,bad_response:text/html,404,,0
490,Agimoti,1,https://drive.google.com/file/d/1NZw3FO9pT8VU9PedQ0FnaaaNEpR9JnHj/view?usp=sharing,1NZw3FO9pT8VU9PedQ0FnaaaNEpR9JnHj,bad_response:text/html,404,,0
491,Zencombi,1,https://drive.google.com/file/d/1iX9iEhJJTkbBcM0ta9lARG8y-0TVLHq5/view?usp=sharing,1iX9iEhJJTkbBcM0ta9lARG8y-0TVLHq5,bad_response:text/html,404,,0
491,Zencombi,2,https://drive.google.com/file/d/1erlyYYhb9-RqWapaElR5a_rx57S7PrCJ/view?usp=sharing,1erlyYYhb9-RqWapaElR5a_rx57S7PrCJ,ok,200,dataset\hdsd_raw\0491_Zencombi_2_1erlyYYhb9-RqWapaElR5a_rx57S7PrCJ.pdf,2787620
492,Vitamin K,1,https://drive.google.com/file/d/1vrLdTLOUcRicY5l0UIA39PCW5QXqtI7k/view?usp=sharing,1vrLdTLOUcRicY5l0UIA39PCW5QXqtI7k,bad_response:text/html,404,,0
493,Reumokam,1,https://drive.google.com/file/d/1jUPyvNQd6lxw4OJSXLuw4d54JHMPEPgd/view?usp=sharing,1jUPyvNQd6lxw4OJSXLuw4d54JHMPEPgd,bad_response:text/html,404,,0
494,NOREPINEPHRIN KABI 1MG/ML,1,https://drive.google.com/file/d/1rgg_LlK3RtAr3FOOb_gypkg1EMAStBAg/view?usp=sharing,1rgg_LlK3RtAr3FOOb_gypkg1EMAStBAg,bad_response:text/html,404,,0
495,Vphonstar,1,https://drive.google.com/file/d/189lf6xjY_gQuhARcOzahCqGxSXZ0wvLs/view?usp=sharing,189lf6xjY_gQuhARcOzahCqGxSXZ0wvLs,bad_response:text/html,404,,0
496,Lipitor,1,https://drive.google.com/file/d/1A52LSw1z37sKuNTEf0Yk4DV1Jb4dj_po/view?usp=sharing,1A52LSw1z37sKuNTEf0Yk4DV1Jb4dj_po,ok,200,dataset\hdsd_raw\0496_Lipitor_1_1A52LSw1z37sKuNTEf0Yk4DV1Jb4dj_po.pdf,5403125
497,Haduliptin,1,https://drive.google.com/file/d/1LrQnzstmleE4nlNtgEFvBYF-LkdAByo0/view?usp=sharing,1LrQnzstmleE4nlNtgEFvBYF-LkdAByo0,bad_response:text/html,404,,0
498,Golddicron,1,https://drive.google.com/file/d/1jZ28J5lkgprD-5FxF5ziN8AWtOGw7QIX/view?usp=sharing,1jZ28J5lkgprD-5FxF5ziN8AWtOGw7QIX,bad_response:text/html,404,,0
499,Eperison 50,1,https://drive.google.com/file/d/1lHo6XIJ7GnEMJ4GoEt6jfBXFQxnPHb-h/view?usp=sharing,1lHo6XIJ7GnEMJ4GoEt6jfBXFQxnPHb-h,bad_response:text/html,404,,0
500,Doxazosin DWP 4mg,1,https://drive.google.com/file/d/1LwsL37OqlH0uX3bGefC_jrz_k0dNuln-/view?usp=sharing,1LwsL37OqlH0uX3bGefC_jrz_k0dNuln-,bad_response:text/html,404,,0
501,Aprovel,1,https://drive.google.com/file/d/1Ji0XYaeC29x3coTJ-VEPHLLAwA1mw4Zl/view?usp=sharing,1Ji0XYaeC29x3coTJ-VEPHLLAwA1mw4Zl,bad_response:text/html,404,,0
502,"Viticalat 1,6g",1,https://drive.google.com/file/d/1ZUYnyoFNv8_wVS2UNILB1TJ23FGH9Twz/view?usp=sharing,1ZUYnyoFNv8_wVS2UNILB1TJ23FGH9Twz,bad_response:text/html,404,,0
502,"Viticalat 1,6g",2,https://drive.google.com/file/d/1fNd37kVqlTfCEXjIAn_tNRBf132NOW9m/view?usp=sharing,1fNd37kVqlTfCEXjIAn_tNRBf132NOW9m,ok,200,dataset\hdsd_raw\0502_Viticalat_1_6g_2_1fNd37kVqlTfCEXjIAn_tNRBf132NOW9m.pdf,14006037
503,COVERSYL PLUS  Arginine,1,https://drive.google.com/file/d/1DaxLfxA3CvXTmJWR5MdUFQMmVqHji7FD/view?usp=sharing,1DaxLfxA3CvXTmJWR5MdUFQMmVqHji7FD,bad_response:text/html,404,,0
504,Systane Ultra,1,https://drive.google.com/file/d/1rNl4c12wFCEvWPLi4AxagJpIoagXj3SN/view?usp=sharing,1rNl4c12wFCEvWPLi4AxagJpIoagXj3SN,bad_response:text/html,404,,0
505,Sympal,1,https://drive.google.com/file/d/1xaCGi2cbP-EZLa86XBovOF1hMoL8U8du/view?usp=sharing,1xaCGi2cbP-EZLa86XBovOF1hMoL8U8du,bad_response:text/html,404,,0
506,VEDANAL FORT,1,https://drive.google.com/file/d/1isHFiIox_9JI8UWl3zAunOtDl4DoPmsF/view?usp=sharing,1isHFiIox_9JI8UWl3zAunOtDl4DoPmsF,bad_response:text/html,404,,0
507,Carbidopa Levodopa 25/250 mg Tablets,1,https://docs.google.com/document/d/1Lif_gulrtgPOhfDU1lGEKUd4JPDuQSRN/edit?usp=drive_link&ouid=101034203559455113861&rtpof=true&sd=true,1Lif_gulrtgPOhfDU1lGEKUd4JPDuQSRN,ok,200,dataset\hdsd_raw\0507_Carbidopa_Levodopa_25_250_mg_Tablets_1_1Lif_gulrtgPOhfDU1lGEKUd4JPDuQSRN.pdf,249572
508,Vitamin B1,1,https://drive.google.com/file/d/1zFd5LZ5jTgiuJ4N5pohM5YtixmyqtKB1/view?usp=sharing,1zFd5LZ5jTgiuJ4N5pohM5YtixmyqtKB1,bad_response:text/html,404,,0
509,Propofol-Lipuro 0.5% (5mg/ml),1,https://drive.google.com/file/d/139PgcZ8Wq9mx4_gJg41bg-CrGwh1ScXX/view?usp=drive_link,139PgcZ8Wq9mx4_gJg41bg-CrGwh1ScXX,ok,200,dataset\hdsd_raw\0509_Propofol-Lipuro_0_5_5mg_ml_1_139PgcZ8Wq9mx4_gJg41bg-CrGwh1ScXX.pdf,6296259
510,Tegretol 200,1,https://drive.google.com/file/d/1PekNBmh3Pl4jbWWFbuEUxwzAT03GnvzC/view?usp=sharing,1PekNBmh3Pl4jbWWFbuEUxwzAT03GnvzC,bad_response:text/html,404,,0
511,Suopinchon Injection,1,https://drive.google.com/file/d/1VpLiBbOP1z2FB59Ee7ROH2RAOeBcA66m/view?usp=sharing,1VpLiBbOP1z2FB59Ee7ROH2RAOeBcA66m,bad_response:text/html,404,,0
512,DIMAGEL,1,https://drive.google.com/file/d/1hgjuFnOAMgZ4Mz1Jf7F4p6tzigTl3xPS/view?usp=sharing,1hgjuFnOAMgZ4Mz1Jf7F4p6tzigTl3xPS,bad_response:text/html,404,,0
513,Pregabakern 50mg,1,https://drive.google.com/file/d/1UuKZvQiPmXVDS-tX5NAUCF67i2P1qESk/view?usp=sharing,1UuKZvQiPmXVDS-tX5NAUCF67i2P1qESk,bad_response:text/html,404,,0
514,Insulatard,1,https://drive.google.com/file/d/1XAFobPPiPu3xKveGDh-y9bjv5WmubB-n/view?usp=sharing,1XAFobPPiPu3xKveGDh-y9bjv5WmubB-n,bad_response:text/html,404,,0
515,Digoxin-Bfs,1,https://drive.google.com/file/d/1IdWEUaAUIYeZMfXlvZ-xbADISYU7dq5w/view?usp=drive_link,1IdWEUaAUIYeZMfXlvZ-xbADISYU7dq5w,ok,200,dataset\hdsd_raw\0515_Digoxin-Bfs_1_1IdWEUaAUIYeZMfXlvZ-xbADISYU7dq5w.pdf,7234774
516,Buston Injection,1,https://drive.google.com/file/d/1432Axbc5anTJBAiI7VD1-JilDN3C7pCB/view?usp=sharing,1432Axbc5anTJBAiI7VD1-JilDN3C7pCB,bad_response:text/html,404,,0
517,Mixtard® 30,1,https://docs.google.com/document/d/1_De8JeEN3ZnLNBC5UwgvPCQR6f10UbCJ/edit?usp=drive_link&ouid=107745387619945059215&rtpof=true&sd=true,1_De8JeEN3ZnLNBC5UwgvPCQR6f10UbCJ,ok,200,dataset\hdsd_raw\0517_Mixtard_30_1_1_De8JeEN3ZnLNBC5UwgvPCQR6f10UbCJ.pdf,212848
518,Betahema,1,https://drive.google.com/file/d/1JM8Xdkee4oj-8vzeWxNSWZFkiXJ6kHow/view?usp=sharing,1JM8Xdkee4oj-8vzeWxNSWZFkiXJ6kHow,bad_response:text/html,404,,0
518,Betahema,2,https://drive.google.com/file/d/1rkGTMCx3AvvE0kb6g3-n8eXPOFdfC7ik/view?usp=drive_link,1rkGTMCx3AvvE0kb6g3-n8eXPOFdfC7ik,ok,200,dataset\hdsd_raw\0518_Betahema_2_1rkGTMCx3AvvE0kb6g3-n8eXPOFdfC7ik.pdf,6047167
519,Actrapid,1,https://drive.google.com/file/d/10aMZ6_oAUV9BKmphCCJw_TYAR9zZTcbN/view?usp=sharing,10aMZ6_oAUV9BKmphCCJw_TYAR9zZTcbN,bad_response:text/html,404,,0
520,Trimafort,1,https://drive.google.com/file/d/1fM5R364BZ8neLiwMJsd5rzX9EBbbhH8U/view?usp=sharing,1fM5R364BZ8neLiwMJsd5rzX9EBbbhH8U,bad_response:text/html,404,,0
521,Kalira,1,https://drive.google.com/file/d/1ihvZYFnTw13FeI6CF7PxgSKP5yyclk5b/view?usp=sharing,1ihvZYFnTw13FeI6CF7PxgSKP5yyclk5b,ok,200,dataset\hdsd_raw\0521_Kalira_1_1ihvZYFnTw13FeI6CF7PxgSKP5yyclk5b.pdf,466336
522,Gelactive Fort,1,https://drive.google.com/file/d/1ROVP4KfYiDSpgmxWRQ-lPz9_9SMvlITM/view?usp=sharing,1ROVP4KfYiDSpgmxWRQ-lPz9_9SMvlITM,ok,200,dataset\hdsd_raw\0522_Gelactive_Fort_1_1ROVP4KfYiDSpgmxWRQ-lPz9_9SMvlITM.pdf,1691100
523,Pravastatin SaVi 10,1,https://drive.google.com/file/d/1x91mzWQPK6t1Zd9qsxvbJGXv5r28xX8P/view?usp=drive_link,1x91mzWQPK6t1Zd9qsxvbJGXv5r28xX8P,ok,200,dataset\hdsd_raw\0523_Pravastatin_SaVi_10_1_1x91mzWQPK6t1Zd9qsxvbJGXv5r28xX8P.pdf,2940051
524,Buvamed 400,1,https://drive.google.com/file/d/167WvmDQu7p6wWK090qqqKfO0QnNgIbt0/view?usp=sharing,167WvmDQu7p6wWK090qqqKfO0QnNgIbt0,bad_response:text/html,404,,0
524,Buvamed 400,2,https://drive.google.com/file/d/1UgNq1GhLboy2EV9MawVUVWn8VY2xILlL/view?usp=drive_link,1UgNq1GhLboy2EV9MawVUVWn8VY2xILlL,ok,200,dataset\hdsd_raw\0524_Buvamed_400_2_1UgNq1GhLboy2EV9MawVUVWn8VY2xILlL.pdf,11233019
525,Tenamyd-cefotaxime 2000,1,https://docs.google.com/document/d/1fua_shByzQRxJjE9tA5buqX_bEB7i3DX/edit?usp=drive_link&ouid=107745387619945059215&rtpof=true&sd=true,1fua_shByzQRxJjE9tA5buqX_bEB7i3DX,ok,200,dataset\hdsd_raw\0525_Tenamyd-cefotaxime_2000_1_1fua_shByzQRxJjE9tA5buqX_bEB7i3DX.pdf,283663
526,Vixcar,1,https://drive.google.com/file/d/1syElALMDgRp5zG_7DyTlbL5f1fxWf1L1/view?usp=sharing,1syElALMDgRp5zG_7DyTlbL5f1fxWf1L1,bad_response:text/html,404,,0
527,"Ocedetan 8/12,5",1,https://drive.google.com/file/d/1HDaPCXietozQ9uC4BGQduA-S7bgAahwo/view?usp=sharing,1HDaPCXietozQ9uC4BGQduA-S7bgAahwo,bad_response:text/html,404,,0
527,"Ocedetan 8/12,5",2,https://drive.google.com/file/d/1HDaPCXietozQ9uC4BGQduA-S7bgAahwo/view?usp=sharing,1HDaPCXietozQ9uC4BGQduA-S7bgAahwo,bad_response:text/html,404,,0
528,Savdiaride 2,1,https://drive.google.com/file/d/1PtJ4x9ZO-vCxNnk_hICR8m3_WX3nXTZk/view?usp=sharing,1PtJ4x9ZO-vCxNnk_hICR8m3_WX3nXTZk,bad_response:text/html,404,,0
529,METRONIDAZOLE / VIOSER,1,https://docs.google.com/document/d/1ohmb3f2MAvBDl3M4XyPhCMDrgRHU8OSJ/edit?usp=drive_link&ouid=107745387619945059215&rtpof=true&sd=true,1ohmb3f2MAvBDl3M4XyPhCMDrgRHU8OSJ,ok,200,dataset\hdsd_raw\0529_METRONIDAZOLE_VIOSER_1_1ohmb3f2MAvBDl3M4XyPhCMDrgRHU8OSJ.pdf,311971
530,Saferon,1,https://drive.google.com/file/d/1UGlPc6gJf6Il489phogoEtbzbc8nB16M/view?usp=sharing,1UGlPc6gJf6Il489phogoEtbzbc8nB16M,bad_response:text/html,404,,0
531,Rinalix-Xepa,1,https://drive.google.com/file/d/183CTIVh9ACyOtwRU5Xyp_tFW4rPTp0mr/view?usp=sharing,183CTIVh9ACyOtwRU5Xyp_tFW4rPTp0mr,bad_response:text/html,404,,0
532,Natrilix SR,1,https://drive.google.com/file/d/1bfPody5-RGWcb2MquiIxYmVE4_RKSa_4/view?usp=drive_link,1bfPody5-RGWcb2MquiIxYmVE4_RKSa_4,bad_response:text/html,404,,0
533,Ramipril Cap DWP 10mg,1,https://drive.google.com/file/d/1_ZS9Cs1xOKb7mmbu8ORmp3SIFEiW09_b/view?usp=drive_link,1_ZS9Cs1xOKb7mmbu8ORmp3SIFEiW09_b,ok,200,dataset\hdsd_raw\0533_Ramipril_Cap_DWP_10mg_1_1_ZS9Cs1xOKb7mmbu8ORmp3SIFEiW09_b.pdf,8652586
534,Silverzinc 50,1,https://drive.google.com/file/d/1HlXtIT0ugp6BNFyH-Q12e19pJo0wmF-i/view?usp=sharing,1HlXtIT0ugp6BNFyH-Q12e19pJo0wmF-i,bad_response:text/html,404,,0
535,CIPROFLOXACIN 200mg/100ml,1,https://docs.google.com/document/d/1QrM-BnjDaHrY_ouQ5GFM3pzL_7298Eg9/edit?usp=drive_link&ouid=107745387619945059215&rtpof=true&sd=true,1QrM-BnjDaHrY_ouQ5GFM3pzL_7298Eg9,ok,200,dataset\hdsd_raw\0535_CIPROFLOXACIN_200mg_100ml_1_1QrM-BnjDaHrY_ouQ5GFM3pzL_7298Eg9.pdf,292528
536,Savprocal D,1,https://drive.google.com/file/d/1UOnCs5HDW8Xy1E7hFUV14ENTP_ST_OB7/view?usp=sharing,1UOnCs5HDW8Xy1E7hFUV14ENTP_ST_OB7,bad_response:text/html,404,,0
537,Moritius,1,https://drive.google.com/file/d/1QBHxzLpCBqdUKdpMm2OTWREUXqQybosB/view?usp=sharing,1QBHxzLpCBqdUKdpMm2OTWREUXqQybosB,bad_response:text/html,404,,0
538,Hoạt huyết dưỡng não,1,https://drive.google.com/file/d/1m6xufNvAtlMjl7srgeuTDsc4MOxxsmex/view?usp=sharing,1m6xufNvAtlMjl7srgeuTDsc4MOxxsmex,bad_response:text/html,404,,0
539,CEFTAZIDIME 2000,1,https://docs.google.com/document/d/1_5puyus2EwwV450BHUte0KkkOdokDtqM/edit?usp=drive_link&ouid=107745387619945059215&rtpof=true&sd=true,1_5puyus2EwwV450BHUte0KkkOdokDtqM,ok,200,dataset\hdsd_raw\0539_CEFTAZIDIME_2000_1_1_5puyus2EwwV450BHUte0KkkOdokDtqM.pdf,330958
540,Gygaril-10,1,https://drive.google.com/file/d/1O-Xl0vnMn0PreHwNhcMDU--aflLZAnaG/view?usp=sharing,1O-Xl0vnMn0PreHwNhcMDU--aflLZAnaG,ok,200,dataset\hdsd_raw\0540_Gygaril-10_1_1O-Xl0vnMn0PreHwNhcMDU--aflLZAnaG.pdf,1365666
541,Fexodinefast 180,1,https://drive.google.com/file/d/19YMhqYoNvZFlQseQXaXIpb7sr2pOfOTM/view?usp=sharing,19YMhqYoNvZFlQseQXaXIpb7sr2pOfOTM,bad_response:text/html,404,,0
542,Cefotaxime 1g,1,https://docs.google.com/document/d/1XKIsjuaU1x1aRPMKxZl0h5XmuLzan_-J/edit?usp=drive_link&ouid=107745387619945059215&rtpof=true&sd=true,1XKIsjuaU1x1aRPMKxZl0h5XmuLzan_-J,ok,200,dataset\hdsd_raw\0542_Cefotaxime_1g_1_1XKIsjuaU1x1aRPMKxZl0h5XmuLzan_-J.pdf,112644
543,Micardis 40mg; Micardis 80mg,1,https://drive.google.com/file/d/16jSoEnps_2dihbm9sxiBh3rFcbSD48fA/view?usp=sharing,16jSoEnps_2dihbm9sxiBh3rFcbSD48fA,bad_response:text/html,404,,0
544,Ezetimibe Tablets 10mg,1,https://drive.google.com/file/d/1ZQ5WVKtgSG_uJVyM7PkWYLRo7-RWFuvp/view?usp=sharing,1ZQ5WVKtgSG_uJVyM7PkWYLRo7-RWFuvp,bad_response:text/html,404,,0
545,Crila Forte,1,https://docs.google.com/document/d/1vtHMj_dp5F344oQ-IT2eW4gJkCVW5hxe/edit?usp=drive_link&ouid=107745387619945059215&rtpof=true&sd=true,1vtHMj_dp5F344oQ-IT2eW4gJkCVW5hxe,ok,200,dataset\hdsd_raw\0545_Crila_Forte_1_1vtHMj_dp5F344oQ-IT2eW4gJkCVW5hxe.pdf,73416
546,Envapil,1,Eperison 50,,no_file_id,,,0
547,Hyvalor Plus,1,https://drive.google.com/file/d/1T3YK8StxLRCLZ9fyEkoLaCHhGCp3YdqM/view?usp=drive_link,1T3YK8StxLRCLZ9fyEkoLaCHhGCp3YdqM,bad_response:text/html,404,,0
548,Candesartan BluePharma 8mg,1,https://docs.google.com/document/d/18p2wc9AY3Eu6Yf371ouOwl0FjsC9DZm6/edit?usp=drive_link&ouid=107745387619945059215&rtpof=true&sd=true,18p2wc9AY3Eu6Yf371ouOwl0FjsC9DZm6,ok,200,dataset\hdsd_raw\0548_Candesartan_BluePharma_8mg_1_18p2wc9AY3Eu6Yf371ouOwl0FjsC9DZm6.pdf,170664
549,Zinnat Tablets 250mg,1,https://docs.google.com/document/d/1Xh7-gRQmC0pwuVJ50urqMP8irdh5eIzR/edit?usp=drive_link&ouid=107745387619945059215&rtpof=true&sd=true,1Xh7-gRQmC0pwuVJ50urqMP8irdh5eIzR,ok,200,dataset\hdsd_raw\0549_Zinnat_Tablets_250mg_1_1Xh7-gRQmC0pwuVJ50urqMP8irdh5eIzR.pdf,252929
550,Acetylcystein,1,https://drive.google.com/file/d/1cB8MKmgfkDPRDGUrfNDWtngA1HYBgp6i/view?usp=drive_link,1cB8MKmgfkDPRDGUrfNDWtngA1HYBgp6i,ok,200,dataset\hdsd_raw\0550_Acetylcystein_1_1cB8MKmgfkDPRDGUrfNDWtngA1HYBgp6i.pdf,1503214
551,Opxil IMP 500 Mg [Cefalexin],1,https://docs.google.com/document/d/1X-gI9ax0d8TgGAezjekE8RCOr-fLZ6Qb/edit?usp=drive_link&ouid=107745387619945059215&rtpof=true&sd=true,1X-gI9ax0d8TgGAezjekE8RCOr-fLZ6Qb,ok,200,dataset\hdsd_raw\0551_Opxil_IMP_500_Mg_Cefalexin_1_1X-gI9ax0d8TgGAezjekE8RCOr-fLZ6Qb.pdf,141931
552,Acarbose 50mg,1,https://drive.google.com/file/d/11wD5bKYXcnOMXwbv96UqVWLJc-0SLV-v/view?usp=drive_link,11wD5bKYXcnOMXwbv96UqVWLJc-0SLV-v,ok,200,dataset\hdsd_raw\0552_Acarbose_50mg_1_11wD5bKYXcnOMXwbv96UqVWLJc-0SLV-v.pdf,1085217
553,Lorastad 10 Tab,1,https://drive.google.com/file/d/1PQTqdlkUxGzxGz66oZtZCz-6RzvSiyUv/view?usp=sharing,1PQTqdlkUxGzxGz66oZtZCz-6RzvSiyUv,bad_response:text/html,404,,0
554,Cefimed 200mg,1,https://docs.google.com/document/d/10dlErAE07MrOGdX0PNc8vrxNSh1i1LEP/edit?usp=drive_link&ouid=107745387619945059215&rtpof=true&sd=true,10dlErAE07MrOGdX0PNc8vrxNSh1i1LEP,ok,200,dataset\hdsd_raw\0554_Cefimed_200mg_1_10dlErAE07MrOGdX0PNc8vrxNSh1i1LEP.pdf,134008
555,CEFDINA 250,1,https://docs.google.com/document/d/11o3IupIpOfGSof8ncdw_8Ql92ERm2CEG/edit?usp=drive_link&ouid=107745387619945059215&rtpof=true&sd=true,11o3IupIpOfGSof8ncdw_8Ql92ERm2CEG,ok,200,dataset\hdsd_raw\0555_CEFDINA_250_1_11o3IupIpOfGSof8ncdw_8Ql92ERm2CEG.pdf,187303
556,Lamuzid 500/5,1,https://drive.google.com/file/d/1pZHb9LqcafbM1R08SxTEXkXfCSlDGu4F/view?usp=drive_link,1pZHb9LqcafbM1R08SxTEXkXfCSlDGu4F,ok,200,dataset\hdsd_raw\0556_Lamuzid_500_5_1_1pZHb9LqcafbM1R08SxTEXkXfCSlDGu4F.pdf,10634242
557,Tetracyclin 1%,1,https://drive.google.com/file/d/1j-Si8PwnDoXcL1jORZqSurU_QHuMlEGl/view?usp=sharing,1j-Si8PwnDoXcL1jORZqSurU_QHuMlEGl,bad_response:text/html,404,,0
557,Tetracyclin 1%,2,https://drive.google.com/file/d/10a0KeSj-CGUbHg3529DbczdTUAARnvLU/view?usp=sharing,10a0KeSj-CGUbHg3529DbczdTUAARnvLU,ok,200,dataset\hdsd_raw\0557_Tetracyclin_1_2_10a0KeSj-CGUbHg3529DbczdTUAARnvLU.pdf,2428938
558,Midazolam B. Braun 1 mg/ml,1,https://docs.google.com/document/d/1HWzaVGu0_3E5W1VgsgrDC-_BBOhwl6s0/edit?usp=drive_link&ouid=107745387619945059215&rtpof=true&sd=true,1HWzaVGu0_3E5W1VgsgrDC-_BBOhwl6s0,ok,200,dataset\hdsd_raw\0558_Midazolam_B_Braun_1_mg_ml_1_1HWzaVGu0_3E5W1VgsgrDC-_BBOhwl6s0.pdf,398447
559,LEVODHG 250,1,https://drive.google.com/file/d/1A5qKD1DgCksumFT91fy0dkUfdSCLlWVS/view?usp=sharing,1A5qKD1DgCksumFT91fy0dkUfdSCLlWVS,bad_response:text/html,404,,0
560,COZAARR 50mg,1,https://docs.google.com/document/d/1pIfvjwcfb8brCA37WWMj5RKA6je6_F-x/edit?usp=drive_link&ouid=107745387619945059215&rtpof=true&sd=true,1pIfvjwcfb8brCA37WWMj5RKA6je6_F-x,ok,200,dataset\hdsd_raw\0560_COZAARR_50mg_1_1pIfvjwcfb8brCA37WWMj5RKA6je6_F-x.pdf,504421
561,Lamone 100,1,https://drive.google.com/file/d/19IzgUvxXYaOhAedqWuCFFPSt92NJJzEq/view?usp=drive_link,19IzgUvxXYaOhAedqWuCFFPSt92NJJzEq,bad_response:text/html,404,,0
562,LIPAGIM 300,1,https://drive.google.com/file/d/1dtLgVVS7mV-RlRMzmW6th0ltKjw7AgCN/view?usp=drive_link,1dtLgVVS7mV-RlRMzmW6th0ltKjw7AgCN,bad_response:text/html,404,,0
563,Glucose 20%,1,https://drive.google.com/file/d/1ki6IINWzYRcA13o89qnlb6-hjueh7GXm/view?usp=drive_link,1ki6IINWzYRcA13o89qnlb6-hjueh7GXm,ok,200,dataset\hdsd_raw\0563_Glucose_20_1_1ki6IINWzYRcA13o89qnlb6-hjueh7GXm.pdf,2585876
564,SaviProlol Plus HCT 5/6.25,1,https://drive.google.com/file/d/1SI9sUBGF9AFMbObuKtE7VQOMq8vT5zIU/view?usp=drive_link,1SI9sUBGF9AFMbObuKtE7VQOMq8vT5zIU,bad_response:text/html,404,,0
565,VERTIKO 24,1,https://drive.google.com/file/d/1ptsytCWp9kpFcHOKANmZJ4bO0GeKkNvE/view?usp=drive_link,1ptsytCWp9kpFcHOKANmZJ4bO0GeKkNvE,ok,200,dataset\hdsd_raw\0565_VERTIKO_24_1_1ptsytCWp9kpFcHOKANmZJ4bO0GeKkNvE.pdf,1273274
566,Azizi [Azithromycin 500mg],1,https://drive.google.com/file/d/1RAUH4ptgSTOPdJPVcITH6gvWtvKWziIF/view?usp=sharing,1RAUH4ptgSTOPdJPVcITH6gvWtvKWziIF,ok,200,dataset\hdsd_raw\0566_Azizi_Azithromycin_500mg_1_1RAUH4ptgSTOPdJPVcITH6gvWtvKWziIF.pdf,2932557
567,Ezecept 10/10 [Atorvastatin + Ezetimibe] 10mg+ 10mg,1,https://docs.google.com/document/d/1NYIfKiWxn6KTDuKm2KJqwoY-DAuhzHca/edit?usp=sharing&ouid=117534694973414002745&rtpof=true&sd=true,1NYIfKiWxn6KTDuKm2KJqwoY-DAuhzHca,ok,200,dataset\hdsd_raw\0567_Ezecept_10_10_Atorvastatin_Ezetimibe_10mg_10mg_1_1NYIfKiWxn6KTDuKm2KJqwoY-DAuhzHca.pdf,451022
568,"Pancres [170mg (tương Ứng Với 238 IU Protease, 3400IU Lipase, 4080 IU Amylase)]",1,https://drive.google.com/file/d/18yGuVo5NAZ4HBLDX_XHwtCGHPrHaLvCK/view?usp=drive_link,18yGuVo5NAZ4HBLDX_XHwtCGHPrHaLvCK,bad_response:text/html,404,,0
569,Cozaar XQ 5mg/50mg [5mg + 50mg],1,https://drive.google.com/file/d/1LVfoFNm9-YjG9pBUyw4aOzQ89OrwSkuu/view?usp=drive_link,1LVfoFNm9-YjG9pBUyw4aOzQ89OrwSkuu,bad_response:text/html,404,,0
571,Tanganil 500mg,1,https://drive.google.com/file/d/1zf8iNZyslZHioaDlFwjmOgxPRNVoEeGb/view?usp=sharing,1zf8iNZyslZHioaDlFwjmOgxPRNVoEeGb,bad_response:text/html,404,,0
571,Tanganil 500mg,2,https://drive.google.com/file/d/1NUko3AvwYCof8Swi14B1ciEtcKhTULYV/view?usp=sharing,1NUko3AvwYCof8Swi14B1ciEtcKhTULYV,ok,200,dataset\hdsd_raw\0571_Tanganil_500mg_2_1NUko3AvwYCof8Swi14B1ciEtcKhTULYV.pdf,1315010
572,Lantus,1,https://drive.google.com/file/d/1QPbOrAQIDTTv0JSwNwEaH0j2N0EXY2O_/view?usp=sharing,1QPbOrAQIDTTv0JSwNwEaH0j2N0EXY2O_,bad_response:text/html,404,,0
574,Katrypsin Fort OD,1,https://drive.google.com/file/d/1cx4TW7kh13OcYLGTfTpUri4Rz8MQ85mZ/view?usp=drive_link,1cx4TW7kh13OcYLGTfTpUri4Rz8MQ85mZ,bad_response:text/html,404,,0
575,BACQURE 500MG,1,https://drive.google.com/file/d/1OGGD69iQvxn1s5HN14dfdVTwvjHeZs_c/view?usp=sharing,1OGGD69iQvxn1s5HN14dfdVTwvjHeZs_c,bad_response:text/html,404,,0
576,Vinphacetam,1,https://drive.google.com/file/d/1rjNjYOgMdiWKww0Egz4UXHekiz18vhU4/view?usp=drive_link,1rjNjYOgMdiWKww0Egz4UXHekiz18vhU4,bad_response:text/html,404,,0
577,Colistin TZF,1,https://drive.google.com/file/d/1D-CzBJXZG88l9gYvPJ7WrpUnmKPbOmSD/view?usp=drive_link,1D-CzBJXZG88l9gYvPJ7WrpUnmKPbOmSD,bad_response:text/html,404,,0
578,Delivir 2g,1,https://drive.google.com/file/d/10HbpFbOPFnfWYedIGeD3Dvbga8d8TiW4/view?usp=drive_link,10HbpFbOPFnfWYedIGeD3Dvbga8d8TiW4,bad_response:text/html,404,,0
579,Tamiflu,1,https://drive.google.com/file/d/1FAC2n3JYR9HFPBOGRzq6B0N0omCyzVQv/view?usp=sharing,1FAC2n3JYR9HFPBOGRzq6B0N0omCyzVQv,ok,200,dataset\hdsd_raw\0579_Tamiflu_1_1FAC2n3JYR9HFPBOGRzq6B0N0omCyzVQv.pdf,5047308
579,Tamiflu,2,https://drive.google.com/file/d/1FAC2n3JYR9HFPBOGRzq6B0N0omCyzVQv/view?usp=sharing,1FAC2n3JYR9HFPBOGRzq6B0N0omCyzVQv,ok,200,dataset\hdsd_raw\0579_Tamiflu_2_1FAC2n3JYR9HFPBOGRzq6B0N0omCyzVQv.pdf,5047308
580,Meronem 500mg [*],1,https://docs.google.com/document/d/1mE0XpRMnPLrpYzFBK1wkGv4lvllvIuVe/edit?usp=sharing&ouid=117534694973414002745&rtpof=true&sd=true,1mE0XpRMnPLrpYzFBK1wkGv4lvllvIuVe,ok,200,dataset\hdsd_raw\0580_Meronem_500mg_1_1mE0XpRMnPLrpYzFBK1wkGv4lvllvIuVe.pdf,211404
581,"Mobic [Meloxicam 7,5mg]",1,https://drive.google.com/file/d/1-_KIAL9zwNK7iQAVP6loFdDdREiGRJvd/view?usp=sharing,1-_KIAL9zwNK7iQAVP6loFdDdREiGRJvd,bad_response:text/html,404,,0
582,Glucophage 850 Mg [Metformin],1,https://drive.google.com/file/d/1dS4-t1pM8ukIyC9TgfhQkTNWP2AvkKQM/view?usp=sharing,1dS4-t1pM8ukIyC9TgfhQkTNWP2AvkKQM,ok,200,dataset\hdsd_raw\0582_Glucophage_850_Mg_Metformin_1_1dS4-t1pM8ukIyC9TgfhQkTNWP2AvkKQM.pdf,6222189
583,Mobic [Meloxicam 15mg],1,https://drive.google.com/file/d/1CGGku9QHU5WubEYtD8wl4wdqs4o__5F7/view?usp=sharing,1CGGku9QHU5WubEYtD8wl4wdqs4o__5F7,bad_response:text/html,404,,0
584,Glucophage XR 1000mg,1,https://drive.google.com/file/d/1j9EwyJDE4GYgV6AeFVQJndUPnk8iD1k_/view?usp=sharing,1j9EwyJDE4GYgV6AeFVQJndUPnk8iD1k_,ok,200,dataset\hdsd_raw\0584_Glucophage_XR_1000mg_1_1j9EwyJDE4GYgV6AeFVQJndUPnk8iD1k_.pdf,7494377
586,Methylprednisolone MKP 16mg,1,https://docs.google.com/document/d/1yc4WrvGwP9lTVhOCwv0UvSaLbBeD9eWO/edit?usp=sharing&ouid=117534694973414002745&rtpof=true&sd=true,1yc4WrvGwP9lTVhOCwv0UvSaLbBeD9eWO,ok,200,dataset\hdsd_raw\0586_Methylprednisolone_MKP_16mg_1_1yc4WrvGwP9lTVhOCwv0UvSaLbBeD9eWO.pdf,130716
587,"Gastro-kite [Magnesi Trisilicat + Nhôm Hydroxyd 0,6g + 0,5g]",1,https://drive.google.com/file/d/1GxYr-dqE1cQ1ZAKRZlMTK_BkBfThFLCO/view?usp=drive_link,1GxYr-dqE1cQ1ZAKRZlMTK_BkBfThFLCO,ok,200,dataset\hdsd_raw\0587_Gastro-kite_Magnesi_Trisilicat_Nhôm_Hydroxyd_0_6g_0_5g_1_1GxYr-dqE1cQ1ZAKRZlMTK_BkBfThFLCO.pdf,428518
588,Magnesi-BFS 15% 750 Mg/5 Ml,1,https://drive.google.com/file/d/16Hjgt85HtrWekhxgwBLi5JabJp1frZUA/view?usp=drive_link,16Hjgt85HtrWekhxgwBLi5JabJp1frZUA,ok,200,dataset\hdsd_raw\0588_Magnesi-BFS_15_750_Mg_5_Ml_1_16Hjgt85HtrWekhxgwBLi5JabJp1frZUA.pdf,1191432
589,"Xylometazolin 0,05% 10ml",1,https://drive.google.com/file/d/1LBD_lUy419AmFG5iLbio1rkl8vjedqZa/view?usp=drive_link,1LBD_lUy419AmFG5iLbio1rkl8vjedqZa,ok,200,dataset\hdsd_raw\0589_Xylometazolin_0_05_10ml_1_1LBD_lUy419AmFG5iLbio1rkl8vjedqZa.pdf,566864
590,Gastrosanter 400mg+400mg,1,https://drive.google.com/file/d/16Upd05O-Mlb8HGunJrCy-_dekQALjbgw/view?usp=sharing,16Upd05O-Mlb8HGunJrCy-_dekQALjbgw,ok,200,dataset\hdsd_raw\0590_Gastrosanter_400mg_400mg_1_16Upd05O-Mlb8HGunJrCy-_dekQALjbgw.pdf,6067057
591,Incepavit 400 Capsule [400mg],1,https://drive.google.com/file/d/1w_R5dbvM_YACGMuK5glmYq6NvoORzPtc/view?usp=sharing,1w_R5dbvM_YACGMuK5glmYq6NvoORzPtc,ok,200,dataset\hdsd_raw\0591_Incepavit_400_Capsule_400mg_1_1w_R5dbvM_YACGMuK5glmYq6NvoORzPtc.pdf,3930311
593,Depakine 200mg,1,https://drive.google.com/file/d/1Qw8aEbJ3558lC5ERBpgj4LZ7mh1MSM4m/view?usp=drive_link,1Qw8aEbJ3558lC5ERBpgj4LZ7mh1MSM4m,ok,200,dataset\hdsd_raw\0593_Depakine_200mg_1_1Qw8aEbJ3558lC5ERBpgj4LZ7mh1MSM4m.pdf,10325938
594,Lotemax 0.5% (5mg/ml),1,https://drive.google.com/file/d/1sqNJ_eduZHbh3bn4fYpqCW-CIhgJXdaw/view?usp=drive_link,1sqNJ_eduZHbh3bn4fYpqCW-CIhgJXdaw,bad_response:text/html,404,,0
595,Maxxhepa Urso 150 [Ursodeoxycholic acid 150mg],1,https://drive.google.com/file/d/1JqHH87VQpi_g86OF1sucvrRpde0scGv5/view?usp=sharing,1JqHH87VQpi_g86OF1sucvrRpde0scGv5,ok,200,dataset\hdsd_raw\0595_Maxxhepa_Urso_150_Ursodeoxycholic_acid_150mg_1_1JqHH87VQpi_g86OF1sucvrRpde0scGv5.pdf,2589078
596,Pyzacar HCT 100/25mg [Losartan + Hydroclorothiazid],1,https://drive.google.com/file/d/1kCRd_GXHWxna5erf8J5p48ht2LcbgiXv/view?usp=sharing,1kCRd_GXHWxna5erf8J5p48ht2LcbgiXv,ok,200,dataset\hdsd_raw\0596_Pyzacar_HCT_100_25mg_Losartan_Hydroclorothiazid_1_1kCRd_GXHWxna5erf8J5p48ht2LcbgiXv.pdf,6575889
597,Lostad HCT 100/25mg [Losartan + Hydroclorothiazid 100mg/ 25mg],1,https://docs.google.com/document/d/1uWnJJ1dofrUSuXmOHV-Jphi7ouueSvrJ/edit?usp=sharing&ouid=117534694973414002745&rtpof=true&sd=true,1uWnJJ1dofrUSuXmOHV-Jphi7ouueSvrJ,ok,200,dataset\hdsd_raw\0597_Lostad_HCT_100_25mg_Losartan_Hydroclorothiazid_100mg_25mg_1_1uWnJJ1dofrUSuXmOHV-Jphi7ouueSvrJ.pdf,204304
598,Vastec 35 MR [Trimetazidin 35 Mg],1,https://drive.google.com/file/d/1seCg8WsxV9dLfb7vpdo5GVK98yI9Xrzk/view?usp=drive_link,1seCg8WsxV9dLfb7vpdo5GVK98yI9Xrzk,ok,200,dataset\hdsd_raw\0598_Vastec_35_MR_Trimetazidin_35_Mg_1_1seCg8WsxV9dLfb7vpdo5GVK98yI9Xrzk.pdf,2333247
599,Viên Sáng Mắt,1,https://drive.google.com/file/d/1urtlMifkf89R466undsvVc29jOjmTecx/view?usp=drive_link,1urtlMifkf89R466undsvVc29jOjmTecx,ok,200,dataset\hdsd_raw\0599_Viên_Sáng_Mắt_1_1urtlMifkf89R466undsvVc29jOjmTecx.pdf,589223
600,Thyrozol 10mg,1,https://drive.google.com/file/d/1AePw7F3ZvRD3a5mNu2MMXDqxGCIQ8H6s/view?usp=drive_link,1AePw7F3ZvRD3a5mNu2MMXDqxGCIQ8H6s,ok,200,dataset\hdsd_raw\0600_Thyrozol_10mg_1_1AePw7F3ZvRD3a5mNu2MMXDqxGCIQ8H6s.pdf,4620409
601,Hyzaar 50mg/12.5mg,1,https://drive.google.com/file/d/1nvbgIlfogMpriSnk3sp0TOXp29E9p6WY/view?usp=drive_link,1nvbgIlfogMpriSnk3sp0TOXp29E9p6WY,ok,200,dataset\hdsd_raw\0601_Hyzaar_50mg_12_5mg_1_1nvbgIlfogMpriSnk3sp0TOXp29E9p6WY.pdf,5071888
602,Tizadyn 100 [Topiramat 100mg],1,https://drive.google.com/file/d/1h2od42y8B7XenuiMeBUfHJKylgvG5DV2/view?usp=drive_link,1h2od42y8B7XenuiMeBUfHJKylgvG5DV2,ok,200,dataset\hdsd_raw\0602_Tizadyn_100_Topiramat_100mg_1_1h2od42y8B7XenuiMeBUfHJKylgvG5DV2.pdf,4524151
603,Clanoz [Loratadin 10mg],1,https://drive.google.com/file/d/1eVZuRFTE4gCagYXu7zBGy1wdqFCzlhKk/view?usp=drive_link,1eVZuRFTE4gCagYXu7zBGy1wdqFCzlhKk,ok,200,dataset\hdsd_raw\0603_Clanoz_Loratadin_10mg_1_1eVZuRFTE4gCagYXu7zBGy1wdqFCzlhKk.pdf,599259
604,"Voluven 6% 30g/500ml; 4,5g/500ml",1,https://drive.google.com/file/d/1L_tBebSbR6BK-89Ody0TnYfEERv-dTyL/view?usp=drive_link,1L_tBebSbR6BK-89Ody0TnYfEERv-dTyL,ok,200,dataset\hdsd_raw\0604_Voluven_6_30g_500ml_4_5g_500ml_1_1L_tBebSbR6BK-89Ody0TnYfEERv-dTyL.pdf,1893145
605,Lisopress [Lisinopril 5mg],1,https://drive.google.com/file/d/1lYkVP96rGLMj2ZuaFtAy-9EjdWXWxPpW/view?usp=sharing,1lYkVP96rGLMj2ZuaFtAy-9EjdWXWxPpW,bad_response:text/html,404,,0
606,Volulyte 6% 500ml,1,https://drive.google.com/file/d/1piQzPuFezyJGywyZ2Km5kInz6FDE8YtK/view?usp=drive_link,1piQzPuFezyJGywyZ2Km5kInz6FDE8YtK,ok,200,dataset\hdsd_raw\0606_Volulyte_6_500ml_1_1piQzPuFezyJGywyZ2Km5kInz6FDE8YtK.pdf,1407322
607,Cinezolid Injection 2mg/ml,1,https://drive.google.com/file/d/1Lr6-BDhj66W-txvxT_Y65uVvSnPhBpbp/view?usp=drive_link,1Lr6-BDhj66W-txvxT_Y65uVvSnPhBpbp,ok,200,dataset\hdsd_raw\0607_Cinezolid_Injection_2mg_ml_1_1Lr6-BDhj66W-txvxT_Y65uVvSnPhBpbp.pdf,10070890
609,Levofloxacin/cooper solution for infusion 500mg/100ml,1,https://docs.google.com/document/d/18Z0z98EPCRbmxkuSdkE56LLsPlcdG8QZ/edit?usp=sharing&ouid=117534694973414002745&rtpof=true&sd=true,18Z0z98EPCRbmxkuSdkE56LLsPlcdG8QZ,ok,200,dataset\hdsd_raw\0609_Levofloxacin_cooper_solution_for_infusion_500mg_100ml_1_18Z0z98EPCRbmxkuSdkE56LLsPlcdG8QZ.pdf,513030
610,Tamifine 10mg,1,https://drive.google.com/file/d/1e4MBhpL_K8LyQ1IImMHFHHV1GmamSa6y/view?usp=drive_link,1e4MBhpL_K8LyQ1IImMHFHHV1GmamSa6y,ok,200,dataset\hdsd_raw\0610_Tamifine_10mg_1_1e4MBhpL_K8LyQ1IImMHFHHV1GmamSa6y.pdf,1487361
611,Sulpirid 50mg,1,https://drive.google.com/file/d/1WFKspM3_Fmhrxl4GnwofyanDl-EKOvzF/view?usp=drive_link,1WFKspM3_Fmhrxl4GnwofyanDl-EKOvzF,ok,200,dataset\hdsd_raw\0611_Sulpirid_50mg_1_1WFKspM3_Fmhrxl4GnwofyanDl-EKOvzF.pdf,2673286
612,Zanedip 10mg,1,https://drive.google.com/file/d/14ofunRP9MsjolIzVJ0sFVP9R5_jMlDo8/view?usp=drive_link,14ofunRP9MsjolIzVJ0sFVP9R5_jMlDo8,ok,200,dataset\hdsd_raw\0612_Zanedip_10mg_1_14ofunRP9MsjolIzVJ0sFVP9R5_jMlDo8.pdf,2019687
612,Zanedip 10mg,2,https://drive.google.com/file/d/1qfbQkkbDg0gjwZ_fxbnT58pCzQLi2hF5/view?usp=drive_link,1qfbQkkbDg0gjwZ_fxbnT58pCzQLi2hF5,bad_response:text/html,404,,0
613,Devodil 50 [Sulpirid 50mg],1,https://drive.google.com/file/d/1Lrax4ziv_S8_iapz1be2-RHSwwppKVqO/view?usp=sharing,1Lrax4ziv_S8_iapz1be2-RHSwwppKVqO,bad_response:text/html,404,,0
614,Scolanzo [Lansoprazol 30mg],1,https://drive.google.com/file/d/1BrtTM1l391E0yd8ErEykQOasWI-4AUTS/view?usp=drive_link,1BrtTM1l391E0yd8ErEykQOasWI-4AUTS,ok,200,dataset\hdsd_raw\0614_Scolanzo_Lansoprazol_30mg_1_1BrtTM1l391E0yd8ErEykQOasWI-4AUTS.pdf,5235268
615,Laevolac [Lactulose 10g/15ml],1,https://drive.google.com/file/d/1lOOCEigLjY-N8jDJLZHJGs8vEpnjoOXU/view?usp=drive_link,1lOOCEigLjY-N8jDJLZHJGs8vEpnjoOXU,ok,200,dataset\hdsd_raw\0615_Laevolac_Lactulose_10g_15ml_1_1lOOCEigLjY-N8jDJLZHJGs8vEpnjoOXU.pdf,1467329
616,Bài Thạch Danapha,1,https://docs.google.com/document/d/1zrQAq_CCF6cE5Vsu0t8FxWQAlZg8S0dn/edit?usp=sharing&ouid=117534694973414002745&rtpof=true&sd=true,1zrQAq_CCF6cE5Vsu0t8FxWQAlZg8S0dn,ok,200,dataset\hdsd_raw\0616_Bài_Thạch_Danapha_1_1zrQAq_CCF6cE5Vsu0t8FxWQAlZg8S0dn.pdf,79893
617,Verospiron 25mg,1,https://drive.google.com/file/d/1jb9XTQCuMfmhq5x2TC44PeIz1PZJxpe-/view?usp=drive_link,1jb9XTQCuMfmhq5x2TC44PeIz1PZJxpe-,ok,200,dataset\hdsd_raw\0617_Verospiron_25mg_1_1jb9XTQCuMfmhq5x2TC44PeIz1PZJxpe-.pdf,606819
618,Procoralan 7.5mg,1,https://drive.google.com/file/d/1dpaMktqMZ7D_RbCYJnZnQRiUer7TeoAF/view?usp=sharing,1dpaMktqMZ7D_RbCYJnZnQRiUer7TeoAF,ok,200,dataset\hdsd_raw\0618_Procoralan_7_5mg_1_1dpaMktqMZ7D_RbCYJnZnQRiUer7TeoAF.pdf,9664928
619,Sorbitol 5g,1,https://drive.google.com/file/d/1kN1ydh6e86d0l-jT-OU43izF7gNSWadH/view?usp=drive_link,1kN1ydh6e86d0l-jT-OU43izF7gNSWadH,ok,200,dataset\hdsd_raw\0619_Sorbitol_5g_1_1kN1ydh6e86d0l-jT-OU43izF7gNSWadH.pdf,3471545
620,Procoralan 5mg,1,https://drive.google.com/file/d/1av9OQyJ3qstjwo2htWKcuduylxgV8AyY/view?usp=drive_link,1av9OQyJ3qstjwo2htWKcuduylxgV8AyY,ok,200,dataset\hdsd_raw\0620_Procoralan_5mg_1_1av9OQyJ3qstjwo2htWKcuduylxgV8AyY.pdf,9710921
620,Procoralan 5mg,2,https://drive.google.com/file/d/1av9OQyJ3qstjwo2htWKcuduylxgV8AyY/view?usp=sharinghttps://drive.google.com/file/d/1av9OQyJ3qstjwo2htWKcuduylxgV8AyY/view?usp=sharing,1av9OQyJ3qstjwo2htWKcuduylxgV8AyY,ok,200,dataset\hdsd_raw\0620_Procoralan_5mg_2_1av9OQyJ3qstjwo2htWKcuduylxgV8AyY.pdf,9710921
622,Ifatrax [Itraconazol 100mg],1,https://drive.google.com/file/d/16-qveAYL7zDbChzuRoo-FXlG9ypWyeZB/view?usp=sharing,16-qveAYL7zDbChzuRoo-FXlG9ypWyeZB,ok,200,dataset\hdsd_raw\0622_Ifatrax_Itraconazol_100mg_1_16-qveAYL7zDbChzuRoo-FXlG9ypWyeZB.pdf,9907569
626,Imipenem Cilastatin Kabi 500mg + 500mg,1,https://drive.google.com/file/d/1McScr6VLpEpsn_qdoOZ8rkhzsTJ8GD_w/view?usp=drive_link,1McScr6VLpEpsn_qdoOZ8rkhzsTJ8GD_w,ok,200,dataset\hdsd_raw\0626_Imipenem_Cilastatin_Kabi_500mg_500mg_1_1McScr6VLpEpsn_qdoOZ8rkhzsTJ8GD_w.pdf,10263468
627,Simvastatin Savi 20 mg,1,https://drive.google.com/file/d/1mqrySbCJUbXDBwtJEYbi86JxMKADz4Eo/view?usp=drive_link,1mqrySbCJUbXDBwtJEYbi86JxMKADz4Eo,ok,200,dataset\hdsd_raw\0627_Simvastatin_Savi_20_mg_1_1mqrySbCJUbXDBwtJEYbi86JxMKADz4Eo.pdf,2062693
628,Vincopane [Hyoscin Butylbromid 20mg/1ml],1,https://drive.google.com/file/d/1p8OsCqAaBrIjWObSM4DDWAzTclYoWKST/view?usp=drive_link,1p8OsCqAaBrIjWObSM4DDWAzTclYoWKST,ok,200,dataset\hdsd_raw\0628_Vincopane_Hyoscin_Butylbromid_20mg_1ml_1_1p8OsCqAaBrIjWObSM4DDWAzTclYoWKST.pdf,813818
629,Seretide Accuhaler 50/500mcg,1,https://drive.google.com/file/d/1sWFyJ-6UtxQk-LbglbaK_hK9uESQ4Tb9/view?usp=drive_link,1sWFyJ-6UtxQk-LbglbaK_hK9uESQ4Tb9,ok,200,dataset\hdsd_raw\0629_Seretide_Accuhaler_50_500mcg_1_1sWFyJ-6UtxQk-LbglbaK_hK9uESQ4Tb9.pdf,7257547
629,Seretide Accuhaler 50/500mcg,2,https://drive.google.com/file/d/1sWFyJ-6UtxQk-LbglbaK_hK9uESQ4Tb9/view?usp=sharing,1sWFyJ-6UtxQk-LbglbaK_hK9uESQ4Tb9,ok,200,dataset\hdsd_raw\0629_Seretide_Accuhaler_50_500mcg_2_1sWFyJ-6UtxQk-LbglbaK_hK9uESQ4Tb9.pdf,7257547
630,Seretide Accuhaler 50/250mcg,1,https://drive.google.com/file/d/1MftpQY1vpx88ajSyn8GMw63I7Tn5TUXs/view?usp=drive_link,1MftpQY1vpx88ajSyn8GMw63I7Tn5TUXs,ok,200,dataset\hdsd_raw\0630_Seretide_Accuhaler_50_250mcg_1_1MftpQY1vpx88ajSyn8GMw63I7Tn5TUXs.pdf,6702292
630,Seretide Accuhaler 50/250mcg,2,https://drive.google.com/file/d/1sWFyJ-6UtxQk-LbglbaK_hK9uESQ4Tb9/view?usp=sharing,1sWFyJ-6UtxQk-LbglbaK_hK9uESQ4Tb9,ok,200,dataset\hdsd_raw\0630_Seretide_Accuhaler_50_250mcg_2_1sWFyJ-6UtxQk-LbglbaK_hK9uESQ4Tb9.pdf,7257547
631,"Haloperidol 1,5 Mg",1,https://drive.google.com/file/d/1RYvhAnk0h2Anyde11lzT5IiXcV8Y66Wv/view?usp=sharing,1RYvhAnk0h2Anyde11lzT5IiXcV8Y66Wv,ok,200,dataset\hdsd_raw\0631_Haloperidol_1_5_Mg_1_1RYvhAnk0h2Anyde11lzT5IiXcV8Y66Wv.pdf,1424823
632,SaViRisone 35 [Risedronat 35mg],1,https://drive.google.com/file/d/1JYDNDYxhgAQtvZBeJQ9WH7YVg-ZCYUuf/view?usp=drive_link,1JYDNDYxhgAQtvZBeJQ9WH7YVg-ZCYUuf,ok,200,dataset\hdsd_raw\0632_SaViRisone_35_Risedronat_35mg_1_1JYDNDYxhgAQtvZBeJQ9WH7YVg-ZCYUuf.pdf,6093783
633,Vorifend 500 [Glucosamin 500mg],1,https://drive.google.com/file/d/1cflsKRCJHWCkHlse5wBx766bAzCUhLDU/view?usp=drive_link,1cflsKRCJHWCkHlse5wBx766bAzCUhLDU,ok,200,dataset\hdsd_raw\0633_Vorifend_500_Glucosamin_500mg_1_1cflsKRCJHWCkHlse5wBx766bAzCUhLDU.pdf,1032991
634,Phenylephrine Aguettant 50 Microgrammes/mL,1,https://drive.google.com/file/d/1mzfCy_pRHXHn_79Rz1CFqTO0HNNiShPf/view?usp=drive_link,1mzfCy_pRHXHn_79Rz1CFqTO0HNNiShPf,ok,200,dataset\hdsd_raw\0634_Phenylephrine_Aguettant_50_Microgrammes_mL_1_1mzfCy_pRHXHn_79Rz1CFqTO0HNNiShPf.pdf,1482889
635,Alcaine 0.5% 5mg/ml,1,https://drive.google.com/file/d/133bsMHsdRX4ZWxQ-k-iYJ1ToZj47jY23/view?usp=drive_link,133bsMHsdRX4ZWxQ-k-iYJ1ToZj47jY23,ok,200,dataset\hdsd_raw\0635_Alcaine_0_5_5mg_ml_1_133bsMHsdRX4ZWxQ-k-iYJ1ToZj47jY23.pdf,1242727
636,PERGLIM M-1 [Glimepirid + Metformin 1mg + 500mg],1,https://drive.google.com/file/d/1qITPR7q9VhGPz0tsU72-HP_FG3WO4BzA/view?usp=drive_link,1qITPR7q9VhGPz0tsU72-HP_FG3WO4BzA,ok,200,dataset\hdsd_raw\0636_PERGLIM_M-1_Glimepirid_Metformin_1mg_500mg_1_1qITPR7q9VhGPz0tsU72-HP_FG3WO4BzA.pdf,7199227
637,Progesterone Injection Bp 25Mg,1,https://drive.google.com/file/d/19lCy_ybQOGdkBJgLO-CPSsHCxvaNuiiz/view?usp=drive_link,19lCy_ybQOGdkBJgLO-CPSsHCxvaNuiiz,ok,200,dataset\hdsd_raw\0637_Progesterone_Injection_Bp_25Mg_1_19lCy_ybQOGdkBJgLO-CPSsHCxvaNuiiz.pdf,772669
638,Glumeron 30 MR [Gliclazid 30mg],1,https://drive.google.com/file/d/1PInMqXzTOJuBQTHZ4oXt3ibIASoCnNHl/view?usp=drive_link,1PInMqXzTOJuBQTHZ4oXt3ibIASoCnNHl,ok,200,dataset\hdsd_raw\0638_Glumeron_30_MR_Gliclazid_30mg_1_1PInMqXzTOJuBQTHZ4oXt3ibIASoCnNHl.pdf,5874894
639,"TP Povidon iod 10% [2,5g/25ml, 450ml]",1,https://drive.google.com/file/d/1IZVj9SGu0CPiT3MYqlzRyh0RKIyWBEq4/view?usp=drive_link,1IZVj9SGu0CPiT3MYqlzRyh0RKIyWBEq4,ok,200,dataset\hdsd_raw\0639_TP_Povidon_iod_10_2_5g_25ml_450ml_1_1IZVj9SGu0CPiT3MYqlzRyh0RKIyWBEq4.pdf,4968578
639,"TP Povidon iod 10% [2,5g/25ml, 450ml]",2,https://drive.google.com/file/d/1vnxPc1AEU59lp6vRW-barhn2dHWZXahs/view?usp=sharing,1vnxPc1AEU59lp6vRW-barhn2dHWZXahs,ok,200,dataset\hdsd_raw\0639_TP_Povidon_iod_10_2_5g_25ml_450ml_2_1vnxPc1AEU59lp6vRW-barhn2dHWZXahs.pdf,925423
640,"Glucovance 500mg/2,5mg [Glibenclamid + Metformin]",1,https://drive.google.com/file/d/1tPEW7mS4bIvNxb_Q0POWZqe5Ic8SVz2P/view?usp=drive_link,1tPEW7mS4bIvNxb_Q0POWZqe5Ic8SVz2P,ok,200,dataset\hdsd_raw\0640_Glucovance_500mg_2_5mg_Glibenclamid_Metformin_1_1tPEW7mS4bIvNxb_Q0POWZqe5Ic8SVz2P.pdf,3323027
641,Dicellnase [Piroxicam 20mg],1,https://drive.google.com/file/d/14fiGTBPHGoJx-dCfePsdqVfdgUvanuuV/view?usp=drive_link,14fiGTBPHGoJx-dCfePsdqVfdgUvanuuV,ok,200,dataset\hdsd_raw\0641_Dicellnase_Piroxicam_20mg_1_14fiGTBPHGoJx-dCfePsdqVfdgUvanuuV.pdf,850445
642,Pracetam 800 mg,1,https://drive.google.com/file/d/1ing5HPGlNWmxezvstIYYuBG4w-JW_uus/view?usp=sharing,1ing5HPGlNWmxezvstIYYuBG4w-JW_uus,bad_response:text/html,404,,0
643,Tebantin 300Mg [Gabapentin],1,https://drive.google.com/file/d/16lSPAhyKSdv4_zDGEmaMoH_ZRLK8zzjy/view?usp=drive_link,16lSPAhyKSdv4_zDGEmaMoH_ZRLK8zzjy,ok,200,dataset\hdsd_raw\0643_Tebantin_300Mg_Gabapentin_1_16lSPAhyKSdv4_zDGEmaMoH_ZRLK8zzjy.pdf,1600198
643,Tebantin 300Mg [Gabapentin],2,https://drive.google.com/file/d/1lIaSNRwT2y0LU5E_d6ns4NSy7PSak9M4/view?usp=sharing,1lIaSNRwT2y0LU5E_d6ns4NSy7PSak9M4,ok,200,dataset\hdsd_raw\0643_Tebantin_300Mg_Gabapentin_2_1lIaSNRwT2y0LU5E_d6ns4NSy7PSak9M4.pdf,4453132
644,Cerahead 800mg,1,https://drive.google.com/file/d/1L3-Qf8jxT39Bol_2CmexG49kC6OAjusz/view?usp=drive_link,1L3-Qf8jxT39Bol_2CmexG49kC6OAjusz,ok,200,dataset\hdsd_raw\0644_Cerahead_800mg_1_1L3-Qf8jxT39Bol_2CmexG49kC6OAjusz.pdf,6119100
645,Coversyl Plus Arginine 5mg/1.25mg,1,https://drive.google.com/file/d/1DaxLfxA3CvXTmJWR5MdUFQMmVqHji7FD/view?usp=drive_link,1DaxLfxA3CvXTmJWR5MdUFQMmVqHji7FD,bad_response:text/html,404,,0
646,Viacoram 7Mg/5Mg Tab 30'S,1,https://drive.google.com/file/d/1cKU8vVLrtwwJWEnghjeUUAsjJ6mt1lYO/view?usp=drive_link,1cKU8vVLrtwwJWEnghjeUUAsjJ6mt1lYO,ok,200,dataset\hdsd_raw\0646_Viacoram_7Mg_5Mg_Tab_30_S_1_1cKU8vVLrtwwJWEnghjeUUAsjJ6mt1lYO.pdf,16623620
647,Savidopril 4 mg,1,https://drive.google.com/file/d/11bwsb7ScxepuhxTGLw3K2qDZm9cLkJlq/view?usp=drive_link,11bwsb7ScxepuhxTGLw3K2qDZm9cLkJlq,ok,200,dataset\hdsd_raw\0647_Savidopril_4_mg_1_11bwsb7ScxepuhxTGLw3K2qDZm9cLkJlq.pdf,3206472
648,"Gemapaxane [Enoxaparin (natri) 6000IU/ 0,6ml]",1,https://drive.google.com/file/d/1lTlFylfvWiENeybYkOF3ohHSRl0w6PZH/view?usp=drive_link,1lTlFylfvWiENeybYkOF3ohHSRl0w6PZH,ok,200,dataset\hdsd_raw\0648_Gemapaxane_Enoxaparin_natri_6000IU_0_6ml_1_1lTlFylfvWiENeybYkOF3ohHSRl0w6PZH.pdf,1278704
649,Coversyl 10mg,1,https://drive.google.com/file/d/1zHU7nbmDW_5NEGXMzxDaZasmefYDvj-d/view?usp=drive_link,1zHU7nbmDW_5NEGXMzxDaZasmefYDvj-d,ok,200,dataset\hdsd_raw\0649_Coversyl_10mg_1_1zHU7nbmDW_5NEGXMzxDaZasmefYDvj-d.pdf,2504583
650,SaViMetoc [Paracetamol + Methocarbamol 325 Mg + 400mg],1,https://drive.google.com/file/d/1INaAVFyH3KEWxcrk2RR0MmLRL9JDXnsJ/view?usp=drive_link,1INaAVFyH3KEWxcrk2RR0MmLRL9JDXnsJ,ok,200,dataset\hdsd_raw\0650_SaViMetoc_Paracetamol_Methocarbamol_325_Mg_400mg_1_1INaAVFyH3KEWxcrk2RR0MmLRL9JDXnsJ.pdf,6599122
651,Doxycycline 100mg,1,https://drive.google.com/file/d/1y-_o6N644bCrOuRXUxvyenhRoeDhiAQE/view?usp=drive_link,1y-_o6N644bCrOuRXUxvyenhRoeDhiAQE,bad_response:text/html,404,,0
652,Hapacol Caplet 500 [Paracetamol 500mg],1,https://drive.google.com/file/d/16xvlgiMGuyo5Py7XUI3TDg6ifEReIDmN/view?usp=sharing,16xvlgiMGuyo5Py7XUI3TDg6ifEReIDmN,ok,200,dataset\hdsd_raw\0652_Hapacol_Caplet_500_Paracetamol_500mg_1_16xvlgiMGuyo5Py7XUI3TDg6ifEReIDmN.pdf,939599
653,Oxytocin 5IU/1ml,1,https://drive.google.com/file/d/14Vx4KlUtZ2XbpojRuX0zHc-3RbHBRPlS/view?usp=drive_link,14Vx4KlUtZ2XbpojRuX0zHc-3RbHBRPlS,ok,200,dataset\hdsd_raw\0653_Oxytocin_5IU_1ml_1_14Vx4KlUtZ2XbpojRuX0zHc-3RbHBRPlS.pdf,1822560
654,Ondansetron Kabi 2mg/ml,1,https://drive.google.com/file/d/1pXmjdHz8oXSBIE_WehKqg03K8PxrJtrN/view?usp=drive_link,1pXmjdHz8oXSBIE_WehKqg03K8PxrJtrN,ok,200,dataset\hdsd_raw\0654_Ondansetron_Kabi_2mg_ml_1_1pXmjdHz8oXSBIE_WehKqg03K8PxrJtrN.pdf,5658484
654,Ondansetron Kabi 2mg/ml,2,https://drive.google.com/file/d/1HDaPCXietozQ9uC4BGQduA-S7bgAahwo/view?usp=sharing,1HDaPCXietozQ9uC4BGQduA-S7bgAahwo,bad_response:text/html,404,,0
655,Ondansetron-BFS 8mg/4ml,1,https://drive.google.com/file/d/1yhAt0iXaPjezetmQHQQ5LrAbaq19eW5w/view?usp=drive_link,1yhAt0iXaPjezetmQHQQ5LrAbaq19eW5w,ok,200,dataset\hdsd_raw\0655_Ondansetron-BFS_8mg_4ml_1_1yhAt0iXaPjezetmQHQQ5LrAbaq19eW5w.pdf,1427401
656,Voltaren [Viên Đặt Hậu Môn 100mg],1,https://drive.google.com/file/d/140XtFVkLTYdCitN2W6Dk3OmeAGMai2kI/view?usp=sharing,140XtFVkLTYdCitN2W6Dk3OmeAGMai2kI,ok,200,dataset\hdsd_raw\0656_Voltaren_Viên_Đặt_Hậu_Môn_100mg_1_140XtFVkLTYdCitN2W6Dk3OmeAGMai2kI.pdf,3092881
657,LOMEC 20 [Omeprazol 20mg],1,https://drive.google.com/file/d/1J3PaOKbymcg-HPxTkbVT2xy5y72F0C-I/view?usp=drive_link,1J3PaOKbymcg-HPxTkbVT2xy5y72F0C-I,ok,200,dataset\hdsd_raw\0657_LOMEC_20_Omeprazol_20mg_1_1J3PaOKbymcg-HPxTkbVT2xy5y72F0C-I.pdf,1275219
658,Suprane [Desflurane 100% (v/v)/240ml],1,https://drive.google.com/file/d/1QHg7Ls_6hmusQ0oSSj3JUx8788ZWmdE_/view?usp=drive_link,1QHg7Ls_6hmusQ0oSSj3JUx8788ZWmdE_,ok,200,dataset\hdsd_raw\0658_Suprane_Desflurane_100_v_v_240ml_1_1QHg7Ls_6hmusQ0oSSj3JUx8788ZWmdE_.pdf,4731344
659,Zapnex-10 [Olanzapin 10 Mg],1,https://drive.google.com/file/d/1M4LDfvReR6tvsRtuEupmiGpiFHRXnd_S/view?usp=drive_link,1M4LDfvReR6tvsRtuEupmiGpiFHRXnd_S,ok,200,dataset\hdsd_raw\0659_Zapnex-10_Olanzapin_10_Mg_1_1M4LDfvReR6tvsRtuEupmiGpiFHRXnd_S.pdf,12403291
659,Zapnex-10 [Olanzapin 10 Mg],2,https://drive.google.com/file/d/11xxDNwI7XcH4G_PMNs81U1L5DVTuB240/view?usp=sharing,11xxDNwI7XcH4G_PMNs81U1L5DVTuB240,ok,200,dataset\hdsd_raw\0659_Zapnex-10_Olanzapin_10_Mg_2_11xxDNwI7XcH4G_PMNs81U1L5DVTuB240.pdf,1524340
660,"Oflovid Ophthalmic Ointment [0,3%/3,5g]",1,https://drive.google.com/file/d/1Y51944JSHRdGGH2-G6g_A-4szECzeE2A/view?usp=sharing,1Y51944JSHRdGGH2-G6g_A-4szECzeE2A,bad_response:text/html,404,,0
661,Pradaxa [Dabigatran 75mg],1,https://drive.google.com/file/d/1QrSGIOsAgmu1XmV_SWi5YFMBqoqXzs9Y/view?usp=sharing,1QrSGIOsAgmu1XmV_SWi5YFMBqoqXzs9Y,bad_response:text/html,404,,0
661,Pradaxa [Dabigatran 75mg],2,https://drive.google.com/file/d/1NHyPHIDbLOTfbBP4_5X8E533jyulWFlK/view?usp=drive_link,1NHyPHIDbLOTfbBP4_5X8E533jyulWFlK,bad_response:text/html,404,,0
663,Plavix 75mg,1,https://drive.google.com/file/d/1CSyinfn-s8ntkvzk37LvZKdgg2HBbAuq/view?usp=sharing,1CSyinfn-s8ntkvzk37LvZKdgg2HBbAuq,bad_response:text/html,404,,0
664,"Nước Oxy Già 3% [3%, 50 ml]",1,https://drive.google.com/file/d/19CeW7yq6XBNu1j__Xcaoe8m-NOVwmRPL/view?usp=drive_link,19CeW7yq6XBNu1j__Xcaoe8m-NOVwmRPL,ok,200,dataset\hdsd_raw\0664_Nước_Oxy_Già_3_3_50_ml_1_19CeW7yq6XBNu1j__Xcaoe8m-NOVwmRPL.pdf,1359349
665,Nước Cất Pha Tiêm 5 Ml,1,https://drive.google.com/file/d/1fKLava6gFOCvb3B1t55bttpJet4Fdsi4/view?usp=drive_link,1fKLava6gFOCvb3B1t55bttpJet4Fdsi4,ok,200,dataset\hdsd_raw\0665_Nước_Cất_Pha_Tiêm_5_Ml_1_1fKLava6gFOCvb3B1t55bttpJet4Fdsi4.pdf,522220
666,Clindamycin- Hameln 150mg/ml,1,https://drive.google.com/file/d/1gKDrTwK96iJKtVEYHdumhWttL5TBL1wv/view?usp=drive_link,1gKDrTwK96iJKtVEYHdumhWttL5TBL1wv,ok,200,dataset\hdsd_raw\0666_Clindamycin-_Hameln_150mg_ml_1_1gKDrTwK96iJKtVEYHdumhWttL5TBL1wv.pdf,5787386
667,Nước Cất Pha Tiêm 10 Ml,1,https://drive.google.com/file/d/1iwpCpV2f-RYWK07RFD2JKXRbskd_pded/view?usp=drive_link,1iwpCpV2f-RYWK07RFD2JKXRbskd_pded,ok,200,dataset\hdsd_raw\0667_Nước_Cất_Pha_Tiêm_10_Ml_1_1iwpCpV2f-RYWK07RFD2JKXRbskd_pded.pdf,471501
668,Clabact 500 [Clarithromycin 500mg],1,https://drive.google.com/file/d/1VS_fW9EYaxrAX3vN8jjqs0b63KCCveda/view?usp=drive_link,1VS_fW9EYaxrAX3vN8jjqs0b63KCCveda,ok,200,dataset\hdsd_raw\0668_Clabact_500_Clarithromycin_500mg_1_1VS_fW9EYaxrAX3vN8jjqs0b63KCCveda.pdf,1731281
669,BFS-Noradrenaline 4mg,1,https://drive.google.com/file/d/1jHcqjLZ6Z_G_seVdo8hGn_Ksjca8kSz-/view?usp=drive_link,1jHcqjLZ6Z_G_seVdo8hGn_Ksjca8kSz-,ok,200,dataset\hdsd_raw\0669_BFS-Noradrenaline_4mg_1_1jHcqjLZ6Z_G_seVdo8hGn_Ksjca8kSz-.pdf,11967906
670,Ciloxan 3mg/ml,1,https://drive.google.com/file/d/1o-Nt39Cj1re-ZkHmbAKXFKcy0W_NJCdb/view?usp=drive_link,1o-Nt39Cj1re-ZkHmbAKXFKcy0W_NJCdb,ok,200,dataset\hdsd_raw\0670_Ciloxan_3mg_ml_1_1o-Nt39Cj1re-ZkHmbAKXFKcy0W_NJCdb.pdf,1994381
671,Nifehexal 30 LA 30mg,1,https://drive.google.com/file/d/11LxXYERib9O3vRylPxF3B9nkar7dp4LR/view?usp=sharing,11LxXYERib9O3vRylPxF3B9nkar7dp4LR,bad_response:text/html,404,,0
671,Nifehexal 30 LA 30mg,2,https://drive.google.com/file/d/1DQOvSoDFb7F51FZYX53jio57-M0QQVGT/view?usp=sharing,1DQOvSoDFb7F51FZYX53jio57-M0QQVGT,ok,200,dataset\hdsd_raw\0671_Nifehexal_30_LA_30mg_2_1DQOvSoDFb7F51FZYX53jio57-M0QQVGT.pdf,8956291
672,Nafloxin Solution For Infusion 200mg/100ml,1,https://drive.google.com/file/d/1sZVWQKNoyV7OlFa9F8Tz1VrPNXFBECMW/view?usp=drive_link,1sZVWQKNoyV7OlFa9F8Tz1VrPNXFBECMW,ok,200,dataset\hdsd_raw\0672_Nafloxin_Solution_For_Infusion_200mg_100ml_1_1sZVWQKNoyV7OlFa9F8Tz1VrPNXFBECMW.pdf,4711353
673,Nifedipin T20 retard [20 mg],1,https://drive.google.com/file/d/1KD1Sx5vdLi8EONskKrxdxNzXW7aLSrjk/view?usp=sharing,1KD1Sx5vdLi8EONskKrxdxNzXW7aLSrjk,bad_response:text/html,404,,0
673,Nifedipin T20 retard [20 mg],2,https://drive.google.com/file/d/1mDtfDl-se5KR0hHNTiV0fe3LWqR7tiqS/view?usp=sharing,1mDtfDl-se5KR0hHNTiV0fe3LWqR7tiqS,ok,200,dataset\hdsd_raw\0673_Nifedipin_T20_retard_20_mg_2_1mDtfDl-se5KR0hHNTiV0fe3LWqR7tiqS.pdf,535049
674,Ciprobay 400mg/200ml,1,https://drive.google.com/file/d/1W1KIGulQTtxRgYTQzVD-APm3ZhsMPfeX/view?usp=drive_link,1W1KIGulQTtxRgYTQzVD-APm3ZhsMPfeX,ok,200,dataset\hdsd_raw\0674_Ciprobay_400mg_200ml_1_1W1KIGulQTtxRgYTQzVD-APm3ZhsMPfeX.pdf,4176835
675,Nikoramyl 5 [Nicorandil 5mg],1,https://drive.google.com/file/d/17r4icuMCU_mPovphDjpuQ1FC4z40EZgW/view?usp=sharinghttps://drive.google.com/file/d/1Ja65AQGJcrNMmUztJnpEFxxE_mO9hu4w/view?usp=drive_link,17r4icuMCU_mPovphDjpuQ1FC4z40EZgW,bad_response:text/html,404,,0
675,Nikoramyl 5 [Nicorandil 5mg],2,https://drive.google.com/file/d/1Ja65AQGJcrNMmUztJnpEFxxE_mO9hu4w/view?usp=sharing,1Ja65AQGJcrNMmUztJnpEFxxE_mO9hu4w,ok,200,dataset\hdsd_raw\0675_Nikoramyl_5_Nicorandil_5mg_2_1Ja65AQGJcrNMmUztJnpEFxxE_mO9hu4w.pdf,3704333
676,Vincardipin [Nicardipin 10mg/10ml],1,https://drive.google.com/file/d/13dtCbM52hTIOgVk6g9-L8x2Ez4abRfZr/view?usp=drive_link,13dtCbM52hTIOgVk6g9-L8x2Ez4abRfZr,ok,200,dataset\hdsd_raw\0676_Vincardipin_Nicardipin_10mg_10ml_1_13dtCbM52hTIOgVk6g9-L8x2Ez4abRfZr.pdf,9110219
677,Vinphastu [Cinarizin 25mg],1,https://drive.google.com/file/d/1rRx5ZmgHimSOlvCaGR9U2MS-uEkfDLvz/view?usp=drive_link,1rRx5ZmgHimSOlvCaGR9U2MS-uEkfDLvz,ok,200,dataset\hdsd_raw\0677_Vinphastu_Cinarizin_25mg_1_1rRx5ZmgHimSOlvCaGR9U2MS-uEkfDLvz.pdf,4162965
678,"Pinadine Inj 0,5mg/ml",1,https://drive.google.com/file/d/1vsVshYzAyys6Ef13DrJa6A5ZKau-NIuj/view?usp=drive_link,1vsVshYzAyys6Ef13DrJa6A5ZKau-NIuj,ok,200,dataset\hdsd_raw\0678_Pinadine_Inj_0_5mg_ml_1_1vsVshYzAyys6Ef13DrJa6A5ZKau-NIuj.pdf,3655317
679,Esseil-10 [Cilnidipin 10mg],1,https://drive.google.com/file/d/1-Zy6P27pFsOx1JXBeLKRL8L4B80kMgyl/view?usp=drive_link,1-Zy6P27pFsOx1JXBeLKRL8L4B80kMgyl,ok,200,dataset\hdsd_raw\0679_Esseil-10_Cilnidipin_10mg_1_1-Zy6P27pFsOx1JXBeLKRL8L4B80kMgyl.pdf,8428422
680,Maxitrol [(1mg + 3500IU + 6000IU)/ Gram],1,https://drive.google.com/file/d/19jFB1xYkIdtZvimjeF74z7a541y2SL0u/view?usp=drive_link,19jFB1xYkIdtZvimjeF74z7a541y2SL0u,bad_response:text/html,404,,0
681,Cetimed 10mg [Cetirizin],1,https://drive.google.com/file/d/1El2z442_9I5sW2OEZeietDmruT1xodZ8/view?usp=drive_link,1El2z442_9I5sW2OEZeietDmruT1xodZ8,ok,200,dataset\hdsd_raw\0681_Cetimed_10mg_Cetirizin_1_1El2z442_9I5sW2OEZeietDmruT1xodZ8.pdf,953787
682,Cofidec 200mg,1,https://drive.google.com/file/d/1_jW3ab1nuxOSvmWCcmyjtBftOOwAJ4CR/view?usp=drive_link,1_jW3ab1nuxOSvmWCcmyjtBftOOwAJ4CR,ok,200,dataset\hdsd_raw\0682_Cofidec_200mg_1_1_jW3ab1nuxOSvmWCcmyjtBftOOwAJ4CR.pdf,1383346
684,Zinnat Tablets 500mg,1,https://docs.google.com/document/d/1zrSH3us-V1MxpygGijfZWidxWrxySWxF/edit?usp=sharing&ouid=117534694973414002745&rtpof=true&sd=true,1zrSH3us-V1MxpygGijfZWidxWrxySWxF,ok,200,dataset\hdsd_raw\0684_Zinnat_Tablets_500mg_1_1zrSH3us-V1MxpygGijfZWidxWrxySWxF.pdf,242041
684,Zinnat Tablets 500mg,2,144_Zinnat Tablets 500mg_VN-20514-17.pdf,,no_file_id,,,0
685,Kontiam Inj. [Cefotiam 1000mg],1,https://drive.google.com/file/d/1_m6sQzMEqtQdO7yehNDXSKgoBq5zcFMD/view?usp=drive_link,1_m6sQzMEqtQdO7yehNDXSKgoBq5zcFMD,ok,200,dataset\hdsd_raw\0685_Kontiam_Inj_Cefotiam_1000mg_1_1_m6sQzMEqtQdO7yehNDXSKgoBq5zcFMD.pdf,1191274
686,"Sanlein 0,1: 5mg/5ml",1,https://drive.google.com/file/d/1-3zItP-bPJEXJIxxBnE2Twy6XX4JqRdS/view?usp=drive_link,1-3zItP-bPJEXJIxxBnE2Twy6XX4JqRdS,ok,200,dataset\hdsd_raw\0686_Sanlein_0_1_5mg_5ml_1_1-3zItP-bPJEXJIxxBnE2Twy6XX4JqRdS.pdf,521886
686,"Sanlein 0,1: 5mg/5ml",2,https://drive.google.com/file/d/1AHazBJpybXSbcIFepI5o3bEL0TMayDn7/view?usp=drive_link,1AHazBJpybXSbcIFepI5o3bEL0TMayDn7,bad_response:text/html,404,,0
687,Cephalexin PMP 500 Mg,1,https://drive.google.com/file/d/1CEEi0u1QscnPANcMWPPPwN_ydXFLOR_r/view?usp=drive_link,1CEEi0u1QscnPANcMWPPPwN_ydXFLOR_r,ok,200,dataset\hdsd_raw\0687_Cephalexin_PMP_500_Mg_1_1CEEi0u1QscnPANcMWPPPwN_ydXFLOR_r.pdf,3189120
688,Xitoran [Cefadroxil 500mg],1,https://drive.google.com/file/d/19ej8Nr-15oBXkTwjs95_A_JhM1sADwoE/view?usp=drive_link,19ej8Nr-15oBXkTwjs95_A_JhM1sADwoE,ok,200,dataset\hdsd_raw\0688_Xitoran_Cefadroxil_500mg_1_19ej8Nr-15oBXkTwjs95_A_JhM1sADwoE.pdf,5481016
689,Maxitrol (1mg + 3500IU + 6000IU)/ml,1,https://drive.google.com/file/d/1FBR_-2Sdi5uZOfNbxy-DsM_X-D9I-gQ_/view?usp=sharing,1FBR_-2Sdi5uZOfNbxy-DsM_X-D9I-gQ_,ok,200,dataset\hdsd_raw\0689_Maxitrol_1mg_3500IU_6000IU_ml_1_1FBR_-2Sdi5uZOfNbxy-DsM_X-D9I-gQ_.pdf,3819365
690,Medoclor 500mg [Cefaclor],1,https://drive.google.com/file/d/15b994JdIJjEUfsh6B6UO6l3qkdGgE3x1/view?usp=sharing,15b994JdIJjEUfsh6B6UO6l3qkdGgE3x1,ok,200,dataset\hdsd_raw\0690_Medoclor_500mg_Cefaclor_1_15b994JdIJjEUfsh6B6UO6l3qkdGgE3x1.pdf,905012
691,Bupivacaine Aguettant 5mg/ml [100mg/20ml],1,https://drive.google.com/file/d/1albUzqYFFPjWrHWtlBXQqNhWHgZ-Ng-w/view?usp=drive_link,1albUzqYFFPjWrHWtlBXQqNhWHgZ-Ng-w,ok,200,dataset\hdsd_raw\0691_Bupivacaine_Aguettant_5mg_ml_100mg_20ml_1_1albUzqYFFPjWrHWtlBXQqNhWHgZ-Ng-w.pdf,3716744
692,Symbicort Turbuhaler 160mcg,1,https://drive.google.com/file/d/1sY6JcDhxIRO70uX6l6XSa1fprux8cK1p/view?usp=drive_link,1sY6JcDhxIRO70uX6l6XSa1fprux8cK1p,ok,200,dataset\hdsd_raw\0692_Symbicort_Turbuhaler_160mcg_1_1sY6JcDhxIRO70uX6l6XSa1fprux8cK1p.pdf,13259180
693,"Pulmicort Respules 0,5mg/ml",1,https://drive.google.com/file/d/1vWNRNo3YkciuW4w_TLYVy9pjj9sN5iBw/view?usp=drive_link,1vWNRNo3YkciuW4w_TLYVy9pjj9sN5iBw,ok,200,dataset\hdsd_raw\0693_Pulmicort_Respules_0_5mg_ml_1_1vWNRNo3YkciuW4w_TLYVy9pjj9sN5iBw.pdf,6737269
694,"Samaca ""1mg/ml X 6ml”",1,https://drive.google.com/file/d/1AlXVceWgaFRiHloI2wWKjrvRARjOsE30/view?usp=drive_link,1AlXVceWgaFRiHloI2wWKjrvRARjOsE30,ok,200,dataset\hdsd_raw\0694_Samaca_1mg_ml_X_6ml_1_1AlXVceWgaFRiHloI2wWKjrvRARjOsE30.pdf,587671
696,Optive,1,https://drive.google.com/file/d/1YFdsKwQl-wEFxTata51LJKkkAcyW-hYp/view?usp=drive_link,1YFdsKwQl-wEFxTata51LJKkkAcyW-hYp,ok,200,dataset\hdsd_raw\0696_Optive_1_1YFdsKwQl-wEFxTata51LJKkkAcyW-hYp.pdf,1120545
696,Optive,2,https://drive.google.com/file/d/1x4nqlZNXxBjI9lS__muNANIJknp8wExd/view?usp=sharing,1x4nqlZNXxBjI9lS__muNANIJknp8wExd,ok,200,dataset\hdsd_raw\0696_Optive_2_1x4nqlZNXxBjI9lS__muNANIJknp8wExd.pdf,1348331
697,Atenolol STADA 50 mg,1,https://drive.google.com/file/d/152XODqlKnknQUydn7duAEKG5vmdyEoVa/view?usp=sharing,152XODqlKnknQUydn7duAEKG5vmdyEoVa,bad_response:text/html,404,,0
698,SavNopain 500 [Naproxen 500mg],1,https://drive.google.com/file/d/1l5knlamffNNhBBVeRX94AoTgyJtc6nYP/view?usp=drive_link,1l5knlamffNNhBBVeRX94AoTgyJtc6nYP,ok,200,dataset\hdsd_raw\0698_SavNopain_500_Naproxen_500mg_1_1l5knlamffNNhBBVeRX94AoTgyJtc6nYP.pdf,6526299
699,"Symbicort Rapihaler 160mcg, 4,5mcg (x120 Liều)",1,https://drive.google.com/file/d/1LkLUDZcA2RvFSzkqlvep6FbL5FpgTXOl/view?usp=drive_link,1LkLUDZcA2RvFSzkqlvep6FbL5FpgTXOl,ok,200,dataset\hdsd_raw\0699_Symbicort_Rapihaler_160mcg_4_5mcg_x120_Liều_1_1LkLUDZcA2RvFSzkqlvep6FbL5FpgTXOl.pdf,18026244
700,Natrixam 1.5mg/10mg,1,https://drive.google.com/file/d/1HybFO2ThpwFv_yFHptcLGPyBp1_1evVx/view?usp=drive_link,1HybFO2ThpwFv_yFHptcLGPyBp1_1evVx,ok,200,dataset\hdsd_raw\0700_Natrixam_1_5mg_10mg_1_1HybFO2ThpwFv_yFHptcLGPyBp1_1evVx.pdf,4475600
700,Natrixam 1.5mg/10mg,2,https://drive.google.com/file/d/1HybFO2ThpwFv_yFHptcLGPyBp1_1evVx/view?usp=sharing,1HybFO2ThpwFv_yFHptcLGPyBp1_1evVx,ok,200,dataset\hdsd_raw\0700_Natrixam_1_5mg_10mg_2_1HybFO2ThpwFv_yFHptcLGPyBp1_1evVx.pdf,4475600
701,Amikan,1,https://drive.google.com/file/d/1Hpo5cSWuO53T0SdzsA7b9WTuj9pOwaJw/view?usp=drive_link,1Hpo5cSWuO53T0SdzsA7b9WTuj9pOwaJw,ok,200,dataset\hdsd_raw\0701_Amikan_1_1Hpo5cSWuO53T0SdzsA7b9WTuj9pOwaJw.pdf,3215005
702,Seretide Evohaler DC 25/125mcg,1,https://drive.google.com/file/d/19BpxFTHqdqMamaUXufWBje01FJFXi03Z/view?usp=drive_link,19BpxFTHqdqMamaUXufWBje01FJFXi03Z,ok,200,dataset\hdsd_raw\0702_Seretide_Evohaler_DC_25_125mcg_1_19BpxFTHqdqMamaUXufWBje01FJFXi03Z.pdf,12947179
703,"Katrypsin 4,2 mg [Alpha chymotrypsin]",1,https://drive.google.com/file/d/15YVryrJvLkoh99bZnQQ5ZrJYDByWCGyi/view?usp=drive_link,15YVryrJvLkoh99bZnQQ5ZrJYDByWCGyi,ok,200,dataset\hdsd_raw\0703_Katrypsin_4_2_mg_Alpha_chymotrypsin_1_15YVryrJvLkoh99bZnQQ5ZrJYDByWCGyi.pdf,952542
704,Vigamox 5mg/1ml [Moxifloxacin 5ml],1,https://docs.google.com/document/d/1VpgHlWJy9Bz3N6Bj9t1kvv_Wnd46-XWa/edit?usp=sharing&ouid=117534694973414002745&rtpof=true&sd=true,1VpgHlWJy9Bz3N6Bj9t1kvv_Wnd46-XWa,bad_response:text/html,401,,0
704,Vigamox 5mg/1ml [Moxifloxacin 5ml],2,https://drive.google.com/file/d/1wXki2Uh7dNodcOUue8ng0_3XQboOI4GY/view?usp=sharing,1wXki2Uh7dNodcOUue8ng0_3XQboOI4GY,ok,200,dataset\hdsd_raw\0704_Vigamox_5mg_1ml_Moxifloxacin_5ml_2_1wXki2Uh7dNodcOUue8ng0_3XQboOI4GY.pdf,5376519
706,"Morihepamin [7,58%,Túi 200ml] [*]",1,https://drive.google.com/file/d/1sxS5gLmQaWwKWeQm7SmpgHO_KsNkAB30/view?usp=drive_link,1sxS5gLmQaWwKWeQm7SmpgHO_KsNkAB30,ok,200,dataset\hdsd_raw\0706_Morihepamin_7_58_Túi_200ml_1_1sxS5gLmQaWwKWeQm7SmpgHO_KsNkAB30.pdf,1737812
707,"Methylergometrine Maleate injection 0,2mg - 1ml",1,https://drive.google.com/file/d/1Qz_V-GqUllFP2CddCAfcSCqS-x6Ta6jX/view?usp=drive_link,1Qz_V-GqUllFP2CddCAfcSCqS-x6Ta6jX,ok,200,dataset\hdsd_raw\0707_Methylergometrine_Maleate_injection_0_2mg_-_1ml_1_1Qz_V-GqUllFP2CddCAfcSCqS-x6Ta6jX.pdf,3231879
708,Medskin Acyclovir 200 Mg,1,https://docs.google.com/document/d/1meVn4Nhxp2BjCXa96UHWHtT2tDcTq4VA/edit?usp=sharing&ouid=117534694973414002745&rtpof=true&sd=true,1meVn4Nhxp2BjCXa96UHWHtT2tDcTq4VA,ok,200,dataset\hdsd_raw\0708_Medskin_Acyclovir_200_Mg_1_1meVn4Nhxp2BjCXa96UHWHtT2tDcTq4VA.pdf,101609
709,Savi Acarbose 100 [100mg],1,https://drive.google.com/file/d/1kIhD1P3iTTL_QLVpfBnr43vJWdqlngzm/view?usp=drive_link,1kIhD1P3iTTL_QLVpfBnr43vJWdqlngzm,ok,200,dataset\hdsd_raw\0709_Savi_Acarbose_100_100mg_1_1kIhD1P3iTTL_QLVpfBnr43vJWdqlngzm.pdf,1346364
710,Glucobay 50mg [Acarbose],1,https://drive.google.com/file/d/1scUftu41LAEfpAY5zEHidjdyettebI9j/view?usp=sharing,1scUftu41LAEfpAY5zEHidjdyettebI9j,bad_response:text/html,404,,0
712,Biseptol 480,1,https://drive.google.com/file/d/1RHQxCUsObE26RWJnTeTOR6cHjjfCc9DY/view?usp=sharing,1RHQxCUsObE26RWJnTeTOR6cHjjfCc9DY,ok,200,dataset\hdsd_raw\0712_Biseptol_480_1_1RHQxCUsObE26RWJnTeTOR6cHjjfCc9DY.pdf,1337763
713,Vanconex (Vancomycin 500mg),1,https://drive.google.com/file/d/1XvODBsPV3T1GLYFktmp-Yu7MiLGD75g1/view?usp=drive_link,1XvODBsPV3T1GLYFktmp-Yu7MiLGD75g1,bad_response:text/html,404,,0
714,Bridion [Sugammadex 100mg/ml],1,https://drive.google.com/file/d/1vsLqKVKB4n-S4k1zxdeFrE2BJxXsSReM/view?usp=drive_link,1vsLqKVKB4n-S4k1zxdeFrE2BJxXsSReM,ok,200,dataset\hdsd_raw\0714_Bridion_Sugammadex_100mg_ml_1_1vsLqKVKB4n-S4k1zxdeFrE2BJxXsSReM.pdf,12063694
715,Chymotrypsin 4200IU,1,https://drive.google.com/file/d/14ngmM9ngmAdbikBXCfgstofW9UIqo08O/view?usp=drive_link,14ngmM9ngmAdbikBXCfgstofW9UIqo08O,bad_response:text/html,404,,0
716,Katrypsin Fort ODT,1,https://drive.google.com/file/d/11ZpsH2XqQZUqFwYCymjAnHMs6obgT06r/view?usp=drive_link,11ZpsH2XqQZUqFwYCymjAnHMs6obgT06r,bad_response:text/html,404,,0
717,Katrypsin,1,https://drive.google.com/file/d/15YVryrJvLkoh99bZnQQ5ZrJYDByWCGyi/view?usp=drive_link,15YVryrJvLkoh99bZnQQ5ZrJYDByWCGyi,ok,200,dataset\hdsd_raw\0717_Katrypsin_1_15YVryrJvLkoh99bZnQQ5ZrJYDByWCGyi.pdf,952542
718,ALPHA DHG,1,https://drive.google.com/file/d/1i7UFfky99_dSI7k-udxc1ZqCvvqtU_gj/view?usp=drive_link,1i7UFfky99_dSI7k-udxc1ZqCvvqtU_gj,bad_response:text/html,404,,0
719,Vorifend 500,1,https://drive.google.com/file/d/1cflsKRCJHWCkHlse5wBx766bAzCUhLDU/view?usp=sharing,1cflsKRCJHWCkHlse5wBx766bAzCUhLDU,ok,200,dataset\hdsd_raw\0719_Vorifend_500_1_1cflsKRCJHWCkHlse5wBx766bAzCUhLDU.pdf,1032991
720,Diazepam 10mg-2ml,1,https://drive.google.com/file/d/1F-H239SeNFkDoNJmA1wA0qOfKRAaAQys/view?usp=sharing,1F-H239SeNFkDoNJmA1wA0qOfKRAaAQys,ok,200,dataset\hdsd_raw\0720_Diazepam_10mg-2ml_1_1F-H239SeNFkDoNJmA1wA0qOfKRAaAQys.pdf,1816683
721,Ketosteril,1,https://drive.google.com/file/d/1VYbgB7qHYOB37_EJAzTLjnfXB1xGaP66/view,1VYbgB7qHYOB37_EJAzTLjnfXB1xGaP66,ok,200,dataset\hdsd_raw\0721_Ketosteril_1_1VYbgB7qHYOB37_EJAzTLjnfXB1xGaP66.pdf,653750
722,Smofkabiven Peripheral,1,https://drive.google.com/file/d/11xRyALZAGm0GLv9SjcFoika3wq1qKIDe/view?usp=drive_link,11xRyALZAGm0GLv9SjcFoika3wq1qKIDe,ok,200,dataset\hdsd_raw\0722_Smofkabiven_Peripheral_1_11xRyALZAGm0GLv9SjcFoika3wq1qKIDe.pdf,3497046
723,Mizapenem  1g,1,https://docs.google.com/document/d/1XjnivbF57snDGPmmzaVfJw5W0BPKlolX/edit?usp=sharing&ouid=117534694973414002745&rtpof=true&sd=true,1XjnivbF57snDGPmmzaVfJw5W0BPKlolX,ok,200,dataset\hdsd_raw\0723_Mizapenem_1g_1_1XjnivbF57snDGPmmzaVfJw5W0BPKlolX.pdf,147272
724,ZENTOMYCES,1,https://docs.google.com/document/d/1xDy0edpr9lbVzO65sIAucapLEVqqkZgt/edit,1xDy0edpr9lbVzO65sIAucapLEVqqkZgt,ok,200,dataset\hdsd_raw\0724_ZENTOMYCES_1_1xDy0edpr9lbVzO65sIAucapLEVqqkZgt.pdf,122109
725,"Janumet 50/500, 50/850, 50/1000mg",1,https://drive.google.com/file/d/1exIcxvTOR7BKrmBgN39l8dBeNxVlE-RQ/view?usp=sharing,1exIcxvTOR7BKrmBgN39l8dBeNxVlE-RQ,ok,200,dataset\hdsd_raw\0725_Janumet_50_500_50_850_50_1000mg_1_1exIcxvTOR7BKrmBgN39l8dBeNxVlE-RQ.pdf,1467323
726,Januvia 50mg,1,https://drive.google.com/file/d/1pJ15B6SKwX5uSq8w3grkm9aqY1RtAjUh/view?usp=sharing,1pJ15B6SKwX5uSq8w3grkm9aqY1RtAjUh,ok,200,dataset\hdsd_raw\0726_Januvia_50mg_1_1pJ15B6SKwX5uSq8w3grkm9aqY1RtAjUh.pdf,6177729
727,ZINNAT TABLETS (Viên nén),1,https://drive.google.com/file/d/1rCSyTk9BkHUP_uINKpxpI33Z_t2GT4d0/view?usp=drive_link,1rCSyTk9BkHUP_uINKpxpI33Z_t2GT4d0,ok,200,dataset\hdsd_raw\0727_ZINNAT_TABLETS_Viên_nén_1_1rCSyTk9BkHUP_uINKpxpI33Z_t2GT4d0.pdf,2239199
728,VINZIX,1,https://drive.google.com/file/d/1GCq2SJtXC8AwQpiucRXPsafDi1ao3_xA/view?usp=drive_link,1GCq2SJtXC8AwQpiucRXPsafDi1ao3_xA,ok,200,dataset\hdsd_raw\0728_VINZIX_1_1GCq2SJtXC8AwQpiucRXPsafDi1ao3_xA.pdf,2445160
729,Thytodux,1,https://drive.google.com/file/d/1rlrVS_h84JeFE0uq8jBmbqC-CJZXNH0r/view?usp=drive_link,1rlrVS_h84JeFE0uq8jBmbqC-CJZXNH0r,ok,200,dataset\hdsd_raw\0729_Thytodux_1_1rlrVS_h84JeFE0uq8jBmbqC-CJZXNH0r.pdf,373288
730,SEVOFLURANE,1,https://drive.google.com/file/d/1jZaNRG3TQGnuGUZUpGaDcvfh7VjyfBOO/view?usp=drive_link,1jZaNRG3TQGnuGUZUpGaDcvfh7VjyfBOO,ok,200,dataset\hdsd_raw\0730_SEVOFLURANE_1_1jZaNRG3TQGnuGUZUpGaDcvfh7VjyfBOO.pdf,1759247
731,Yumagel F,1,https://drive.google.com/file/d/1MPj00ktC92a67_sqdv_VLKB6h4oh6lwP/view?usp=drive_link,1MPj00ktC92a67_sqdv_VLKB6h4oh6lwP,ok,200,dataset\hdsd_raw\0731_Yumagel_F_1_1MPj00ktC92a67_sqdv_VLKB6h4oh6lwP.pdf,1510279
732,Daphazyl,1,https://drive.google.com/file/d/1bQOPsbriCahUzl-Bu4MH78gf36-P3JIu/view?usp=drive_link,1bQOPsbriCahUzl-Bu4MH78gf36-P3JIu,ok,200,dataset\hdsd_raw\0732_Daphazyl_1_1bQOPsbriCahUzl-Bu4MH78gf36-P3JIu.pdf,9092575
733,DROTAVERIN,1,https://drive.google.com/file/d/1ne93Kb1eYZz4XlAXAN5lHEMdBg2eSM2B/view?usp=drive_link,1ne93Kb1eYZz4XlAXAN5lHEMdBg2eSM2B,ok,200,dataset\hdsd_raw\0733_DROTAVERIN_1_1ne93Kb1eYZz4XlAXAN5lHEMdBg2eSM2B.pdf,1505920
734,Ventolin,1,https://drive.google.com/file/d/1UT8vKb2Ah3Q5dSfrCtld7yfTHwgjmllm/view?usp=drive_link,1UT8vKb2Ah3Q5dSfrCtld7yfTHwgjmllm,ok,200,dataset\hdsd_raw\0734_Ventolin_1_1UT8vKb2Ah3Q5dSfrCtld7yfTHwgjmllm.pdf,3199126
735,DUCHAT,1,https://drive.google.com/file/d/1_k7K-BvYYbtWS-jtJK4gIR2yQkyQCPjF/view?usp=drive_link,1_k7K-BvYYbtWS-jtJK4gIR2yQkyQCPjF,ok,200,dataset\hdsd_raw\0735_DUCHAT_1_1_k7K-BvYYbtWS-jtJK4gIR2yQkyQCPjF.pdf,670141
736,Depakine Chrono,1,https://drive.google.com/file/d/1J9FuWAPF7vLBaPxi1o_ltUDImF-IDT3t/view?usp=sharing,1J9FuWAPF7vLBaPxi1o_ltUDImF-IDT3t,bad_response:text/html,404,,0
737,Tobradex,1,https://drive.google.com/file/d/1Gd2ct_oAQ5yLfpH_evBpBUdNb9Qpu_tr/view?usp=drive_link,1Gd2ct_oAQ5yLfpH_evBpBUdNb9Qpu_tr,ok,200,dataset\hdsd_raw\0737_Tobradex_1_1Gd2ct_oAQ5yLfpH_evBpBUdNb9Qpu_tr.pdf,2915278
737,Tobradex,2,https://drive.google.com/file/d/1eyha9xmB0zNUNu31WZsKRSSrmHrIP957/view?usp=drive_link,1eyha9xmB0zNUNu31WZsKRSSrmHrIP957,bad_response:text/html,404,,0
738,DRENOXOL,1,https://drive.google.com/file/d/1L_qhVSe17Befz1M3qsIM0kcuz4HjWOLC/view?usp=drive_link,1L_qhVSe17Befz1M3qsIM0kcuz4HjWOLC,ok,200,dataset\hdsd_raw\0738_DRENOXOL_1_1L_qhVSe17Befz1M3qsIM0kcuz4HjWOLC.pdf,710952
739,SERETIDE EVOHALER,1,https://drive.google.com/file/d/1HZcPUCDcEYDRZZ8WEyzYk79vEpgEcOvF/view?usp=drive_link,1HZcPUCDcEYDRZZ8WEyzYk79vEpgEcOvF,ok,200,dataset\hdsd_raw\0739_SERETIDE_EVOHALER_1_1HZcPUCDcEYDRZZ8WEyzYk79vEpgEcOvF.pdf,3677603
740,DEBRIDAT 100mg,1,https://drive.google.com/file/d/1ZSMV7rrbnUP1YZxhVWzBHNfOow8uBzCU/view?usp=drive_link,1ZSMV7rrbnUP1YZxhVWzBHNfOow8uBzCU,ok,200,dataset\hdsd_raw\0740_DEBRIDAT_100mg_1_1ZSMV7rrbnUP1YZxhVWzBHNfOow8uBzCU.pdf,328857
741,SPIRONOLACTON,1,https://drive.google.com/file/d/1YH15Ab12WKVZebLDVFgPNwlaUaxJKOvB/view?usp=drive_link,1YH15Ab12WKVZebLDVFgPNwlaUaxJKOvB,ok,200,dataset\hdsd_raw\0741_SPIRONOLACTON_1_1YH15Ab12WKVZebLDVFgPNwlaUaxJKOvB.pdf,1109883
742,Solu-Medrol,1,https://drive.google.com/file/d/1n2VwIEtppePgEX2YU76NcGtgmNlwfN2S/view?usp=drive_link,1n2VwIEtppePgEX2YU76NcGtgmNlwfN2S,ok,200,dataset\hdsd_raw\0742_Solu-Medrol_1_1n2VwIEtppePgEX2YU76NcGtgmNlwfN2S.pdf,2772650
743,CAFUNTEN,1,https://drive.google.com/file/d/1LGrsx1_PFBPyXuqY2Ylb8L-JH4uL480n/view?usp=sharing,1LGrsx1_PFBPyXuqY2Ylb8L-JH4uL480n,ok,200,dataset\hdsd_raw\0743_CAFUNTEN_1_1LGrsx1_PFBPyXuqY2Ylb8L-JH4uL480n.pdf,311700
744,Rocephin 1g,1,https://drive.google.com/file/d/1gJW2nAWnBLo3c-_GFsS0muyKBrcplDoc/view?usp=drive_link,1gJW2nAWnBLo3c-_GFsS0muyKBrcplDoc,ok,200,dataset\hdsd_raw\0744_Rocephin_1g_1_1gJW2nAWnBLo3c-_GFsS0muyKBrcplDoc.pdf,5651888
745,Piperacillin/Tazobactam Kabi,1,https://drive.google.com/file/d/1VAcRjV_-WltYZvgVeVNJ_ezPi-WOLklT/view?usp=drive_link,1VAcRjV_-WltYZvgVeVNJ_ezPi-WOLklT,ok,200,dataset\hdsd_raw\0745_Piperacillin_Tazobactam_Kabi_1_1VAcRjV_-WltYZvgVeVNJ_ezPi-WOLklT.pdf,3279821
746,CEFOTAXIME,1,https://drive.google.com/file/d/1v_uza1yaXyh9P3-QfaP65rl45vvkFobL/view?usp=drive_link,1v_uza1yaXyh9P3-QfaP65rl45vvkFobL,ok,200,dataset\hdsd_raw\0746_CEFOTAXIME_1_1v_uza1yaXyh9P3-QfaP65rl45vvkFobL.pdf,2145740
747,PM NextG Cal,1,https://drive.google.com/file/d/1GkJ1IcUSQ1i_CDEvGCDNlLoRrs1HALwz/view?usp=drive_link,1GkJ1IcUSQ1i_CDEvGCDNlLoRrs1HALwz,ok,200,dataset\hdsd_raw\0747_PM_NextG_Cal_1_1GkJ1IcUSQ1i_CDEvGCDNlLoRrs1HALwz.pdf,1459507
748,Curam,1,https://drive.google.com/file/d/1hNtoXqAPc_aA_RKu_mkhYPrJOwadFEgf/view?usp=drive_link,1hNtoXqAPc_aA_RKu_mkhYPrJOwadFEgf,ok,200,dataset\hdsd_raw\0748_Curam_1_1hNtoXqAPc_aA_RKu_mkhYPrJOwadFEgf.pdf,2821199
749,Partamol Tab,1,https://drive.google.com/file/d/1Yr8GVVEWnngCGRQAAlodvEhyV5hnK99Y/view?usp=drive_link,1Yr8GVVEWnngCGRQAAlodvEhyV5hnK99Y,ok,200,dataset\hdsd_raw\0749_Partamol_Tab_1_1Yr8GVVEWnngCGRQAAlodvEhyV5hnK99Y.pdf,2079638
750,Pantoloc 40mg,1,https://drive.google.com/file/d/1ctJA_SIqKIdrd1cKbbDeoB4TcWMcFfps/view?usp=drive_link,1ctJA_SIqKIdrd1cKbbDeoB4TcWMcFfps,ok,200,dataset\hdsd_raw\0750_Pantoloc_40mg_1_1ctJA_SIqKIdrd1cKbbDeoB4TcWMcFfps.pdf,3628759
751,Oresol,1,https://drive.google.com/file/d/1B_iavq9NfXsskgcJkG7IV_3yu-zk0lsx/view?usp=drive_link,1B_iavq9NfXsskgcJkG7IV_3yu-zk0lsx,ok,200,dataset\hdsd_raw\0751_Oresol_1_1B_iavq9NfXsskgcJkG7IV_3yu-zk0lsx.pdf,976871
752,NEXIUM MUPS 20mg; NEXIUM MUPS 40mg,1,https://drive.google.com/file/d/11qrMPEoitwiKt7CSxAfDG0CTc7eBqr4i/view?usp=drive_link,11qrMPEoitwiKt7CSxAfDG0CTc7eBqr4i,ok,200,dataset\hdsd_raw\0752_NEXIUM_MUPS_20mg_NEXIUM_MUPS_40mg_1_11qrMPEoitwiKt7CSxAfDG0CTc7eBqr4i.pdf,6513153
753,BFS-NORADRENALINE,1,https://drive.google.com/file/d/1m6pdzcafwSKUXsC9QLR3NjYkMk8NFzdh/view?usp=drive_link,1m6pdzcafwSKUXsC9QLR3NjYkMk8NFzdh,ok,200,dataset\hdsd_raw\0753_BFS-NORADRENALINE_1_1m6pdzcafwSKUXsC9QLR3NjYkMk8NFzdh.pdf,1924240
754,NORMAGUT,1,https://drive.google.com/file/d/1eIi3l-25B9QBglFyysK-yXHoJ_dDL9gk/view?usp=drive_link,1eIi3l-25B9QBglFyysK-yXHoJ_dDL9gk,ok,200,dataset\hdsd_raw\0754_NORMAGUT_1_1eIi3l-25B9QBglFyysK-yXHoJ_dDL9gk.pdf,394262
754,NORMAGUT,2,https://drive.google.com/file/d/1yUaz-fDJh83KPV-rj2Y4Nzvrm_32Gbg_/view?usp=sharing,1yUaz-fDJh83KPV-rj2Y4Nzvrm_32Gbg_,bad_response:text/html,404,,0
755,Nifedipin 20mg(Cordaflex),1,https://drive.google.com/file/d/1POzbJpsz886O-p_m6vt0IuaLsg77IUPt/view?usp=sharing,1POzbJpsz886O-p_m6vt0IuaLsg77IUPt,ok,200,dataset\hdsd_raw\0755_Nifedipin_20mg_Cordaflex_1_1POzbJpsz886O-p_m6vt0IuaLsg77IUPt.pdf,948847
756,BETADINE Antiseptic Solution 10%,1,https://drive.google.com/file/d/1VbMfU3wdeJam0n7oIIRO7vnZQZe73uLF/view?usp=drive_link,1VbMfU3wdeJam0n7oIIRO7vnZQZe73uLF,ok,200,dataset\hdsd_raw\0756_BETADINE_Antiseptic_Solution_10_1_1VbMfU3wdeJam0n7oIIRO7vnZQZe73uLF.pdf,928406
757,MERONEM 1g IV,1,https://drive.google.com/file/d/1I4Db_-aXu6nVnjUuoCkVstGeKP2YL1Xo/view?usp=drive_link,1I4Db_-aXu6nVnjUuoCkVstGeKP2YL1Xo,ok,200,dataset\hdsd_raw\0757_MERONEM_1g_IV_1_1I4Db_-aXu6nVnjUuoCkVstGeKP2YL1Xo.pdf,5090206
758,Lovenox,1,https://drive.google.com/file/d/1ctI4ICWrMH3e1pBhzgjuEbzhLUJjCpaD/view?usp=drive_link,1ctI4ICWrMH3e1pBhzgjuEbzhLUJjCpaD,ok,200,dataset\hdsd_raw\0758_Lovenox_1_1ctI4ICWrMH3e1pBhzgjuEbzhLUJjCpaD.pdf,2535648
759,AERIUS,1,https://drive.google.com/file/d/1jWHmrytX18FYlpTD2OFLS33HpZVvplFB/view?usp=drive_link,1jWHmrytX18FYlpTD2OFLS33HpZVvplFB,bad_response:text/html,404,,0
760,HEPARINE SODIQUE PANPHARMA 5000UI/ml,1,https://drive.google.com/file/d/15p9iU64LWyae5k4JLg9jSVbpr32xT1G1/view?usp=sharing,15p9iU64LWyae5k4JLg9jSVbpr32xT1G1,ok,200,dataset\hdsd_raw\0760_HEPARINE_SODIQUE_PANPHARMA_5000UI_ml_1_15p9iU64LWyae5k4JLg9jSVbpr32xT1G1.pdf,1067290
761,HAEMOSTOP,1,https://drive.google.com/file/d/1E37JG3rL4ttxb7ui-nMQbNGR2kiEltgw/view?usp=drive_link,1E37JG3rL4ttxb7ui-nMQbNGR2kiEltgw,ok,200,dataset\hdsd_raw\0761_HAEMOSTOP_1_1E37JG3rL4ttxb7ui-nMQbNGR2kiEltgw.pdf,391250
763,Fucicort,1,https://drive.google.com/file/d/1T5rJ50oVPRlWZahGhvQ8HqQrmPxW9LSn/view?usp=drive_link,1T5rJ50oVPRlWZahGhvQ8HqQrmPxW9LSn,ok,200,dataset\hdsd_raw\0763_Fucicort_1_1T5rJ50oVPRlWZahGhvQ8HqQrmPxW9LSn.pdf,591429
764,Enterogermina,1,https://drive.google.com/file/d/1HQf7roH2-RJdEVQ1uAMfNa41FVrvjKPn/view?usp=drive_link,1HQf7roH2-RJdEVQ1uAMfNa41FVrvjKPn,ok,200,dataset\hdsd_raw\0764_Enterogermina_1_1HQf7roH2-RJdEVQ1uAMfNa41FVrvjKPn.pdf,2162940
766,Efferalgan 500MG ( viên sủi),1,https://drive.google.com/file/d/1MUQi8hJdn9hF-rUP4JFjD4oYEbq0unF1/view?usp=drive_link,1MUQi8hJdn9hF-rUP4JFjD4oYEbq0unF1,ok,200,dataset\hdsd_raw\0766_Efferalgan_500MG_viên_sủi_1_1MUQi8hJdn9hF-rUP4JFjD4oYEbq0unF1.pdf,2063544
767,"Atropin Sulphat 0,25mg/1ml",1,https://drive.google.com/file/d/1lgLqxL-kQNX_oj03X7u_xYzePh3vpwZk/view?usp=sharing,1lgLqxL-kQNX_oj03X7u_xYzePh3vpwZk,ok,200,dataset\hdsd_raw\0767_Atropin_Sulphat_0_25mg_1ml_1_1lgLqxL-kQNX_oj03X7u_xYzePh3vpwZk.pdf,1491631
768,Agi-Bromhexine,1,https://drive.google.com/file/d/1oTqN1ijGMZg4PZK_Kd9RhijfiIqmql7c/view?usp=sharing,1oTqN1ijGMZg4PZK_Kd9RhijfiIqmql7c,ok,200,dataset\hdsd_raw\0768_Agi-Bromhexine_1_1oTqN1ijGMZg4PZK_Kd9RhijfiIqmql7c.pdf,809915
769,Uloviz 40mg,1,https://docs.google.com/document/d/1COOMvAPw51wKuSyhLGKoW5-O8YUTFi-E/edit,1COOMvAPw51wKuSyhLGKoW5-O8YUTFi-E,bad_response:text/html,401,,0
769,Uloviz 40mg,2,https://drive.google.com/file/d/1twbE5wG6OvXnILR5VwxlKB5evl-lXzM7/view?usp=sharing,1twbE5wG6OvXnILR5VwxlKB5evl-lXzM7,ok,200,dataset\hdsd_raw\0769_Uloviz_40mg_2_1twbE5wG6OvXnILR5VwxlKB5evl-lXzM7.pdf,7098971
770,Irbesartan OD DWP 100mg,1,https://docs.google.com/document/d/1gY1IJV_-KONySIpivKtgzQqZsk7htngB/edit#heading=h.gjdgxs,1gY1IJV_-KONySIpivKtgzQqZsk7htngB,ok,200,dataset\hdsd_raw\0770_Irbesartan_OD_DWP_100mg_1_1gY1IJV_-KONySIpivKtgzQqZsk7htngB.pdf,171282
771,ENTEROGRAN,1,https://docs.google.com/document/d/1PHaRhdJPGtbXGsdZBNo5LSOwQqNDMWHl/edit,1PHaRhdJPGtbXGsdZBNo5LSOwQqNDMWHl,ok,200,dataset\hdsd_raw\0771_ENTEROGRAN_1_1PHaRhdJPGtbXGsdZBNo5LSOwQqNDMWHl.pdf,114560
772,Phlebodia 600mg,1,https://drive.google.com/file/d/12KH8J7q9AN8FYbPsObwxqvNvilw_-q_Q/view?usp=drive_link,12KH8J7q9AN8FYbPsObwxqvNvilw_-q_Q,ok,200,dataset\hdsd_raw\0772_Phlebodia_600mg_1_12KH8J7q9AN8FYbPsObwxqvNvilw_-q_Q.pdf,1113509
773,CEFADROXIL 500MG,1,https://docs.google.com/document/d/1at-wYRpTM3U7S0HM_RIoIboblJHoeEjM/edit,1at-wYRpTM3U7S0HM_RIoIboblJHoeEjM,ok,200,dataset\hdsd_raw\0773_CEFADROXIL_500MG_1_1at-wYRpTM3U7S0HM_RIoIboblJHoeEjM.pdf,206383
774,Profen 100mg/10ml,1,https://docs.google.com/document/d/1POkjWXIpXotSE8Nt5kQ1tiBGGQ-gS1Bt/edit,1POkjWXIpXotSE8Nt5kQ1tiBGGQ-gS1Bt,ok,200,dataset\hdsd_raw\0774_Profen_100mg_10ml_1_1POkjWXIpXotSE8Nt5kQ1tiBGGQ-gS1Bt.pdf,200345
775,BIKOZOL,1,https://docs.google.com/document/d/16hYLxU2eXmtk8tjWNHFlmcMtZ041u5gL/edit,16hYLxU2eXmtk8tjWNHFlmcMtZ041u5gL,ok,200,dataset\hdsd_raw\0775_BIKOZOL_1_16hYLxU2eXmtk8tjWNHFlmcMtZ041u5gL.pdf,151605
776,Acetyl leucin (Vintanil) 500mg/5ml,1,https://docs.google.com/document/d/1bZFWM1JprezHMBA13TrRsywTLSrLLu6-/edit,1bZFWM1JprezHMBA13TrRsywTLSrLLu6-,ok,200,dataset\hdsd_raw\0776_Acetyl_leucin_Vintanil_500mg_5ml_1_1bZFWM1JprezHMBA13TrRsywTLSrLLu6-.pdf,115145
777,Ramipril 10mg,1,https://drive.google.com/file/d/1sDj5V4hBksHjhEpRjQBpWR8wWmA9hRU0/view?usp=sharing,1sDj5V4hBksHjhEpRjQBpWR8wWmA9hRU0,ok,200,dataset\hdsd_raw\0777_Ramipril_10mg_1_1sDj5V4hBksHjhEpRjQBpWR8wWmA9hRU0.pdf,2133858
778,Haxium 40,1,https://drive.google.com/file/d/1q_jmk1LF7cLRQXKjo2-BYYuRndjpu719/view?usp=sharing,1q_jmk1LF7cLRQXKjo2-BYYuRndjpu719,ok,200,dataset\hdsd_raw\0778_Haxium_40_1_1q_jmk1LF7cLRQXKjo2-BYYuRndjpu719.pdf,1948976
779,Metformin 500,1,https://drive.google.com/file/d/1c1MrxGjAQkksSMXq6v8Ksdxs8QjxHcAD/view?usp=sharing,1c1MrxGjAQkksSMXq6v8Ksdxs8QjxHcAD,ok,200,dataset\hdsd_raw\0779_Metformin_500_1_1c1MrxGjAQkksSMXq6v8Ksdxs8QjxHcAD.pdf,1604479
780,Irbezyd H,1,https://drive.google.com/file/d/1HSad33iAZXW-vMV67ZhNyS2l5hvfM2WH/view?usp=sharing,1HSad33iAZXW-vMV67ZhNyS2l5hvfM2WH,ok,200,dataset\hdsd_raw\0780_Irbezyd_H_1_1HSad33iAZXW-vMV67ZhNyS2l5hvfM2WH.pdf,1637680
781,INSUNOVA -G PEN,1,https://drive.google.com/file/d/1KL0Wso3oDBbQRtTpUFOFR687dckMvEWp/view?usp=sharing,1KL0Wso3oDBbQRtTpUFOFR687dckMvEWp,bad_response:text/html,404,,0
782,Knevate,1,https://drive.google.com/file/d/13wEcQ4eVlY9vcg3ExcIU_RNnlOUNex5T/view?usp=sharing,13wEcQ4eVlY9vcg3ExcIU_RNnlOUNex5T,ok,200,dataset\hdsd_raw\0782_Knevate_1_13wEcQ4eVlY9vcg3ExcIU_RNnlOUNex5T.pdf,1911804
783,Manitol 20g/100ml-250ml,1,https://drive.google.com/file/d/1Vw2Nb-KkksEsKbHghTDiTI2cdn7d-RTY/view?usp=drive_link,1Vw2Nb-KkksEsKbHghTDiTI2cdn7d-RTY,ok,200,dataset\hdsd_raw\0783_Manitol_20g_100ml-250ml_1_1Vw2Nb-KkksEsKbHghTDiTI2cdn7d-RTY.pdf,865695
784,Lidocain-BFS,1,https://drive.google.com/file/d/1gsmCuFzlg25-188HozrsxO6dgdHeUu7A/view?usp=sharing,1gsmCuFzlg25-188HozrsxO6dgdHeUu7A,ok,200,dataset\hdsd_raw\0784_Lidocain-BFS_1_1gsmCuFzlg25-188HozrsxO6dgdHeUu7A.pdf,78469
785,Kali Clorid 10%,1,https://drive.google.com/file/d/1_h646rUt7k8JhLZog_d1DbYX6VjlZWOm/view?usp=drive_link,1_h646rUt7k8JhLZog_d1DbYX6VjlZWOm,ok,200,dataset\hdsd_raw\0785_Kali_Clorid_10_1_1_h646rUt7k8JhLZog_d1DbYX6VjlZWOm.pdf,79918
786,Lyrica 75mg,1,https://drive.google.com/drive/folders/1zkrg29TKPep4Op7m95UM5MqiwTAcf4e3,,no_file_id,,,0
787,"Lipitor (Atorvastatin) 10mg, 20mg, 40mg",1,https://drive.google.com/file/d/1JORKnhpDx84khzk8L2LAP3FojlWfdxdi/view?usp=sharing,1JORKnhpDx84khzk8L2LAP3FojlWfdxdi,bad_response:text/html,404,,0
788,Lidocain (hydroclorid) 40mg/2ml,1,https://drive.google.com/file/d/1LStHStE6-O-xGpp8KHSI59xfovTaT_IB/view?usp=drive_link,1LStHStE6-O-xGpp8KHSI59xfovTaT_IB,ok,200,dataset\hdsd_raw\0788_Lidocain_hydroclorid_40mg_2ml_1_1LStHStE6-O-xGpp8KHSI59xfovTaT_IB.pdf,1113139
789,Lidocain 10%,1,https://drive.google.com/file/d/1hreKRMb6tXxNCgjk1yFuEhqWs-pBeact/view?usp=drive_link,1hreKRMb6tXxNCgjk1yFuEhqWs-pBeact,ok,200,dataset\hdsd_raw\0789_Lidocain_10_1_1hreKRMb6tXxNCgjk1yFuEhqWs-pBeact.pdf,1977368
790,Lisonorm (Amlodipin+ lisinopril),1,https://drive.google.com/file/d/1LIKKWJUyAANFwIaVnlDQ-HuyoclY8qs5/view?usp=drive_link,1LIKKWJUyAANFwIaVnlDQ-HuyoclY8qs5,ok,200,dataset\hdsd_raw\0790_Lisonorm_Amlodipin_lisinopril_1_1LIKKWJUyAANFwIaVnlDQ-HuyoclY8qs5.pdf,3828422
791,"Medrol 4mg, 16mg",1,https://drive.google.com/file/d/1hoZ6zssnVUiy9YpMQPclVgXgXXaE7HV5/view?usp=sharing,1hoZ6zssnVUiy9YpMQPclVgXgXXaE7HV5,ok,200,dataset\hdsd_raw\0791_Medrol_4mg_16mg_1_1hoZ6zssnVUiy9YpMQPclVgXgXXaE7HV5.pdf,3108378
792,Methylprednisolon 16mg,1,https://drive.google.com/file/d/1dKqceu1rUhQoaXLHfpg_MmKELidPqVZf/view?usp=drive_link,1dKqceu1rUhQoaXLHfpg_MmKELidPqVZf,ok,200,dataset\hdsd_raw\0792_Methylprednisolon_16mg_1_1dKqceu1rUhQoaXLHfpg_MmKELidPqVZf.pdf,2141394
793,MIDAZOLAM B.BRAUN 5 MG/ML,1,https://drive.google.com/file/d/1phzyzJ-X4KaseYHVAwgs_afx95_77XWw/view?usp=drive_link,1phzyzJ-X4KaseYHVAwgs_afx95_77XWw,ok,200,dataset\hdsd_raw\0793_MIDAZOLAM_B_BRAUN_5_MG_ML_1_1phzyzJ-X4KaseYHVAwgs_afx95_77XWw.pdf,4948117
794,NovoMix 30 FlexPen,1,https://drive.google.com/file/d/1NKyJbCIOcpiiWyh9jyVxjVFcP_R7LPvm/view?usp=sharing,1NKyJbCIOcpiiWyh9jyVxjVFcP_R7LPvm,ok,200,dataset\hdsd_raw\0794_NovoMix_30_FlexPen_1_1NKyJbCIOcpiiWyh9jyVxjVFcP_R7LPvm.pdf,3101548
795,Glucose 10% - 500ml,1,https://drive.google.com/file/d/1qc3hhaOEK4zgbE5RAhf_io7GH9MvKB_2/view?usp=sharing,1qc3hhaOEK4zgbE5RAhf_io7GH9MvKB_2,ok,200,dataset\hdsd_raw\0795_Glucose_10_-_500ml_1_1qc3hhaOEK4zgbE5RAhf_io7GH9MvKB_2.pdf,2111087
796,Nebilet,1,https://docs.google.com/document/d/1sMcZ0iYgbdQiWSHrbS05k3EsKRTuf0KR/edit?usp=sharing&ouid=117534694973414002745&rtpof=true&sd=true,1sMcZ0iYgbdQiWSHrbS05k3EsKRTuf0KR,ok,200,dataset\hdsd_raw\0796_Nebilet_1_1sMcZ0iYgbdQiWSHrbS05k3EsKRTuf0KR.pdf,301551
797,Nefopam Medisol,1,https://drive.google.com/file/d/1Wwl9oyD17zmB2o0ZkasP5CjOKESUXX5a/view?usp=sharing,1Wwl9oyD17zmB2o0ZkasP5CjOKESUXX5a,ok,200,dataset\hdsd_raw\0797_Nefopam_Medisol_1_1Wwl9oyD17zmB2o0ZkasP5CjOKESUXX5a.pdf,103934
798,"Fosmicin for I.V. use 1g, 2g",1,https://drive.google.com/file/d/1kAdzhbxE5dXeLqwu-lhJvOiOkcqiQ31t/view?usp=drive_link,1kAdzhbxE5dXeLqwu-lhJvOiOkcqiQ31t,ok,200,dataset\hdsd_raw\0798_Fosmicin_for_I_V_use_1g_2g_1_1kAdzhbxE5dXeLqwu-lhJvOiOkcqiQ31t.pdf,183372
799,Novorapid flexpen,1,https://drive.google.com/file/d/19HodGbpgwQyYD-BSZJGT7kSKpt3DdV0W/view?usp=drive_link,19HodGbpgwQyYD-BSZJGT7kSKpt3DdV0W,bad_response:text/html,404,,0
800,Nifedipin Hasan,1,https://drive.google.com/file/d/1ovVRqaVzHTQa5anF-7ye8hzhUyYvGZQf/view?usp=sharing,1ovVRqaVzHTQa5anF-7ye8hzhUyYvGZQf,ok,200,dataset\hdsd_raw\0800_Nifedipin_Hasan_1_1ovVRqaVzHTQa5anF-7ye8hzhUyYvGZQf.pdf,1871628
801,"Forxiga 5mg, 10mg",1,https://drive.google.com/drive/folders/1ujSnLl-mT4X3kzwmyLIi5UuJZ1y3V-CQ,,no_file_id,,,0
802,Fentanyl B.Braun 0.5mg/10ml,1,https://drive.google.com/file/d/1D2UG7EYbT2Dorax2IgRLJerhPl2ESshG/view?usp=drive_link,1D2UG7EYbT2Dorax2IgRLJerhPl2ESshG,ok,200,dataset\hdsd_raw\0802_Fentanyl_B_Braun_0_5mg_10ml_1_1D2UG7EYbT2Dorax2IgRLJerhPl2ESshG.pdf,1075013
803,Nexium 40mg IV,1,https://drive.google.com/drive/folders/1j87xWwY-FKBvyipd2eX2S5FsgXd9YG0n,,no_file_id,,,0
804,Espumisan L,1,https://drive.google.com/file/d/1JyIp4ef6atgRi8f85WxmdqjRPhcRviX7/view?usp=drive_link,1JyIp4ef6atgRi8f85WxmdqjRPhcRviX7,ok,200,dataset\hdsd_raw\0804_Espumisan_L_1_1JyIp4ef6atgRi8f85WxmdqjRPhcRviX7.pdf,58729
805,Nitromint,1,https://drive.google.com/file/d/1o8sLu4cI9PeBCI8mlzHL_k2CisvGu8e4/view?usp=drive_link,1o8sLu4cI9PeBCI8mlzHL_k2CisvGu8e4,ok,200,dataset\hdsd_raw\0805_Nitromint_1_1o8sLu4cI9PeBCI8mlzHL_k2CisvGu8e4.pdf,3124366
806,"Exforge 5/80mg, 10/160mg",1,https://drive.google.com/file/d/1pxlllA4-PnZy6duPdnjbQK8LG0PC2E9t/view?usp=sharing,1pxlllA4-PnZy6duPdnjbQK8LG0PC2E9t,bad_response:text/html,404,,0
807,"Exforge HCT 5/160/12,5mg, 10/160/12,5mg, 10/320/25mg",1,https://drive.google.com/file/d/12ayXyfGcELEirF7UUWkGCetsR9Nq09vX/view?usp=sharing,12ayXyfGcELEirF7UUWkGCetsR9Nq09vX,ok,200,dataset\hdsd_raw\0807_Exforge_HCT_5_160_12_5mg_10_160_12_5mg_10_320_25mg_1_12ayXyfGcELEirF7UUWkGCetsR9Nq09vX.pdf,17333076
808,Pulmicort respules,1,https://drive.google.com/file/d/1CejmjxKJ6rP7XOCnfanIy33sjIyle5DA/view?usp=sharing,1CejmjxKJ6rP7XOCnfanIy33sjIyle5DA,ok,200,dataset\hdsd_raw\0808_Pulmicort_respules_1_1CejmjxKJ6rP7XOCnfanIy33sjIyle5DA.pdf,2149861
809,Davertyl,1,https://drive.google.com/file/d/10106oB_T50Z3Y3TvGYMcdNOy6iv7ejvC/view?usp=drive_link,10106oB_T50Z3Y3TvGYMcdNOy6iv7ejvC,ok,200,dataset\hdsd_raw\0809_Davertyl_1_10106oB_T50Z3Y3TvGYMcdNOy6iv7ejvC.pdf,586692
810,PAPAVERIN 2%,1,https://drive.google.com/file/d/18N-hoPuw3S9mWHb_2eeo2bAw_qcp8auD/view?usp=drive_link,18N-hoPuw3S9mWHb_2eeo2bAw_qcp8auD,ok,200,dataset\hdsd_raw\0810_PAPAVERIN_2_1_18N-hoPuw3S9mWHb_2eeo2bAw_qcp8auD.pdf,1351413
811,Digoxin/Anfarm,1,https://drive.google.com/file/d/1V0X6OVTjP8gcuRNbTSiBREorQmkSg1dw/view?usp=drive_link,1V0X6OVTjP8gcuRNbTSiBREorQmkSg1dw,ok,200,dataset\hdsd_raw\0811_Digoxin_Anfarm_1_1V0X6OVTjP8gcuRNbTSiBREorQmkSg1dw.pdf,9284992
812,Diamicron MR 60mg,1,https://drive.google.com/file/d/1wevIOEtJYFoFPDaVk00aV7ri21jJqQK8/view?usp=drive_link,1wevIOEtJYFoFPDaVk00aV7ri21jJqQK8,ok,200,dataset\hdsd_raw\0812_Diamicron_MR_60mg_1_1wevIOEtJYFoFPDaVk00aV7ri21jJqQK8.pdf,9752963
813,Panangin,1,https://drive.google.com/file/d/1wrIN5tsCjjRD4_5zAhPo6hali579-Lo4/view?usp=sharing,1wrIN5tsCjjRD4_5zAhPo6hali579-Lo4,ok,200,dataset\hdsd_raw\0813_Panangin_1_1wrIN5tsCjjRD4_5zAhPo6hali579-Lo4.pdf,591260
814,Dembele,1,https://drive.google.com/file/d/1pF8w2mXIqqiy8uPqNP4NqXj_vxPMH2I_/view?usp=sharing,1pF8w2mXIqqiy8uPqNP4NqXj_vxPMH2I_,ok,200,dataset\hdsd_raw\0814_Dembele_1_1pF8w2mXIqqiy8uPqNP4NqXj_vxPMH2I_.pdf,3406976
816,Ciprobay viên,1,https://drive.google.com/file/d/1GkVBWZ4UC6XFimbt2YSuKFaghxMGzspL/view?usp=sharing,1GkVBWZ4UC6XFimbt2YSuKFaghxMGzspL,ok,200,dataset\hdsd_raw\0816_Ciprobay_viên_1_1GkVBWZ4UC6XFimbt2YSuKFaghxMGzspL.pdf,442150
817,"Coveram 5/5, 5/10, 10/5, 10/10",1,https://drive.google.com/file/d/1bl6ACy40D2OinmvGsH0cV1Alogm0u8-2/view?usp=sharing,1bl6ACy40D2OinmvGsH0cV1Alogm0u8-2,ok,200,dataset\hdsd_raw\0817_Coveram_5_5_5_10_10_5_10_10_1_1bl6ACy40D2OinmvGsH0cV1Alogm0u8-2.pdf,6171790
818,Silvasten 20/10mg,1,https://drive.google.com/file/d/1E30_wKx5o_46nUoZJDaHjVcaj-VY9zIS/view?usp=sharing,1E30_wKx5o_46nUoZJDaHjVcaj-VY9zIS,ok,200,dataset\hdsd_raw\0818_Silvasten_20_10mg_1_1E30_wKx5o_46nUoZJDaHjVcaj-VY9zIS.pdf,9065048
819,SaVi Valsartan 160,1,https://drive.google.com/file/d/1PitZk96SBDTAF3nUJFflHf6y-7dmqCS9/view?usp=sharing,1PitZk96SBDTAF3nUJFflHf6y-7dmqCS9,ok,200,dataset\hdsd_raw\0819_SaVi_Valsartan_160_1_1PitZk96SBDTAF3nUJFflHf6y-7dmqCS9.pdf,3135549
820,"Savi Valsartan Plus HCT 80/12,5mg",1,https://drive.google.com/file/d/1oQ-QlvCwy469fCJZmNlYesHYSpB4oCWe/view?usp=sharing,1oQ-QlvCwy469fCJZmNlYesHYSpB4oCWe,ok,200,dataset\hdsd_raw\0820_Savi_Valsartan_Plus_HCT_80_12_5mg_1_1oQ-QlvCwy469fCJZmNlYesHYSpB4oCWe.pdf,1687410
821,"Concor cor 2,5mg",1,https://drive.google.com/file/d/1XZXlEFWbIZwFs-UMTP5gjAAEQyl9Amr7/view?usp=sharing,1XZXlEFWbIZwFs-UMTP5gjAAEQyl9Amr7,ok,200,dataset\hdsd_raw\0821_Concor_cor_2_5mg_1_1XZXlEFWbIZwFs-UMTP5gjAAEQyl9Amr7.pdf,4562079
822,Combivent,1,https://drive.google.com/file/d/1McfyoeRysZIyz9U05X-CA6LDZqgOtUcB/view?usp=drive_link,1McfyoeRysZIyz9U05X-CA6LDZqgOtUcB,bad_response:text/html,404,,0
823,TENADOL,1,https://drive.google.com/file/d/1qGCGDDCrmpWsIGXCGg0SEQNuvMRpD8Ft/view?usp=drive_link,1qGCGDDCrmpWsIGXCGg0SEQNuvMRpD8Ft,ok,200,dataset\hdsd_raw\0823_TENADOL_1_1qGCGDDCrmpWsIGXCGg0SEQNuvMRpD8Ft.pdf,3315158
824,Tavanic 500mg (viên),1,https://drive.google.com/file/d/1TzcAdUh9dLDM5fO80I_IlJLC9M5GtmEQ/view?usp=sharing,1TzcAdUh9dLDM5fO80I_IlJLC9M5GtmEQ,ok,200,dataset\hdsd_raw\0824_Tavanic_500mg_viên_1_1TzcAdUh9dLDM5fO80I_IlJLC9M5GtmEQ.pdf,353832
824,Tavanic 500mg (viên),2,https://drive.google.com/file/d/166AgY47t8966m2Nug51R5R3HfanfmnCN/view?usp=drive_link,166AgY47t8966m2Nug51R5R3HfanfmnCN,bad_response:text/html,404,,0
825,Co-Diovan,1,https://drive.google.com/file/d/10zVQ1kTS4BPOyrNvZhhBlZ2b0oGTkAY2/view?usp=sharing,10zVQ1kTS4BPOyrNvZhhBlZ2b0oGTkAY2,ok,200,dataset\hdsd_raw\0825_Co-Diovan_1_10zVQ1kTS4BPOyrNvZhhBlZ2b0oGTkAY2.pdf,12457137
826,Telorssa 100mg/5mg,1,https://drive.google.com/file/d/1w-jiN8gjflhFZjT6PnA_aicLd-Bgy-ce/view?usp=sharing,1w-jiN8gjflhFZjT6PnA_aicLd-Bgy-ce,ok,200,dataset\hdsd_raw\0826_Telorssa_100mg_5mg_1_1w-jiN8gjflhFZjT6PnA_aicLd-Bgy-ce.pdf,14057185
827,Tunadimet,1,https://drive.google.com/file/d/12Ei587-Lzho8nOyHGF8IqZ2_TuMx81UV/view?usp=sharing,12Ei587-Lzho8nOyHGF8IqZ2_TuMx81UV,ok,200,dataset\hdsd_raw\0827_Tunadimet_1_12Ei587-Lzho8nOyHGF8IqZ2_TuMx81UV.pdf,1874488
827,Tunadimet,2,https://drive.google.com/file/d/16KZovJUVy87xxq1lqogbHeZU-2Lve3lf/view?usp=sharing,16KZovJUVy87xxq1lqogbHeZU-2Lve3lf,ok,200,dataset\hdsd_raw\0827_Tunadimet_2_16KZovJUVy87xxq1lqogbHeZU-2Lve3lf.pdf,1976213
828,Cozaar XQ,1,https://drive.google.com/file/d/17Uy4fBNp8lAcSmJ0Ujc2cxbQ1xXVKHcf/view?usp=sharing,17Uy4fBNp8lAcSmJ0Ujc2cxbQ1xXVKHcf,ok,200,dataset\hdsd_raw\0828_Cozaar_XQ_1_17Uy4fBNp8lAcSmJ0Ujc2cxbQ1xXVKHcf.pdf,4852107
829,CandeKern 16mg,1,https://drive.google.com/file/d/1KhgvETnKCb2oGFeXnd8dpbS6t4vT9zVA/view?usp=sharing,1KhgvETnKCb2oGFeXnd8dpbS6t4vT9zVA,ok,200,dataset\hdsd_raw\0829_CandeKern_16mg_1_1KhgvETnKCb2oGFeXnd8dpbS6t4vT9zVA.pdf,1542669
830,Vinphason,1,https://drive.google.com/file/d/1XY9aN1I_zEAy8JdrE_ZUftx1CSNQruVz/view?usp=sharing,1XY9aN1I_zEAy8JdrE_ZUftx1CSNQruVz,ok,200,dataset\hdsd_raw\0830_Vinphason_1_1XY9aN1I_zEAy8JdrE_ZUftx1CSNQruVz.pdf,83338
830,Vinphason,2,https://drive.google.com/file/d/1G5_S1-Cf7qF1koPe7DSLoD6E3HdzREL1/view?usp=sharing,1G5_S1-Cf7qF1koPe7DSLoD6E3HdzREL1,ok,200,dataset\hdsd_raw\0830_Vinphason_2_1G5_S1-Cf7qF1koPe7DSLoD6E3HdzREL1.pdf,17505067
831,"Voxin 500mg, 1000mg",1,https://drive.google.com/file/d/17DLOeozcqvzOJZbxi7Pj2atx1LpjntoC/view?usp=sharing,17DLOeozcqvzOJZbxi7Pj2atx1LpjntoC,ok,200,dataset\hdsd_raw\0831_Voxin_500mg_1000mg_1_17DLOeozcqvzOJZbxi7Pj2atx1LpjntoC.pdf,179880
832,Vinphacine 250,1,https://drive.google.com/file/d/1FqO-S1w5AmcO8T8n-AEVeqw-91V5N5se/view?usp=sharing,1FqO-S1w5AmcO8T8n-AEVeqw-91V5N5se,ok,200,dataset\hdsd_raw\0832_Vinphacine_250_1_1FqO-S1w5AmcO8T8n-AEVeqw-91V5N5se.pdf,170838
833,Vastarel OD 80mg,1,https://drive.google.com/file/d/1Bolah1zFCXnpiF2yCLImQd0j80ZGqbQG/view?usp=sharing,1Bolah1zFCXnpiF2yCLImQd0j80ZGqbQG,ok,200,dataset\hdsd_raw\0833_Vastarel_OD_80mg_1_1Bolah1zFCXnpiF2yCLImQd0j80ZGqbQG.pdf,2294292
834,Vastarel MR 35mg,1,https://drive.google.com/file/d/1-0-fGASp89m5SbvQfdo5CmGd9xnPu7GM/view?usp=sharing,1-0-fGASp89m5SbvQfdo5CmGd9xnPu7GM,ok,200,dataset\hdsd_raw\0834_Vastarel_MR_35mg_1_1-0-fGASp89m5SbvQfdo5CmGd9xnPu7GM.pdf,7134659
835,Cordaflex 20mg,1,https://drive.google.com/file/d/1ciEOByJHptOhHhaILi1gsznwgkmZNtip/view?usp=sharing,1ciEOByJHptOhHhaILi1gsznwgkmZNtip,ok,200,dataset\hdsd_raw\0835_Cordaflex_20mg_1_1ciEOByJHptOhHhaILi1gsznwgkmZNtip.pdf,1172855
836,Vincomid,1,https://drive.google.com/file/d/1URsPz_aPae9Z8ipsw7RGQGie9gLnnxqz/view?usp=sharing,1URsPz_aPae9Z8ipsw7RGQGie9gLnnxqz,ok,200,dataset\hdsd_raw\0836_Vincomid_1_1URsPz_aPae9Z8ipsw7RGQGie9gLnnxqz.pdf,2639237
836,Vincomid,2,https://drive.google.com/file/d/1W9_D3M_uXMNL7s5PifSorrhKBJjNAK8m/view?usp=sharing,1W9_D3M_uXMNL7s5PifSorrhKBJjNAK8m,ok,200,dataset\hdsd_raw\0836_Vincomid_2_1W9_D3M_uXMNL7s5PifSorrhKBJjNAK8m.pdf,2634711
837,Xatral XL,1,https://drive.google.com/file/d/1ApeyGdpSXuaKlBii-ERsDGGvRPFaVSfy/view?usp=sharing,1ApeyGdpSXuaKlBii-ERsDGGvRPFaVSfy,bad_response:text/html,404,,0
838,CEFAMANDOL 2g,1,https://drive.google.com/file/d/1MkCS5MB7V8I93eOgtidGkqZsbA-8LOQW/view?usp=sharing,1MkCS5MB7V8I93eOgtidGkqZsbA-8LOQW,ok,200,dataset\hdsd_raw\0838_CEFAMANDOL_2g_1_1MkCS5MB7V8I93eOgtidGkqZsbA-8LOQW.pdf,2100596
839,Zinacef 750,1,https://drive.google.com/file/d/10zQlDezToNtt3yIpIB01dtQS_t09O9nH/view?usp=sharing,10zQlDezToNtt3yIpIB01dtQS_t09O9nH,ok,200,dataset\hdsd_raw\0839_Zinacef_750_1_10zQlDezToNtt3yIpIB01dtQS_t09O9nH.pdf,238105
840,"ZINNAT 250MG, 500MG",1,https://drive.google.com/file/d/1Vx4tyX3j08jTJ3KIZAlYUMfKjq9Ytlti/view?usp=sharing,1Vx4tyX3j08jTJ3KIZAlYUMfKjq9Ytlti,ok,200,dataset\hdsd_raw\0840_ZINNAT_250MG_500MG_1_1Vx4tyX3j08jTJ3KIZAlYUMfKjq9Ytlti.pdf,2400304
841,Buscopan,1,https://drive.google.com/file/d/1Upj_XwFMlWj_mJKFawRki-1kKiwWU9-8/view?usp=drive_link,1Upj_XwFMlWj_mJKFawRki-1kKiwWU9-8,ok,200,dataset\hdsd_raw\0841_Buscopan_1_1Upj_XwFMlWj_mJKFawRki-1kKiwWU9-8.pdf,65295
841,Buscopan,2,https://drive.google.com/file/d/13biFPXMjYpGWq-5rDlSpV2NVCrPnuHYh/view?usp=drive_link,13biFPXMjYpGWq-5rDlSpV2NVCrPnuHYh,ok,200,dataset\hdsd_raw\0841_Buscopan_2_13biFPXMjYpGWq-5rDlSpV2NVCrPnuHYh.pdf,1119613
842,Betaserc 24mg,1,https://drive.google.com/file/d/1K11D41ayUznWiQ0cP_tSrexE_ySrbrYy/view?usp=sharing,1K11D41ayUznWiQ0cP_tSrexE_ySrbrYy,ok,200,dataset\hdsd_raw\0842_Betaserc_24mg_1_1K11D41ayUznWiQ0cP_tSrexE_ySrbrYy.pdf,981671
843,Atoris,1,https://drive.google.com/file/d/1ytp8NKCdZx9rqQLgjIeyCIod2g4DLyWH/view?usp=sharing,1ytp8NKCdZx9rqQLgjIeyCIod2g4DLyWH,ok,200,dataset\hdsd_raw\0843_Atoris_1_1ytp8NKCdZx9rqQLgjIeyCIod2g4DLyWH.pdf,93600
844,Axitan 40mg,1,https://drive.google.com/file/d/1gUlYzdn28cvDmqTiHrYfA8xaNOl-_wPC/view?usp=sharing,1gUlYzdn28cvDmqTiHrYfA8xaNOl-_wPC,ok,200,dataset\hdsd_raw\0844_Axitan_40mg_1_1gUlYzdn28cvDmqTiHrYfA8xaNOl-_wPC.pdf,3403688
845,Avelox 400mg (viên),1,https://drive.google.com/file/d/13uKx4Cqx11ALv7c4KWQfIDnuVXDDAQQN/view?usp=sharing,13uKx4Cqx11ALv7c4KWQfIDnuVXDDAQQN,ok,200,dataset\hdsd_raw\0845_Avelox_400mg_viên_1_13uKx4Cqx11ALv7c4KWQfIDnuVXDDAQQN.pdf,292554
846,A.T Nitroglycerin inj,1,https://drive.google.com/file/d/1gPr7sdW3ju-E5BX3Y7-l7Nzf_udKUxET/view?usp=drive_link,1gPr7sdW3ju-E5BX3Y7-l7Nzf_udKUxET,ok,200,dataset\hdsd_raw\0846_A_T_Nitroglycerin_inj_1_1gPr7sdW3ju-E5BX3Y7-l7Nzf_udKUxET.pdf,3243359
847,Agifuros,1,https://drive.google.com/file/d/1rqwO6ATYrR126RJhZU10Aeq5D1A-QF4o/view?usp=sharing,1rqwO6ATYrR126RJhZU10Aeq5D1A-QF4o,ok,200,dataset\hdsd_raw\0847_Agifuros_1_1rqwO6ATYrR126RJhZU10Aeq5D1A-QF4o.pdf,9956002
848,"Arcoxia 60mg, 90 mg, 120mg",1,https://drive.google.com/file/d/1hLs25u4VGoiUSoYZx6lGSbtiNa7unC5q/view?usp=sharing,1hLs25u4VGoiUSoYZx6lGSbtiNa7unC5q,bad_response:text/html,404,,0
849,"Augmentin 250mg/12,5mg",1,https://drive.google.com/drive/folders/1Fm7n7CWgHkrCa1ODd34q0PByJ-n6yKq0,,no_file_id,,,0
850,Augmentin 1g,1,https://drive.google.com/file/d/1MgrpLvMOw7OPD8BqAU7ZWi_eJstOCYeN/view?usp=sharing,1MgrpLvMOw7OPD8BqAU7ZWi_eJstOCYeN,bad_response:text/html,404,,0
851,Augmentin 625mg,1,https://drive.google.com/file/d/1PrNI-MN0y_Yj7kddQnV-U5jam2cABEZt/view?usp=sharing,1PrNI-MN0y_Yj7kddQnV-U5jam2cABEZt,ok,200,dataset\hdsd_raw\0851_Augmentin_625mg_1_1PrNI-MN0y_Yj7kddQnV-U5jam2cABEZt.pdf,3966095
852,Amlor,1,https://drive.google.com/file/d/1vcwK8ktYDLAcUpk0ZkIEwBoxv32GG5hS/view?usp=sharing,1vcwK8ktYDLAcUpk0ZkIEwBoxv32GG5hS,bad_response:text/html,404,,0
853,SCOLAZO (Lansoprazol 15MG),1,https://drive.google.com/file/d/18jGczSAa0QHVEaFk-rggLxrjErf6hbno/view,18jGczSAa0QHVEaFk-rggLxrjErf6hbno,ok,200,dataset\hdsd_raw\0853_SCOLAZO_Lansoprazol_15MG_1_18jGczSAa0QHVEaFk-rggLxrjErf6hbno.pdf,1300932
854,GLUMEFORM 500 XR,1,https://drive.google.com/file/d/1LaPznF5bZ7DGDgxP1JYTFDBMg0uS1WHB/view,1LaPznF5bZ7DGDgxP1JYTFDBMg0uS1WHB,ok,200,dataset\hdsd_raw\0854_GLUMEFORM_500_XR_1_1LaPznF5bZ7DGDgxP1JYTFDBMg0uS1WHB.pdf,9224814
855,MAXAPIN 1G,1,https://docs.google.com/document/d/19r7U2kco-u6DFMg8FfxJUrhel0ct8frq/edit?usp=sharing&ouid=117534694973414002745&rtpof=true&sd=true,19r7U2kco-u6DFMg8FfxJUrhel0ct8frq,ok,200,dataset\hdsd_raw\0855_MAXAPIN_1G_1_19r7U2kco-u6DFMg8FfxJUrhel0ct8frq.pdf,170007
856,Meza-Calci D3,1,https://drive.google.com/file/d/1JXN3bxmAdDqj8F2O_1e4Wry_UKlzE_0g/view,1JXN3bxmAdDqj8F2O_1e4Wry_UKlzE_0g,ok,200,dataset\hdsd_raw\0856_Meza-Calci_D3_1_1JXN3bxmAdDqj8F2O_1e4Wry_UKlzE_0g.pdf,1619827
857,EPHEDRINE AGUETTANT 30MG/ML,1,https://drive.google.com/file/d/1Uvmt2vrZKl2ULDwSIYyRLlX8zqG523SN/view?usp=sharing,1Uvmt2vrZKl2ULDwSIYyRLlX8zqG523SN,ok,200,dataset\hdsd_raw\0857_EPHEDRINE_AGUETTANT_30MG_ML_1_1Uvmt2vrZKl2ULDwSIYyRLlX8zqG523SN.pdf,2780262
858,HUYẾT THANH KHÁNG ĐỘC TỐ UỐN VÁN TINH CHẾ (SAT),1,https://docs.google.com/document/d/1nyOEPoR1gd4wrDjdst7jHES5Qu7tyI6P/edit,1nyOEPoR1gd4wrDjdst7jHES5Qu7tyI6P,ok,200,dataset\hdsd_raw\0858_HUYẾT_THANH_KHÁNG_ĐỘC_TỐ_UỐN_VÁN_TINH_CHẾ_SAT_1_1nyOEPoR1gd4wrDjdst7jHES5Qu7tyI6P.pdf,133443
859,"NATRI CLORID 0,9%",1,https://drive.google.com/file/d/1fKgsn62Z4xG__zCVrRYn2UtS12KvyUZj/view,1fKgsn62Z4xG__zCVrRYn2UtS12KvyUZj,ok,200,dataset\hdsd_raw\0859_NATRI_CLORID_0_9_1_1fKgsn62Z4xG__zCVrRYn2UtS12KvyUZj.pdf,1979816
859,"NATRI CLORID 0,9%",2,https://drive.google.com/file/d/1fKgsn62Z4xG__zCVrRYn2UtS12KvyUZj/view?usp=sharing,1fKgsn62Z4xG__zCVrRYn2UtS12KvyUZj,ok,200,dataset\hdsd_raw\0859_NATRI_CLORID_0_9_2_1fKgsn62Z4xG__zCVrRYn2UtS12KvyUZj.pdf,1979816
861,Glumeben,1,https://drive.google.com/file/d/1rX656KvAAer7FStaZn6CdguIo90iCNh3/view,1rX656KvAAer7FStaZn6CdguIo90iCNh3,ok,200,dataset\hdsd_raw\0861_Glumeben_1_1rX656KvAAer7FStaZn6CdguIo90iCNh3.pdf,731700
862,PHYLLANTOL,1,https://drive.google.com/file/d/1_r_Q2mWK5LSqk2qfElVQ-Pagdef7GJQ9/view?usp=sharing,1_r_Q2mWK5LSqk2qfElVQ-Pagdef7GJQ9,bad_response:text/html,404,,0
863,SCILIN - R,1,https://drive.google.com/file/d/1sDywiBoYWCeQn8YCYMm_X0e-2XqpZfxm/view,1sDywiBoYWCeQn8YCYMm_X0e-2XqpZfxm,bad_response:text/html,404,,0
864,Stimufer,1,https://drive.google.com/file/d/1mt0vQ0ECoQGCzxpmF9cbFz6gx1t3NV8Q/view,1mt0vQ0ECoQGCzxpmF9cbFz6gx1t3NV8Q,ok,200,dataset\hdsd_raw\0864_Stimufer_1_1mt0vQ0ECoQGCzxpmF9cbFz6gx1t3NV8Q.pdf,4364455
865,Lantus solostar 100 ĐV/MLx,1,https://drive.google.com/file/d/1A6Wag1eB1l49E9nC1ojSotYQQfD0ijtL/view?usp=drive_link,1A6Wag1eB1l49E9nC1ojSotYQQfD0ijtL,bad_response:text/html,404,,0
866,MEDOVENT 30mg,1,https://drive.google.com/file/d/1W53VLnOMe4NvIt59hOqbntbSxCgadjr0/view,1W53VLnOMe4NvIt59hOqbntbSxCgadjr0,ok,200,dataset\hdsd_raw\0866_MEDOVENT_30mg_1_1W53VLnOMe4NvIt59hOqbntbSxCgadjr0.pdf,299006
867,LIDOCAIN ( 40MG/2ML),1,https://drive.google.com/file/d/1Rn4vGeQaM5cPj4Kf_XMoZ_4jI1A1NfR9/view,1Rn4vGeQaM5cPj4Kf_XMoZ_4jI1A1NfR9,ok,200,dataset\hdsd_raw\0867_LIDOCAIN_40MG_2ML_1_1Rn4vGeQaM5cPj4Kf_XMoZ_4jI1A1NfR9.pdf,2840149
868,TIENAM,1,https://drive.google.com/file/d/1M5lR5S1iLP2jfomAkhA5pae2JFYzcxpV/view,1M5lR5S1iLP2jfomAkhA5pae2JFYzcxpV,ok,200,dataset\hdsd_raw\0868_TIENAM_1_1M5lR5S1iLP2jfomAkhA5pae2JFYzcxpV.pdf,3732208
869,SMECTA,1,https://drive.google.com/file/d/1IQ88QXik8gnMNZqD7qbodxOxx_P6sNpH/view,1IQ88QXik8gnMNZqD7qbodxOxx_P6sNpH,ok,200,dataset\hdsd_raw\0869_SMECTA_1_1IQ88QXik8gnMNZqD7qbodxOxx_P6sNpH.pdf,388769
870,Lipanthyl 200M,1,https://drive.google.com/file/d/1hTp-p7gmFMJMLdhHowxvET1qyJAnkxVb/view?usp=sharing,1hTp-p7gmFMJMLdhHowxvET1qyJAnkxVb,bad_response:text/html,404,,0
871,NICOMEN 5 mg,1,https://drive.google.com/file/d/1fF7ghJmk6yquWdrwY_OncS69ASblZxVe/view,1fF7ghJmk6yquWdrwY_OncS69ASblZxVe,ok,200,dataset\hdsd_raw\0871_NICOMEN_5_mg_1_1fF7ghJmk6yquWdrwY_OncS69ASblZxVe.pdf,2844659
872,MASOPEN 250/25,1,https://drive.google.com/file/d/1jtsB12QQcTwAKIwkm7thi31lNH7oOJlY/view,1jtsB12QQcTwAKIwkm7thi31lNH7oOJlY,ok,200,dataset\hdsd_raw\0872_MASOPEN_250_25_1_1jtsB12QQcTwAKIwkm7thi31lNH7oOJlY.pdf,7263394
873,Zafular,1,https://drive.google.com/file/d/15zp8hlnQDLbtIsNFBy-4rFwTawHmboEg/view?usp=drive_link,15zp8hlnQDLbtIsNFBy-4rFwTawHmboEg,bad_response:text/html,404,,0
874,POLYGYNAX,1,https://drive.google.com/file/d/1sclnAwmMRxQHxuM1HeJhXaqUcoiUQCK2/view?usp=drive_link,1sclnAwmMRxQHxuM1HeJhXaqUcoiUQCK2,ok,200,dataset\hdsd_raw\0874_POLYGYNAX_1_1sclnAwmMRxQHxuM1HeJhXaqUcoiUQCK2.pdf,3645104
875,SCILIN N,1,https://drive.google.com/file/d/17c41kzb88iqwNRb_YVkpIrxxkO5LeoZk/view,17c41kzb88iqwNRb_YVkpIrxxkO5LeoZk,ok,200,dataset\hdsd_raw\0875_SCILIN_N_1_17c41kzb88iqwNRb_YVkpIrxxkO5LeoZk.pdf,350442
877,TENAMYD-CEFOTAXIME,1,https://drive.google.com/file/d/1hZZogRs6X2MS8jXP8Fmyc8JpXDzDp6FN/view,1hZZogRs6X2MS8jXP8Fmyc8JpXDzDp6FN,bad_response:text/html,404,,0
879,AMBROXOL - H,1,https://drive.google.com/file/d/135DZodzOD9DUDTg6n8PKMadetw3WMDbm/view,135DZodzOD9DUDTg6n8PKMadetw3WMDbm,ok,200,dataset\hdsd_raw\0879_AMBROXOL_-_H_1_135DZodzOD9DUDTg6n8PKMadetw3WMDbm.pdf,3177678
880,VINSALMOL 5mg,1,https://drive.google.com/file/d/1mAcLc-dAogSCiFwepLW2j3ymuiX16gBn/view,1mAcLc-dAogSCiFwepLW2j3ymuiX16gBn,ok,200,dataset\hdsd_raw\0880_VINSALMOL_5mg_1_1mAcLc-dAogSCiFwepLW2j3ymuiX16gBn.pdf,2257409
881,CEFTIZOXIM 1G,1,https://drive.google.com/file/d/1h5NF9yvbxhfe4wG34Ebmw-VnDXPECMb9/view,1h5NF9yvbxhfe4wG34Ebmw-VnDXPECMb9,ok,200,dataset\hdsd_raw\0881_CEFTIZOXIM_1G_1_1h5NF9yvbxhfe4wG34Ebmw-VnDXPECMb9.pdf,483001
882,MOXACIN 500mg,1,https://drive.google.com/file/d/1fCajCJdWYmqvHC25u8tqUGsWfP-T0pjE/view?usp=sharing,1fCajCJdWYmqvHC25u8tqUGsWfP-T0pjE,ok,200,dataset\hdsd_raw\0882_MOXACIN_500mg_1_1fCajCJdWYmqvHC25u8tqUGsWfP-T0pjE.pdf,12042285
883,PARACETAMOL KABI 1000,1,https://drive.google.com/file/d/1W65-kV9dNyT_bfmCAmu20Xh829jUokgC/view,1W65-kV9dNyT_bfmCAmu20Xh829jUokgC,ok,200,dataset\hdsd_raw\0883_PARACETAMOL_KABI_1000_1_1W65-kV9dNyT_bfmCAmu20Xh829jUokgC.pdf,848014
884,VANCOMYCIN 1G,1,https://drive.google.com/file/d/1xiwLe1VHTMbdXTCSR2P56z5YEov7MNx4/view?usp=sharing,1xiwLe1VHTMbdXTCSR2P56z5YEov7MNx4,ok,200,dataset\hdsd_raw\0884_VANCOMYCIN_1G_1_1xiwLe1VHTMbdXTCSR2P56z5YEov7MNx4.pdf,3721817
885,SMOFLIPID 20%,1,https://drive.google.com/file/d/1TG3xSQf0T1ZepjZyZ6HC9Gy-VpKysmTl/view,1TG3xSQf0T1ZepjZyZ6HC9Gy-VpKysmTl,ok,200,dataset\hdsd_raw\0885_SMOFLIPID_20_1_1TG3xSQf0T1ZepjZyZ6HC9Gy-VpKysmTl.pdf,1251401
886,Fullgram Injection 600mg/4ml,1,https://drive.google.com/file/d/1D592ZAMSIv6U_0Jh50DxTbmMHqpEtWxo/view,1D592ZAMSIv6U_0Jh50DxTbmMHqpEtWxo,ok,200,dataset\hdsd_raw\0886_Fullgram_Injection_600mg_4ml_1_1D592ZAMSIv6U_0Jh50DxTbmMHqpEtWxo.pdf,4020581
887,TANGANIL 500 mg,1,https://drive.google.com/file/d/12Ye1AWbaOiKZ93u7fQIr27NDh-4ENSv4/view,12Ye1AWbaOiKZ93u7fQIr27NDh-4ENSv4,ok,200,dataset\hdsd_raw\0887_TANGANIL_500_mg_1_12Ye1AWbaOiKZ93u7fQIr27NDh-4ENSv4.pdf,2068709
888,Moxifloxacin 400mg/250ml (Imexpharm),1,https://drive.google.com/file/d/1LGCFSoR5h-SoMOqdfdGUHAMW9Y-2KtRs/view,1LGCFSoR5h-SoMOqdfdGUHAMW9Y-2KtRs,bad_response:text/html,404,,0
889,DEPAXAN,1,https://drive.google.com/file/d/1UlZWTnIWYP7FItd4NacwXnutiNnCF2mB/view?usp=drive_link,1UlZWTnIWYP7FItd4NacwXnutiNnCF2mB,ok,200,dataset\hdsd_raw\0889_DEPAXAN_1_1UlZWTnIWYP7FItd4NacwXnutiNnCF2mB.pdf,5143361
891,DigoxineQualy 0.25mg,1,https://drive.google.com/file/d/1pU_FVyvnGgF-SzaXF_Jesiqcq0Bpxn1U/view,1pU_FVyvnGgF-SzaXF_Jesiqcq0Bpxn1U,ok,200,dataset\hdsd_raw\0891_DigoxineQualy_0_25mg_1_1pU_FVyvnGgF-SzaXF_Jesiqcq0Bpxn1U.pdf,542430
893,DEXAMETHASONE,1,https://drive.google.com/file/d/1HVL5TXI7plkzwjZMewj5clP3vC4y_aAz/view,1HVL5TXI7plkzwjZMewj5clP3vC4y_aAz,ok,200,dataset\hdsd_raw\0893_DEXAMETHASONE_1_1HVL5TXI7plkzwjZMewj5clP3vC4y_aAz.pdf,1766199
894,DAFLON 1000MG,1,https://drive.google.com/file/d/11O84ADN4oem6kv3uoisFCN0b4QRwVShn/view,11O84ADN4oem6kv3uoisFCN0b4QRwVShn,ok,200,dataset\hdsd_raw\0894_DAFLON_1000MG_1_11O84ADN4oem6kv3uoisFCN0b4QRwVShn.pdf,1206015
895,FRESOFOL 1% MCT/LCT,1,https://drive.google.com/file/d/1-mav7rm1uVOJ1uD-tkbMJ8wlE03FKm0H/view,1-mav7rm1uVOJ1uD-tkbMJ8wlE03FKm0H,bad_response:text/html,404,,0
898,Calcium Stella 500mg,1,https://drive.google.com/file/d/1HtNQNlYjPK797SHD2U10HfHxFBy8RIAV/view,1HtNQNlYjPK797SHD2U10HfHxFBy8RIAV,bad_response:text/html,404,,0
899,Amlessa 4mg/5mg - hạ huyết áp và bệnh mạch vành,1,https://drive.google.com/file/d/147UJyr2TsxSrjAuKONGKxQIx3m1lyvnd/view,147UJyr2TsxSrjAuKONGKxQIx3m1lyvnd,ok,200,dataset\hdsd_raw\0899_Amlessa_4mg_5mg_-_hạ_huyết_áp_và_bệnh_mạch_vành_1_147UJyr2TsxSrjAuKONGKxQIx3m1lyvnd.pdf,3617282
900,"Corneil-2,5",1,https://drive.google.com/file/d/1DmFKnYEZT5JFgYnBly8lBQ4kSFAcFiQE/view,1DmFKnYEZT5JFgYnBly8lBQ4kSFAcFiQE,ok,200,dataset\hdsd_raw\0900_Corneil-2_5_1_1DmFKnYEZT5JFgYnBly8lBQ4kSFAcFiQE.pdf,502383
901,PAPARIN,1,https://drive.google.com/file/d/1thoZtZ-ivcDLMWUmHGcsP9R_UqcGy6RP/view,1thoZtZ-ivcDLMWUmHGcsP9R_UqcGy6RP,ok,200,dataset\hdsd_raw\0901_PAPARIN_1_1thoZtZ-ivcDLMWUmHGcsP9R_UqcGy6RP.pdf,1493798
902,TENFOVIX,1,https://drive.google.com/file/d/1oXNk_c6o_8TMXlEc8N86aeuNd8ZwEsmH/view,1oXNk_c6o_8TMXlEc8N86aeuNd8ZwEsmH,ok,200,dataset\hdsd_raw\0902_TENFOVIX_1_1oXNk_c6o_8TMXlEc8N86aeuNd8ZwEsmH.pdf,1638865
903,Sulraapix,1,https://drive.google.com/file/d/12e1l_I9OXy7nLJ55w1A59X--JzPrxrK0/view?usp=drive_link,12e1l_I9OXy7nLJ55w1A59X--JzPrxrK0,bad_response:text/html,404,,0
904,"SAVIPROLOL 2,5",1,https://drive.google.com/file/d/1LRjelYAWmG8jMW8VsaBjb_Trm5vBpC7W/view,1LRjelYAWmG8jMW8VsaBjb_Trm5vBpC7W,ok,200,dataset\hdsd_raw\0904_SAVIPROLOL_2_5_1_1LRjelYAWmG8jMW8VsaBjb_Trm5vBpC7W.pdf,1847238
905,DIMEDROL 1ml,1,https://drive.google.com/file/d/1gHoMGxBFBmb9EaeTDf-r_5SyYNafHlYt/view,1gHoMGxBFBmb9EaeTDf-r_5SyYNafHlYt,ok,200,dataset\hdsd_raw\0905_DIMEDROL_1ml_1_1gHoMGxBFBmb9EaeTDf-r_5SyYNafHlYt.pdf,1153249
906,FELODIPINE STELLA,1,https://drive.google.com/file/d/1OmGri2jLqt-UEuZ0IlL_TsCXg6ZNLOya/view,1OmGri2jLqt-UEuZ0IlL_TsCXg6ZNLOya,ok,200,dataset\hdsd_raw\0906_FELODIPINE_STELLA_1_1OmGri2jLqt-UEuZ0IlL_TsCXg6ZNLOya.pdf,2729258
907,Sulpirid DWP 100mg,1,https://drive.google.com/file/d/1Bi4S4l7r1MyrBxF0sNF2XqEbaANv1jNB/view,1Bi4S4l7r1MyrBxF0sNF2XqEbaANv1jNB,ok,200,dataset\hdsd_raw\0907_Sulpirid_DWP_100mg_1_1Bi4S4l7r1MyrBxF0sNF2XqEbaANv1jNB.pdf,1521942
908,ASPIRIN 100,1,https://drive.google.com/file/d/1iK1sPgwoMbju57mmCA2Df-j4dEds0ukM/view,1iK1sPgwoMbju57mmCA2Df-j4dEds0ukM,ok,200,dataset\hdsd_raw\0908_ASPIRIN_100_1_1iK1sPgwoMbju57mmCA2Df-j4dEds0ukM.pdf,546121
909,VINCEROL 1 mg,1,https://drive.google.com/file/d/1h5lCDOKBBvtJWPZrq-a4rB0ifCf8pvgu/view,1h5lCDOKBBvtJWPZrq-a4rB0ifCf8pvgu,ok,200,dataset\hdsd_raw\0909_VINCEROL_1_mg_1_1h5lCDOKBBvtJWPZrq-a4rB0ifCf8pvgu.pdf,9168648
910,Lisiplus HCT,1,https://drive.google.com/file/d/1G9XvemmdQ2wodVlpTyX_K5pD507zXMAd/view,1G9XvemmdQ2wodVlpTyX_K5pD507zXMAd,ok,200,dataset\hdsd_raw\0910_Lisiplus_HCT_1_1G9XvemmdQ2wodVlpTyX_K5pD507zXMAd.pdf,1307198
911,Demencur 100,1,https://drive.google.com/file/d/1X9yj2I5MRBIyjX3dEjmEmlzU9ZxkbUHx/view?usp=drive_link,1X9yj2I5MRBIyjX3dEjmEmlzU9ZxkbUHx,ok,200,dataset\hdsd_raw\0911_Demencur_100_1_1X9yj2I5MRBIyjX3dEjmEmlzU9ZxkbUHx.pdf,6572690
912,Natri clorid 10% ( Vinphaco),1,https://drive.google.com/file/d/12A8OTTizkWL-_oK7Fsfjq-tqfWEnUJfe/view,12A8OTTizkWL-_oK7Fsfjq-tqfWEnUJfe,ok,200,dataset\hdsd_raw\0912_Natri_clorid_10_Vinphaco_1_12A8OTTizkWL-_oK7Fsfjq-tqfWEnUJfe.pdf,1663161
912,Natri clorid 10% ( Vinphaco),2,https://drive.google.com/file/d/12A8OTTizkWL-_oK7Fsfjq-tqfWEnUJfe/view?usp=sharing,12A8OTTizkWL-_oK7Fsfjq-tqfWEnUJfe,ok,200,dataset\hdsd_raw\0912_Natri_clorid_10_Vinphaco_2_12A8OTTizkWL-_oK7Fsfjq-tqfWEnUJfe.pdf,1663161
915,DOBUTAMIN-BFS 5ml,1,https://drive.google.com/file/d/1blVnGFprdUfhycZRblpXba7bfAo_6SCy/view,1blVnGFprdUfhycZRblpXba7bfAo_6SCy,ok,200,dataset\hdsd_raw\0915_DOBUTAMIN-BFS_5ml_1_1blVnGFprdUfhycZRblpXba7bfAo_6SCy.pdf,744571
916,COLESTRIM SUPRA,1,https://drive.google.com/file/d/1vllxUoPeDx4GSxPl7Z6Lv1ELwWsj47bB/view,1vllxUoPeDx4GSxPl7Z6Lv1ELwWsj47bB,ok,200,dataset\hdsd_raw\0916_COLESTRIM_SUPRA_1_1vllxUoPeDx4GSxPl7Z6Lv1ELwWsj47bB.pdf,1363083
917,STADNEX CAP,1,https://drive.google.com/file/d/11fYYOnkFtpsWwdBIfgKb8YK41Rpj5t-Y/view,11fYYOnkFtpsWwdBIfgKb8YK41Rpj5t-Y,ok,200,dataset\hdsd_raw\0917_STADNEX_CAP_1_11fYYOnkFtpsWwdBIfgKb8YK41Rpj5t-Y.pdf,2101830
918,SAVI FLUVASTATIN 40,1,https://drive.google.com/file/d/1_SQz-Ord6tr3v3iG7VdI4h0TVFQupwNO/view,1_SQz-Ord6tr3v3iG7VdI4h0TVFQupwNO,ok,200,dataset\hdsd_raw\0918_SAVI_FLUVASTATIN_40_1_1_SQz-Ord6tr3v3iG7VdI4h0TVFQupwNO.pdf,5255214
919,DANAPHA - TRIHEX 2,1,https://drive.google.com/file/d/14J0_dMfJhC-U22E6Lzn0QzIuMvhrpL7X/view,14J0_dMfJhC-U22E6Lzn0QzIuMvhrpL7X,ok,200,dataset\hdsd_raw\0919_DANAPHA_-_TRIHEX_2_1_14J0_dMfJhC-U22E6Lzn0QzIuMvhrpL7X.pdf,1677823
920,Amikacin 500mg Bidiphar,1,https://drive.google.com/file/d/1ptWdDnTvlCPwdLsRuo-FSvn38-6W6wRj/view,1ptWdDnTvlCPwdLsRuo-FSvn38-6W6wRj,ok,200,dataset\hdsd_raw\0920_Amikacin_500mg_Bidiphar_1_1ptWdDnTvlCPwdLsRuo-FSvn38-6W6wRj.pdf,4398195
921,Optive,1,https://drive.google.com/file/d/1x4nqlZNXxBjI9lS__muNANIJknp8wExd/view,1x4nqlZNXxBjI9lS__muNANIJknp8wExd,ok,200,dataset\hdsd_raw\0921_Optive_1_1x4nqlZNXxBjI9lS__muNANIJknp8wExd.pdf,1348331
922,FORLAX 10g,1,https://drive.google.com/file/d/1bqNbUSljo-xq3LkbVgPHNT18ojPYONar/view,1bqNbUSljo-xq3LkbVgPHNT18ojPYONar,ok,200,dataset\hdsd_raw\0922_FORLAX_10g_1_1bqNbUSljo-xq3LkbVgPHNT18ojPYONar.pdf,3062766
923,AUROPENNZ 1.5,1,https://drive.google.com/file/d/1OPwsVaxJ-ViGI9YJrM1JOhy_Q2vxwGF2/view?usp=sharing,1OPwsVaxJ-ViGI9YJrM1JOhy_Q2vxwGF2,ok,200,dataset\hdsd_raw\0923_AUROPENNZ_1_5_1_1OPwsVaxJ-ViGI9YJrM1JOhy_Q2vxwGF2.pdf,9283643
924,Meropenem 1G VCP,1,https://drive.google.com/file/d/1pV6DpkVsTccFECxJQBrSyEDoGAjZofC4/view,1pV6DpkVsTccFECxJQBrSyEDoGAjZofC4,bad_response:text/html,404,,0
925,NORADRENALINE BASE AGUETTANT,1,https://drive.google.com/file/d/1N6jdoV2AOHukw5-qKfPYCvc9ejq9044-/view,1N6jdoV2AOHukw5-qKfPYCvc9ejq9044-,ok,200,dataset\hdsd_raw\0925_NORADRENALINE_BASE_AGUETTANT_1_1N6jdoV2AOHukw5-qKfPYCvc9ejq9044-.pdf,1585900
926,CIPROBID,1,https://drive.google.com/file/d/1oLxvv6Ocz3PclVZUR2InedGnheUmPiVM/view,1oLxvv6Ocz3PclVZUR2InedGnheUmPiVM,ok,200,dataset\hdsd_raw\0926_CIPROBID_1_1oLxvv6Ocz3PclVZUR2InedGnheUmPiVM.pdf,12138177
927,Ulceron,1,https://drive.google.com/file/d/1_JE5bYShPkQqUlumPB31Ng4gcrKG8zHk/view?usp=drive_link,1_JE5bYShPkQqUlumPB31Ng4gcrKG8zHk,ok,200,dataset\hdsd_raw\0927_Ulceron_1_1_JE5bYShPkQqUlumPB31Ng4gcrKG8zHk.pdf,105825
928,THYPEROPA FORTE,1,https://drive.google.com/file/d/1RzzxyxRPyJlFQvUEzfRqUTk2DYQMPw2b/view,1RzzxyxRPyJlFQvUEzfRqUTk2DYQMPw2b,ok,200,dataset\hdsd_raw\0928_THYPEROPA_FORTE_1_1RzzxyxRPyJlFQvUEzfRqUTk2DYQMPw2b.pdf,4637419
929,PROLUFO,1,https://drive.google.com/file/d/1e1jD67m2YaqVhG7n7Z0K0g3S714jAw9W/view?usp=drive_link,1e1jD67m2YaqVhG7n7Z0K0g3S714jAw9W,ok,200,dataset\hdsd_raw\0929_PROLUFO_1_1e1jD67m2YaqVhG7n7Z0K0g3S714jAw9W.pdf,2702955
930,Apigel-Plus,1,https://drive.google.com/file/d/1vo7kSCNwy1orXWDR7mwgapZ6ffz1ga4n/view,1vo7kSCNwy1orXWDR7mwgapZ6ffz1ga4n,ok,200,dataset\hdsd_raw\0930_Apigel-Plus_1_1vo7kSCNwy1orXWDR7mwgapZ6ffz1ga4n.pdf,550083
932,DEPO-MEDROL,1,https://drive.google.com/file/d/1x5GEJ8JrslK64rINMFg3IBoZ_MKB75Tm/view,1x5GEJ8JrslK64rINMFg3IBoZ_MKB75Tm,ok,200,dataset\hdsd_raw\0932_DEPO-MEDROL_1_1x5GEJ8JrslK64rINMFg3IBoZ_MKB75Tm.pdf,1462312
934,"AMINAZIN 1,25%",1,https://drive.google.com/file/d/1ZQ8hjthpyrXnuyQzaKgQcEbESJr5zZvv/view,1ZQ8hjthpyrXnuyQzaKgQcEbESJr5zZvv,ok,200,dataset\hdsd_raw\0934_AMINAZIN_1_25_1_1ZQ8hjthpyrXnuyQzaKgQcEbESJr5zZvv.pdf,4028477
935,"Cepemid 1,5g",1,https://drive.google.com/file/d/1D6c4OVB4XG4hhbHh5KTNTh0NhliYsCXx/view,1D6c4OVB4XG4hhbHh5KTNTh0NhliYsCXx,ok,200,dataset\hdsd_raw\0935_Cepemid_1_5g_1_1D6c4OVB4XG4hhbHh5KTNTh0NhliYsCXx.pdf,706974
937,Calci clorid 500mg/5ml MD Pharco,1,https://drive.google.com/file/d/1uuv3h83_oEsFTdEorGMmu3vr8AEDEEjj/view,1uuv3h83_oEsFTdEorGMmu3vr8AEDEEjj,ok,200,dataset\hdsd_raw\0937_Calci_clorid_500mg_5ml_MD_Pharco_1_1uuv3h83_oEsFTdEorGMmu3vr8AEDEEjj.pdf,1489245
938,COVERSYL 5mg,1,https://drive.google.com/file/d/1PFVFaWnKPTdZ2z1gqjWX5H2zZ2Er1k6A/view,1PFVFaWnKPTdZ2z1gqjWX5H2zZ2Er1k6A,ok,200,dataset\hdsd_raw\0938_COVERSYL_5mg_1_1PFVFaWnKPTdZ2z1gqjWX5H2zZ2Er1k6A.pdf,4283162
939,ALSIFUL S.R,1,https://drive.google.com/file/d/1BapvCauiAqk18V_npPM2cG5J5tEvdOgM/view,1BapvCauiAqk18V_npPM2cG5J5tEvdOgM,ok,200,dataset\hdsd_raw\0939_ALSIFUL_S_R_1_1BapvCauiAqk18V_npPM2cG5J5tEvdOgM.pdf,1372785
940,Savi Dopril Plus,1,https://drive.google.com/file/d/1vK5IbsvNL1z4YboxiNTI5IL7ClV2ZMlG/view,1vK5IbsvNL1z4YboxiNTI5IL7ClV2ZMlG,ok,200,dataset\hdsd_raw\0940_Savi_Dopril_Plus_1_1vK5IbsvNL1z4YboxiNTI5IL7ClV2ZMlG.pdf,3645059
941,Bacterocin Oint 15g,1,https://drive.google.com/file/d/1W5JOSt8rDThWMt9mfHvzczHM2keaihHQ/view,1W5JOSt8rDThWMt9mfHvzczHM2keaihHQ,ok,200,dataset\hdsd_raw\0941_Bacterocin_Oint_15g_1_1W5JOSt8rDThWMt9mfHvzczHM2keaihHQ.pdf,633766
942,MEDICLOVIR,1,https://drive.google.com/file/d/1mspUco9RDA4l35YD2FayOmE3ln0bkmIK/view,1mspUco9RDA4l35YD2FayOmE3ln0bkmIK,ok,200,dataset\hdsd_raw\0942_MEDICLOVIR_1_1mspUco9RDA4l35YD2FayOmE3ln0bkmIK.pdf,498923
943,Natrixam1.5,1,https://drive.google.com/file/d/1TX--9t49vAngNVW9_CGEnuVqIxK26LF_/view,1TX--9t49vAngNVW9_CGEnuVqIxK26LF_,ok,200,dataset\hdsd_raw\0943_Natrixam1_5_1_1TX--9t49vAngNVW9_CGEnuVqIxK26LF_.pdf,3650869
944,GEMAPAXANE,1,https://drive.google.com/file/d/1kySvyfVqD0UWMZxDqjbnEanPwweGuOwa/view,1kySvyfVqD0UWMZxDqjbnEanPwweGuOwa,ok,200,dataset\hdsd_raw\0944_GEMAPAXANE_1_1kySvyfVqD0UWMZxDqjbnEanPwweGuOwa.pdf,1444500
945,Imedoxim 200,1,https://drive.google.com/file/d/1VfDKqhHidGlVRdiMf-690vyctIIu9oeJ/view?usp=sharing,1VfDKqhHidGlVRdiMf-690vyctIIu9oeJ,ok,200,dataset\hdsd_raw\0945_Imedoxim_200_1_1VfDKqhHidGlVRdiMf-690vyctIIu9oeJ.pdf,3384540
946,Nimovac-v 10mg/50ml,1,https://drive.google.com/file/d/1A0HypQ7LC2zuJxzf0E5DCmpx2GxOYNAn/view,1A0HypQ7LC2zuJxzf0E5DCmpx2GxOYNAn,bad_response:text/html,404,,0
947,"Triplixam 5mg/1.25mg/10, 10mg/2.5/10 , 10mg/2.5mg/5mg",1,https://drive.google.com/file/d/1LPkQFxx_3hudVIAVDoOZNYvuIiZDiENx/view,1LPkQFxx_3hudVIAVDoOZNYvuIiZDiENx,ok,200,dataset\hdsd_raw\0947_Triplixam_5mg_1_25mg_10_10mg_2_5_10_10mg_2_5mg_5mg_1_1LPkQFxx_3hudVIAVDoOZNYvuIiZDiENx.pdf,6023917
948,MALTAGIT,1,https://drive.google.com/file/d/1GdeJfKnBc5hh8WWIssEhIXAZxD1mKMhq/view,1GdeJfKnBc5hh8WWIssEhIXAZxD1mKMhq,ok,200,dataset\hdsd_raw\0948_MALTAGIT_1_1GdeJfKnBc5hh8WWIssEhIXAZxD1mKMhq.pdf,3001660
949,DIPROSPAN,1,https://drive.google.com/file/d/1fuKJcutfdIOZpS_CvYB9VPEqxAcQiwb9/view,1fuKJcutfdIOZpS_CvYB9VPEqxAcQiwb9,ok,200,dataset\hdsd_raw\0949_DIPROSPAN_1_1fuKJcutfdIOZpS_CvYB9VPEqxAcQiwb9.pdf,4185037
951,Livethine 2G,1,https://drive.google.com/file/d/1vHkrkB7chOLZH433ZxPbYhEQswo4phCr/view,1vHkrkB7chOLZH433ZxPbYhEQswo4phCr,ok,200,dataset\hdsd_raw\0951_Livethine_2G_1_1vHkrkB7chOLZH433ZxPbYhEQswo4phCr.pdf,1656755
952,Savi Losartan plus hct 50/12.5,1,https://drive.google.com/file/d/13VfAb_9X0bOEvi8YEG1MkMHhp4VeDhdz/view,13VfAb_9X0bOEvi8YEG1MkMHhp4VeDhdz,ok,200,dataset\hdsd_raw\0952_Savi_Losartan_plus_hct_50_12_5_1_13VfAb_9X0bOEvi8YEG1MkMHhp4VeDhdz.pdf,5184652
953,Nivalin,1,https://drive.google.com/file/d/1gTMVAWTdHV2vlet-Q2khvLJOftUzYDNw/view?usp=drive_link,1gTMVAWTdHV2vlet-Q2khvLJOftUzYDNw,bad_response:text/html,404,,0
954,Valsartan cap DWP 80MG,1,https://drive.google.com/file/d/11OPXv_Q4tuir3ORWf6g9nGbrjoJBZRpe/view,11OPXv_Q4tuir3ORWf6g9nGbrjoJBZRpe,ok,200,dataset\hdsd_raw\0954_Valsartan_cap_DWP_80MG_1_11OPXv_Q4tuir3ORWf6g9nGbrjoJBZRpe.pdf,2404890
955,Clorpheniramin 4 DHG Pharma,1,https://drive.google.com/file/d/1xZVepe5pz0MIySY91Ik2SEopPQ5dL46J/view,1xZVepe5pz0MIySY91Ik2SEopPQ5dL46J,ok,200,dataset\hdsd_raw\0955_Clorpheniramin_4_DHG_Pharma_1_1xZVepe5pz0MIySY91Ik2SEopPQ5dL46J.pdf,1265814
956,Carsil 90mg,1,https://drive.google.com/file/d/1iqbucrvTW8UthfjkY05FxTkbtqLDsLKh/view,1iqbucrvTW8UthfjkY05FxTkbtqLDsLKh,bad_response:text/html,404,,0
957,CHYMODK,1,https://drive.google.com/file/d/1tCKbma0jTbvPfZQXgc911fEy-ugO2hAd/view?usp=sharing,1tCKbma0jTbvPfZQXgc911fEy-ugO2hAd,ok,200,dataset\hdsd_raw\0957_CHYMODK_1_1tCKbma0jTbvPfZQXgc911fEy-ugO2hAd.pdf,1381601
959,Ganita 200,1,https://drive.google.com/file/d/1z2devEBoWHNDkRGAWetQ0mku0UGlaLCU/view,1z2devEBoWHNDkRGAWetQ0mku0UGlaLCU,ok,200,dataset\hdsd_raw\0959_Ganita_200_1_1z2devEBoWHNDkRGAWetQ0mku0UGlaLCU.pdf,772749
960,BFS - PARACETAMOL 1000mg/10ml,1,https://drive.google.com/file/d/1gUsrFlAs3g_5VfDZcMigc63SgMtLeKn2/view,1gUsrFlAs3g_5VfDZcMigc63SgMtLeKn2,ok,200,dataset\hdsd_raw\0960_BFS_-_PARACETAMOL_1000mg_10ml_1_1gUsrFlAs3g_5VfDZcMigc63SgMtLeKn2.pdf,1867379
962,"HALOPERIDOL 0,5%",1,https://drive.google.com/file/d/15Z23B4bURAYEyhuIINX5BKbDo3ojLVUC/view,15Z23B4bURAYEyhuIINX5BKbDo3ojLVUC,ok,200,dataset\hdsd_raw\0962_HALOPERIDOL_0_5_1_15Z23B4bURAYEyhuIINX5BKbDo3ojLVUC.pdf,1021472
964,DURATOCIN,1,https://drive.google.com/file/d/1hD3QQaQnh9rlUjM9UcjzE6IwDphzBepQ/view,1hD3QQaQnh9rlUjM9UcjzE6IwDphzBepQ,ok,200,dataset\hdsd_raw\0964_DURATOCIN_1_1hD3QQaQnh9rlUjM9UcjzE6IwDphzBepQ.pdf,537646
965,BERLTHYROX 100,1,https://drive.google.com/file/d/1PgjC6SRz-0yRZa07jnIwc-4tT8-LKHSl/view,1PgjC6SRz-0yRZa07jnIwc-4tT8-LKHSl,ok,200,dataset\hdsd_raw\0965_BERLTHYROX_100_1_1PgjC6SRz-0yRZa07jnIwc-4tT8-LKHSl.pdf,1868527
966,NO-SPA 40 mg/2 ml,1,https://drive.google.com/file/d/16FNT2yjSNa7lduUdMBTX97IiXEKLUBix/view,16FNT2yjSNa7lduUdMBTX97IiXEKLUBix,ok,200,dataset\hdsd_raw\0966_NO-SPA_40_mg_2_ml_1_16FNT2yjSNa7lduUdMBTX97IiXEKLUBix.pdf,790709
967,LEVOFLOXACIN/COOPER,1,https://drive.google.com/file/d/1yRg-Z9Nvjm0B8TnsbYykfVPvOFfy_dxJ/view,1yRg-Z9Nvjm0B8TnsbYykfVPvOFfy_dxJ,ok,200,dataset\hdsd_raw\0967_LEVOFLOXACIN_COOPER_1_1yRg-Z9Nvjm0B8TnsbYykfVPvOFfy_dxJ.pdf,3129823
968,SAVI TENOFOVIR 300mg,1,https://drive.google.com/file/d/1UqAV7bMSZ5nYW3hQaE-F8BwoHhhGgZww/view,1UqAV7bMSZ5nYW3hQaE-F8BwoHhhGgZww,ok,200,dataset\hdsd_raw\0968_SAVI_TENOFOVIR_300mg_1_1UqAV7bMSZ5nYW3hQaE-F8BwoHhhGgZww.pdf,4082977
969,Dotarem,1,https://drive.google.com/file/d/1Ih0Qs5FnIxWOCZM-OpvJ61PaELCzmnZp/view?usp=drive_link,1Ih0Qs5FnIxWOCZM-OpvJ61PaELCzmnZp,ok,200,dataset\hdsd_raw\0969_Dotarem_1_1Ih0Qs5FnIxWOCZM-OpvJ61PaELCzmnZp.pdf,6867997
971,LIPCOR 50( Losartan kali 50 mg ),1,https://drive.google.com/file/d/1cdIY-tX87dEMiBa-pDV2tnQTuuWUsrd8/view,1cdIY-tX87dEMiBa-pDV2tnQTuuWUsrd8,ok,200,dataset\hdsd_raw\0971_LIPCOR_50_Losartan_kali_50_mg_1_1cdIY-tX87dEMiBa-pDV2tnQTuuWUsrd8.pdf,385605
972,VENOKERN 500MG,1,https://drive.google.com/file/d/1pSVQ1nQvTbEGomr2KKCqYegJDeCECGbt/view,1pSVQ1nQvTbEGomr2KKCqYegJDeCECGbt,ok,200,dataset\hdsd_raw\0972_VENOKERN_500MG_1_1pSVQ1nQvTbEGomr2KKCqYegJDeCECGbt.pdf,4977498
973,ULOVIZ,1,https://drive.google.com/file/d/1vUw0Fufu9XSh09HHFiX5nWloxXFQgM1m/view,1vUw0Fufu9XSh09HHFiX5nWloxXFQgM1m,ok,200,dataset\hdsd_raw\0973_ULOVIZ_1_1vUw0Fufu9XSh09HHFiX5nWloxXFQgM1m.pdf,1548103
974,"MEDITROL O,25",1,https://drive.google.com/file/d/1GkVOQpDE5ZjiYMWmZlR681Sb3tjWbqya/view,1GkVOQpDE5ZjiYMWmZlR681Sb3tjWbqya,ok,200,dataset\hdsd_raw\0974_MEDITROL_O_25_1_1GkVOQpDE5ZjiYMWmZlR681Sb3tjWbqya.pdf,2770709
975,VOLTAREN EMULGEL,1,https://drive.google.com/file/d/11zZFrdOd0vspl6676cSaOZTPjUFGGxES/view?usp=drive_link,11zZFrdOd0vspl6676cSaOZTPjUFGGxES,bad_response:text/html,404,,0
976,SÁNG MẮT,1,https://drive.google.com/file/d/1UxL1spe0JpI6Bq3r82CJdQynuBT1RY6K/view,1UxL1spe0JpI6Bq3r82CJdQynuBT1RY6K,ok,200,dataset\hdsd_raw\0976_SÁNG_MẮT_1_1UxL1spe0JpI6Bq3r82CJdQynuBT1RY6K.pdf,446033
977,"CHAMCROMUS 0,03%",1,https://drive.google.com/file/d/1MojF7pZyCIn9RLAR7g0iEhYXcB1cH8pR/view,1MojF7pZyCIn9RLAR7g0iEhYXcB1cH8pR,ok,200,dataset\hdsd_raw\0977_CHAMCROMUS_0_03_1_1MojF7pZyCIn9RLAR7g0iEhYXcB1cH8pR.pdf,1166319
978,Nolpaza 20mg,1,https://drive.google.com/file/d/1ivOagYmoqkmYXo6Qbotyitq5hPhukuiw/view,1ivOagYmoqkmYXo6Qbotyitq5hPhukuiw,ok,200,dataset\hdsd_raw\0978_Nolpaza_20mg_1_1ivOagYmoqkmYXo6Qbotyitq5hPhukuiw.pdf,3425886
979,SPIRONOLACTON TAB DWP 50mg,1,https://drive.google.com/file/d/1C-7O99G3nX3segHTdXKsN2er1rQ3HWe4/view,1C-7O99G3nX3segHTdXKsN2er1rQ3HWe4,ok,200,dataset\hdsd_raw\0979_SPIRONOLACTON_TAB_DWP_50mg_1_1C-7O99G3nX3segHTdXKsN2er1rQ3HWe4.pdf,2303025
980,CORDARONE® 200 mg,1,https://drive.google.com/file/d/1S2UZ5lFwqDOCu3uY-oupL-B3h0sMUoC7/view,1S2UZ5lFwqDOCu3uY-oupL-B3h0sMUoC7,ok,200,dataset\hdsd_raw\0980_CORDARONE_200_mg_1_1S2UZ5lFwqDOCu3uY-oupL-B3h0sMUoC7.pdf,1552936
982,Stugeron,1,https://drive.google.com/file/d/1XXkAKgnPBI1jd2HlA6RyxJMNiQdevQr3/view,1XXkAKgnPBI1jd2HlA6RyxJMNiQdevQr3,ok,200,dataset\hdsd_raw\0982_Stugeron_1_1XXkAKgnPBI1jd2HlA6RyxJMNiQdevQr3.pdf,3110463
983,GINKGO 3000,1,https://drive.google.com/file/d/1M0yiSWvx7uEAbIOb3lRSgc0UlBace52v/view?usp=sharing,1M0yiSWvx7uEAbIOb3lRSgc0UlBace52v,ok,200,dataset\hdsd_raw\0983_GINKGO_3000_1_1M0yiSWvx7uEAbIOb3lRSgc0UlBace52v.pdf,1006244
984,KALEORID 600 MG,1,https://drive.google.com/file/d/1GqhcPCtPkfr1HAmhHb3DsklIsVs6NTyx/view,1GqhcPCtPkfr1HAmhHb3DsklIsVs6NTyx,ok,200,dataset\hdsd_raw\0984_KALEORID_600_MG_1_1GqhcPCtPkfr1HAmhHb3DsklIsVs6NTyx.pdf,413937
985,GLUCOSE 5%,1,https://drive.google.com/file/d/1sOj-IILtiLTyQqBMwjmC5ujyT78wCmFa/view,1sOj-IILtiLTyQqBMwjmC5ujyT78wCmFa,ok,200,dataset\hdsd_raw\0985_GLUCOSE_5_1_1sOj-IILtiLTyQqBMwjmC5ujyT78wCmFa.pdf,1778168
986,Cordarone 150mg/3ml,1,https://drive.google.com/file/d/1VHFyW8RIRP5xQywTo-OQrvgXMg5lr_rB/view,1VHFyW8RIRP5xQywTo-OQrvgXMg5lr_rB,bad_response:text/html,404,,0
987,Lipovenoes 10% PLR 250ml,1,https://drive.google.com/file/d/1FHbUCIRHzbb2IY6Wee4Azt6csER_DzbB/view,1FHbUCIRHzbb2IY6Wee4Azt6csER_DzbB,bad_response:text/html,404,,0
988,TENADOL 1000;2000;500,1,https://drive.google.com/file/d/1ApY26SbzUTnbWNhzeBAoPPYNlQlYtT5m/view,1ApY26SbzUTnbWNhzeBAoPPYNlQlYtT5m,ok,200,dataset\hdsd_raw\0988_TENADOL_1000_2000_500_1_1ApY26SbzUTnbWNhzeBAoPPYNlQlYtT5m.pdf,2373498
989,VITAMIN K1 1mg/1ml,1,https://drive.google.com/file/d/1y7tDyOA_9OYcS8wqs-ZEPhYhKeDCbkS1/view,1y7tDyOA_9OYcS8wqs-ZEPhYhKeDCbkS1,ok,200,dataset\hdsd_raw\0989_VITAMIN_K1_1mg_1ml_1_1y7tDyOA_9OYcS8wqs-ZEPhYhKeDCbkS1.pdf,1481732
990,Zaromax 500,1,https://drive.google.com/file/d/1Q9M3-gHoSaYegvVDfWH9jQ-xAkK-3ubY/view?usp=sharing,1Q9M3-gHoSaYegvVDfWH9jQ-xAkK-3ubY,ok,200,dataset\hdsd_raw\0990_Zaromax_500_1_1Q9M3-gHoSaYegvVDfWH9jQ-xAkK-3ubY.pdf,1013554
991,Nước cất ống nhựa 5ml CPC1,1,https://drive.google.com/file/d/1U1jcuBYrGdbGl0C3eRy1AEGUTXYoPFLc/view,1U1jcuBYrGdbGl0C3eRy1AEGUTXYoPFLc,ok,200,dataset\hdsd_raw\0991_Nước_cất_ống_nhựa_5ml_CPC1_1_1U1jcuBYrGdbGl0C3eRy1AEGUTXYoPFLc.pdf,1216816
992,Savi Prolol plus HCT 2.5/6.25,1,https://drive.google.com/file/d/1waW0GrYUe4FNEep3KCqnf6tjVvAusrcQ/view,1waW0GrYUe4FNEep3KCqnf6tjVvAusrcQ,bad_response:text/html,404,,0
993,"Indapamid DWP 2,5MG",1,https://drive.google.com/file/d/1_G0y0Q8esUVbcwuMkJW6b8E4M-Vy0GEr/view,1_G0y0Q8esUVbcwuMkJW6b8E4M-Vy0GEr,ok,200,dataset\hdsd_raw\0993_Indapamid_DWP_2_5MG_1_1_G0y0Q8esUVbcwuMkJW6b8E4M-Vy0GEr.pdf,1361398
994,BISOPROLOL Plus HCT 5/6.25,1,https://drive.google.com/file/d/12edeWLGpl9kEU0F72RXck_608Tc1FQEy/view,12edeWLGpl9kEU0F72RXck_608Tc1FQEy,ok,200,dataset\hdsd_raw\0994_BISOPROLOL_Plus_HCT_5_6_25_1_12edeWLGpl9kEU0F72RXck_608Tc1FQEy.pdf,3026233
995,Pravastatin DWP 30mg,1,https://drive.google.com/file/d/1hlxOndiClLgVL5E-YwdQeP_JyK6g8w8z/view,1hlxOndiClLgVL5E-YwdQeP_JyK6g8w8z,ok,200,dataset\hdsd_raw\0995_Pravastatin_DWP_30mg_1_1hlxOndiClLgVL5E-YwdQeP_JyK6g8w8z.pdf,2638054
997,Metilone-4,1,https://drive.google.com/file/d/1H3-E_N-8gI_ugBrQ-VK7nTAWOBjNTaAM/view,1H3-E_N-8gI_ugBrQ-VK7nTAWOBjNTaAM,ok,200,dataset\hdsd_raw\0997_Metilone-4_1_1H3-E_N-8gI_ugBrQ-VK7nTAWOBjNTaAM.pdf,1170556
999,"ATROPIN SULPHAT 0,25mg/0.1ml",1,https://drive.google.com/file/d/1Ec90GQvUq0DcE4AM1g0YFoJ8k1h8faS8/view,1Ec90GQvUq0DcE4AM1g0YFoJ8k1h8faS8,ok,200,dataset\hdsd_raw\0999_ATROPIN_SULPHAT_0_25mg_0_1ml_1_1Ec90GQvUq0DcE4AM1g0YFoJ8k1h8faS8.pdf,828657
1002,Nephrosteril 250ml,1,https://drive.google.com/file/d/15mm25UdLIGgnp-KdFe55DonOD-zeIVBR/view,15mm25UdLIGgnp-KdFe55DonOD-zeIVBR,ok,200,dataset\hdsd_raw\1002_Nephrosteril_250ml_1_15mm25UdLIGgnp-KdFe55DonOD-zeIVBR.pdf,112383
1002,Nephrosteril 250ml,2,https://drive.google.com/file/d/15mm25UdLIGgnp-KdFe55DonOD-zeIVBR/view?usp=sharin,15mm25UdLIGgnp-KdFe55DonOD-zeIVBR,ok,200,dataset\hdsd_raw\1002_Nephrosteril_250ml_2_15mm25UdLIGgnp-KdFe55DonOD-zeIVBR.pdf,112383
1003,NANOKINE,1,https://drive.google.com/file/d/1vXOzSziLkQzS1VujreuCu7BVkkUscudI/view,1vXOzSziLkQzS1VujreuCu7BVkkUscudI,ok,200,dataset\hdsd_raw\1003_NANOKINE_1_1vXOzSziLkQzS1VujreuCu7BVkkUscudI.pdf,1225352
1004,ALBUNORM 20%,1,https://drive.google.com/file/d/1mZwTJXx6JRYdMd6WZTnYxQmAEaKLsvgv/view?usp=drive_link,1mZwTJXx6JRYdMd6WZTnYxQmAEaKLsvgv,bad_response:text/html,404,,0
1005,Toujeo SoloStar 300DV/ml,1,https://drive.google.com/file/d/1G8c8Aikkto8_hdpy-CxwRld9TQ8SXsKg/view,1G8c8Aikkto8_hdpy-CxwRld9TQ8SXsKg,ok,200,dataset\hdsd_raw\1005_Toujeo_SoloStar_300DV_ml_1_1G8c8Aikkto8_hdpy-CxwRld9TQ8SXsKg.pdf,678286
1005,Toujeo SoloStar 300DV/ml,2,https://drive.google.com/file/d/1lPFTaid3uN4nLv9spI1igEvuUVd5No_4/view?usp=sharing,1lPFTaid3uN4nLv9spI1igEvuUVd5No_4,ok,200,dataset\hdsd_raw\1005_Toujeo_SoloStar_300DV_ml_2_1lPFTaid3uN4nLv9spI1igEvuUVd5No_4.pdf,8243984
1006,COLCHICINA SEID 1mg Tablet,1,https://drive.google.com/file/d/1Aea47AFHCs5wQBK-yW1Bo8QA-F0oB9FM/view,1Aea47AFHCs5wQBK-yW1Bo8QA-F0oB9FM,bad_response:text/html,404,,0
1007,NICARDIPINE AGUETTANT 10MG/10ML,1,https://drive.google.com/file/d/10zMGfQ4NLni_goGMyqiFDbRNAKljPJ92/view,10zMGfQ4NLni_goGMyqiFDbRNAKljPJ92,ok,200,dataset\hdsd_raw\1007_NICARDIPINE_AGUETTANT_10MG_10ML_1_10zMGfQ4NLni_goGMyqiFDbRNAKljPJ92.pdf,3238356
1007,NICARDIPINE AGUETTANT 10MG/10ML,2,https://drive.google.com/file/d/10zMGfQ4NLni_goGMyqiFDbRNAKljPJ92/view?usp=sharing,10zMGfQ4NLni_goGMyqiFDbRNAKljPJ92,ok,200,dataset\hdsd_raw\1007_NICARDIPINE_AGUETTANT_10MG_10ML_2_10zMGfQ4NLni_goGMyqiFDbRNAKljPJ92.pdf,3238356
1008,CETRAXAL,1,https://drive.google.com/file/d/1f4lH9Pz1Ok4axt6RH5dbUF3U9Bd-E5GH/view,1f4lH9Pz1Ok4axt6RH5dbUF3U9Bd-E5GH,ok,200,dataset\hdsd_raw\1008_CETRAXAL_1_1f4lH9Pz1Ok4axt6RH5dbUF3U9Bd-E5GH.pdf,1966417
1009,OFLOXACIN 200MG/100ml,1,https://drive.google.com/file/d/15b5Lp770tQuypq6mBeE1iSIx0s6tiB0p/view,15b5Lp770tQuypq6mBeE1iSIx0s6tiB0p,ok,200,dataset\hdsd_raw\1009_OFLOXACIN_200MG_100ml_1_15b5Lp770tQuypq6mBeE1iSIx0s6tiB0p.pdf,5429381
1010,"CEREBROLYSIN 1ml,5ml,10ml",1,https://drive.google.com/file/d/1MNyxsRKgz4JgQaG9O9i__hD0kmAZfDgi/view,1MNyxsRKgz4JgQaG9O9i__hD0kmAZfDgi,ok,200,dataset\hdsd_raw\1010_CEREBROLYSIN_1ml_5ml_10ml_1_1MNyxsRKgz4JgQaG9O9i__hD0kmAZfDgi.pdf,771472
1011,Luotai 200mg,1,https://drive.google.com/file/d/1pL2XKdhFNVwtMhSxUG6TwjVadj6SnGW6/view,1pL2XKdhFNVwtMhSxUG6TwjVadj6SnGW6,bad_response:text/html,404,,0
1012,Gliatilin 4ml/1000mg,1,https://drive.google.com/file/d/1SxONewdCRXT78sW5cIOWJQfBxz-47F0O/view,1SxONewdCRXT78sW5cIOWJQfBxz-47F0O,ok,200,dataset\hdsd_raw\1012_Gliatilin_4ml_1000mg_1_1SxONewdCRXT78sW5cIOWJQfBxz-47F0O.pdf,947728
1013,PANFOR SR-1000MG,1,https://drive.google.com/file/d/1zxe8b_4FsPBlJcRxT7vA4RAkE9wtylgn/view?usp=drive_link,1zxe8b_4FsPBlJcRxT7vA4RAkE9wtylgn,ok,200,dataset\hdsd_raw\1013_PANFOR_SR-1000MG_1_1zxe8b_4FsPBlJcRxT7vA4RAkE9wtylgn.pdf,2098810
1014,Cerapix 2G ( Cefoperazone 2g),1,https://drive.google.com/file/d/1uw5x6A6yxy-BW5kgkWF4i3XM3p-weqRw/view,1uw5x6A6yxy-BW5kgkWF4i3XM3p-weqRw,ok,200,dataset\hdsd_raw\1014_Cerapix_2G_Cefoperazone_2g_1_1uw5x6A6yxy-BW5kgkWF4i3XM3p-weqRw.pdf,3291693
1015,"Ticarlinat 1,6g",1,https://drive.google.com/file/d/12xHP3XT07HUe1fw__0yDTz3_Urf7db72/view,12xHP3XT07HUe1fw__0yDTz3_Urf7db72,ok,200,dataset\hdsd_raw\1015_Ticarlinat_1_6g_1_12xHP3XT07HUe1fw__0yDTz3_Urf7db72.pdf,1937958
1016,Adrenalin 1mg/1ml (Hộp 50 ống),1,https://drive.google.com/file/d/1AAu3ed0pw1PemyRJmJ7bJ6ChfH3TcHWX/view,1AAu3ed0pw1PemyRJmJ7bJ6ChfH3TcHWX,ok,200,dataset\hdsd_raw\1016_Adrenalin_1mg_1ml_Hộp_50_ống_1_1AAu3ed0pw1PemyRJmJ7bJ6ChfH3TcHWX.pdf,369627
1018,LAEVOLAC,1,https://drive.google.com/file/d/1HKXZ1crfiTdLu_bjrmDFGYhY6ngSKkmE/view,1HKXZ1crfiTdLu_bjrmDFGYhY6ngSKkmE,ok,200,dataset\hdsd_raw\1018_LAEVOLAC_1_1HKXZ1crfiTdLu_bjrmDFGYhY6ngSKkmE.pdf,2025102
1019,"Betaloc zok 25mg,50mg",1,https://drive.google.com/file/d/1M3SnwnId2RRICBth6thIkcK4XsHCzSUw/view,1M3SnwnId2RRICBth6thIkcK4XsHCzSUw,ok,200,dataset\hdsd_raw\1019_Betaloc_zok_25mg_50mg_1_1M3SnwnId2RRICBth6thIkcK4XsHCzSUw.pdf,865237
1020,CEPHALEXIN 500mg,1,https://drive.google.com/file/d/1dNNmkI9UYGU8skZAnffc3ok4z-HJeI9h/view,1dNNmkI9UYGU8skZAnffc3ok4z-HJeI9h,ok,200,dataset\hdsd_raw\1020_CEPHALEXIN_500mg_1_1dNNmkI9UYGU8skZAnffc3ok4z-HJeI9h.pdf,1643280
1021,"MARCAINE SPINAL HEAVY 0,5%",1,https://drive.google.com/file/d/1VOdkc7nU7FUz5hQTeAc3ftLxksprvsPY/view,1VOdkc7nU7FUz5hQTeAc3ftLxksprvsPY,ok,200,dataset\hdsd_raw\1021_MARCAINE_SPINAL_HEAVY_0_5_1_1VOdkc7nU7FUz5hQTeAc3ftLxksprvsPY.pdf,1547825
1022,Vinluta 1200 ( Glutathion 1200mg),1,https://drive.google.com/file/d/1vcHG8WGa1Y5Xd5qICQOkUvISpEKWCwEX/view,1vcHG8WGa1Y5Xd5qICQOkUvISpEKWCwEX,bad_response:text/html,404,,0
1023,RODOGYL,1,https://drive.google.com/file/d/1D2NLRUPV-AyXvf3zH6uPi4tJe1gmPRSV/view,1D2NLRUPV-AyXvf3zH6uPi4tJe1gmPRSV,ok,200,dataset\hdsd_raw\1023_RODOGYL_1_1D2NLRUPV-AyXvf3zH6uPi4tJe1gmPRSV.pdf,839197
1024,"LORATADINE SPM 5MG,10MG",1,https://drive.google.com/file/d/127L36QtixyYGWOTbOh0H46vQxVc-ytDo/view,127L36QtixyYGWOTbOh0H46vQxVc-ytDo,ok,200,dataset\hdsd_raw\1024_LORATADINE_SPM_5MG_10MG_1_127L36QtixyYGWOTbOh0H46vQxVc-ytDo.pdf,1055676
1025,QUAMATEL,1,https://drive.google.com/file/d/1JsBeaESW61-UJeq8Q4r4Y5TE-EplbXvE/view,1JsBeaESW61-UJeq8Q4r4Y5TE-EplbXvE,ok,200,dataset\hdsd_raw\1025_QUAMATEL_1_1JsBeaESW61-UJeq8Q4r4Y5TE-EplbXvE.pdf,2767604
1026,VIGORITO,1,https://drive.google.com/file/d/1KZE2M7vQiPHM78yUp8Hr60d-1mTZsz6N/view,1KZE2M7vQiPHM78yUp8Hr60d-1mTZsz6N,ok,200,dataset\hdsd_raw\1026_VIGORITO_1_1KZE2M7vQiPHM78yUp8Hr60d-1mTZsz6N.pdf,985506
1027,CEFEPIME KABI 1g,1,https://drive.google.com/drive/folders/1xuadmRWzJkHRVvmKkea9uoIMOHBfsTUp,,no_file_id,,,0
1029,OCID,1,https://drive.google.com/file/d/1cMSfvSJ1RQLiYRGHZG6yXyziLk-gDxUQ/view,1cMSfvSJ1RQLiYRGHZG6yXyziLk-gDxUQ,ok,200,dataset\hdsd_raw\1029_OCID_1_1cMSfvSJ1RQLiYRGHZG6yXyziLk-gDxUQ.pdf,520744
1030,RINGER LACTATE,1,https://drive.google.com/file/d/1zqkt-vnCHnB7YYg0CNaVsZGMDmOWMXKi/view,1zqkt-vnCHnB7YYg0CNaVsZGMDmOWMXKi,ok,200,dataset\hdsd_raw\1030_RINGER_LACTATE_1_1zqkt-vnCHnB7YYg0CNaVsZGMDmOWMXKi.pdf,1767873
1031,Xenetix 300/350,1,https://drive.google.com/file/d/1dT0BlFnRpiiKU3lrUjF4kxdYcgPTBAgu/view,1dT0BlFnRpiiKU3lrUjF4kxdYcgPTBAgu,ok,200,dataset\hdsd_raw\1031_Xenetix_300_350_1_1dT0BlFnRpiiKU3lrUjF4kxdYcgPTBAgu.pdf,1447268
1032,METORAN,1,https://drive.google.com/file/d/1V6gRpimOpjYIbns-o3RsRYgANdKfOftI/view,1V6gRpimOpjYIbns-o3RsRYgANdKfOftI,ok,200,dataset\hdsd_raw\1032_METORAN_1_1V6gRpimOpjYIbns-o3RsRYgANdKfOftI.pdf,3369026
1033,METAZYDYNA,1,https://docs.google.com/document/d/1-H0Ssp178Lj99jNdUG00Jb4ECapmrs1p/edit?usp=sharing&ouid=117534694973414002745&rtpof=true&sd=true,1-H0Ssp178Lj99jNdUG00Jb4ECapmrs1p,ok,200,dataset\hdsd_raw\1033_METAZYDYNA_1_1-H0Ssp178Lj99jNdUG00Jb4ECapmrs1p.pdf,104496
1034,"CHAMCROMUS 0,1%",1,https://drive.google.com/file/d/1MojF7pZyCIn9RLAR7g0iEhYXcB1cH8pR/view,1MojF7pZyCIn9RLAR7g0iEhYXcB1cH8pR,ok,200,dataset\hdsd_raw\1034_CHAMCROMUS_0_1_1_1MojF7pZyCIn9RLAR7g0iEhYXcB1cH8pR.pdf,1166319
1035,HEMOTOCIN,1,https://drive.google.com/file/d/1rSQcwv8OpjVSeDCJMISbsEjFc4qYrdez/view,1rSQcwv8OpjVSeDCJMISbsEjFc4qYrdez,ok,200,dataset\hdsd_raw\1035_HEMOTOCIN_1_1rSQcwv8OpjVSeDCJMISbsEjFc4qYrdez.pdf,611162
1036,VANCOMYCIN 500 mg,1,https://drive.google.com/file/d/1Ij5-EzAmrKFMqO3cJzC6jKAWLBxWoA5y/view,1Ij5-EzAmrKFMqO3cJzC6jKAWLBxWoA5y,ok,200,dataset\hdsd_raw\1036_VANCOMYCIN_500_mg_1_1Ij5-EzAmrKFMqO3cJzC6jKAWLBxWoA5y.pdf,1264243
1036,VANCOMYCIN 500 mg,2,https://drive.google.com/file/d/1VpYeJQGfSyxeZl42vA1wXZsf4hkvLeua/view?usp=sharing,1VpYeJQGfSyxeZl42vA1wXZsf4hkvLeua,ok,200,dataset\hdsd_raw\1036_VANCOMYCIN_500_mg_2_1VpYeJQGfSyxeZl42vA1wXZsf4hkvLeua.pdf,2552234
1038,MILURIT,1,https://drive.google.com/file/d/1maYXhDKhn3FimMKMbXdrQxtL6mcGWpQX/view,1maYXhDKhn3FimMKMbXdrQxtL6mcGWpQX,ok,200,dataset\hdsd_raw\1038_MILURIT_1_1maYXhDKhn3FimMKMbXdrQxtL6mcGWpQX.pdf,3627769
1039,BISOPROLOL DWP 3.75mg,1,https://drive.google.com/file/d/1TuYZH5papk-Oa20K_69siQCX5cBJVK4Z/view,1TuYZH5papk-Oa20K_69siQCX5cBJVK4Z,ok,200,dataset\hdsd_raw\1039_BISOPROLOL_DWP_3_75mg_1_1TuYZH5papk-Oa20K_69siQCX5cBJVK4Z.pdf,1872402
